scene,level,seed,texture,perspective,iou,precision,recall,objects_found,objects_total,t_perception_ms,mpp,query,algo,name,exito,tiempo_ms,sin_colision,longitud_m,relacion_optima,holgura_min_m,holgura_media_m,giro_total_deg,giros_bruscos,vertices,radio_giro_min_m,tiempo_holonomico_s,tiempo_diferencial_s,factible_ackermann,tiempo_ackermann_s,gt_penetration_px,gt_safe,gt_clearance_m,esfuerzo_n
office,facil,3,alfombra,0.0,0.910878375667108,0.910878375667108,1.0,36,36,175.01579999225214,0.03,0,tve,TVE (proposed),True,41.02910000074189,True,11.208471863057493,1.0115076047753857,0.2609668762264077,0.4846086584862751,198.50704239213553,0.0,14.0,0.6459541059258428,11.208471863057493,11.208471863057493,False,inf,0.0,True,0.32458012573584455,
office,facil,3,alfombra,0.0,0.910878375667108,0.910878375667108,1.0,36,36,175.01579999225214,0.03,0,teselado,WDT,True,55.4281000077026,True,13.075734369205556,1.180018553293348,0.2646990386689943,0.5628903832931191,469.3121867396114,0.0,27.0,0.2797351034168783,13.075734369205556,13.075734369205556,False,inf,0.0,True,0.32932942443724844,
office,facil,3,alfombra,0.0,0.910878375667108,0.910878375667108,1.0,36,36,175.01579999225214,0.03,0,dijkstra,Dijkstra,True,20.356499997433275,True,15.271828996322965,1.3782049290344627,0.27567449569702146,0.4312413390728465,1277.7035809789327,14.0,31.0,0.16215069190797696,15.271828996322965,16.253353905154178,False,inf,0.0,True,0.3266279697418213,17619.0
office,facil,3,alfombra,0.0,0.910878375667108,0.910878375667108,1.0,36,36,175.01579999225214,0.03,0,astar,A*,True,6.475700007285923,True,15.271828996322965,1.3782049290344627,0.27567449569702146,0.44788184065035463,1134.6893445528049,16.0,28.0,0.16215069190797696,15.271828996322965,16.253353905154178,False,inf,0.0,True,0.3415814781188965,3485.0
office,facil,3,alfombra,0.0,0.910878375667108,0.910878375667108,1.0,36,36,175.01579999225214,0.03,0,theta,Theta*,True,894.5139999996172,True,14.454368851983475,1.3044333067560068,0.24647991262611504,0.46959307195226097,282.654062149608,2.0,10.0,0.2707329225643202,14.454368851983475,14.454368851983475,False,inf,0.0,True,0.28867973252684437,3349.0
office,facil,3,alfombra,0.0,0.910878375667108,0.910878375667108,1.0,36,36,175.01579999225214,0.03,0,visibility,Visibility graph,True,3791.6152000107104,True,11.080956594040076,1.0,0.25963763880220597,0.4679898811714002,138.0183737391473,0.0,9.0,0.72839704606837,11.080956594040076,11.080956594040076,False,inf,0.0,True,0.32554462133620754,190.0
office,facil,3,alfombra,0.0,0.910878375667108,0.910878375667108,1.0,36,36,175.01579999225214,0.03,0,rrt,RRT,True,46.25450000457931,True,19.695893928955964,1.7774542984447257,0.2533140491303207,0.738425824551212,1254.4042555683552,12.0,37.0,0.14455399837088415,19.695893928955964,26.06276392385362,False,inf,0.0,True,0.3245056563508749,761.0
office,facil,3,alfombra,0.0,0.910878375667108,0.910878375667108,1.0,36,36,175.01579999225214,0.03,0,rrt_star,RRT*,True,1789.3210999900475,True,14.439692409512896,1.3031088324341351,0.24920669556328806,0.47445999615790607,363.2883443525276,2.0,19.0,0.3085342077672786,14.439692409512896,14.439692409512896,False,inf,0.0,True,0.30266546445521997,4000.0
office,facil,3,alfombra,0.0,0.910878375667108,0.910878375667108,1.0,36,36,175.01579999225214,0.03,0,prm,PRM,True,698.8637000031304,True,11.649662114542625,1.0513227820789794,0.26264348983764657,0.49857655871098316,339.30137939840944,2.0,15.0,0.21964613703699218,11.649662114542625,12.374259165230072,False,inf,0.0,True,0.32855047225952155,602.0
office,facil,3,alfombra,0.0,0.910878375667108,0.910878375667108,1.0,36,36,175.01579999225214,0.03,0,potential,APF,False,1696.5988000010839,,,,,,,,,,,,,,,,,11360.0
office,facil,3,alfombra,0.0,0.910878375667108,0.910878375667108,1.0,36,36,175.01579999225214,0.03,0,hybrid_astar,Hybrid A*,False,6.088899986934848,,,,,,,,,,,,,,,,,7.0
office,facil,3,alfombra,0.0,0.910878375667108,0.910878375667108,1.0,36,36,175.01579999225214,0.03,0,aco,ACO,True,712.4277999973856,True,16.120357133746822,1.4547802797474363,0.315,0.511350416630821,1521.4454922264827,26.0,34.0,0.17798835640572516,16.120357133746822,17.014544519404236,False,inf,0.0,True,0.375,40.0
office,facil,3,alfombra,0.0,0.910878375667108,0.910878375667108,1.0,36,36,175.01579999225214,0.03,0,topological,Homotopy planner,True,429.1959999973187,True,14.454334127501046,1.3044301730479972,0.2467077995084485,0.47355068626669583,245.2512308906639,3.0,8.0,0.29811868786035917,14.454334127501046,14.454334127501046,False,inf,0.0,True,0.29974557386840583,19842.0
office,facil,3,alfombra,0.0,0.910878375667108,0.910878375667108,1.0,36,36,175.01579999225214,0.03,0,slam,SLAM-based,True,825.5822000064654,True,16.095114530786024,1.4525022631568494,0.28792771979036186,0.5211812710180762,994.8386083967737,3.0,37.0,0.3052585708712251,16.095114530786024,16.095114530786024,False,inf,0.0,True,0.34792771979036186,105.0
office,facil,3,alfombra,0.0,0.910878375667108,0.910878375667108,1.0,36,36,175.01579999225214,0.03,0,drl,DRL (D3QN),False,111.05409999436233,,,,,,,,,,,,,,,,,401.0
office,facil,3,alfombra,0.0,0.910878375667108,0.910878375667108,1.0,36,36,175.01579999225214,0.03,1,tve,TVE (proposed),True,23.642300002393313,True,7.472415540566571,1.0072599040321635,0.32895297125362666,0.6898692521860011,52.52134956104433,0.0,7.0,1.0346901250511975,7.472415540566571,7.472415540566571,True,7.472415540566571,0.0,True,0.4060720621581865,
office,facil,3,alfombra,0.0,0.910878375667108,0.910878375667108,1.0,36,36,175.01579999225214,0.03,1,teselado,WDT,True,39.95670001313556,True,7.527200121415084,1.014644706355902,0.2598177192504896,0.6945434314480202,75.75324036799212,0.0,8.0,0.5676351807988393,7.527200121415084,7.527200121415084,False,inf,0.0,True,0.3497061105186188,
office,facil,3,alfombra,0.0,0.910878375667108,0.910878375667108,1.0,36,36,175.01579999225214,0.03,1,dijkstra,Dijkstra,True,16.932600003201514,True,8.023889603929566,1.0815970054853197,0.285,0.6580312336910847,607.5790779313202,8.0,16.0,0.1106902914560659,8.023889603929566,9.461729734245472,False,inf,0.0,True,0.3628139591217041,14484.0
office,facil,3,alfombra,0.0,0.910878375667108,0.910878375667108,1.0,36,36,175.01579999225214,0.03,1,astar,A*,True,3.5811000125249848,True,8.023889603929565,1.0815970054853195,0.285,0.7431962516506155,578.9573558710055,9.0,15.0,0.1106902914560659,8.023889603929565,9.46172973424547,False,inf,0.0,True,0.3686279582977295,1432.0
office,facil,3,alfombra,0.0,0.910878375667108,0.910878375667108,1.0,36,36,175.01579999225214,0.03,1,theta,Theta*,True,335.8848000061698,True,7.469024035200715,1.0068027389627439,0.24675438368227331,0.6833163442517473,38.43407775831017,0.0,4.0,0.6501255954574751,7.469024035200715,7.469024035200715,False,inf,0.0,True,0.32394568399949525,1267.0
office,facil,3,alfombra,0.0,0.910878375667108,0.910878375667108,1.0,36,36,175.01579999225214,0.03,1,visibility,Visibility graph,True,3878.0655000009574,True,7.4185575248788656,1.0,0.2555282849237563,0.6729937804866742,37.08277752543094,0.0,5.0,0.9859282828019054,7.4185575248788656,7.4185575248788656,True,7.4185575248788656,0.0,True,0.32208886006207305,190.0
office,facil,3,alfombra,0.0,0.910878375667108,0.910878375667108,1.0,36,36,175.01579999225214,0.03,1,rrt,RRT,True,7.38360000832472,True,10.29746963351791,1.388068987668334,0.2911589775386034,0.9090730419335493,1079.9644443102043,12.0,21.0,0.1555391192631062,10.29746963351791,19.41638738166163,False,inf,0.0,True,0.3870659405869428,49.0
office,facil,3,alfombra,0.0,0.910878375667108,0.910878375667108,1.0,36,36,175.01579999225214,0.03,1,rrt_star,RRT*,True,1960.2768999902764,True,7.451784612207831,1.0044789148318303,0.2595002170841112,0.6779594722406098,69.5654307100267,0.0,8.0,0.5531583445667841,7.451784612207831,7.451784612207831,False,inf,0.0,True,0.3260043730285174,4000.0
office,facil,3,alfombra,0.0,0.910878375667108,0.910878375667108,1.0,36,36,175.01579999225214,0.03,1,prm,PRM,True,692.494800008717,True,8.00546437061793,1.0791133375687676,0.33578313253012054,0.8238011601412464,211.04259094053705,0.0,12.0,0.4562697590992985,8.00546437061793,8.00546437061793,False,inf,0.0,True,0.42795180722891585,602.0
office,facil,3,alfombra,0.0,0.910878375667108,0.910878375667108,1.0,36,36,175.01579999225214,0.03,1,potential,APF,True,71.39060000190511,True,10.993398045762987,1.4818781156438485,0.6530213341808709,0.8475802614034057,13886.682988316084,107.0,122.0,0.3980330504410914,10.993398045762987,10.993398045762987,False,inf,0.0,True,0.7431740156748446,367.0
office,facil,3,alfombra,0.0,0.910878375667108,0.910878375667108,1.0,36,36,175.01579999225214,0.03,1,hybrid_astar,Hybrid A*,True,28.93929999845568,True,7.475513429392897,1.007677490445147,0.2647094246328644,0.7123689825557553,69.66480512546799,0.0,7.0,0.8635611338023989,7.475513429392897,7.475513429392897,True,7.475513429392897,0.0,True,0.34870940174468074,36.0
office,facil,3,alfombra,0.0,0.910878375667108,0.910878375667108,1.0,36,36,175.01579999225214,0.03,1,aco,ACO,True,241.0803999955533,True,8.130699310426948,1.0959946435893833,0.315,0.7351531863057311,556.6992442339937,5.0,14.0,0.36906193045995767,8.130699310426948,8.130699310426948,False,inf,0.0,True,0.40499999999999997,40.0
office,facil,3,alfombra,0.0,0.910878375667108,0.910878375667108,1.0,36,36,175.01579999225214,0.03,1,topological,Homotopy planner,True,359.17880000488367,True,7.499234024380465,1.0108749577301306,0.2468600910261715,0.703290129146527,53.57389637085952,0.0,4.0,0.5769020050827725,7.499234024380465,7.499234024380465,False,inf,0.0,True,0.32454678767769274,12315.0
office,facil,3,alfombra,0.0,0.910878375667108,0.910878375667108,1.0,36,36,175.01579999225214,0.03,1,slam,SLAM-based,True,386.8658999999752,True,7.88917847994887,1.0634383373710765,0.32131715232010805,0.7807387486471044,253.0434293887641,0.0,11.0,0.5193760988643183,7.88917847994887,7.88917847994887,False,inf,0.0,True,0.389736768841625,52.0
office,facil,3,alfombra,0.0,0.910878375667108,0.910878375667108,1.0,36,36,175.01579999225214,0.03,1,drl,DRL (D3QN),True,6.9081999972695485,True,10.473458444584235,1.4117917680708758,0.375,0.8695140369385596,1447.7651660184256,16.0,19.0,0.10650273020816435,10.473458444584235,19.58023826548107,False,inf,0.0,True,0.46499999999999997,38.0
office,facil,1,uniforme,0.0,0.9265024363833243,0.9265024363833243,1.0,40,40,189.88859999808483,0.03,0,tve,TVE (proposed),True,21.543599999858998,True,10.180812947120387,1.0010877300134708,0.32999999999999996,0.6968721030675378,8.396791647558638,0.0,3.0,2.9312901499147856,10.180812947120387,10.180812947120387,True,10.180812947120387,0.0,True,0.32999999999999996,
office,facil,1,uniforme,0.0,0.9265024363833243,0.9265024363833243,1.0,40,40,189.88859999808483,0.03,0,teselado,WDT,True,36.74189999583177,True,10.218778771014042,1.0048209407754407,0.3247682162246265,0.7100029998084727,23.524012070648435,0.0,5.0,1.4878240798989415,10.218778771014042,10.218778771014042,True,10.218778771014042,0.0,True,0.32999999999999996,
office,facil,1,uniforme,0.0,0.9265024363833243,0.9265024363833243,1.0,40,40,189.88859999808483,0.03,0,dijkstra,Dijkstra,True,24.328400002559647,True,10.92624458405139,1.0743866373965554,0.2861512327194214,0.8831965737737532,134.8447272649081,1.0,5.0,0.3213437390895329,10.92624458405139,10.92624458405139,False,inf,0.0,True,0.315,14918.0
office,facil,1,uniforme,0.0,0.9265024363833243,0.9265024363833243,1.0,40,40,189.88859999808483,0.03,0,astar,A*,True,9.42009998834692,True,10.926244584051394,1.0743866373965556,0.27567449569702146,0.7590159170046216,314.7258596062668,2.0,9.0,0.3213437390895329,10.926244584051394,10.926244584051394,False,inf,0.0,True,0.315,3408.0
office,facil,1,uniforme,0.0,0.9265024363833243,0.9265024363833243,1.0,40,40,189.88859999808483,0.03,0,theta,Theta*,True,305.18160000792705,True,10.21448547101277,1.0043987770469776,0.25683924078335213,0.65282307228456,6.826340614883719,0.0,3.0,2.4278266102852166,10.21448547101277,10.21448547101277,True,10.21448547101277,0.0,True,0.315,934.0
office,facil,1,uniforme,0.0,0.9265024363833243,0.9265024363833243,1.0,40,40,189.88859999808483,0.03,0,visibility,Visibility graph,True,4648.169499996584,True,10.16975100372411,1.0,0.2625620347163898,0.6626261899392146,6.093609090934761,0.0,3.0,3.190991084372654,10.16975100372411,10.16975100372411,True,10.16975100372411,0.0,True,0.32999999999999996,208.0
office,facil,1,uniforme,0.0,0.9265024363833243,0.9265024363833243,1.0,40,40,189.88859999808483,0.03,0,rrt,RRT,True,14.211199988494627,True,12.405301499891003,1.2198235232453818,0.27444491356079576,0.8542884576822011,733.6291674142119,4.0,22.0,0.1573795641342146,12.405301499891003,15.026073921304118,False,inf,0.0,True,0.32999999999999996,112.0
office,facil,1,uniforme,0.0,0.9265024363833243,0.9265024363833243,1.0,40,40,189.88859999808483,0.03,0,rrt_star,RRT*,True,1908.726800000295,True,10.181964454641927,1.001200958697351,0.3076339665133544,0.6647888338503962,22.54654993337713,0.0,8.0,3.634685053858997,10.181964454641927,10.181964454641927,True,10.181964454641927,0.0,True,0.32999999999999996,4000.0
office,facil,1,uniforme,0.0,0.9265024363833243,0.9265024363833243,1.0,40,40,189.88859999808483,0.03,0,prm,PRM,True,690.6480999896303,True,10.461890768519355,1.0287263439083478,0.3059146928787237,0.7519906179102145,246.4506475796297,1.0,15.0,0.2957147131471775,10.461890768519355,10.461890768519355,False,inf,0.0,True,0.32999999999999996,602.0
office,facil,1,uniforme,0.0,0.9265024363833243,0.9265024363833243,1.0,40,40,189.88859999808483,0.03,0,potential,APF,False,1769.514799991157,,,,,,,,,,,,,,,,,12194.0
office,facil,1,uniforme,0.0,0.9265024363833243,0.9265024363833243,1.0,40,40,189.88859999808483,0.03,0,hybrid_astar,Hybrid A*,True,57.95390000275802,True,10.282491541824333,1.0110858700531544,0.2624128241253294,0.591711118051387,118.14279676387554,0.0,14.0,0.9778099564211299,10.282491541824333,10.282491541824333,True,10.282491541824333,0.0,True,0.32999999999999996,86.0
office,facil,1,uniforme,0.0,0.9265024363833243,0.9265024363833243,1.0,40,40,189.88859999808483,0.03,0,aco,ACO,True,346.8611999996938,True,11.113744575848754,1.092823666162422,0.3238604736328125,0.5623020960824532,1965.9637565320731,41.0,45.0,0.3390332299855999,11.113744575848754,11.113744575848754,False,inf,0.0,True,0.32999999999999996,40.0
office,facil,1,uniforme,0.0,0.9265024363833243,0.9265024363833243,1.0,40,40,189.88859999808483,0.03,0,topological,Homotopy planner,True,306.52440000267234,True,10.169440550535843,0.9999694728820642,0.25586275041312934,0.6562029969183654,6.316296663783197,0.0,3.0,2.5324525514085527,10.169440550535843,10.169440550535843,True,10.169440550535843,0.0,True,0.32999999999999996,6910.0
office,facil,1,uniforme,0.0,0.9265024363833243,0.9265024363833243,1.0,40,40,189.88859999808483,0.03,0,slam,SLAM-based,False,640.5924999999115,,,,,,,,,,,,,,,,,79.0
office,facil,1,uniforme,0.0,0.9265024363833243,0.9265024363833243,1.0,40,40,189.88859999808483,0.03,0,drl,DRL (D3QN),True,17.697999996016733,True,12.134644922549699,1.1932096388698263,0.32999999999999996,0.7752421048676268,880.874773979213,13.0,15.0,0.14024288662479553,12.134644922549699,14.115178585372721,False,inf,0.0,True,0.32999999999999996,43.0
office,facil,1,uniforme,0.0,0.9265024363833243,0.9265024363833243,1.0,40,40,189.88859999808483,0.03,1,tve,TVE (proposed),True,19.83269999618642,True,6.181969906199183,1.0075591998962967,0.3322900985441134,0.7392092088085626,47.40517006354328,0.0,6.0,1.02256722088663,6.181969906199183,6.181969906199183,True,6.181969906199183,0.0,True,0.40042771646791964,
office,facil,1,uniforme,0.0,0.9265024363833243,0.9265024363833243,1.0,40,40,189.88859999808483,0.03,1,teselado,WDT,True,33.319599999231286,True,6.731067859329713,1.0970531157055765,0.6624668226487821,0.9665402675544188,89.16903647753738,0.0,11.0,2.0897491190014112,6.731067859329713,6.731067859329713,True,6.731067859329713,0.0,True,0.7259010814299318,
office,facil,1,uniforme,0.0,0.9265024363833243,0.9265024363833243,1.0,40,40,189.88859999808483,0.03,1,dijkstra,Dijkstra,True,15.720399998826906,True,6.655950211536164,1.084810177247875,0.285,0.6569266232492609,407.8635487403221,7.0,11.0,0.3347333332453041,6.655950211536164,6.655950211536164,False,inf,0.0,True,0.345,10284.0
office,facil,1,uniforme,0.0,0.9265024363833243,0.9265024363833243,1.0,40,40,189.88859999808483,0.03,1,astar,A*,True,2.407200008747168,True,6.655950211536164,1.084810177247875,0.31645347118377687,0.7434833910287677,551.9908349790393,9.0,14.0,0.34378690975298054,6.655950211536164,6.655950211536164,False,inf,0.0,True,0.37880745410919126,675.0
office,facil,1,uniforme,0.0,0.9265024363833243,0.9265024363833243,1.0,40,40,189.88859999808483,0.03,1,theta,Theta*,True,131.76279999606777,True,6.180460177052268,1.0073131389295813,0.2556494320763484,0.7367242351615738,44.18321122765301,0.0,4.0,0.781158069074729,6.180460177052268,6.180460177052268,True,6.180460177052268,0.0,True,0.32274746947818284,509.0
office,facil,1,uniforme,0.0,0.9265024363833243,0.9265024363833243,1.0,40,40,189.88859999808483,0.03,1,visibility,Visibility graph,True,4627.793299994664,True,6.135589756746267,1.0,0.25883304591126477,0.7341331987752625,44.8030206771117,0.0,5.0,0.6765504462718893,6.135589756746267,6.135589756746267,False,inf,0.0,True,0.3286711159304024,208.0
office,facil,1,uniforme,0.0,0.9265024363833243,0.9265024363833243,1.0,40,40,189.88859999808483,0.03,1,rrt,RRT,True,8.294899991597049,True,6.847984246958371,1.1161085598053235,0.3116223556906027,0.7905024948025732,342.5669500795823,1.0,13.0,0.1849631254418254,6.847984246958371,7.708452746891634,False,inf,0.0,True,0.3716223556906027,37.0
office,facil,1,uniforme,0.0,0.9265024363833243,0.9265024363833243,1.0,40,40,189.88859999808483,0.03,1,rrt_star,RRT*,True,2035.0774000107776,True,6.194133675761009,1.0095416938445683,0.26652965787692096,0.7322145585105878,59.24130366371243,0.0,6.0,0.34913371104985563,6.194133675761009,6.194133675761009,False,inf,0.0,True,0.3415645808116436,4000.0
office,facil,1,uniforme,0.0,0.9265024363833243,0.9265024363833243,1.0,40,40,189.88859999808483,0.03,1,prm,PRM,True,692.9684999922756,True,6.369622454754295,1.038143472312617,0.2587898600615075,0.6795638790258466,124.80964310651994,1.0,7.0,0.25740700519737664,6.369622454754295,6.369622454754295,False,inf,0.0,True,0.3295238095238096,602.0
office,facil,1,uniforme,0.0,0.9265024363833243,0.9265024363833243,1.0,40,40,189.88859999808483,0.03,1,potential,APF,True,47.15060000307858,True,6.643520040612717,1.0827842642686412,0.7369577408369273,0.9555302661497727,131.92722011108222,0.0,11.0,0.8975851313876828,6.643520040612717,6.643520040612717,True,6.643520040612717,0.0,True,0.8033860287028356,222.0
office,facil,1,uniforme,0.0,0.9265024363833243,0.9265024363833243,1.0,40,40,189.88859999808483,0.03,1,hybrid_astar,Hybrid A*,True,34.32089999841992,True,6.234684782066406,1.0161508557854901,0.27077361483264245,0.7847413039711444,91.11025441154904,0.0,11.0,0.8801448053081078,6.234684782066406,6.234684782066406,True,6.234684782066406,0.0,True,0.33668059725451754,37.0
office,facil,1,uniforme,0.0,0.9265024363833243,0.9265024363833243,1.0,40,40,189.88859999808483,0.03,1,aco,ACO,True,187.24510000902228,True,6.811097397793777,1.1100966113819408,0.3656744956970215,0.7941575075731324,900.0,13.0,19.0,0.1064338345587961,6.811097397793777,8.306439022490904,False,inf,0.0,True,0.435,40.0
office,facil,1,uniforme,0.0,0.9265024363833243,0.9265024363833243,1.0,40,40,189.88859999808483,0.03,1,topological,Homotopy planner,True,305.2475000004051,True,6.339663477685754,1.0332606528516841,0.2472353477789773,0.7705395523561088,61.9757613307583,0.0,4.0,0.4326419965520735,6.339663477685754,6.339663477685754,False,inf,0.0,True,0.31314233329984464,10278.0
office,facil,1,uniforme,0.0,0.9265024363833243,0.9265024363833243,1.0,40,40,189.88859999808483,0.03,1,slam,SLAM-based,True,380.4814000031911,True,6.604957219329949,1.0764991600143405,0.3369560148861934,0.6074476216045964,248.8830202467678,1.0,12.0,0.4621156356429357,6.604957219329949,6.604957219329949,False,inf,0.0,True,0.39718579651955366,44.0
office,facil,1,uniforme,0.0,0.9265024363833243,0.9265024363833243,1.0,40,40,189.88859999808483,0.03,1,drl,DRL (D3QN),True,5.255700001725927,True,8.14841156849809,1.3280567788188031,0.615,0.9265745263496724,851.6335393365705,13.0,16.0,0.15620424466030494,8.14841156849809,11.71384355443125,False,inf,0.0,True,0.6749999999999999,28.0
office,medio,0,alfombra,0.03499734240890688,0.8786424291938998,0.8786424291938998,1.0,45,45,183.34689999755938,0.03,0,tve,TVE (proposed),True,30.527900002198294,True,6.4210442382449004,1.0065606949048698,0.2929629553571097,0.5636735842902822,34.418366155744955,0.0,4.0,1.0008733989107992,6.4210442382449004,6.4210442382449004,True,6.4210442382449004,0.0,True,0.3658204614719902,
office,medio,0,alfombra,0.03499734240890688,0.8786424291938998,0.8786424291938998,1.0,45,45,183.34689999755938,0.03,0,teselado,WDT,True,35.308000005898066,True,6.549120570545937,1.0266378968767775,0.4439069366455078,0.6221932061951732,53.56663380339744,0.0,6.0,0.7458193811195543,6.549120570545937,6.549120570545937,False,inf,0.0,True,0.5272605245322731,
office,medio,0,alfombra,0.03499734240890688,0.8786424291938998,0.8786424291938998,1.0,45,45,183.34689999755938,0.03,0,dijkstra,Dijkstra,True,12.61230000818614,True,6.580660171779822,1.0315820339605737,0.285,0.4347347755521424,224.56921278299137,4.0,7.0,0.40259054995709137,6.580660171779822,6.580660171779822,False,inf,0.0,True,0.3686279582977295,9808.0
office,medio,0,alfombra,0.03499734240890688,0.8786424291938998,0.8786424291938998,1.0,45,45,183.34689999755938,0.03,0,astar,A*,True,2.354399999603629,True,6.580660171779821,1.0315820339605735,0.345,0.49484953407759075,98.55711253306646,2.0,4.0,0.31876927330537624,6.580660171779821,6.580660171779821,False,inf,0.0,True,0.435,320.0
office,medio,0,alfombra,0.03499734240890688,0.8786424291938998,0.8786424291938998,1.0,45,45,183.34689999755938,0.03,0,theta,Theta*,True,78.687400004128,True,6.435030594557711,1.0087531913286691,0.2496439713799225,0.5009464753306427,29.995373146782445,0.0,3.0,0.6845636540052116,6.435030594557711,6.435030594557711,False,inf,0.0,True,0.3255568844931467,175.0
office,medio,0,alfombra,0.03499734240890688,0.8786424291938998,0.8786424291938998,1.0,45,45,183.34689999755938,0.03,0,visibility,Visibility graph,True,4457.910400000401,True,6.379192303800175,1.0,0.2713333301076444,0.5007833578992748,31.927516981383707,0.0,3.0,0.5434920030029566,6.379192303800175,6.379192303800175,False,inf,0.0,True,0.3550300366397751,205.0
office,medio,0,alfombra,0.03499734240890688,0.8786424291938998,0.8786424291938998,1.0,45,45,183.34689999755938,0.03,0,rrt,RRT,True,37.38950000843033,True,9.16048121204609,1.4359938963729095,0.3768592104108658,0.710849404169678,446.47497778104736,5.0,13.0,0.18175725342182927,9.16048121204609,12.411706711260091,False,inf,0.0,True,0.46685921041086575,280.0
office,medio,0,alfombra,0.03499734240890688,0.8786424291938998,0.8786424291938998,1.0,45,45,183.34689999755938,0.03,0,rrt_star,RRT*,True,1745.941099987249,True,6.381448808059454,1.0003537288345947,0.2661861128415262,0.48279467818144295,37.154607851483064,0.0,5.0,0.5581294678449839,6.381448808059454,6.381448808059454,False,inf,0.0,True,0.3561861128415262,4000.0
office,medio,0,alfombra,0.03499734240890688,0.8786424291938998,0.8786424291938998,1.0,45,45,183.34689999755938,0.03,0,prm,PRM,True,662.5437000038801,True,6.839552202582374,1.0721658600114559,0.32999999999999996,0.6114238871516033,169.76701609955933,1.0,9.0,0.2786342264191823,6.839552202582374,6.839552202582374,False,inf,0.0,True,0.42,602.0
office,medio,0,alfombra,0.03499734240890688,0.8786424291938998,0.8786424291938998,1.0,45,45,183.34689999755938,0.03,0,potential,APF,True,384.33050000458024,True,102.85652088233026,16.12375297434711,0.2558251144367458,0.7482701932273687,162854.15926754233,1225.0,1280.0,0.07957747154594767,102.85652088233026,396.91057769930836,False,inf,0.4724961854418055,True,0.2558251144367458,2336.0
office,medio,0,alfombra,0.03499734240890688,0.8786424291938998,0.8786424291938998,1.0,45,45,183.34689999755938,0.03,0,hybrid_astar,Hybrid A*,True,37.4634000036167,True,6.485096358113191,1.016601483270841,0.30096699150371353,0.6004493549587953,87.81021561107974,0.0,8.0,0.8002064399327959,6.485096358113191,6.485096358113191,True,6.485096358113191,0.0,True,0.3668739739255885,50.0
office,medio,0,alfombra,0.03499734240890688,0.8786424291938998,0.8786424291938998,1.0,45,45,183.34689999755938,0.03,0,aco,ACO,True,220.75980000954587,True,7.020731598529184,1.1005674800470955,0.315,0.5650560217102369,898.5679038158356,12.0,17.0,0.09765995444434195,7.020731598529184,9.349644764137466,False,inf,0.0,True,0.40499999999999997,40.0
office,medio,0,alfombra,0.03499734240890688,0.8786424291938998,0.8786424291938998,1.0,45,45,183.34689999755938,0.03,0,topological,Homotopy planner,True,506.1166000086814,True,6.383799686849087,1.0007222517882346,0.2511840328690383,0.5173201594692681,30.600741920520623,0.0,3.0,0.8123558767292689,6.383799686849087,6.383799686849087,True,6.383799686849087,0.0,True,0.32561810793094625,18840.0
office,medio,0,alfombra,0.03499734240890688,0.8786424291938998,0.8786424291938998,1.0,45,45,183.34689999755938,0.03,0,slam,SLAM-based,True,326.725399994757,True,6.730744976610378,1.0551092765459944,0.30475736854108326,0.5159091416046135,265.20374469249697,1.0,9.0,0.11281450669250077,6.730744976610378,8.141511621415244,False,inf,0.0,True,0.39475736854108323,44.0
office,medio,0,alfombra,0.03499734240890688,0.8786424291938998,0.8786424291938998,1.0,45,45,183.34689999755938,0.03,0,drl,DRL (D3QN),True,15.007299996796064,True,7.3067943885008075,1.145410584996481,0.375,0.6876284404107579,609.443953926643,7.0,12.0,0.07957747154594767,7.3067943885008075,9.982930026793108,False,inf,0.0,True,0.46499999999999997,28.0
office,medio,0,alfombra,0.03499734240890688,0.8786424291938998,0.8786424291938998,1.0,45,45,183.34689999755938,0.03,1,tve,TVE (proposed),True,23.434000002453104,True,12.296899285040096,1.0036001038931324,0.2765773505774284,0.6500841949701106,72.03089785731316,0.0,7.0,0.9981948073997351,12.296899285040096,12.296899285040096,True,12.296899285040096,0.0,True,0.3548646202324442,
office,medio,0,alfombra,0.03499734240890688,0.8786424291938998,0.8786424291938998,1.0,45,45,183.34689999755938,0.03,1,teselado,WDT,True,30.924000006052665,True,13.091667655441961,1.068464392086226,0.31321498363146894,0.8886529460327883,81.38791630104961,0.0,10.0,1.236194236130712,13.091667655441961,13.091667655441961,True,13.091667655441961,0.0,True,0.44574586793582616,
office,medio,0,alfombra,0.03499734240890688,0.8786424291938998,0.8786424291938998,1.0,45,45,183.34689999755938,0.03,1,dijkstra,Dijkstra,True,20.10330000484828,True,13.066387437550121,1.066401170398011,0.285,0.5997867641185538,328.764701522242,6.0,9.0,0.22578259747947746,13.066387437550121,13.771290937060803,False,inf,0.0,True,0.3686279582977295,16670.0
office,medio,0,alfombra,0.03499734240890688,0.8786424291938998,0.8786424291938998,1.0,45,45,183.34689999755938,0.03,1,astar,A*,True,12.376800004858524,True,13.066387437550121,1.066401170398011,0.285,0.5324666970422367,1094.9676154124581,21.0,27.0,0.22578259747947327,13.066387437550121,13.771290937060817,False,inf,0.0,True,0.34008147239685055,6388.0
office,medio,0,alfombra,0.03499734240890688,0.8786424291938998,0.8786424291938998,1.0,45,45,183.34689999755938,0.03,1,theta,Theta*,True,1690.297199995257,True,12.323008983814308,1.0057310228992185,0.25457391119622563,0.632565417728138,69.184013518824,0.0,5.0,0.3813560860043734,12.323008983814308,12.323008983814308,False,inf,0.0,True,0.32082912729932167,6713.0
office,medio,0,alfombra,0.03499734240890688,0.8786424291938998,0.8786424291938998,1.0,45,45,183.34689999755938,0.03,1,visibility,Visibility graph,True,4372.622800001409,True,12.252787975348317,1.0,0.2679719220137587,0.6350297808162454,68.86130206897207,0.0,6.0,0.429782119707986,12.252787975348317,12.252787975348317,False,inf,0.0,True,0.331159818995887,205.0
office,medio,0,alfombra,0.03499734240890688,0.8786424291938998,0.8786424291938998,1.0,45,45,183.34689999755938,0.03,1,rrt,RRT,True,27.909500000532717,True,16.54878393957557,1.350613751977956,0.2685326445716702,0.7417480868653615,1246.9986355246158,14.0,32.0,0.11695951782584738,16.54878393957557,23.18521717172942,False,inf,0.0,True,0.34625364905775413,202.0
office,medio,0,alfombra,0.03499734240890688,0.8786424291938998,0.8786424291938998,1.0,45,45,183.34689999755938,0.03,1,rrt_star,RRT*,True,1893.2721000019228,True,12.27312721731968,1.0016599684914391,0.25613894418676836,0.6523223280292821,69.38876662951604,0.0,9.0,0.5911282493719671,12.27312721731968,12.27312721731968,False,inf,0.0,True,0.32329775997382393,4000.0
office,medio,0,alfombra,0.03499734240890688,0.8786424291938998,0.8786424291938998,1.0,45,45,183.34689999755938,0.03,1,prm,PRM,True,671.4133000059519,True,12.853990844097744,1.0490666181410306,0.3274288990458501,0.7200229472918792,187.39757794407362,0.0,14.0,0.6031099570681121,12.853990844097744,12.853990844097744,False,inf,0.0,True,0.42,602.0
office,medio,0,alfombra,0.03499734240890688,0.8786424291938998,0.8786424291938998,1.0,45,45,183.34689999755938,0.03,1,potential,APF,True,289.7954999934882,True,65.31712730231925,5.330797156837478,0.23442624453073746,0.6526552392925401,95021.07959413377,686.0,741.0,0.07957747154594767,65.31712730231925,221.82386237414107,False,inf,0.0,True,0.31764540271412356,1604.0
office,medio,0,alfombra,0.03499734240890688,0.8786424291938998,0.8786424291938998,1.0,45,45,183.34689999755938,0.03,1,hybrid_astar,Hybrid A*,True,137.81300000846386,True,12.577178916228062,1.0264748677225457,0.28097417930476604,0.6997615201203116,173.5949370667691,0.0,18.0,0.8811377627564146,12.577178916228062,12.577178916228062,True,12.577178916228062,0.0,True,0.3532244687311978,205.0
office,medio,0,alfombra,0.03499734240890688,0.8786424291938998,0.8786424291938998,1.0,45,45,183.34689999755938,0.03,1,aco,ACO,True,1127.6654999965103,True,13.946649521963115,1.1382429492800104,0.315,0.6043538316967572,1710.8680514497457,32.0,38.0,0.26907104681720334,13.946649521963115,13.946649521963115,False,inf,0.0,True,0.40499999999999997,40.0
office,medio,0,alfombra,0.03499734240890688,0.8786424291938998,0.8786424291938998,1.0,45,45,183.34689999755938,0.03,1,topological,Homotopy planner,True,455.0989999988815,True,12.296946128209884,1.0036039269552701,0.2471982666356881,0.6437252614389416,69.36465187204679,0.0,5.0,0.5098675032498596,12.296946128209884,12.296946128209884,False,inf,0.0,True,0.3392913780825098,21525.0
office,medio,0,alfombra,0.03499734240890688,0.8786424291938998,0.8786424291938998,1.0,45,45,183.34689999755938,0.03,1,slam,SLAM-based,True,724.6418999857269,True,13.76442577321607,1.1233709259402067,0.28320110551214317,0.6448019533700661,765.0670558746472,2.0,27.0,0.08608918633157346,13.76442577321607,15.613147428905883,False,inf,0.0,True,0.37438581493199613,88.0
office,medio,0,alfombra,0.03499734240890688,0.8786424291938998,0.8786424291938998,1.0,45,45,183.34689999755938,0.03,1,drl,DRL (D3QN),True,13.462000002618879,True,17.805602591060868,1.4531878480950127,0.375,0.9240336166705101,3252.0947570770118,28.0,36.0,0.10781502028200272,17.805602591060868,36.44385552438981,False,inf,0.0,True,0.46499999999999997,62.0
office,facil,0,alfombra,0.0,0.9359950681752248,0.9359950681752248,1.0,45,45,201.80460000119638,0.03,0,tve,TVE (proposed),True,22.740499989595264,True,7.838400203598805,1.0047022676437012,0.2813282397640207,0.5143883429000978,65.39839882322653,0.0,7.0,1.0003915840160182,7.838400203598805,7.838400203598805,True,7.838400203598805,0.0,True,0.3465637303142304,
office,facil,0,alfombra,0.0,0.9359950681752248,0.9359950681752248,1.0,45,45,201.80460000119638,0.03,0,teselado,WDT,True,42.638300001272,True,8.250923995529403,1.0575783110255328,0.25516512260905927,0.582364305955995,161.81699622152118,0.0,13.0,0.6027921774375276,8.250923995529403,8.250923995529403,False,inf,0.0,True,0.3151651226090593,
office,facil,0,alfombra,0.0,0.9359950681752248,0.9359950681752248,1.0,45,45,201.80460000119638,0.03,0,dijkstra,Dijkstra,True,23.59219999925699,True,8.280214280248092,1.0613326505224223,0.285,0.5257437019938276,564.1158396408881,11.0,15.0,0.4475641447905105,8.280214280248092,8.280214280248092,False,inf,0.0,True,0.3597674703598022,13722.0
office,facil,0,alfombra,0.0,0.9359950681752248,0.9359950681752248,1.0,45,45,201.80460000119638,0.03,0,astar,A*,True,5.7157999981427565,True,8.280214280248092,1.0613326505224223,0.285,0.5191468968881339,834.115839640888,11.0,21.0,0.3518202316307677,8.280214280248092,8.280214280248092,False,inf,0.0,True,0.3597674703598022,1164.0
office,facil,0,alfombra,0.0,0.9359950681752248,0.9359950681752248,1.0,45,45,201.80460000119638,0.03,0,theta,Theta*,True,308.99189999036025,True,7.85354560646132,1.0066435592599876,0.2533532604635979,0.4982381887431307,54.13538022070632,0.0,5.0,0.46504172793298076,7.85354560646132,7.85354560646132,False,inf,0.0,True,0.3328087344922515,1185.0
office,facil,0,alfombra,0.0,0.9359950681752248,0.9359950681752248,1.0,45,45,201.80460000119638,0.03,0,visibility,Visibility graph,True,3834.6873999980744,True,7.801714454155634,1.0,0.25153892494150343,0.5028963616066469,47.746994321919274,0.0,6.0,0.5987186278180939,7.801714454155634,7.801714454155634,False,inf,0.0,True,0.33188973346322387,191.0
office,facil,0,alfombra,0.0,0.9359950681752248,0.9359950681752248,1.0,45,45,201.80460000119638,0.03,0,rrt,RRT,True,8.484799996949732,True,9.47255690819982,1.2141634975058848,0.2846217166561823,0.6129635633144533,655.8935679106759,7.0,19.0,0.17550486989740544,9.47255690819982,13.674188136576495,False,inf,0.0,True,0.37941880652931814,51.0
office,facil,0,alfombra,0.0,0.9359950681752248,0.9359950681752248,1.0,45,45,201.80460000119638,0.03,0,rrt_star,RRT*,True,1889.7904000041308,True,7.7988860843330805,0.9996374681694422,0.2509589845352916,0.5017159103500196,63.353524442516445,0.0,9.0,1.0112766445262764,7.7988860843330805,7.7988860843330805,True,7.7988860843330805,0.0,True,0.3226074896469899,4000.0
office,facil,0,alfombra,0.0,0.9359950681752248,0.9359950681752248,1.0,45,45,201.80460000119638,0.03,0,prm,PRM,True,685.0521000014851,True,8.364205606101232,1.0720984028896343,0.32999999999999996,0.5975034065886334,249.65715463897521,0.0,11.0,0.3668563120986648,8.364205606101232,8.364205606101232,False,inf,0.0,True,0.3955494621618467,602.0
office,facil,0,alfombra,0.0,0.9359950681752248,0.9359950681752248,1.0,45,45,201.80460000119638,0.03,0,potential,APF,False,1809.5094000018435,,,,,,,,,,,,,,,,,11681.0
office,facil,0,alfombra,0.0,0.9359950681752248,0.9359950681752248,1.0,45,45,201.80460000119638,0.03,0,hybrid_astar,Hybrid A*,True,70.8891000103904,True,7.946119418960528,1.0185093886290566,0.2545508075208419,0.5461571124460013,132.378362170928,0.0,14.0,1.1001409013377426,7.946119418960528,7.946119418960528,True,7.946119418960528,0.0,True,0.32380211255435604,106.0
office,facil,0,alfombra,0.0,0.9359950681752248,0.9359950681752248,1.0,45,45,201.80460000119638,0.03,0,aco,ACO,True,412.19380000256933,True,8.548082245892127,1.0956671506144313,0.345,0.5439014118139436,1440.0,26.0,34.0,0.3375603287351797,8.548082245892127,8.548082245892127,False,inf,0.0,True,0.40499999999999997,40.0
office,facil,0,alfombra,0.0,0.9359950681752248,0.9359950681752248,1.0,45,45,201.80460000119638,0.03,0,topological,Homotopy planner,True,489.7911000007298,True,7.801197165883918,0.999933695564641,0.24666122231811327,0.4962644454996769,49.539535486957426,0.0,5.0,0.46326873941676167,7.801197165883918,7.801197165883918,False,inf,0.0,True,0.32036032320873353,22384.0
office,facil,0,alfombra,0.0,0.9359950681752248,0.9359950681752248,1.0,45,45,201.80460000119638,0.03,0,slam,SLAM-based,True,414.33089999191,True,8.206930890944653,1.0519394088530345,0.3184687786288009,0.5310974842358621,423.7403582983808,0.0,17.0,0.324139392021627,8.206930890944653,8.206930890944653,False,inf,0.0,True,0.3887115559718982,54.0
office,facil,0,alfombra,0.0,0.9359950681752248,0.9359950681752248,1.0,45,45,201.80460000119638,0.03,0,drl,DRL (D3QN),False,84.95930000208318,,,,,,,,,,,,,,,,,401.0
office,facil,0,alfombra,0.0,0.9359950681752248,0.9359950681752248,1.0,45,45,201.80460000119638,0.03,1,tve,TVE (proposed),True,25.53250000346452,True,8.171706199089634,1.0126444675077522,0.26999999999999996,0.40288689415836293,136.18249672392807,0.0,10.0,0.48956560951766154,8.171706199089634,8.171706199089634,False,inf,0.0,True,0.3,
office,facil,0,alfombra,0.0,0.9359950681752248,0.9359950681752248,1.0,45,45,201.80460000119638,0.03,1,teselado,WDT,True,34.29770001093857,True,9.439298629180998,1.1697255507128397,0.2723807644538644,0.6112415518429325,120.27841485499344,0.0,11.0,0.5473671022937903,9.439298629180998,9.439298629180998,False,inf,0.0,True,0.3,
office,facil,0,alfombra,0.0,0.9359950681752248,0.9359950681752248,1.0,45,45,201.80460000119638,0.03,1,dijkstra,Dijkstra,True,5.587100007687695,True,8.894041122946064,1.102156797798376,0.285,0.5480821893009578,268.98297673149693,3.0,8.0,0.36022113817306856,8.894041122946064,8.894041122946064,False,inf,0.0,True,0.3,4212.0
office,facil,0,alfombra,0.0,0.9359950681752248,0.9359950681752248,1.0,45,45,201.80460000119638,0.03,1,astar,A*,True,3.147100011119619,True,8.894041122946064,1.102156797798376,0.285,0.49585510461023335,764.5416435419996,8.0,19.0,0.3645507967030377,8.894041122946064,8.894041122946064,False,inf,0.0,True,0.3,1224.0
office,facil,0,alfombra,0.0,0.9359950681752248,0.9359950681752248,1.0,45,45,201.80460000119638,0.03,1,theta,Theta*,True,308.42349999875296,True,8.53769096568743,1.0579975969593056,0.257430586381392,0.5099287687908308,84.62463221140204,1.0,6.0,0.3880338979077047,8.53769096568743,8.53769096568743,False,inf,0.0,True,0.3,1293.0
office,facil,0,alfombra,0.0,0.9359950681752248,0.9359950681752248,1.0,45,45,201.80460000119638,0.03,1,visibility,Visibility graph,True,3739.8695000010775,True,8.069669524982691,1.0,0.2607335806082079,0.3781917687320915,118.78949984461757,0.0,8.0,0.3544870519090012,8.069669524982691,8.069669524982691,False,inf,0.0,True,0.3,191.0
office,facil,0,alfombra,0.0,0.9359950681752248,0.9359950681752248,1.0,45,45,201.80460000119638,0.03,1,rrt,RRT,True,7.706900010816753,True,9.680249641073388,1.1995843957555563,0.25762144010206234,0.5015387171111361,559.3192163873855,6.0,19.0,0.1876317245033354,9.680249641073388,11.230575005119281,False,inf,0.0,True,0.3,69.0
office,facil,0,alfombra,0.0,0.9359950681752248,0.9359950681752248,1.0,45,45,201.80460000119638,0.03,1,rrt_star,RRT*,True,1916.7285000003176,True,8.503056654651925,1.0537056850131867,0.2543674374876124,0.5074901525986446,86.97197537271853,0.0,8.0,0.4755645673381965,8.503056654651925,8.503056654651925,False,inf,0.0,True,0.3,4000.0
office,facil,0,alfombra,0.0,0.9359950681752248,0.9359950681752248,1.0,45,45,201.80460000119638,0.03,1,prm,PRM,True,704.312799993204,True,8.732928210434341,1.0821915548583847,0.2574359955658784,0.4817666415588148,263.0305888440933,2.0,12.0,0.2838192278103415,8.732928210434341,8.732928210434341,False,inf,0.0,True,0.3,602.0
office,facil,0,alfombra,0.0,0.9359950681752248,0.9359950681752248,1.0,45,45,201.80460000119638,0.03,1,potential,APF,False,1831.892499991227,,,,,,,,,,,,,,,,,11812.0
office,facil,0,alfombra,0.0,0.9359950681752248,0.9359950681752248,1.0,45,45,201.80460000119638,0.03,1,hybrid_astar,Hybrid A*,True,124.62139999843203,True,8.642359424753192,1.0709681973961291,0.26324441547611643,0.4866914950741615,150.80289156752747,0.0,13.0,0.8002064399327959,8.642359424753192,8.642359424753192,True,8.642359424753192,0.0,True,0.3,183.0
office,facil,0,alfombra,0.0,0.9359950681752248,0.9359950681752248,1.0,45,45,201.80460000119638,0.03,1,aco,ACO,True,475.1220999896759,True,9.095878784786798,1.1271686847431721,0.3,0.47737475947798774,683.1301023541562,12.0,17.0,0.30111231684785966,9.095878784786798,9.095878784786798,False,inf,0.0,True,0.3,40.0
office,facil,0,alfombra,0.0,0.9359950681752248,0.9359950681752248,1.0,45,45,201.80460000119638,0.03,1,topological,Homotopy planner,True,530.3521000023466,True,8.55614164927392,1.0602840206510529,0.24843040880287795,0.5032418673773654,83.55039979827276,1.0,5.0,0.4307509262327409,8.55614164927392,8.55614164927392,False,inf,0.0,True,0.3,18074.0
office,facil,0,alfombra,0.0,0.9359950681752248,0.9359950681752248,1.0,45,45,201.80460000119638,0.03,1,slam,SLAM-based,True,486.1650000093505,True,9.08611017862859,1.1259581511360688,0.3,0.47451762650098994,583.4562980187424,3.0,21.0,0.23921431845430777,9.08611017862859,9.751433826979914,False,inf,0.0,True,0.3,60.0
office,facil,0,alfombra,0.0,0.9359950681752248,0.9359950681752248,1.0,45,45,201.80460000119638,0.03,1,drl,DRL (D3QN),False,78.23780000035185,,,,,,,,,,,,,,,,,401.0
office,medio,3,madera,0.013597027124142666,0.8260553129548762,0.8260553129548762,1.0,36,36,176.7680999910226,0.03,0,tve,TVE (proposed),True,28.395900008035824,True,9.14716361444869,1.011586019341896,0.2960459081275445,0.5032575421290424,122.5335207420873,0.0,9.0,0.810626958382487,9.14716361444869,9.14716361444869,True,9.14716361444869,0.0,True,0.36,
office,medio,3,madera,0.013597027124142666,0.8260553129548762,0.8260553129548762,1.0,36,36,176.7680999910226,0.03,0,teselado,WDT,True,47.798200001125224,True,9.644849813656254,1.0666252011427477,0.2532078131905753,0.6241781845483944,130.15880819569873,0.0,15.0,0.7774596392532895,9.644849813656254,9.644849813656254,True,9.644849813656254,0.0,True,0.3268557414328356,
office,medio,3,madera,0.013597027124142666,0.8260553129548762,0.8260553129548762,1.0,36,36,176.7680999910226,0.03,0,dijkstra,Dijkstra,True,34.18010000314098,True,9.477716446627536,1.048141900244453,0.27567449569702146,0.5254656087197074,696.3042844311683,10.0,18.0,0.4703262875989031,9.477716446627536,9.477716446627536,False,inf,0.0,True,0.35205821514129637,18867.0
office,medio,3,madera,0.013597027124142666,0.8260553129548762,0.8260553129548762,1.0,36,36,176.7680999910226,0.03,0,astar,A*,True,3.288000007160008,True,9.477716446627536,1.048141900244453,0.27567449569702146,0.45572103880326564,647.9906441998621,10.0,17.0,0.33141899597041125,9.477716446627536,9.477716446627536,False,inf,0.0,True,0.35205821514129637,1365.0
office,medio,3,madera,0.013597027124142666,0.8260553129548762,0.8260553129548762,1.0,36,36,176.7680999910226,0.03,0,theta,Theta*,True,335.51180000358727,True,9.066362102470864,1.0026501695742867,0.2506324740379088,0.4663896032370614,77.42051199431864,0.0,5.0,0.5377886758392308,9.066362102470864,9.066362102470864,False,inf,0.0,True,0.33033423222993546,1477.0
office,medio,3,madera,0.013597027124142666,0.8260553129548762,0.8260553129548762,1.0,36,36,176.7680999910226,0.03,0,visibility,Visibility graph,True,5647.154100006446,True,9.042398213845944,1.0,0.253353634740304,0.4654801668908581,77.67042131190439,0.0,5.0,0.7973628157702998,9.042398213845944,9.042398213845944,True,9.042398213845944,0.0,True,0.32686869693879356,225.0
office,medio,3,madera,0.013597027124142666,0.8260553129548762,0.8260553129548762,1.0,36,36,176.7680999910226,0.03,0,rrt,RRT,True,30.949599997256882,True,10.781886002174963,1.1923701818025965,0.25428112437315636,0.5787370173814975,546.465261740155,6.0,16.0,0.18658320766565467,10.781886002174963,13.964697231943926,False,inf,0.0,True,0.32769786536211754,238.0
office,medio,3,madera,0.013597027124142666,0.8260553129548762,0.8260553129548762,1.0,36,36,176.7680999910226,0.03,0,rrt_star,RRT*,True,2013.4888000029605,True,9.053355284732337,1.0012117439010388,0.2528420116392913,0.46690069813286017,88.02178025369255,0.0,8.0,0.40881777478007636,9.053355284732337,9.053355284732337,False,inf,0.0,True,0.3357941175164909,4000.0
office,medio,3,madera,0.013597027124142666,0.8260553129548762,0.8260553129548762,1.0,36,36,176.7680999910226,0.03,0,prm,PRM,True,664.2571999982465,True,9.78584266908797,1.0822176194478632,0.2578139877319336,0.49017053009595457,391.23678027216084,2.0,15.0,0.12597426359790262,9.78584266908797,11.049235195039955,False,inf,0.0,True,0.34762796401977536,602.0
office,medio,3,madera,0.013597027124142666,0.8260553129548762,0.8260553129548762,1.0,36,36,176.7680999910226,0.03,0,potential,APF,False,1835.0109000020893,,,,,,,,,,,,,,,,,11806.0
office,medio,3,madera,0.013597027124142666,0.8260553129548762,0.8260553129548762,1.0,36,36,176.7680999910226,0.03,0,hybrid_astar,Hybrid A*,True,45.8373000001302,True,9.249825291721464,1.0229393876458461,0.25324717634656296,0.4677807702235347,180.69837259805058,0.0,14.0,0.8002064399327988,9.249825291721464,9.249825291721464,True,9.249825291721464,0.0,True,0.3464607305561416,68.0
office,medio,3,madera,0.013597027124142666,0.8260553129548762,0.8260553129548762,1.0,36,36,176.7680999910226,0.03,0,aco,ACO,True,612.9016999911983,True,10.066393928485812,1.1132438198830814,0.305906982421875,0.4651538137134753,1094.0362434679269,16.0,24.0,0.26173492421563777,10.066393928485812,10.066393928485812,False,inf,0.0,True,0.36,40.0
office,medio,3,madera,0.013597027124142666,0.8260553129548762,0.8260553129548762,1.0,36,36,176.7680999910226,0.03,0,topological,Homotopy planner,True,472.48100000433624,True,9.090936832611765,1.005367892191642,0.24650948339743836,0.46508298494242395,99.44697202928832,1.0,6.0,0.466693332130489,9.090936832611765,9.090936832611765,False,inf,0.0,True,0.32463513736334715,26194.0
office,medio,3,madera,0.013597027124142666,0.8260553129548762,0.8260553129548762,1.0,36,36,176.7680999910226,0.03,0,slam,SLAM-based,True,551.7316000041319,True,9.57882127713592,1.0593230966613028,0.305906982421875,0.47505144511768327,465.1705147095884,2.0,18.0,0.15345764520737545,9.57882127713592,10.61594746838446,False,inf,0.0,True,0.36,63.0
office,medio,3,madera,0.013597027124142666,0.8260553129548762,0.8260553129548762,1.0,36,36,176.7680999910226,0.03,0,drl,DRL (D3QN),False,82.42800000880379,,,,,,,,,,,,,,,,,401.0
office,medio,3,madera,0.013597027124142666,0.8260553129548762,0.8260553129548762,1.0,36,36,176.7680999910226,0.03,1,tve,TVE (proposed),True,19.29950001067482,True,10.92047086729102,1.0007453325429418,0.3625468508637178,0.9488899286597043,7.503186874689656,0.0,3.0,2.347732137943321,10.92047086729102,10.92047086729102,True,10.92047086729102,0.0,True,0.4513641437298533,
office,medio,3,madera,0.013597027124142666,0.8260553129548762,0.8260553129548762,1.0,36,36,176.7680999910226,0.03,1,teselado,WDT,True,38.247500007855706,True,10.930157853715325,1.0016330421086133,0.34727168133017877,0.925002269833545,10.878798415783653,0.0,5.0,15.014622277400541,10.930157853715325,10.930157853715325,True,10.930157853715325,0.0,True,0.4375898876663837,
office,medio,3,madera,0.013597027124142666,0.8260553129548762,0.8260553129548762,1.0,36,36,176.7680999910226,0.03,1,dijkstra,Dijkstra,True,22.461200001998805,True,11.627422074112308,1.065529912728128,0.27567449569702146,0.7334678023315755,512.4138239894664,9.0,14.0,0.3206536855147013,11.627422074112308,11.627422074112308,False,inf,0.0,True,0.3656744813919067,17278.0
office,medio,3,madera,0.013597027124142666,0.8260553129548762,0.8260553129548762,1.0,36,36,176.7680999910226,0.03,1,astar,A*,True,3.0217000021366403,True,11.627422074112307,1.065529912728128,0.285,0.8911776712669014,270.6904972623895,5.0,8.0,0.40591289433500094,11.627422074112307,11.627422074112307,False,inf,0.0,True,0.375,551.0
office,medio,3,madera,0.013597027124142666,0.8260553129548762,0.8260553129548762,1.0,36,36,176.7680999910226,0.03,1,theta,Theta*,True,255.2162999927532,True,10.98747975084582,1.0068859860249482,0.2636879962226652,0.9230320624269731,5.622619847798689,0.0,3.0,3.2506457104299735,10.98747975084582,10.98747975084582,True,10.98747975084582,0.0,True,0.35474562114020997,730.0
office,medio,3,madera,0.013597027124142666,0.8260553129548762,0.8260553129548762,1.0,36,36,176.7680999910226,0.03,1,visibility,Visibility graph,True,5664.75920000812,True,10.912337546997675,1.0,0.2963160912834972,0.9353449733862179,6.079992499181559,0.0,3.0,2.850420619618734,10.912337546997675,10.912337546997675,True,10.912337546997675,0.0,True,0.386041574803685,225.0
office,medio,3,madera,0.013597027124142666,0.8260553129548762,0.8260553129548762,1.0,36,36,176.7680999910226,0.03,1,rrt,RRT,True,11.618300006375648,True,13.102794837521987,1.2007321787005183,0.2344565395597257,1.0068318575476907,977.5935825826572,10.0,22.0,0.1516207139745465,13.102794837521987,20.41636245727944,False,inf,0.0,True,0.32431915833431707,89.0
office,medio,3,madera,0.013597027124142666,0.8260553129548762,0.8260553129548762,1.0,36,36,176.7680999910226,0.03,1,rrt_star,RRT*,True,2031.3064999936614,True,10.926964940992475,1.0013404455215762,0.3281744550565503,0.945625312702278,27.29202177803257,0.0,8.0,1.9896379280496395,10.926964940992475,10.926964940992475,True,10.926964940992475,0.0,True,0.4240814374784252,4000.0
office,medio,3,madera,0.013597027124142666,0.8260553129548762,0.8260553129548762,1.0,36,36,176.7680999910226,0.03,1,prm,PRM,True,640.2514000074007,True,11.30417388452996,1.0359076445211404,0.26362798690795897,0.976695645547297,218.55035590313256,1.0,12.0,0.4194050311025138,11.30417388452996,11.30417388452996,False,inf,0.0,True,0.4172988455957868,602.0
office,medio,3,madera,0.013597027124142666,0.8260553129548762,0.8260553129548762,1.0,36,36,176.7680999910226,0.03,1,potential,APF,True,459.9393999960739,True,107.82521049478902,9.881036948353481,0.3862088423514928,0.8840944333252201,161650.61286046111,1207.0,1266.0,0.07957747154594767,107.82521049478902,423.09270731466324,False,inf,0.0,True,0.3862088423514928,2490.0
office,medio,3,madera,0.013597027124142666,0.8260553129548762,0.8260553129548762,1.0,36,36,176.7680999910226,0.03,1,hybrid_astar,Hybrid A*,True,91.88100000028498,True,11.132046523820259,1.0201339974937846,0.38390652842025474,0.9979854759991853,72.15735546765303,0.0,11.0,1.7841808182866028,11.132046523820259,11.132046523820259,True,11.132046523820259,0.0,True,0.5061784925209212,95.0
office,medio,3,madera,0.013597027124142666,0.8260553129548762,0.8260553129548762,1.0,36,36,176.7680999910226,0.03,1,aco,ACO,True,389.32309999654535,True,12.190110565396493,1.1170943450837783,0.375,0.9277869271775204,2366.5650511770773,46.0,49.0,0.23157975225209643,12.190110565396493,13.548483112929592,False,inf,0.0,True,0.46499999999999997,40.0
office,medio,3,madera,0.013597027124142666,0.8260553129548762,0.8260553129548762,1.0,36,36,176.7680999910226,0.03,1,topological,Homotopy planner,True,343.7323000107426,True,10.926783617900831,1.0013238291833384,0.2551044713163819,0.89996129591676,9.483793787716152,0.0,3.0,2.1666583062912457,10.926783617900831,10.926783617900831,True,10.926783617900831,0.0,True,0.3466995337291341,15017.0
office,medio,3,madera,0.013597027124142666,0.8260553129548762,0.8260553129548762,1.0,36,36,176.7680999910226,0.03,1,slam,SLAM-based,True,557.7714000100968,True,12.186968192784212,1.1168063799618466,0.51,0.9426297601913481,198.55652857457787,1.0,10.0,0.2099224731102813,12.186968192784212,12.945128768609194,False,inf,0.0,True,0.51,76.0
office,medio,3,madera,0.013597027124142666,0.8260553129548762,0.8260553129548762,1.0,36,36,176.7680999910226,0.03,1,drl,DRL (D3QN),True,18.958200002089143,True,19.037873156584123,1.7446191592398124,0.51,1.0046262338439125,3377.7263001271417,31.0,33.0,0.07957747154594767,19.037873156584123,47.38415479686004,False,inf,0.0,True,0.51,62.0
office,facil,2,uniforme,0.0,0.9313804302389145,0.9313804302389145,1.0,48,48,170.75420000765007,0.03,0,tve,TVE (proposed),True,293.47849999612663,True,9.30316540500955,1.0127681244076356,0.27,0.4120409125473404,162.9601759781477,0.0,12.0,0.4667781812188627,9.30316540500955,9.30316540500955,False,inf,0.0,True,0.32999999999999996,
office,facil,2,uniforme,0.0,0.9313804302389145,0.9313804302389145,1.0,48,48,170.75420000765007,0.03,0,teselado,WDT,True,275.21530000376515,True,9.92304103829643,1.0802494874877648,0.27,0.6620399199034162,152.94170107843217,0.0,16.0,0.8099102550539348,9.92304103829643,9.92304103829643,True,9.92304103829643,0.0,True,0.32999999999999996,
office,facil,2,uniforme,0.0,0.9313804302389145,0.9313804302389145,1.0,48,48,170.75420000765007,0.03,0,dijkstra,Dijkstra,True,13.736900000367314,True,9.603746750430833,1.0454902348057065,0.27,0.4400462547150625,681.7855691789296,12.0,17.0,0.34316508129535134,9.603746750430833,9.603746750430833,False,inf,0.0,True,0.32999999999999996,11035.0
office,facil,2,uniforme,0.0,0.9313804302389145,0.9313804302389145,1.0,48,48,170.75420000765007,0.03,0,astar,A*,True,2.6360000047134236,True,9.603746750430833,1.0454902348057065,0.27,0.4389081248996567,771.7855691789294,12.0,19.0,0.3821328513055544,9.603746750430833,9.603746750430833,False,inf,0.0,True,0.32999999999999996,1020.0
office,facil,2,uniforme,0.0,0.9313804302389145,0.9313804302389145,1.0,48,48,170.75420000765007,0.03,0,theta,Theta*,True,307.4944000109099,True,9.248426141137607,1.0068090578760236,0.24832635446028242,0.39729446309513844,129.27178664105972,1.0,8.0,0.3404930540199524,9.248426141137607,9.248426141137607,False,inf,0.0,True,0.3184948589363884,1054.0
office,facil,2,uniforme,0.0,0.9313804302389145,0.9313804302389145,1.0,48,48,170.75420000765007,0.03,0,visibility,Visibility graph,True,4679.069900012109,True,9.18587895965914,1.0,0.25592062268282545,0.3897098803806592,130.05078816555627,0.0,8.0,0.6295460403130616,9.18587895965914,9.18587895965914,False,inf,0.0,True,0.31592062268282545,211.0
office,facil,2,uniforme,0.0,0.9313804302389145,0.9313804302389145,1.0,48,48,170.75420000765007,0.03,0,rrt,RRT,True,11.836699995910749,True,11.143047567968669,1.2130627473870124,0.2498761326750149,0.5834315388204251,553.2266450075635,5.0,15.0,0.17967099060080055,11.143047567968669,13.476512675580958,False,inf,0.0,True,0.315783116319856,118.0
office,facil,2,uniforme,0.0,0.9313804302389145,0.9313804302389145,1.0,48,48,170.75420000765007,0.03,0,rrt_star,RRT*,True,1954.1485000081593,True,9.276848997404537,1.0099032480337378,0.25945129832182867,0.448194321987625,171.2125418885514,0.0,14.0,0.3874886140130535,9.276848997404537,9.276848997404537,False,inf,0.0,True,0.32535828074370365,4000.0
office,facil,2,uniforme,0.0,0.9313804302389145,0.9313804302389145,1.0,48,48,170.75420000765007,0.03,0,prm,PRM,True,685.5841000069631,True,10.197449726051271,1.1101223705248633,0.27,0.6154140613413603,208.39978748691473,1.0,11.0,0.18908215288113805,10.197449726051271,11.039173498849355,False,inf,0.0,True,0.32999999999999996,602.0
office,facil,2,uniforme,0.0,0.9313804302389145,0.9313804302389145,1.0,48,48,170.75420000765007,0.03,0,potential,APF,False,1695.4043000005186,,,,,,,,,,,,,,,,,11447.0
office,facil,2,uniforme,0.0,0.9313804302389145,0.9313804302389145,1.0,48,48,170.75420000765007,0.03,0,hybrid_astar,Hybrid A*,False,3.3493999944766983,,,,,,,,,,,,,,,,,1.0
office,facil,2,uniforme,0.0,0.9313804302389145,0.9313804302389145,1.0,48,48,170.75420000765007,0.03,0,aco,ACO,True,695.4150000092341,True,10.07606944245043,1.096908579647159,0.27,0.44554333042139793,1466.5650511770782,26.0,30.0,0.11724736534476406,10.07606944245043,11.43349817975214,False,inf,0.0,True,0.32999999999999996,40.0
office,facil,2,uniforme,0.0,0.9313804302389145,0.9313804302389145,1.0,48,48,170.75420000765007,0.03,0,topological,Homotopy planner,True,727.9313000035472,True,9.21588289269491,1.0032663105150346,0.2508954813705934,0.39250399006296843,130.78978761069231,1.0,6.0,0.4335856189652456,9.21588289269491,9.21588289269491,False,inf,0.0,True,0.31680246644892524,36644.0
office,facil,2,uniforme,0.0,0.9313804302389145,0.9313804302389145,1.0,48,48,170.75420000765007,0.03,0,slam,SLAM-based,True,505.98520001221914,True,9.601040132938508,1.0451955849954693,0.27,0.5040204735475138,345.4865468602405,0.0,16.0,0.3048337922563586,9.601040132938508,9.601040132938508,False,inf,0.0,True,0.32999999999999996,63.0
office,facil,2,uniforme,0.0,0.9313804302389145,0.9313804302389145,1.0,48,48,170.75420000765007,0.03,0,drl,DRL (D3QN),True,25.32430000428576,True,20.88044666610328,2.2731027436571063,0.27,0.6278534500059658,7591.304123495591,58.0,63.0,0.07957747154594767,20.88044666610328,88.38688005292887,False,inf,0.0,True,0.32999999999999996,82.0
office,facil,2,uniforme,0.0,0.9313804302389145,0.9313804302389145,1.0,48,48,170.75420000765007,0.03,1,tve,TVE (proposed),True,47.9918000055477,True,7.7677414822320054,1.0105084923820153,0.31112670036990314,0.5466991175457082,106.05030837315714,0.0,9.0,0.8501558598257599,7.7677414822320054,7.7677414822320054,True,7.7677414822320054,0.0,True,0.36591583908562764,
office,facil,2,uniforme,0.0,0.9313804302389145,0.9313804302389145,1.0,48,48,170.75420000765007,0.03,1,teselado,WDT,True,41.115999993053265,True,8.805255320244067,1.1454790686651217,0.37050934247100725,0.8703078433356679,121.18136400030993,0.0,14.0,1.0146539567693378,8.805255320244067,8.805255320244067,True,8.805255320244067,0.0,True,0.4364163248928823,
office,facil,2,uniforme,0.0,0.9313804302389145,0.9313804302389145,1.0,48,48,170.75420000765007,0.03,1,dijkstra,Dijkstra,True,12.792599998647347,True,8.30933116270241,1.0809641032894663,0.285,0.6878664124281509,472.7316384918329,6.0,13.0,0.3419417979344515,8.30933116270241,8.30933116270241,False,inf,0.0,True,0.3447209644317627,10375.0
office,facil,2,uniforme,0.0,0.9313804302389145,0.9313804302389145,1.0,48,48,170.75420000765007,0.03,1,astar,A*,True,5.119099994772114,True,8.30933116270241,1.0809641032894663,0.285,0.664845781691178,1066.729112641247,15.0,27.0,0.3645507967030347,8.30933116270241,8.30933116270241,False,inf,0.0,True,0.3447209644317627,2188.0
office,facil,2,uniforme,0.0,0.9313804302389145,0.9313804302389145,1.0,48,48,170.75420000765007,0.03,1,theta,Theta*,True,504.88490000134334,True,7.744651082469636,1.0075046533503298,0.25019474029541083,0.528890236151529,99.62044213520582,0.0,6.0,0.5341522669870151,7.744651082469636,7.744651082469636,False,inf,0.0,True,0.3014302569968895,2061.0
office,facil,2,uniforme,0.0,0.9313804302389145,0.9313804302389145,1.0,48,48,170.75420000765007,0.03,1,visibility,Visibility graph,True,4997.387499999604,True,7.6869630891686445,1.0,0.2501972256508293,0.5158810200647361,96.37358107127551,0.0,6.0,0.452143386217739,7.6869630891686445,7.6869630891686445,False,inf,0.0,True,0.3020330289398309,211.0
office,facil,2,uniforme,0.0,0.9313804302389145,0.9313804302389145,1.0,48,48,170.75420000765007,0.03,1,rrt,RRT,True,19.65520001249388,True,9.87390426887952,1.2845000235258575,0.2769601858696962,0.5266432667003621,799.398827186637,8.0,20.0,0.1647473221521289,9.87390426887952,12.475236257507369,False,inf,0.0,True,0.3519375919361062,183.0
office,facil,2,uniforme,0.0,0.9313804302389145,0.9313804302389145,1.0,48,48,170.75420000765007,0.03,1,rrt_star,RRT*,True,1989.045399997849,True,7.759053205944001,1.0093782311608774,0.2627091903033974,0.5335443562230121,143.48037730251733,2.0,8.0,0.2661337931958005,7.759053205944001,7.759053205944001,False,inf,0.0,True,0.32205418046546275,4000.0
office,facil,2,uniforme,0.0,0.9313804302389145,0.9313804302389145,1.0,48,48,170.75420000765007,0.03,1,prm,PRM,True,675.8579999877838,True,8.170096353788786,1.0628509931706194,0.26608621173434704,0.6197939080714511,324.92476656743355,3.0,12.0,0.2530432728998833,8.170096353788786,8.170096353788786,False,inf,0.0,True,0.3319931941562221,602.0
office,facil,2,uniforme,0.0,0.9313804302389145,0.9313804302389145,1.0,48,48,170.75420000765007,0.03,1,potential,APF,False,1920.8590999915032,,,,,,,,,,,,,,,,,12437.0
office,facil,2,uniforme,0.0,0.9313804302389145,0.9313804302389145,1.0,48,48,170.75420000765007,0.03,1,hybrid_astar,Hybrid A*,True,32.71689999382943,True,8.038741131213632,1.045762941484741,0.2969521713282711,0.710481355579786,149.61282371531402,0.0,15.0,0.8534319732571505,8.038741131213632,8.038741131213632,True,8.038741131213632,0.0,True,0.36055628677174867,47.0
office,facil,2,uniforme,0.0,0.9313804302389145,0.9313804302389145,1.0,48,48,170.75420000765007,0.03,1,aco,ACO,True,264.31630000297446,True,8.49069931042695,1.1045583557427008,0.345,0.48227356806185884,873.434948822922,15.0,19.0,0.3588424620522767,8.49069931042695,8.49069931042695,False,inf,0.0,True,0.4229069423675537,40.0
office,facil,2,uniforme,0.0,0.9313804302389145,0.9313804302389145,1.0,48,48,170.75420000765007,0.03,1,topological,Homotopy planner,True,670.5077000078745,True,7.693510530579085,1.0008517591842827,0.24648523142209816,0.5202311292574489,97.55184069752471,0.0,6.0,0.6038721265428117,7.693510530579085,7.693510530579085,False,inf,0.0,True,0.3003850752311486,36644.0
office,facil,2,uniforme,0.0,0.9313804302389145,0.9313804302389145,1.0,48,48,170.75420000765007,0.03,1,slam,SLAM-based,True,451.71579999441747,True,8.576774409197313,1.115755898617812,0.3164128313747751,0.47648014312243236,692.2280425030265,1.0,23.0,0.11130237753289035,8.576774409197313,10.006707413502314,False,inf,0.0,True,0.37417832510599724,56.0
office,facil,2,uniforme,0.0,0.9313804302389145,0.9313804302389145,1.0,48,48,170.75420000765007,0.03,1,drl,DRL (D3QN),True,9.81329999922309,True,15.173448947356622,1.9739198395185285,0.495,0.7988340223275882,2262.528804086897,19.0,25.0,0.07957747154594767,15.173448947356622,32.6141969763254,False,inf,0.0,True,0.585,55.0
office,medio,2,baldosa,0.06395410402091124,0.8408325592196935,0.8408325592196935,1.0,48,48,188.79739999829326,0.03,0,tve,TVE (proposed),True,38.54989999672398,True,6.941415845299626,1.0005740611701222,0.2548162148863533,0.485639351371796,74.21649882792798,0.0,8.0,1.0005303144856372,6.941415845299626,6.941415845299626,True,6.941415845299626,0.0,True,0.2981710304616331,
office,medio,2,baldosa,0.06395410402091124,0.8408325592196935,0.8408325592196935,1.0,48,48,188.79739999829326,0.03,0,teselado,WDT,True,30.71089999866672,True,7.391658879828408,1.0654745816996738,0.258798362389816,0.5497281281898655,88.84574990339141,0.0,8.0,0.5133786449617592,7.391658879828408,7.391658879828408,False,inf,0.0,True,0.37033191975595603,
office,medio,2,baldosa,0.06395410402091124,0.8408325592196935,0.8408325592196935,1.0,48,48,188.79739999829326,0.03,0,dijkstra,Dijkstra,True,11.900499986950308,True,7.259482681718908,1.0464219736612137,0.27567449569702146,0.46372674780008033,497.18504765075363,11.0,13.0,0.1643003168111187,7.259482681718908,8.228165799201033,False,inf,0.0,True,0.3221977186203003,6405.0
office,medio,2,baldosa,0.06395410402091124,0.8408325592196935,0.8408325592196935,1.0,48,48,188.79739999829326,0.03,0,astar,A*,True,6.066400004783645,True,7.259482681718907,1.0464219736612137,0.27567449569702146,0.5369218887728239,502.5201533914093,9.0,13.0,0.14387085076752257,7.259482681718907,8.36571749052719,False,inf,0.0,True,0.3221977186203003,1304.0
office,medio,2,baldosa,0.06395410402091124,0.8408325592196935,0.8408325592196935,1.0,48,48,188.79739999829326,0.03,0,theta,Theta*,True,363.16140000417363,True,6.989655957848557,1.0075276577273824,0.255,0.4872793884120737,72.652807624465,1.0,5.0,0.43637923828041636,6.989655957848557,6.989655957848557,False,inf,0.0,True,0.285,1364.0
office,medio,2,baldosa,0.06395410402091124,0.8408325592196935,0.8408325592196935,1.0,48,48,188.79739999829326,0.03,0,visibility,Visibility graph,True,6218.865399991046,True,6.93743333420215,1.0,0.25859122071284935,0.48993946941031025,72.72953626040166,0.0,5.0,0.49778491493384486,6.93743333420215,6.93743333420215,False,inf,0.0,True,0.31731656297128613,239.0
office,medio,2,baldosa,0.06395410402091124,0.8408325592196935,0.8408325592196935,1.0,48,48,188.79739999829326,0.03,0,rrt,RRT,True,8.75560000713449,True,9.03592028222468,1.3024875118693837,0.2550795697517838,0.5496574931263646,787.0325113374273,8.0,18.0,0.12389686883014193,9.03592028222468,15.54359378421794,False,inf,0.0,True,0.29427347954189653,89.0
office,medio,2,baldosa,0.06395410402091124,0.8408325592196935,0.8408325592196935,1.0,48,48,188.79739999829326,0.03,0,rrt_star,RRT*,True,1760.8438000024762,True,6.943473884677406,1.0008707183455696,0.25487627254791473,0.49678745671006,99.93274537684968,0.0,10.0,0.6123061433377052,6.943473884677406,6.943473884677406,False,inf,0.0,True,0.3014700061778054,4000.0
office,medio,2,baldosa,0.06395410402091124,0.8408325592196935,0.8408325592196935,1.0,48,48,188.79739999829326,0.03,0,prm,PRM,True,737.2652000049129,True,7.908256137832385,1.1399397668939022,0.39,0.6585886667220094,271.3796466736647,1.0,13.0,0.34420184286057415,7.908256137832385,7.908256137832385,False,inf,0.0,True,0.48,602.0
office,medio,2,baldosa,0.06395410402091124,0.8408325592196935,0.8408325592196935,1.0,48,48,188.79739999829326,0.03,0,potential,APF,True,1551.812300007441,True,495.04163820230195,71.35803896834635,0.22816001518989204,0.5108762681269425,713047.2799334122,5818.0,6080.0,0.07957747154594767,495.04163820230195,2133.951892186717,False,inf,0.05205629960114274,True,0.26144713574253153,9615.0
office,medio,2,baldosa,0.06395410402091124,0.8408325592196935,0.8408325592196935,1.0,48,48,188.79739999829326,0.03,0,hybrid_astar,Hybrid A*,True,41.529399997671135,True,7.099681890091529,1.023387403968191,0.2640731247212116,0.5568680946546578,130.35501332233554,0.0,13.0,0.8534279701520782,7.099681890091529,7.099681890091529,True,7.099681890091529,0.0,True,0.3037544607656761,65.0
office,medio,2,baldosa,0.06395410402091124,0.8408325592196935,0.8408325592196935,1.0,48,48,188.79739999829326,0.03,0,aco,ACO,True,410.1042999973288,True,7.945186324904743,1.1452630882569037,0.345,0.5043431244373903,1016.5650511770781,19.0,22.0,0.32727174775267265,7.945186324904743,7.945186324904743,False,inf,0.0,True,0.375,40.0
office,medio,2,baldosa,0.06395410402091124,0.8408325592196935,0.8408325592196935,1.0,48,48,188.79739999829326,0.03,0,topological,Homotopy planner,True,39.90380000323057,True,6.995080323493277,1.0083095557844026,0.2530815454910035,0.5048610978010151,81.61803225567793,1.0,4.0,0.3791828889263169,6.995080323493277,6.995080323493277,False,inf,0.0,True,0.285539587372054,6608.0
office,medio,2,baldosa,0.06395410402091124,0.8408325592196935,0.8408325592196935,1.0,48,48,188.79739999829326,0.03,0,slam,SLAM-based,True,363.6973999964539,True,7.288555492870851,1.0506126894131924,0.3110429086085065,0.49247176946269977,290.31764186290735,2.0,10.0,0.19521299418639435,7.288555492870851,8.10384416643082,False,inf,0.0,True,0.3426628927956481,48.0
office,medio,2,baldosa,0.06395410402091124,0.8408325592196935,0.8408325592196935,1.0,48,48,188.79739999829326,0.03,0,drl,DRL (D3QN),False,91.67859998706263,,,,,,,,,,,,,,,,,401.0
office,medio,2,baldosa,0.06395410402091124,0.8408325592196935,0.8408325592196935,1.0,48,48,188.79739999829326,0.03,1,tve,TVE (proposed),True,58.46200000087265,True,15.841017783329772,1.0120763486593947,0.24790740702878653,0.4144435499486409,306.54350296997376,0.0,21.0,0.5715567082618973,15.841017783329772,15.841017783329772,False,inf,0.0,True,0.3010558925024006,
office,medio,2,baldosa,0.06395410402091124,0.8408325592196935,0.8408325592196935,1.0,48,48,188.79739999829326,0.03,1,teselado,WDT,True,158.8962999958312,True,16.470563947305006,1.052297803597668,0.25226439113247234,0.47583179299557876,317.23163958621285,0.0,25.0,0.47144967350224687,16.470563947305006,16.470563947305006,False,inf,0.0,True,0.3076584889869264,
office,medio,2,baldosa,0.06395410402091124,0.8408325592196935,0.8408325592196935,1.0,48,48,188.79739999829326,0.03,1,dijkstra,Dijkstra,True,18.121799992513843,True,16.50697618258058,1.054624166879894,0.27567449569702146,0.4019360769045349,1282.9363872790404,23.0,31.0,0.10814929365702637,16.50697618258058,17.97859876752897,False,inf,0.0,True,0.29976749181747436,11367.0
office,medio,2,baldosa,0.06395410402091124,0.8408325592196935,0.8408325592196935,1.0,48,48,188.79739999829326,0.03,1,astar,A*,True,11.728600002243184,True,16.50697618258058,1.054624166879894,0.27567449569702146,0.40105925239920087,1462.9363872790402,25.0,35.0,0.10814929365702637,16.50697618258058,17.97859876752897,False,inf,0.0,True,0.29976749181747436,6209.0
office,medio,2,baldosa,0.06395410402091124,0.8408325592196935,0.8408325592196935,1.0,48,48,188.79739999829326,0.03,1,theta,Theta*,True,1512.363700006972,True,15.789096537157182,1.0087591208169073,0.2565716728411224,0.4003815442421857,292.61625417916525,2.0,11.0,0.1810426035786723,15.789096537157182,16.668198692925365,False,inf,0.0,True,0.2658409610547518,6213.0
office,medio,2,baldosa,0.06395410402091124,0.8408325592196935,0.8408325592196935,1.0,48,48,188.79739999829326,0.03,1,visibility,Visibility graph,True,6218.528800003696,True,15.651998788740517,1.0,0.25595775880145727,0.3945871359246071,291.12382311665397,0.0,13.0,0.43227209766197205,15.651998788740517,15.651998788740517,False,inf,0.016998769532942635,True,0.26596664586199026,239.0
office,medio,2,baldosa,0.06395410402091124,0.8408325592196935,0.8408325592196935,1.0,48,48,188.79739999829326,0.03,1,rrt,RRT,True,80.82859999558423,True,21.05576088737637,1.3452442190656904,0.26450967806257525,0.5245230304690125,1631.8428211803453,17.0,39.0,0.13888926227432852,21.05576088737637,26.41104680937069,False,inf,0.0,True,0.3196120942630735,705.0
office,medio,2,baldosa,0.06395410402091124,0.8408325592196935,0.8408325592196935,1.0,48,48,188.79739999829326,0.03,1,rrt_star,RRT*,True,1868.0454000132158,True,15.776510127911122,1.0079549801179497,0.25164004891599007,0.40832695418688414,305.1808457366759,1.0,15.0,0.28654943808344047,15.776510127911122,15.776510127911122,False,inf,0.0,True,0.26599817180800583,4000.0
office,medio,2,baldosa,0.06395410402091124,0.8408325592196935,0.8408325592196935,1.0,48,48,188.79739999829326,0.03,1,prm,PRM,True,713.6797999992268,True,17.74629959628561,1.1338040486593737,0.26009455025196077,0.5856253636819196,462.67632120995313,2.0,22.0,0.3306497291626888,17.74629959628561,17.74629959628561,False,inf,0.0,True,0.3653801618303577,602.0
office,medio,2,baldosa,0.06395410402091124,0.8408325592196935,0.8408325592196935,1.0,48,48,188.79739999829326,0.03,1,potential,APF,False,1800.0100999925053,,,,,,,,,,,,,,,,,11809.0
office,medio,2,baldosa,0.06395410402091124,0.8408325592196935,0.8408325592196935,1.0,48,48,188.79739999829326,0.03,1,hybrid_astar,Hybrid A*,False,3.058299989788793,,,,,,,,,,,,,,,,,1.0
office,medio,2,baldosa,0.06395410402091124,0.8408325592196935,0.8408325592196935,1.0,48,48,188.79739999829326,0.03,1,aco,ACO,True,4403.407800011337,True,17.61279905668068,1.1252747520879371,0.315,0.451489760318485,2340.0,42.0,49.0,0.2409123090670624,17.61279905668068,17.61279905668068,False,inf,0.0,True,0.375,40.0
office,medio,2,baldosa,0.06395410402091124,0.8408325592196935,0.8408325592196935,1.0,48,48,188.79739999829326,0.03,1,topological,Homotopy planner,True,109.75059999327641,True,15.80570360327324,1.009820139689973,0.25012214734248683,0.39007921386218897,297.0164554483282,3.0,9.0,0.262344968096048,15.80570360327324,15.80570360327324,False,inf,0.05109054511312549,True,0.259792531324219,6608.0
office,medio,2,baldosa,0.06395410402091124,0.8408325592196935,0.8408325592196935,1.0,48,48,188.79739999829326,0.03,1,slam,SLAM-based,True,1275.618100000429,True,24.331678813975316,1.5545413172072724,0.30583171792409203,0.44291397693783136,1024.3993961902454,1.0,40.0,0.08151846788334124,24.331678813975316,26.284057792928373,False,inf,0.0,True,0.3541756724427762,160.0
office,medio,2,baldosa,0.06395410402091124,0.8408325592196935,0.8408325592196935,1.0,48,48,188.79739999829326,0.03,1,drl,DRL (D3QN),False,66.781000001356,,,,,,,,,,,,,,,,,401.0
office,medio,1,madera,0.10572396795720808,0.8697739484309923,0.8704104358892778,0.9991599707815924,40,40,189.15970000671223,0.03,0,tve,TVE (proposed),True,23.885800008429214,True,5.701485485520541,1.005302982452055,0.26362798690795897,0.7338289954096722,40.235682140199486,0.0,4.0,0.45703311574512684,5.701485485520541,5.701485485520541,False,inf,0.0,True,0.32953496932983395,
office,medio,1,madera,0.10572396795720808,0.8697739484309923,0.8704104358892778,0.9991599707815924,40,40,189.15970000671223,0.03,0,teselado,WDT,True,46.72510000818875,True,5.671338606518367,0.9999873945321217,0.2609966420883105,0.7327830261365136,17.86890492095956,0.0,4.0,1.2142045535422101,5.671338606518367,5.671338606518367,True,5.671338606518367,0.0,True,0.32953496932983395,
office,medio,1,madera,0.10572396795720808,0.8697739484309923,0.8704104358892778,0.9991599707815924,40,40,189.15970000671223,0.03,0,dijkstra,Dijkstra,True,7.649899998796172,True,5.783300858899107,1.0197289139179475,0.26362798690795897,0.7437815015939745,254.29136217098429,4.0,8.0,0.43631967595349025,5.783300858899107,5.783300858899107,False,inf,0.0,True,0.32953496932983395,5828.0
office,medio,1,madera,0.10572396795720808,0.8697739484309923,0.8704104358892778,0.9991599707815924,40,40,189.15970000671223,0.03,0,astar,A*,True,1.6961999936029315,True,5.783300858899107,1.0197289139179475,0.26362798690795897,0.7415629188530602,303.6900675259798,6.0,9.0,0.8680609240927631,5.783300858899107,5.783300858899107,True,5.783300858899107,0.0,True,0.32953496932983395,395.0
office,medio,1,madera,0.10572396795720808,0.8697739484309923,0.8704104358892778,0.9991599707815924,40,40,189.15970000671223,0.03,0,theta,Theta*,True,224.35019999102224,True,5.682140627614169,1.0018920392166866,0.2604866430282587,0.7350229155208142,26.364717100070123,0.0,3.0,0.9313786635352228,5.682140627614169,5.682140627614169,True,5.682140627614169,0.0,True,0.32953496932983395,830.0
office,medio,1,madera,0.10572396795720808,0.8697739484309923,0.8704104358892778,0.9991599707815924,40,40,189.15970000671223,0.03,0,visibility,Visibility graph,True,5690.792200010037,True,5.671410097296173,1.0,0.25314974901918336,0.7369212574875813,20.659202578684695,0.0,4.0,1.744829908716836,5.671410097296173,5.671410097296173,True,5.671410097296173,0.0,True,0.32953496932983395,232.0
office,medio,1,madera,0.10572396795720808,0.8697739484309923,0.8704104358892778,0.9991599707815924,40,40,189.15970000671223,0.03,0,rrt,RRT,True,27.04829999129288,True,8.51843257867842,1.501995523607005,0.26362798690795897,0.8606509030608132,656.2240097856976,7.0,16.0,0.1656171943051355,8.51843257867842,12.728267471053513,False,inf,0.0,True,0.32953496932983395,202.0
office,medio,1,madera,0.10572396795720808,0.8697739484309923,0.8704104358892778,0.9991599707815924,40,40,189.15970000671223,0.03,0,rrt_star,RRT*,True,1879.0513000130886,True,5.699576160935533,1.0049663246275893,0.26362798690795897,0.7295687580481455,56.372655047088784,0.0,7.0,0.45841984299772437,5.699576160935533,5.699576160935533,False,inf,0.0,True,0.32953496932983395,4000.0
office,medio,1,madera,0.10572396795720808,0.8697739484309923,0.8704104358892778,0.9991599707815924,40,40,189.15970000671223,0.03,0,prm,PRM,True,672.5576000026194,True,5.917877731878486,1.043457910881778,0.26362798690795897,0.8287519559568328,162.1255875236148,0.0,9.0,0.4422207195090363,5.917877731878486,5.917877731878486,False,inf,0.0,True,0.32953496932983395,602.0
office,medio,1,madera,0.10572396795720808,0.8697739484309923,0.8704104358892778,0.9991599707815924,40,40,189.15970000671223,0.03,0,potential,APF,False,1890.2566000033403,,,,,,,,,,,,,,,,,12208.0
office,medio,1,madera,0.10572396795720808,0.8697739484309923,0.8704104358892778,0.9991599707815924,40,40,189.15970000671223,0.03,0,hybrid_astar,Hybrid A*,True,62.16919999860693,True,5.736827332037148,1.0115345625900274,0.26362798690795897,0.7711586840708932,60.78235617558759,0.0,7.0,1.0742520393052222,5.736827332037148,5.736827332037148,True,5.736827332037148,0.0,True,0.32953496932983395,82.0
office,medio,1,madera,0.10572396795720808,0.8697739484309923,0.8704104358892778,0.9991599707815924,40,40,189.15970000671223,0.03,0,aco,ACO,True,157.8430999943521,True,5.969551933886189,1.0525692608143704,0.26362798690795897,0.749097830536624,284.0362434679265,6.0,8.0,0.34657097509823903,5.969551933886189,5.969551933886189,False,inf,0.0,True,0.32953496932983395,40.0
office,medio,1,madera,0.10572396795720808,0.8697739484309923,0.8704104358892778,0.9991599707815924,40,40,189.15970000671223,0.03,0,topological,Homotopy planner,True,263.71309999376535,True,5.674377472620927,1.0005232164971052,0.25316606666004404,0.7366954709344846,22.993461755149436,0.0,3.0,1.106854661614347,5.674377472620927,5.674377472620927,True,5.674377472620927,0.0,True,0.32953496932983395,12551.0
office,medio,1,madera,0.10572396795720808,0.8697739484309923,0.8704104358892778,0.9991599707815924,40,40,189.15970000671223,0.03,0,slam,SLAM-based,True,296.7473000026075,True,6.055762973537745,1.0677702493115093,0.26362798690795897,0.7327469664853277,278.0578309532379,2.0,8.0,0.17337453661353983,6.055762973537745,7.838912966739956,False,inf,0.0,True,0.32953496932983395,40.0
office,medio,1,madera,0.10572396795720808,0.8697739484309923,0.8704104358892778,0.9991599707815924,40,40,189.15970000671223,0.03,0,drl,DRL (D3QN),True,14.373600002727471,True,6.7388338767861,1.188211355055918,0.26362798690795897,0.851362976982655,655.6628300155478,8.0,12.0,0.17350630686267743,6.7388338767861,9.346717908756688,False,inf,0.0,True,0.32953496932983395,21.0
office,medio,1,madera,0.10572396795720808,0.8697739484309923,0.8704104358892778,0.9991599707815924,40,40,189.15970000671223,0.03,1,tve,TVE (proposed),True,27.807999998913147,True,10.304308329744964,1.0143003371141994,0.24357184331978143,0.5373447244049817,166.84954109783519,0.0,11.0,0.5031057374217415,10.304308329744964,10.304308329744964,False,inf,0.0,True,0.32453651645152765,
office,medio,1,madera,0.10572396795720808,0.8697739484309923,0.8704104358892778,0.9991599707815924,40,40,189.15970000671223,0.03,1,teselado,WDT,True,56.072000006679446,True,11.519869348856178,1.1339535842815323,0.24303257964328973,0.7151010111749382,229.827194737022,0.0,19.0,0.43785935834920464,11.519869348856178,11.519869348856178,False,inf,0.0,True,0.31423334663099506,
office,medio,1,madera,0.10572396795720808,0.8697739484309923,0.8704104358892778,0.9991599707815924,40,40,189.15970000671223,0.03,1,dijkstra,Dijkstra,False,20.747999995364808,,,,,,,,,,,,,,,,,17836.0
office,medio,1,madera,0.10572396795720808,0.8697739484309923,0.8704104358892778,0.9991599707815924,40,40,189.15970000671223,0.03,1,astar,A*,False,34.447400001226924,,,,,,,,,,,,,,,,,17836.0
office,medio,1,madera,0.10572396795720808,0.8697739484309923,0.8704104358892778,0.9991599707815924,40,40,189.15970000671223,0.03,1,theta,Theta*,False,4347.265999997035,,,,,,,,,,,,,,,,,17836.0
office,medio,1,madera,0.10572396795720808,0.8697739484309923,0.8704104358892778,0.9991599707815924,40,40,189.15970000671223,0.03,1,visibility,Visibility graph,True,5689.895200004685,True,10.159030765051211,1.0,0.24770280360460845,0.5252875663492511,157.04968434301583,0.0,7.0,0.49494609900190745,10.159030765051211,10.159030765051211,False,inf,0.0,True,0.30257205788313596,232.0
office,medio,1,madera,0.10572396795720808,0.8697739484309923,0.8704104358892778,0.9991599707815924,40,40,189.15970000671223,0.03,1,rrt,RRT,True,333.7632000038866,True,17.74197687326989,1.746424170138878,0.25729023112417987,0.614264913155821,1038.5267619817632,12.0,29.0,0.1396935972388663,17.74197687326989,21.956778632383532,False,inf,0.0,True,0.3145723820472799,2189.0
office,medio,1,madera,0.10572396795720808,0.8697739484309923,0.8704104358892778,0.9991599707815924,40,40,189.15970000671223,0.03,1,rrt_star,RRT*,True,1861.4670999959344,True,10.255654889197483,1.009511155776659,0.24620911530650544,0.5427892331148738,176.14654391574388,0.0,11.0,0.3614547683279592,10.255654889197483,10.255654889197483,False,inf,0.0,True,0.3024485769265883,4000.0
office,medio,1,madera,0.10572396795720808,0.8697739484309923,0.8704104358892778,0.9991599707815924,40,40,189.15970000671223,0.03,1,prm,PRM,False,674.3470000074012,,,,,,,,,,,,,,,,,602.0
office,medio,1,madera,0.10572396795720808,0.8697739484309923,0.8704104358892778,0.9991599707815924,40,40,189.15970000671223,0.03,1,potential,APF,False,1765.0018999993335,,,,,,,,,,,,,,,,,11774.0
office,medio,1,madera,0.10572396795720808,0.8697739484309923,0.8704104358892778,0.9991599707815924,40,40,189.15970000671223,0.03,1,hybrid_astar,Hybrid A*,True,887.362800000119,True,10.672242910342954,1.0505178256824736,0.24596413026223285,0.5300159802402102,316.85442836241276,0.0,24.0,0.8001527700635669,10.672242910342954,10.672242910342954,True,10.672242910342954,0.0,True,0.3249117160466066,1235.0
office,medio,1,madera,0.10572396795720808,0.8697739484309923,0.8704104358892778,0.9991599707815924,40,40,189.15970000671223,0.03,1,aco,ACO,False,6102.328600012697,,,,,,,,,,,,,,,,,40.0
office,medio,1,madera,0.10572396795720808,0.8697739484309923,0.8704104358892778,0.9991599707815924,40,40,189.15970000671223,0.03,1,topological,Homotopy planner,False,3372.5034999952186,,,,,,,,,,,,,,,,,600000.0
office,medio,1,madera,0.10572396795720808,0.8697739484309923,0.8704104358892778,0.9991599707815924,40,40,189.15970000671223,0.03,1,slam,SLAM-based,False,597.0811000006506,,,,,,,,,,,,,,,,,67.0
office,medio,1,madera,0.10572396795720808,0.8697739484309923,0.8704104358892778,0.9991599707815924,40,40,189.15970000671223,0.03,1,drl,DRL (D3QN),False,72.52250000601634,,,,,,,,,,,,,,,,,401.0
warehouse,facil,1,alfombra,0.0,0.9479779268892976,0.9479779268892976,1.0,17,17,147.73700000660028,0.04,0,tve,TVE (proposed),True,23.31370000320021,True,12.622462871861055,1.0191211864403453,0.3745753316746469,0.7761607351945159,83.75869839284337,0.0,6.0,0.7301575592282806,12.622462871861055,12.622462871861055,False,inf,0.0,True,0.4449844941861775,
warehouse,facil,1,alfombra,0.0,0.9479779268892976,0.9479779268892976,1.0,17,17,147.73700000660028,0.04,0,teselado,WDT,True,39.93679999257438,True,12.882912543026201,1.0401495531371123,0.38031025433997684,0.8247117664108621,98.1521526735429,0.0,9.0,0.8891371411977304,12.882912543026201,12.882912543026201,True,12.882912543026201,0.0,True,0.5010582690318257,
warehouse,facil,1,alfombra,0.0,0.9479779268892976,0.9479779268892976,1.0,17,17,147.73700000660028,0.04,0,dijkstra,Dijkstra,True,18.36159999947995,True,12.87362481734264,1.039399674281135,0.2936589860916138,0.7132723963490564,404.81090570465625,5.0,11.0,0.33065258595679814,12.87362481734264,12.87362481734264,False,inf,0.0,True,0.38,9553.0
warehouse,facil,1,alfombra,0.0,0.9479779268892976,0.9479779268892976,1.0,17,17,147.73700000660028,0.04,0,astar,A*,True,6.271799997193739,True,12.87362481734264,1.039399674281135,0.29172099113464356,0.8007045429008042,637.125016348902,11.0,16.0,0.2779874805468763,12.87362481734264,12.87362481734264,False,inf,0.0,True,0.3757519912719727,3405.0
warehouse,facil,1,alfombra,0.0,0.9479779268892976,0.9479779268892976,1.0,17,17,147.73700000660028,0.04,0,theta,Theta*,True,953.249300000607,True,12.456606987474926,1.0057301986917884,0.2591363898426503,0.8049465768691408,76.17643107020342,1.0,4.0,0.3892889235412653,12.456606987474926,12.456606987474926,False,inf,0.0,True,0.34341620083512964,3512.0
warehouse,facil,1,alfombra,0.0,0.9479779268892976,0.9479779268892976,1.0,17,17,147.73700000660028,0.04,0,visibility,Visibility graph,True,1765.2252999978373,True,12.385634838923954,1.0,0.2658091977020182,0.8020835764518974,75.80907952436654,1.0,5.0,0.5137497472655029,12.385634838923954,12.385634838923954,False,inf,0.0,True,0.3458091905119098,128.0
warehouse,facil,1,alfombra,0.0,0.9479779268892976,0.9479779268892976,1.0,17,17,147.73700000660028,0.04,0,rrt,RRT,True,56.11489999864716,True,14.775352781191357,1.192942709303629,0.29937731477443325,0.5398146263908857,1036.3706222557842,9.0,27.0,0.1594587551598742,14.775352781191357,19.37814681666403,False,inf,0.0,True,0.39651258044804344,337.0
warehouse,facil,1,alfombra,0.0,0.9479779268892976,0.9479779268892976,1.0,17,17,147.73700000660028,0.04,0,rrt_star,RRT*,True,1827.2621000069194,True,12.432326373307438,1.0037698135776414,0.2753710639042166,0.8495571958466106,90.34135658596526,0.0,8.0,0.48570500511152875,12.432326373307438,12.432326373307438,False,inf,0.0,True,0.36160304176787855,4000.0
warehouse,facil,1,alfombra,0.0,0.9479779268892976,0.9479779268892976,1.0,17,17,147.73700000660028,0.04,0,prm,PRM,True,696.9395999913104,True,13.665500254574418,1.1033346640923296,0.32,0.8193724814674775,304.15760948234595,2.0,14.0,0.23183002530937624,13.665500254574418,14.352015915690806,False,inf,0.0,True,0.4,602.0
warehouse,facil,1,alfombra,0.0,0.9479779268892976,0.9479779268892976,1.0,17,17,147.73700000660028,0.04,0,potential,APF,False,2062.597399999504,,,,,,,,,,,,,,,,,13093.0
warehouse,facil,1,alfombra,0.0,0.9479779268892976,0.9479779268892976,1.0,17,17,147.73700000660028,0.04,0,hybrid_astar,Hybrid A*,True,142.5625999982003,True,12.805961577475232,1.0339366325600308,0.2776961071948517,0.8286588800550154,184.02606976240406,0.0,15.0,0.9769227323832279,12.805961577475232,12.805961577475232,True,12.805961577475232,0.0,True,0.38008651908916613,149.0
warehouse,facil,1,alfombra,0.0,0.9479779268892976,0.9479779268892976,1.0,17,17,147.73700000660028,0.04,0,aco,ACO,True,383.1233999953838,True,13.928326112068524,1.1245548809735937,0.34,0.5770120530539405,1213.4209854247135,25.0,28.0,0.3272170451333026,13.928326112068524,13.928326112068524,False,inf,0.0,True,0.45544197082519533,40.0
warehouse,facil,1,alfombra,0.0,0.9479779268892976,0.9479779268892976,1.0,17,17,147.73700000660028,0.04,0,topological,Homotopy planner,True,575.3273000009358,True,12.398608827456657,1.0010475029097363,0.2556789300435463,0.8065423859439018,76.66667579650272,1.0,4.0,0.4673254540283614,12.398608827456657,12.398608827456657,False,inf,0.0,True,0.3580000824653007,25666.0
warehouse,facil,1,alfombra,0.0,0.9479779268892976,0.9479779268892976,1.0,17,17,147.73700000660028,0.04,0,slam,SLAM-based,True,651.5709000086645,True,12.876696139387326,1.0396476488165247,0.3359073950020707,0.7560384611017448,525.8291927025303,1.0,20.0,0.21280525961062574,12.876696139387326,13.624586221536163,False,inf,0.0,True,0.4168903231619688,84.0
warehouse,facil,1,alfombra,0.0,0.9479779268892976,0.9479779268892976,1.0,17,17,147.73700000660028,0.04,0,drl,DRL (D3QN),True,19.930499998736195,True,20.366102160021942,1.6443325210927435,0.44756599426269533,0.8514025817314153,3587.905242922988,26.0,46.0,0.07957747154594767,20.366102160021942,44.32779861960954,False,inf,0.0,True,0.5354419708251953,72.0
warehouse,facil,1,alfombra,0.0,0.9479779268892976,0.9479779268892976,1.0,17,17,147.73700000660028,0.04,1,tve,TVE (proposed),True,19.368699999176897,True,7.828139592886255,1.0033769591067885,0.4430271182271691,0.8587402940163051,12.406439184905494,0.0,3.0,1.435127581952417,7.828139592886255,7.828139592886255,True,7.828139592886255,0.0,True,0.564385159151766,
warehouse,facil,1,alfombra,0.0,0.9479779268892976,0.9479779268892976,1.0,17,17,147.73700000660028,0.04,1,teselado,WDT,True,30.564000000595115,True,7.8021448015009875,1.0000450595637007,0.27247090988112405,0.8184647225996224,2.900252115665794,0.0,3.0,15.228288826596204,7.8021448015009875,7.8021448015009875,True,7.8021448015009875,0.0,True,0.39377539873534034,
warehouse,facil,1,alfombra,0.0,0.9479779268892976,0.9479779268892976,1.0,17,17,147.73700000660028,0.04,1,dijkstra,Dijkstra,True,7.748500007437542,True,7.995979797464466,1.0248899881077769,0.2936589860916138,0.8452763801387495,134.8031080619281,1.0,5.0,0.3285614560562453,7.995979797464466,7.995979797464466,False,inf,0.0,True,0.41747297286987306,5724.0
warehouse,facil,1,alfombra,0.0,0.9479779268892976,0.9479779268892976,1.0,17,17,147.73700000660028,0.04,1,astar,A*,True,1.5780999965500087,True,7.995979797464466,1.0248899881077769,0.2936589860916138,0.8338342086796199,224.80310806192807,1.0,7.0,0.7073955416543568,7.995979797464466,7.995979797464466,False,inf,0.0,True,0.41747297286987306,330.0
warehouse,facil,1,alfombra,0.0,0.9479779268892976,0.9479779268892976,1.0,17,17,147.73700000660028,0.04,1,theta,Theta*,True,165.3791000135243,True,7.899232252764757,1.012489307709837,0.26,0.8272858634072608,3.0839363312879042,0.0,3.0,1.3531517087121763,7.899232252764757,7.899232252764757,True,7.899232252764757,0.0,True,0.38,599.0
warehouse,facil,1,alfombra,0.0,0.9479779268892976,0.9479779268892976,1.0,17,17,147.73700000660028,0.04,1,visibility,Visibility graph,True,1765.1563999970676,True,7.801793256100784,1.0,0.263285718492366,0.8211779195477743,3.267045563919414,0.0,3.0,5.950446071967975,7.801793256100784,7.801793256100784,True,7.801793256100784,0.0,True,0.3834414758066964,128.0
warehouse,facil,1,alfombra,0.0,0.9479779268892976,0.9479779268892976,1.0,17,17,147.73700000660028,0.04,1,rrt,RRT,True,9.314500013715588,True,9.316158652719198,1.1941047842346015,0.2760470959215604,0.5765981427327853,734.0166377926889,6.0,20.0,0.1722600708987728,9.316158652719198,12.497223395039054,False,inf,0.0,True,0.3960470959215604,92.0
warehouse,facil,1,alfombra,0.0,0.9479779268892976,0.9479779268892976,1.0,17,17,147.73700000660028,0.04,1,rrt_star,RRT*,True,1928.3533000125317,True,7.807870937844418,1.0007790108689283,0.31973230912482903,0.8395705319783887,6.843410848790904,0.0,4.0,4.0360456827787825,7.807870937844418,7.807870937844418,True,7.807870937844418,0.0,True,0.44310505022693636,4000.0
warehouse,facil,1,alfombra,0.0,0.9479779268892976,0.9479779268892976,1.0,17,17,147.73700000660028,0.04,1,prm,PRM,True,665.1178000029176,True,8.235335854144383,1.0555696086543411,0.4,0.8325791350835617,167.21779393211247,2.0,9.0,0.2507731439952208,8.235335854144383,8.235335854144383,False,inf,0.0,True,0.52,602.0
warehouse,facil,1,alfombra,0.0,0.9479779268892976,0.9479779268892976,1.0,17,17,147.73700000660028,0.04,1,potential,APF,True,54.2254000029061,True,8.199330710787976,1.0509546256402433,0.7718592424290622,0.9172146581442664,132.2853274376927,1.0,8.0,0.5287910235119043,8.199330710787976,8.199330710787976,False,inf,0.0,True,0.8735514844884056,205.0
warehouse,facil,1,alfombra,0.0,0.9479779268892976,0.9479779268892976,1.0,17,17,147.73700000660028,0.04,1,hybrid_astar,Hybrid A*,True,74.25299999886192,True,7.839283484640191,1.004805334787626,0.32572154853416707,0.8287053684046701,34.4767888268702,0.0,6.0,1.966159846887534,7.839283484640191,7.839283484640191,True,7.839283484640191,0.0,True,0.4529916529572546,63.0
warehouse,facil,1,alfombra,0.0,0.9479779268892976,0.9479779268892976,1.0,17,17,147.73700000660028,0.04,1,aco,ACO,True,209.41199999651872,True,8.46172318428839,1.0845869541174473,0.38,0.8150695126088633,881.9832611185753,12.0,16.0,0.18583150548352353,8.46172318428839,10.99484048495239,False,inf,0.0,True,0.5,40.0
warehouse,facil,1,alfombra,0.0,0.9479779268892976,0.9479779268892976,1.0,17,17,147.73700000660028,0.04,1,topological,Homotopy planner,True,538.7913000013214,True,7.812996348953759,1.001435963820781,0.2601124887239364,0.8237618438621191,22.490151131648563,0.0,3.0,1.137693404478517,7.812996348953759,7.812996348953759,True,7.812996348953759,0.0,True,0.38024747176497115,31611.0
warehouse,facil,1,alfombra,0.0,0.9479779268892976,0.9479779268892976,1.0,17,17,147.73700000660028,0.04,1,slam,SLAM-based,True,424.13200000009965,True,8.047251198177433,1.0314617337347034,0.34843588585800744,0.842104389650299,224.5776881919263,1.0,8.0,0.123408729346851,8.047251198177433,9.336908290785335,False,inf,0.0,True,0.4692306244180463,53.0
warehouse,facil,1,alfombra,0.0,0.9479779268892976,0.9479779268892976,1.0,17,17,147.73700000660028,0.04,1,drl,DRL (D3QN),True,6.251899991184473,True,9.799418064743453,1.2560468783353855,0.3918139839172363,0.8862362287938731,1173.9451862290377,7.0,21.0,0.17589769126613072,9.799418064743453,13.653842593647905,False,inf,0.0,True,0.5,33.0
warehouse,facil,0,uniforme,0.0,0.9615804117974401,0.9615804117974401,1.0,18,18,135.2686000027461,0.04,0,tve,TVE (proposed),True,22.72760000778362,True,15.587786428312857,1.005702439948834,0.31989287406575584,0.5632163953512404,140.48764148562282,0.0,9.0,0.5330907922912427,15.587786428312857,15.587786428312857,False,inf,0.0,True,0.3772253926215038,
warehouse,facil,0,uniforme,0.0,0.9615804117974401,0.9615804117974401,1.0,18,18,135.2686000027461,0.04,0,teselado,WDT,True,35.10620001179632,True,17.847802478544022,1.1515155524452063,0.35311724064625877,0.8213295515226914,211.706425808065,1.0,14.0,0.3512651832453903,17.847802478544022,17.847802478544022,False,inf,0.0,True,0.43825444177511147,
warehouse,facil,0,uniforme,0.0,0.9615804117974401,0.9615804117974401,1.0,18,18,135.2686000027461,0.04,0,dijkstra,Dijkstra,True,17.157700000097975,True,16.33401153701776,1.0538478527710464,0.2936589860916138,0.4171346181506565,679.699637089073,9.0,17.0,0.29026343836269897,16.33401153701776,16.33401153701776,False,inf,0.0,True,0.359689998626709,14480.0
warehouse,facil,0,uniforme,0.0,0.9615804117974401,0.9615804117974401,1.0,18,18,135.2686000027461,0.04,0,astar,A*,True,8.096100005786866,True,16.334011537017762,1.0538478527710466,0.2936589860916138,0.42340300733727454,1039.795209610129,17.0,25.0,0.2895106504659475,16.334011537017762,16.334011537017762,False,inf,0.0,True,0.359689998626709,4143.0
warehouse,facil,0,uniforme,0.0,0.9615804117974401,0.9615804117974401,1.0,18,18,135.2686000027461,0.04,0,theta,Theta*,True,1091.5590000076918,True,15.681302916756108,1.0117359945548938,0.25524473727183644,0.4981603461135693,200.21122882329817,1.0,8.0,0.35571553515132814,15.681302916756108,15.681302916756108,False,inf,0.0,True,0.314255243240856,4250.0
warehouse,facil,0,uniforme,0.0,0.9615804117974401,0.9615804117974401,1.0,18,18,135.2686000027461,0.04,0,visibility,Visibility graph,True,1532.6067999994848,True,15.499402019056351,1.0,0.26578225904529995,0.5433523449116654,133.4648831996259,1.0,6.0,0.3856524156204045,15.499402019056351,15.499402019056351,False,inf,0.0,True,0.3234253266154181,117.0
warehouse,facil,0,uniforme,0.0,0.9615804117974401,0.9615804117974401,1.0,18,18,135.2686000027461,0.04,0,rrt,RRT,True,16.95470001141075,True,19.657780864562966,1.268292856743372,0.27638344347676447,0.6711944296694776,1304.0335865830716,17.0,32.0,0.1546022194327733,19.657780864562966,25.95577290662755,False,inf,0.0,True,0.36425944535931193,155.0
warehouse,facil,0,uniforme,0.0,0.9615804117974401,0.9615804117974401,1.0,18,18,135.2686000027461,0.04,0,rrt_star,RRT*,True,1822.318799997447,True,15.508152355677558,1.00056455962691,0.2615000997753385,0.49647336041062085,207.30883298836213,0.0,13.0,0.36069393185949933,15.508152355677558,15.508152355677558,False,inf,0.0,True,0.3175000958724539,4000.0
warehouse,facil,0,uniforme,0.0,0.9615804117974401,0.9615804117974401,1.0,18,18,135.2686000027461,0.04,0,prm,PRM,True,685.1572999876225,True,16.877336473906965,1.0889024268908218,0.26362798690795897,0.5661023338339258,451.7788060068786,2.0,16.0,0.11219550257081391,16.877336473906965,18.295886589063695,False,inf,0.0,True,0.338098363648096,602.0
warehouse,facil,0,uniforme,0.0,0.9615804117974401,0.9615804117974401,1.0,18,18,135.2686000027461,0.04,0,potential,APF,False,1891.701100001228,,,,,,,,,,,,,,,,,11842.0
warehouse,facil,0,uniforme,0.0,0.9615804117974401,0.9615804117974401,1.0,18,18,135.2686000027461,0.04,0,hybrid_astar,Hybrid A*,False,5.298399992170744,,,,,,,,,,,,,,,,,1.0
warehouse,facil,0,uniforme,0.0,0.9615804117974401,0.9615804117974401,1.0,18,18,135.2686000027461,0.04,0,aco,ACO,True,615.2825000026496,True,17.389561564004126,1.121950481871742,0.34,0.570318225561699,1422.1557083917248,18.0,28.0,0.1799964889684665,17.389561564004126,19.746834892441086,False,inf,0.0,True,0.46,40.0
warehouse,facil,0,uniforme,0.0,0.9615804117974401,0.9615804117974401,1.0,18,18,135.2686000027461,0.04,0,topological,Homotopy planner,True,493.1787999958033,True,15.664469032913466,1.010649895631726,0.25382474874539845,0.55699730496042,134.18690091626314,2.0,4.0,0.25789093692602194,15.664469032913466,15.664469032913466,False,inf,0.0,True,0.3301030095061455,23099.0
warehouse,facil,0,uniforme,0.0,0.9615804117974401,0.9615804117974401,1.0,18,18,135.2686000027461,0.04,0,slam,SLAM-based,True,1374.256700000842,True,28.577450928523895,1.8437776433818684,0.29187689573566905,0.472796955250165,1323.4917736005802,7.0,23.0,0.07971332075976954,28.577450928523895,37.72930290192615,False,inf,0.0,True,0.4013711288959877,187.0
warehouse,facil,0,uniforme,0.0,0.9615804117974401,0.9615804117974401,1.0,18,18,135.2686000027461,0.04,0,drl,DRL (D3QN),True,19.720399999641813,True,29.389362000236847,1.896161023767429,0.36,0.7756228308905684,7119.7275785514,47.0,65.0,0.07957747154594767,29.389362000236847,92.47060055472166,False,inf,0.0,True,0.46,114.0
warehouse,facil,0,uniforme,0.0,0.9615804117974401,0.9615804117974401,1.0,18,18,135.2686000027461,0.04,1,tve,TVE (proposed),True,24.212300006183796,True,9.674447079865153,1.0018174136431006,0.2881418677974911,0.4736279086540151,70.94867426578217,0.0,6.0,0.8581531190307363,9.674447079865153,9.674447079865153,True,9.674447079865153,0.0,True,0.36197117429443226,
warehouse,facil,0,uniforme,0.0,0.9615804117974401,0.9615804117974401,1.0,18,18,135.2686000027461,0.04,1,teselado,WDT,True,27.211099994019605,True,10.741938529809822,1.1123592890227734,0.29575199127197266,0.5834853643088806,114.43029761006936,0.0,12.0,0.9591399261933066,10.741938529809822,10.741938529809822,True,10.741938529809822,0.0,True,0.31249008380480475,
warehouse,facil,0,uniforme,0.0,0.9615804117974401,0.9615804117974401,1.0,18,18,135.2686000027461,0.04,1,dijkstra,Dijkstra,True,14.031900005647913,True,9.96048773235279,1.0314377634477268,0.27968998908996584,0.4326826927271089,224.27522318437963,2.0,7.0,0.34479248828116055,9.96048773235279,9.96048773235279,False,inf,0.0,True,0.359689998626709,10931.0
warehouse,facil,0,uniforme,0.0,0.9615804117974401,0.9615804117974401,1.0,18,18,135.2686000027461,0.04,1,astar,A*,True,3.573200010578148,True,9.96048773235279,1.031437763447727,0.27968998908996584,0.47017110600172496,398.58230301964244,6.0,11.0,0.4194701161446569,9.96048773235279,9.96048773235279,False,inf,0.0,True,0.359689998626709,1545.0
warehouse,facil,0,uniforme,0.0,0.9615804117974401,0.9615804117974401,1.0,18,18,135.2686000027461,0.04,1,theta,Theta*,True,420.76100000122096,True,9.703637336089493,1.0048401504210103,0.27968998908996584,0.4452957501770915,69.37342116944788,1.0,4.0,0.42691368895088455,9.703637336089493,9.703637336089493,False,inf,0.0,True,0.3594900849858357,1881.0
warehouse,facil,0,uniforme,0.0,0.9615804117974401,0.9615804117974401,1.0,18,18,135.2686000027461,0.04,1,visibility,Visibility graph,True,1515.813399993931,True,9.65689650440803,1.0,0.27419367999133915,0.4576478996154537,69.21680665280701,0.0,5.0,0.41286247107006974,9.65689650440803,9.65689650440803,False,inf,0.0,True,0.36619056842848763,117.0
warehouse,facil,0,uniforme,0.0,0.9615804117974401,0.9615804117974401,1.0,18,18,135.2686000027461,0.04,1,rrt,RRT,True,42.7040000067791,True,12.468277413960413,1.2911267515675546,0.27201632943072374,0.5971347116182149,1168.8308355234874,13.0,23.0,0.1343714847934641,12.468277413960413,21.30341444726173,False,inf,0.0,True,0.32801631989057156,316.0
warehouse,facil,0,uniforme,0.0,0.9615804117974401,0.9615804117974401,1.0,18,18,135.2686000027461,0.04,1,rrt_star,RRT*,True,1890.1962999952957,True,9.66801179158579,1.0011510206382235,0.25617458088537765,0.47657646628431066,81.75559021914425,1.0,7.0,0.2873534831132098,9.66801179158579,9.66801179158579,False,inf,0.0,True,0.34869180925736587,4000.0
warehouse,facil,0,uniforme,0.0,0.9615804117974401,0.9615804117974401,1.0,18,18,135.2686000027461,0.04,1,prm,PRM,True,701.9888000068022,True,9.89649084787752,1.0248106980705574,0.29575199127197266,0.5770726592065761,146.14416977081777,1.0,11.0,0.3997355115353099,9.89649084787752,9.89649084787752,False,inf,0.0,True,0.3757519912719727,602.0
warehouse,facil,0,uniforme,0.0,0.9615804117974401,0.9615804117974401,1.0,18,18,135.2686000027461,0.04,1,potential,APF,False,2706.690899998648,,,,,,,,,,,,,,,,,16087.0
warehouse,facil,0,uniforme,0.0,0.9615804117974401,0.9615804117974401,1.0,18,18,135.2686000027461,0.04,1,hybrid_astar,Hybrid A*,True,107.7891000022646,True,9.878638555398428,1.0229620407435434,0.26126664387549453,0.4582274465715053,162.0354781085433,0.0,14.0,0.7950702046373654,9.878638555398428,9.878638555398428,True,9.878638555398428,0.0,True,0.34126664387549455,166.0
warehouse,facil,0,uniforme,0.0,0.9615804117974401,0.9615804117974401,1.0,18,18,135.2686000027461,0.04,1,aco,ACO,True,891.0840999888023,True,10.707702970816007,1.1088140963225939,0.29575199127197266,0.490239011561655,887.4711922908485,15.0,20.0,0.23133046465084378,10.707702970816007,11.395701169981491,False,inf,0.0,True,0.3757519912719727,40.0
warehouse,facil,0,uniforme,0.0,0.9615804117974401,0.9615804117974401,1.0,18,18,135.2686000027461,0.04,1,topological,Homotopy planner,True,424.40699999860954,True,9.714867641834207,1.0060030815697065,0.25965734893298076,0.4374494207203324,80.09233626113115,1.0,4.0,0.5141824266386711,9.714867641834207,9.714867641834207,False,inf,0.0,True,0.35567089471022756,15768.0
warehouse,facil,0,uniforme,0.0,0.9615804117974401,0.9615804117974401,1.0,18,18,135.2686000027461,0.04,1,slam,SLAM-based,True,525.6438000069465,True,10.349246988879486,1.0716949264347424,0.2716556124283338,0.46923198905521796,578.7427454898079,5.0,14.0,0.09425407058584119,10.349246988879486,12.03782067172055,False,inf,0.0,True,0.3517796091629529,68.0
warehouse,facil,0,uniforme,0.0,0.9615804117974401,0.9615804117974401,1.0,18,18,135.2686000027461,0.04,1,drl,DRL (D3QN),True,9.717699998873286,True,14.438925834496413,1.4951931842601354,0.29575199127197266,0.7526800363148833,1854.1623470457218,13.0,28.0,0.07957747154594767,14.438925834496413,28.87149377221327,False,inf,0.0,True,0.3757519912719727,53.0
warehouse,facil,2,uniforme,0.0,0.9714547997901731,0.9714547997901731,1.0,19,19,141.0466999950586,0.04,0,tve,TVE (proposed),True,49.06970000592992,True,11.552502610691096,1.0016914888441433,0.3130367121259019,0.670764884214982,31.78166706771862,0.0,4.0,1.0011755596892868,11.552502610691096,11.552502610691096,True,11.552502610691096,0.0,True,0.4033683027246437,
warehouse,facil,2,uniforme,0.0,0.9714547997901731,0.9714547997901731,1.0,19,19,141.0466999950586,0.04,0,teselado,WDT,True,27.268999998341314,True,11.609226798834426,1.0066099154733814,0.30379099492602907,0.6701021404715196,46.89302591004796,0.0,5.0,0.5981263917978279,11.609226798834426,11.609226798834426,False,inf,0.0,True,0.4098596537185517,
warehouse,facil,2,uniforme,0.0,0.9714547997901731,0.9714547997901731,1.0,19,19,141.0466999950586,0.04,0,dijkstra,Dijkstra,True,12.161100006778724,True,11.761665222413706,1.0198275079395258,0.34,0.7099052826286547,45.10630002555492,1.0,3.0,0.07957747154594767,11.761665222413706,13.761665222413706,False,inf,0.0,True,0.46,10370.0
warehouse,facil,2,uniforme,0.0,0.9714547997901731,0.9714547997901731,1.0,19,19,141.0466999950586,0.04,0,astar,A*,True,2.606599999126047,True,11.761665222413706,1.0198275079395258,0.34,0.7099052826286547,45.10630002555492,1.0,3.0,0.07957747154594767,11.761665222413706,13.761665222413706,False,inf,0.0,True,0.46,775.0
warehouse,facil,2,uniforme,0.0,0.9714547997901731,0.9714547997901731,1.0,19,19,141.0466999950586,0.04,0,theta,Theta*,True,441.29899999825284,True,11.643094811966892,1.0095465346321997,0.2633581340335154,0.6423554644086507,32.561009194670184,0.0,3.0,0.4371039631901866,11.643094811966892,11.643094811966892,False,inf,0.0,True,0.34396870362692045,1532.0
warehouse,facil,2,uniforme,0.0,0.9714547997901731,0.9714547997901731,1.0,19,19,141.0466999950586,0.04,0,visibility,Visibility graph,True,982.1820000070147,True,11.532994678852253,1.0,0.2678911237910609,0.6341558187412464,30.965386508738636,0.0,3.0,0.7860023798934109,11.532994678852253,11.532994678852253,True,11.532994678852253,0.0,True,0.34839535614300304,99.0
warehouse,facil,2,uniforme,0.0,0.9714547997901731,0.9714547997901731,1.0,19,19,141.0466999950586,0.04,0,rrt,RRT,True,18.289999992703088,True,13.928175138171145,1.2076807044497186,0.27384476467974705,0.66344027664653,941.6150438583095,12.0,21.0,0.1727850446840136,13.928175138171145,21.130424020138218,False,inf,0.0,True,0.35384476305217755,155.0
warehouse,facil,2,uniforme,0.0,0.9714547997901731,0.9714547997901731,1.0,19,19,141.0466999950586,0.04,0,rrt_star,RRT*,True,1615.7749999983935,True,11.534763812669748,1.0001533976097934,0.28354995762421104,0.685633505917837,30.70963094044647,0.0,5.0,0.7362310491491562,11.534763812669748,11.534763812669748,False,inf,0.0,True,0.36520057370081305,4000.0
warehouse,facil,2,uniforme,0.0,0.9714547997901731,0.9714547997901731,1.0,19,19,141.0466999950586,0.04,0,prm,PRM,True,736.4274999999907,True,11.859234005428718,1.0282874774211663,0.2869345335526895,0.7397296237586046,178.9517836763298,0.0,13.0,0.4979931762567386,11.859234005428718,11.859234005428718,False,inf,0.0,True,0.365361626364968,602.0
warehouse,facil,2,uniforme,0.0,0.9714547997901731,0.9714547997901731,1.0,19,19,141.0466999950586,0.04,0,potential,APF,True,341.6200000065146,True,98.27936252339266,8.521582230815117,0.2615531005585209,0.6960877705210282,144246.67478058217,1030.0,1066.0,0.07957747154594767,98.27936252339266,297.04706772429836,False,inf,0.46117248603697814,True,0.2615531005585209,1887.0
warehouse,facil,2,uniforme,0.0,0.9714547997901731,0.9714547997901731,1.0,19,19,141.0466999950586,0.04,0,hybrid_astar,Hybrid A*,True,162.20210000756197,True,11.567675282871846,1.003007077084947,0.28301959744775557,0.6479550472515425,84.50237511184973,0.0,11.0,1.7925844980928825,11.567675282871846,11.567675282871846,True,11.567675282871846,0.0,True,0.36301959744775564,173.0
warehouse,facil,2,uniforme,0.0,0.9714547997901731,0.9714547997901731,1.0,19,19,141.0466999950586,0.04,0,aco,ACO,True,436.90100000821985,True,12.738190714105647,1.104499834502077,0.3815349769592285,0.656640779270941,1376.5650511770784,26.0,30.0,0.23119502094443733,12.738190714105647,14.090159825791574,False,inf,0.0,True,0.4355039596557617,40.0
warehouse,facil,2,uniforme,0.0,0.9714547997901731,0.9714547997901731,1.0,19,19,141.0466999950586,0.04,0,topological,Homotopy planner,True,371.28070001199376,True,11.540110422952607,1.0006169901485693,0.26030173103700693,0.631874908894712,33.10037512922955,0.0,3.0,0.4897114995635415,11.540110422952607,11.540110422952607,False,inf,0.0,True,0.34083493053686653,9275.0
warehouse,facil,2,uniforme,0.0,0.9714547997901731,0.9714547997901731,1.0,19,19,141.0466999950586,0.04,0,slam,SLAM-based,True,589.7490000061225,True,12.04003515927169,1.043964338364708,0.31632783917993,0.5947442042263171,436.12850203816606,2.0,16.0,0.17802462668170413,12.04003515927169,12.934040365508991,False,inf,0.0,True,0.3999702607853396,79.0
warehouse,facil,2,uniforme,0.0,0.9714547997901731,0.9714547997901731,1.0,19,19,141.0466999950586,0.04,0,drl,DRL (D3QN),True,17.87720000720583,True,27.90629842962999,2.4196923008038,0.42,0.7245573294125235,5692.61986494804,33.0,63.0,0.07957747154594767,27.90629842962999,69.55234548081752,False,inf,0.0,True,0.5,104.0
warehouse,facil,2,uniforme,0.0,0.9714547997901731,0.9714547997901731,1.0,19,19,141.0466999950586,0.04,1,tve,TVE (proposed),True,44.12810000940226,True,9.054100325156805,1.0075691366377797,0.28,0.4656903237155086,165.37472579418423,0.0,9.0,0.5996099869046944,9.054100325156805,9.054100325156805,False,inf,0.0,True,0.34637537072340074,
warehouse,facil,2,uniforme,0.0,0.9714547997901731,0.9714547997901731,1.0,19,19,141.0466999950586,0.04,1,teselado,WDT,True,27.339699998265132,True,10.487225231924894,1.167051843162949,0.28,0.5872489490858093,230.00562743643005,0.0,18.0,0.8643990678518954,10.487225231924894,10.487225231924894,True,10.487225231924894,0.0,True,0.3713166828817221,
warehouse,facil,2,uniforme,0.0,0.9714547997901731,0.9714547997901731,1.0,19,19,141.0466999950586,0.04,1,dijkstra,Dijkstra,True,12.58560000860598,True,9.72564237414626,1.0823004758340407,0.28,0.42545016784281486,670.8150838748819,7.0,16.0,0.3381153927255759,9.72564237414626,9.72564237414626,False,inf,0.0,True,0.3717519760131836,10490.0
warehouse,facil,2,uniforme,0.0,0.9714547997901731,0.9714547997901731,1.0,19,19,141.0466999950586,0.04,1,astar,A*,True,3.617599999415688,True,9.725642374146258,1.0823004758340404,0.28,0.4581351086462136,603.4349488229221,5.0,15.0,0.3260731903879664,9.725642374146258,9.725642374146258,False,inf,0.0,True,0.3675659942626953,1486.0
warehouse,facil,2,uniforme,0.0,0.9714547997901731,0.9714547997901731,1.0,19,19,141.0466999950586,0.04,1,theta,Theta*,True,335.25380000355653,True,9.099881175053707,1.0126637755028915,0.25677698877122584,0.4542149013978278,200.7340887991581,3.0,5.0,0.3254889063056379,9.099881175053707,9.099881175053707,False,inf,0.0,True,0.35345836258511526,1349.0
warehouse,facil,2,uniforme,0.0,0.9714547997901731,0.9714547997901731,1.0,19,19,141.0466999950586,0.04,1,visibility,Visibility graph,True,1125.8263000054285,True,8.986083431822848,1.0,0.28,0.458777849056432,118.20352392886696,0.0,6.0,0.4138503211617357,8.986083431822848,8.986083431822848,False,inf,0.0,True,0.33533411093591936,99.0
warehouse,facil,2,uniforme,0.0,0.9714547997901731,0.9714547997901731,1.0,19,19,141.0466999950586,0.04,1,rrt,RRT,True,39.52079999726266,True,10.480831993576691,1.166340383226403,0.25286635443017175,0.5136258729056539,804.0479750238043,9.0,19.0,0.17363796153902328,10.480831993576691,13.704872982165856,False,inf,0.0,True,0.3397884741169074,343.0
warehouse,facil,2,uniforme,0.0,0.9714547997901731,0.9714547997901731,1.0,19,19,141.0466999950586,0.04,1,rrt_star,RRT*,True,1728.1464000116102,True,9.107112179139188,1.013468464680367,0.2586217445507375,0.48142600639184663,176.4362804265651,1.0,10.0,0.34818805614538917,9.107112179139188,9.107112179139188,False,inf,0.0,True,0.31682834701794377,4000.0
warehouse,facil,2,uniforme,0.0,0.9714547997901731,0.9714547997901731,1.0,19,19,141.0466999950586,0.04,1,prm,PRM,True,685.1931999990484,True,9.363683925356304,1.042020586209587,0.28,0.5494588436967113,193.01432219860305,2.0,9.0,0.3693012247517666,9.363683925356304,9.363683925356304,False,inf,0.0,True,0.37403935945950934,602.0
warehouse,facil,2,uniforme,0.0,0.9714547997901731,0.9714547997901731,1.0,19,19,141.0466999950586,0.04,1,potential,APF,False,2336.5792999975383,,,,,,,,,,,,,,,,,14294.0
warehouse,facil,2,uniforme,0.0,0.9714547997901731,0.9714547997901731,1.0,19,19,141.0466999950586,0.04,1,hybrid_astar,Hybrid A*,True,55.74340000748634,True,9.270825366978196,1.0316869899234382,0.2634041839582333,0.5174379261399449,262.6631908343411,0.0,18.0,0.8830597917246528,9.270825366978196,9.270825366978196,True,9.270825366978196,0.0,True,0.3194041793506089,72.0
warehouse,facil,2,uniforme,0.0,0.9714547997901731,0.9714547997901731,1.0,19,19,141.0466999950586,0.04,1,aco,ACO,True,229.59880001144484,True,10.227702970816008,1.1381713789342476,0.28,0.49258984386021853,769.3987053549959,13.0,17.0,0.2908890015608585,10.227702970816008,10.227702970816008,False,inf,0.0,True,0.4,40.0
warehouse,facil,2,uniforme,0.0,0.9714547997901731,0.9714547997901731,1.0,19,19,141.0466999950586,0.04,1,topological,Homotopy planner,True,344.4716000085464,True,9.052156025132012,1.0073527687351729,0.25606660487935473,0.45033661567005584,117.01243151346517,2.0,4.0,0.27778205529475436,9.052156025132012,9.052156025132012,False,inf,0.0,True,0.32770766951393154,12266.0
warehouse,facil,2,uniforme,0.0,0.9714547997901731,0.9714547997901731,1.0,19,19,141.0466999950586,0.04,1,slam,SLAM-based,True,614.8391000024276,True,12.310119630382058,1.369909340791077,0.28,0.42472585935997603,344.8226780056959,2.0,13.0,0.1828363341703627,12.310119630382058,13.180597283601676,False,inf,0.0,True,0.4,80.0
warehouse,facil,2,uniforme,0.0,0.9714547997901731,0.9714547997901731,1.0,19,19,141.0466999950586,0.04,1,drl,DRL (D3QN),True,10.553499989327975,True,15.516424479014274,1.7267171617909995,0.28,0.6622643621734037,3657.2157191341303,24.0,39.0,0.07957747154594767,15.516424479014274,36.973500078234004,False,inf,0.0,True,0.4,59.0
office,dificil,1,baldosa,0.10431759490720909,0.7081802180156255,0.8209120847651775,0.8375821767713659,34,40,189.53410000540316,0.03,0,tve,TVE (proposed),True,19.47189999918919,True,9.546703106998203,1.0013423942887452,0.324266834799755,0.8665249247452849,11.846298033611147,0.0,3.0,1.933352923425011,9.546703106998203,9.546703106998203,True,9.546703106998203,0.0,True,0.44051409295457367,
office,dificil,1,baldosa,0.10431759490720909,0.7081802180156255,0.8209120847651775,0.8375821767713659,34,40,189.53410000540316,0.03,0,teselado,WDT,True,32.77979999256786,True,9.629956147708643,1.010074707233064,0.37863160882681274,0.9563813157315553,23.363287106360794,0.0,7.0,5.90267878404575,9.629956147708643,9.629956147708643,True,9.629956147708643,0.0,True,0.491058241237012,
office,dificil,1,baldosa,0.10431759490720909,0.7081802180156255,0.8209120847651775,0.8375821767713659,34,40,189.53410000540316,0.03,0,dijkstra,Dijkstra,True,19.272200006525964,True,10.148010819142764,1.0644128488147417,0.27567449569702146,0.8616610188085098,518.1526738567492,10.0,14.0,0.34816993107688476,10.148010819142764,10.148010819142764,False,inf,0.0,True,0.37901171207427975,14849.0
office,dificil,1,baldosa,0.10431759490720909,0.7081802180156255,0.8209120847651775,0.8375821767713659,34,40,189.53410000540316,0.03,0,astar,A*,True,2.7169999957550317,True,10.148010819142764,1.0644128488147417,0.5547209072113037,1.0298209834525593,632.8498989853865,9.0,16.0,0.32672320630281276,10.148010819142764,10.148010819142764,False,inf,0.0,True,0.6684418773651123,824.0
office,dificil,1,baldosa,0.10431759490720909,0.7081802180156255,0.8209120847651775,0.8375821767713659,34,40,189.53410000540316,0.03,0,theta,Theta*,True,249.36149999848567,True,9.609487226050812,1.0079277462569407,0.26293665279041667,0.8453465310539225,10.02514501233588,0.0,3.0,1.3783009689643144,9.609487226050812,9.609487226050812,True,9.609487226050812,0.0,True,0.38113584826800473,678.0
office,dificil,1,baldosa,0.10431759490720909,0.7081802180156255,0.8209120847651775,0.8375821767713659,34,40,189.53410000540316,0.03,0,visibility,Visibility graph,True,6668.418899993412,True,9.53390484758137,1.0,0.2614416038963667,0.8461248865967707,10.270543400348329,0.0,3.0,2.1813818227481034,9.53390484758137,9.53390484758137,True,9.53390484758137,0.0,True,0.3805182047446917,251.0
office,dificil,1,baldosa,0.10431759490720909,0.7081802180156255,0.8209120847651775,0.8375821767713659,34,40,189.53410000540316,0.03,0,rrt,RRT,True,9.39339998876676,True,11.973653303175414,1.2559023290664555,0.26220708906013,0.793357678548408,552.1990775383271,4.0,20.0,0.19760678846037322,11.973653303175414,13.536082387425187,False,inf,0.0,True,0.33569993055285824,69.0
office,dificil,1,baldosa,0.10431759490720909,0.7081802180156255,0.8209120847651775,0.8375821767713659,34,40,189.53410000540316,0.03,0,rrt_star,RRT*,True,1793.2781999988947,True,9.559520906482675,1.0026868381120673,0.31910786538090996,0.8873029521587267,44.907894744749676,0.0,10.0,2.3746695046000834,9.559520906482675,9.559520906482675,True,9.559520906482675,0.0,True,0.43142129969793325,4000.0
office,dificil,1,baldosa,0.10431759490720909,0.7081802180156255,0.8209120847651775,0.8375821767713659,34,40,189.53410000540316,0.03,0,prm,PRM,True,710.814299993217,True,10.257111588834753,1.0758562994717584,0.2516744899749756,0.8421333537821899,338.4138828144944,2.0,17.0,0.26274299159055114,10.257111588834753,10.257111588834753,False,inf,0.0,True,0.3546743642366852,602.0
office,dificil,1,baldosa,0.10431759490720909,0.7081802180156255,0.8209120847651775,0.8375821767713659,34,40,189.53410000540316,0.03,0,potential,APF,True,68.04110000666697,True,9.92593536926186,1.0411196176118689,0.726135879094815,1.0448921853732998,129.8341057824801,0.0,10.0,0.2457914884585638,9.92593536926186,9.92593536926186,False,inf,0.0,True,0.833906328575223,331.0
office,dificil,1,baldosa,0.10431759490720909,0.7081802180156255,0.8209120847651775,0.8375821767713659,34,40,189.53410000540316,0.03,0,hybrid_astar,Hybrid A*,True,54.65750000439584,True,9.692811052906803,1.01666748387632,0.5599753087655519,1.0350016094101209,60.34506218509138,0.0,8.0,0.8920156552510831,9.692811052906803,9.692811052906803,True,9.692811052906803,0.0,True,0.6758817727860826,70.0
office,dificil,1,baldosa,0.10431759490720909,0.7081802180156255,0.8209120847651775,0.8375821767713659,34,40,189.53410000540316,0.03,0,aco,ACO,True,332.728399996995,True,10.687493500861672,1.1209985490439367,0.4074884605407715,0.9166846220502003,1928.6598082540904,32.0,40.0,0.3055127825344603,10.687493500861672,10.687493500861672,False,inf,0.0,True,0.5215814208984375,40.0
office,dificil,1,baldosa,0.10431759490720909,0.7081802180156255,0.8209120847651775,0.8375821767713659,34,40,189.53410000540316,0.03,0,topological,Homotopy planner,True,304.6558000060031,True,9.565476772937684,1.00331154189821,0.2503734935232174,0.9061930186110744,14.03791647001535,0.0,3.0,1.305066970362909,9.565476772937684,9.565476772937684,True,9.565476772937684,0.0,True,0.36852921657760807,13603.0
office,dificil,1,baldosa,0.10431759490720909,0.7081802180156255,0.8209120847651775,0.8375821767713659,34,40,189.53410000540316,0.03,0,slam,SLAM-based,True,538.8244000059785,True,10.355896422733856,1.0862177238281348,0.28486626514260843,0.8633378426740758,615.7671734224779,1.0,22.0,0.17289579147551595,10.355896422733856,11.276421680946596,False,inf,0.0,True,0.410866230810333,67.0
office,dificil,1,baldosa,0.10431759490720909,0.7081802180156255,0.8209120847651775,0.8375821767713659,34,40,189.53410000540316,0.03,0,drl,DRL (D3QN),True,7.748400006676093,True,13.118464081714338,1.3759801772137807,0.5004419231414795,0.991781212466472,1780.0168934781,25.0,27.0,0.12033187539429815,13.118464081714338,20.62382948532357,False,inf,0.0,True,0.585,43.0
office,dificil,1,baldosa,0.10431759490720909,0.7081802180156255,0.8209120847651775,0.8375821767713659,34,40,189.53410000540316,0.03,1,tve,TVE (proposed),True,29.161099999328144,True,10.502740940873748,1.0055284768185044,0.30895507268709116,0.6354296751617546,82.55529793018312,0.0,9.0,0.9308664659490374,10.502740940873748,10.502740940873748,True,10.502740940873748,9.39485476413906,False,0.0,
office,dificil,1,baldosa,0.10431759490720909,0.7081802180156255,0.8209120847651775,0.8375821767713659,34,40,189.53410000540316,0.03,1,teselado,WDT,True,40.66369999782182,True,11.155458674423322,1.0680194277144073,0.39492532662831376,0.7549620233996709,182.2188045705761,0.0,15.0,0.31052078696287044,11.155458674423322,11.155458674423322,False,inf,5.204984862437924,False,0.10866399815949326,
office,dificil,1,baldosa,0.10431759490720909,0.7081802180156255,0.8209120847651775,0.8375821767713659,34,40,189.53410000540316,0.03,1,dijkstra,Dijkstra,True,21.600699998089112,True,11.187564927611037,1.0710932683476226,0.2861512327194214,0.5688280970778138,678.0444583757095,9.0,17.0,0.4010881079189273,11.187564927611037,11.187564927611037,False,inf,3.5,False,0.16499999999999998,16950.0
office,dificil,1,baldosa,0.10431759490720909,0.7081802180156255,0.8209120847651775,0.8375821767713659,34,40,189.53410000540316,0.03,1,astar,A*,True,5.120999994687736,True,11.187564927611037,1.0710932683476226,0.285,0.5556807459833505,948.0444583757096,16.0,23.0,0.4010881079189273,11.187564927611037,11.187564927611037,False,inf,11.287599563598633,False,0.0,2574.0
office,dificil,1,baldosa,0.10431759490720909,0.7081802180156255,0.8209120847651775,0.8375821767713659,34,40,189.53410000540316,0.03,1,theta,Theta*,True,421.8083000014303,True,10.506232308019696,1.0058627389990193,0.26760560754227286,0.6359318685313753,77.34565259050551,0.0,5.0,0.13222213595992519,10.506232308019696,11.709925940227643,False,inf,10.697846948283983,False,0.0,1632.0
office,dificil,1,baldosa,0.10431759490720909,0.7081802180156255,0.8209120847651775,0.8375821767713659,34,40,189.53410000540316,0.03,1,visibility,Visibility graph,True,6731.801300004008,True,10.444996022494019,1.0,0.25818076385536404,0.6325651636318467,75.08729818149219,0.0,5.0,0.5804037399108507,10.444996022494019,10.444996022494019,False,inf,9.718689152381625,False,0.0,251.0
office,dificil,1,baldosa,0.10431759490720909,0.7081802180156255,0.8209120847651775,0.8375821767713659,34,40,189.53410000540316,0.03,1,rrt,RRT,True,8.414199997787364,True,11.766494986985045,1.1265198150047244,0.30520702556305945,0.6919755425056031,720.2830848292037,5.0,24.0,0.15768715952701245,11.766494986985045,13.487189890792395,False,inf,2.519098211414165,False,0.1670039471850955,71.0
office,dificil,1,baldosa,0.10431759490720909,0.7081802180156255,0.8209120847651775,0.8375821767713659,34,40,189.53410000540316,0.03,1,rrt_star,RRT*,True,1862.6464999979362,True,10.502127448267048,1.005469741266535,0.26789699182081017,0.6586853027457897,108.44727291392275,0.0,11.0,0.6327133501849302,10.502127448267048,10.502127448267048,False,inf,7.779015158910129,False,0.009432623968304068,4000.0
office,dificil,1,baldosa,0.10431759490720909,0.7081802180156255,0.8209120847651775,0.8375821767713659,34,40,189.53410000540316,0.03,1,prm,PRM,True,656.3802999880863,True,11.370512234769514,1.0886085748890983,0.2904072165975768,0.7124111132082817,278.1181913125714,1.0,17.0,0.3517529551368834,11.370512234769514,11.370512234769514,False,inf,2.6332868041835957,False,0.16950837866612362,602.0
office,dificil,1,baldosa,0.10431759490720909,0.7081802180156255,0.8209120847651775,0.8375821767713659,34,40,189.53410000540316,0.03,1,potential,APF,False,1933.8195000018459,,,,,,,,,,,,,,,,,12256.0
office,dificil,1,baldosa,0.10431759490720909,0.7081802180156255,0.8209120847651775,0.8375821767713659,34,40,189.53410000540316,0.03,1,hybrid_astar,Hybrid A*,True,50.099599990062416,True,10.729145428334421,1.027204357496017,0.2529119746841908,0.6347698208990361,197.67930854492909,0.0,20.0,0.8534373112501845,10.729145428334421,10.729145428334421,True,10.729145428334421,10.40372682790491,False,0.0,75.0
office,dificil,1,baldosa,0.10431759490720909,0.7081802180156255,0.8209120847651775,0.8375821767713659,34,40,189.53410000540316,0.03,1,aco,ACO,True,392.17249999637716,True,11.619227447850806,1.112420476066051,0.315,0.6492998240284489,1288.3549617853241,18.0,28.0,0.3300179189744987,11.619227447850806,11.619227447850806,False,inf,8.38914966583252,False,0.015,40.0
office,dificil,1,baldosa,0.10431759490720909,0.7081802180156255,0.8209120847651775,0.8375821767713659,34,40,189.53410000540316,0.03,1,topological,Homotopy planner,True,447.75700000172947,True,10.56915709719533,1.0118871347039216,0.2510369001651282,0.6481144606824435,88.21110001807546,0.0,5.0,0.4934918679696118,10.56915709719533,10.56915709719533,False,inf,6.958879232603082,False,0.03607727971680822,13379.0
office,dificil,1,baldosa,0.10431759490720909,0.7081802180156255,0.8209120847651775,0.8375821767713659,34,40,189.53410000540316,0.03,1,slam,SLAM-based,True,600.4333999881055,True,11.259151591315485,1.0779469486697866,0.33222049523199004,0.6562761923653201,415.7820854325803,1.0,18.0,0.17652827027718923,11.259151591315485,12.160734906225818,False,inf,4.436540319879745,False,0.13579556967732798,74.0
office,dificil,1,baldosa,0.10431759490720909,0.7081802180156255,0.8209120847651775,0.8375821767713659,34,40,189.53410000540316,0.03,1,drl,DRL (D3QN),True,17.498100001830608,True,27.766875965243315,2.6583902861662594,0.37901171207427975,0.7619762258257547,4997.726310993906,57.0,61.0,0.07957747154594767,27.766875965243315,62.745175903929805,False,inf,6.5,False,0.075,104.0
office,dificil,3,alfombra,0.10739880795265874,0.6810848629516832,0.9119413677191822,0.7290308370044053,28,36,180.94320000091102,0.03,0,tve,TVE (proposed),True,27.37100000376813,True,7.787856848544414,1.0106026496671994,0.2894123277381921,0.507744964750817,109.68384499138702,0.0,10.0,0.8757139074797669,7.787856848544414,7.787856848544414,True,7.787856848544414,2.974396072766339,False,0.16031814691154198,
office,dificil,3,alfombra,0.10739880795265874,0.6810848629516832,0.9119413677191822,0.7290308370044053,28,36,180.94320000091102,0.03,0,teselado,WDT,True,55.98050000844523,True,7.947029620806528,1.0312579375764823,0.25538741331327497,0.5202659196969566,112.36275820558966,0.0,11.0,0.958329301177264,7.947029620806528,7.947029620806528,True,7.947029620806528,1.3546784820335696,False,0.2066858103359849,
office,dificil,3,alfombra,0.10739880795265874,0.6810848629516832,0.9119413677191822,0.7290308370044053,28,36,180.94320000091102,0.03,0,dijkstra,Dijkstra,True,29.613100006827153,True,8.139625535217638,1.0562504284766359,0.285,0.3994554917003502,470.20539093734953,5.0,14.0,0.3362808292502125,8.139625535217638,8.139625535217638,False,inf,10.456850051879892,False,0.0,13013.0
office,dificil,3,alfombra,0.10739880795265874,0.6810848629516832,0.9119413677191822,0.7290308370044053,28,36,180.94320000091102,0.03,0,astar,A*,True,5.299399999785237,True,8.139625535217638,1.0562504284766359,0.27567449569702146,0.4478891268787193,523.3354932915054,6.0,16.0,0.3503094721540249,8.139625535217638,8.139625535217638,False,inf,1.416666650109828,False,0.2109689974784848,1103.0
office,dificil,3,alfombra,0.10739880795265874,0.6810848629516832,0.9119413677191822,0.7290308370044053,28,36,180.94320000091102,0.03,0,theta,Theta*,True,266.6425000061281,True,7.754965970986849,1.0063345167705646,0.25387474973996466,0.4820738191057307,131.86130108592965,1.0,6.0,0.08355342926684393,7.754965970986849,9.659794348330925,False,inf,3.1184581223755132,False,0.15549838081880613,1134.0
office,dificil,3,alfombra,0.10739880795265874,0.6810848629516832,0.9119413677191822,0.7290308370044053,28,36,180.94320000091102,0.03,0,visibility,Visibility graph,True,6082.8883000067435,True,7.706151226804151,1.0,0.2697068136599599,0.4839002041395006,85.7229821111134,0.0,6.0,0.4996801074066724,7.706151226804151,7.706151226804151,False,inf,4.259940262733328,False,0.12032030429630561,239.0
office,dificil,3,alfombra,0.10739880795265874,0.6810848629516832,0.9119413677191822,0.7290308370044053,28,36,180.94320000091102,0.03,0,rrt,RRT,True,69.31459999759682,True,8.798417598925584,1.1417395454584676,0.2594967685448788,0.5486278737491104,619.9586482181487,5.0,16.0,0.15691834401065807,8.798417598925584,12.257270666029038,False,inf,3.6700903095298334,False,0.1335235941684248,354.0
office,dificil,3,alfombra,0.10739880795265874,0.6810848629516832,0.9119413677191822,0.7290308370044053,28,36,180.94320000091102,0.03,0,rrt_star,RRT*,True,1890.250999989803,True,7.705473541368475,0.9999120591569345,0.25118006027403195,0.47672368326659864,85.19944709340692,0.0,8.0,0.7606854097223422,7.705473541368475,7.705473541368475,False,inf,3.697346141961188,False,0.13767801003925867,4000.0
office,dificil,3,alfombra,0.10739880795265874,0.6810848629516832,0.9119413677191822,0.7290308370044053,28,36,180.94320000091102,0.03,0,prm,PRM,True,688.2168000011006,True,8.10590259205347,1.0518743213679578,0.25778905031164,0.43227928915589303,208.74539585131896,1.0,10.0,0.23040399633639927,8.10590259205347,8.796667273320207,False,inf,8.717482191143622,False,0.0,602.0
office,dificil,3,alfombra,0.10739880795265874,0.6810848629516832,0.9119413677191822,0.7290308370044053,28,36,180.94320000091102,0.03,0,potential,APF,False,1774.1796000045724,,,,,,,,,,,,,,,,,12148.0
office,dificil,3,alfombra,0.10739880795265874,0.6810848629516832,0.9119413677191822,0.7290308370044053,28,36,180.94320000091102,0.03,0,hybrid_astar,Hybrid A*,False,4.3114000000059605,,,,,,,,,,,,,,,,,1.0
office,dificil,3,alfombra,0.10739880795265874,0.6810848629516832,0.9119413677191822,0.7290308370044053,28,36,180.94320000091102,0.03,0,aco,ACO,True,553.1216000090353,True,8.496729614230247,1.1025905622869487,0.2939999771118164,0.5168855408108727,889.695153531234,14.0,20.0,0.22759703589525962,8.496729614230247,9.196013515120496,False,inf,0.0,True,0.294968976974487,40.0
office,dificil,3,alfombra,0.10739880795265874,0.6810848629516832,0.9119413677191822,0.7290308370044053,28,36,180.94320000091102,0.03,0,topological,Homotopy planner,True,662.1109999978216,True,13.555505863515023,1.759050071112695,0.24679169748431395,0.48390686486888823,217.72772969857877,2.0,7.0,0.17631327361019308,13.555505863515023,15.16679865751236,False,inf,15.605996437295257,False,0.0,42370.0
office,dificil,3,alfombra,0.10739880795265874,0.6810848629516832,0.9119413677191822,0.7290308370044053,28,36,180.94320000091102,0.03,0,slam,SLAM-based,True,429.560999997193,True,8.206434679031013,1.0649200148689966,0.2794261245786601,0.5271076277414187,623.6421219368387,1.0,22.0,0.187406156923308,8.206434679031013,9.05568608946907,False,inf,0.0,True,0.3264616342875145,54.0
office,dificil,3,alfombra,0.10739880795265874,0.6810848629516832,0.9119413677191822,0.7290308370044053,28,36,180.94320000091102,0.03,0,drl,DRL (D3QN),True,77.7174999966519,True,103.10981459348396,13.380196100335946,0.2939999771118164,0.7164291553474311,28466.565036688058,251.0,254.0,0.07957747154594767,103.10981459348396,433.1879313262122,False,inf,0.0,True,0.3599069595336914,389.0
office,dificil,3,alfombra,0.10739880795265874,0.6810848629516832,0.9119413677191822,0.7290308370044053,28,36,180.94320000091102,0.03,1,tve,TVE (proposed),True,20.760899991728365,True,7.256896905065878,1.005409681621349,0.2983260141920395,0.54790594562737,53.42338430739301,0.0,6.0,1.0002363380926544,7.256896905065878,7.256896905065878,True,7.256896905065878,0.0,True,0.3642329966139146,
office,dificil,3,alfombra,0.10739880795265874,0.6810848629516832,0.9119413677191822,0.7290308370044053,28,36,180.94320000091102,0.03,1,teselado,WDT,True,38.45490000094287,True,8.65049089006656,1.1984857171636016,0.25926014276506876,0.8755773003634704,98.88759306246601,0.0,8.0,0.8086083168841228,8.65049089006656,8.65049089006656,True,8.65049089006656,2.1930093456764883,False,0.18363894623097501,
office,dificil,3,alfombra,0.10739880795265874,0.6810848629516832,0.9119413677191822,0.7290308370044053,28,36,180.94320000091102,0.03,1,dijkstra,Dijkstra,True,14.540000003762543,True,7.690508652763319,1.0654845944805118,0.285,0.5131881892067489,623.0906103442392,6.0,17.0,0.4489948987410509,7.690508652763319,7.690508652763319,False,inf,0.0,True,0.3027209758758545,12709.0
office,dificil,3,alfombra,0.10739880795265874,0.6810848629516832,0.9119413677191822,0.7290308370044053,28,36,180.94320000091102,0.03,1,astar,A*,True,2.576800005044788,True,7.690508652763321,1.065484594480512,0.2879534912109375,0.5883555407211306,704.5051514008615,12.0,18.0,0.2750605983968633,7.690508652763321,7.690508652763321,False,inf,0.0,True,0.46296893119811955,878.0
office,dificil,3,alfombra,0.10739880795265874,0.6810848629516832,0.9119413677191822,0.7290308370044053,28,36,180.94320000091102,0.03,1,theta,Theta*,True,279.50410000630654,True,7.29565926322187,1.0107800280217922,0.261207587462206,0.531554386592145,46.820524333795646,0.0,4.0,0.2581938434031539,7.29565926322187,7.29565926322187,False,inf,0.0,True,0.32711456988408094,1083.0
office,dificil,3,alfombra,0.10739880795265874,0.6810848629516832,0.9119413677191822,0.7290308370044053,28,36,180.94320000091102,0.03,1,visibility,Visibility graph,True,5985.7831000117585,True,7.217850631160846,1.0,0.2666616529027311,0.525243828464474,48.00850433914905,0.0,4.0,0.8351296283886456,7.217850631160846,7.217850631160846,True,7.217850631160846,0.0,True,0.3254493284857862,239.0
office,dificil,3,alfombra,0.10739880795265874,0.6810848629516832,0.9119413677191822,0.7290308370044053,28,36,180.94320000091102,0.03,1,rrt,RRT,True,15.413899993291125,True,10.206892696982866,1.4141180274523488,0.2507881090635202,0.4975254450785507,725.649685271167,7.0,20.0,0.15702643836994123,10.206892696982866,14.521093515928204,False,inf,10.387282324497606,False,0.0,89.0
office,dificil,3,alfombra,0.10739880795265874,0.6810848629516832,0.9119413677191822,0.7290308370044053,28,36,180.94320000091102,0.03,1,rrt_star,RRT*,True,1967.5659999920754,True,7.241678762148105,1.003301277929525,0.24894400900963204,0.563621246870167,53.662436669202,0.0,7.0,1.1269696713383404,7.241678762148105,7.241678762148105,True,7.241678762148105,0.0,True,0.314850991431507,4000.0
office,dificil,3,alfombra,0.10739880795265874,0.6810848629516832,0.9119413677191822,0.7290308370044053,28,36,180.94320000091102,0.03,1,prm,PRM,True,628.6177000001771,True,7.487985406681837,1.0374259304223847,0.286284667294112,0.5805613172489898,145.20578087994477,1.0,10.0,0.39240796310224557,7.487985406681837,7.487985406681837,False,inf,0.0,True,0.3062163228766869,602.0
office,dificil,3,alfombra,0.10739880795265874,0.6810848629516832,0.9119413677191822,0.7290308370044053,28,36,180.94320000091102,0.03,1,potential,APF,True,529.1834000090603,True,162.6274386287331,22.531283471929893,0.2325680630615717,0.6453490067525567,220485.52310333354,1759.0,1851.0,0.07957747154594767,162.6274386287331,677.9777849225245,False,inf,1.2938808129709238,False,0.21843783955936413,3470.0
office,dificil,3,alfombra,0.10739880795265874,0.6810848629516832,0.9119413677191822,0.7290308370044053,28,36,180.94320000091102,0.03,1,hybrid_astar,Hybrid A*,True,31.558999995468184,True,7.275450333811878,1.007980173821049,0.25694623819461876,0.5376144204002555,108.78255053477048,0.0,11.0,0.8801448053080847,7.275450333811878,7.275450333811878,True,7.275450333811878,0.0,True,0.3540476252263058,36.0
office,dificil,3,alfombra,0.10739880795265874,0.6810848629516832,0.9119413677191822,0.7290308370044053,28,36,180.94320000091102,0.03,1,aco,ACO,True,271.2215999927139,True,7.778376618407356,1.0776582968933457,0.315,0.6171807809433534,900.0,14.0,20.0,0.11233074509075461,7.778376618407356,9.195218845914264,False,inf,0.0,True,0.46296893119811955,40.0
office,dificil,3,alfombra,0.10739880795265874,0.6810848629516832,0.9119413677191822,0.7290308370044053,28,36,180.94320000091102,0.03,1,topological,Homotopy planner,True,209.21739999903366,True,7.221739142796396,1.0005387353984252,0.2537406808582258,0.5296849671145119,46.78752280902746,0.0,4.0,0.5532827369617528,7.221739142796396,7.221739142796396,False,inf,0.0,True,0.3205579667025015,9095.0
office,dificil,3,alfombra,0.10739880795265874,0.6810848629516832,0.9119413677191822,0.7290308370044053,28,36,180.94320000091102,0.03,1,slam,SLAM-based,True,401.58820000942796,True,8.361763410830632,1.1584838531752506,0.28142936149748493,0.5197234976281763,518.9524305923912,2.0,17.0,0.11791784978303943,8.361763410830632,9.711473767530055,False,inf,0.0,True,0.31359082150780976,55.0
office,dificil,3,alfombra,0.10739880795265874,0.6810848629516832,0.9119413677191822,0.7290308370044053,28,36,180.94320000091102,0.03,1,drl,DRL (D3QN),True,6.904599998961203,True,11.090872277445829,1.5365893316722858,0.585,0.9618312147646652,1538.5836214801143,21.0,24.0,0.1151819786319284,11.090872277445829,17.656187198683607,False,inf,3.8461248874664307,False,0.135,37.0
office,dificil,2,baldosa,0.1316037424123163,0.777113441616575,0.9131725278028253,0.8391161746935957,39,48,194.4767000095453,0.03,0,tve,TVE (proposed),True,25.021399997058325,True,9.265718641991166,1.002274350303756,0.29409308453454963,0.6195237069520624,23.87378476857809,0.0,4.0,1.1881215964281453,9.265718641991166,9.265718641991166,True,9.265718641991166,0.0,True,0.38177700878376764,
office,dificil,2,baldosa,0.1316037424123163,0.777113441616575,0.9131725278028253,0.8391161746935957,39,48,194.4767000095453,0.03,0,teselado,WDT,True,36.705299993627705,True,9.28124622644062,1.0039539717359602,0.3237629849859118,0.6341420491204829,27.783440983012763,0.0,7.0,4.784779208890603,9.28124622644062,9.28124622644062,True,9.28124622644062,0.0,True,0.39777573749733,
office,dificil,2,baldosa,0.1316037424123163,0.777113441616575,0.9131725278028253,0.8391161746935957,39,48,194.4767000095453,0.03,0,dijkstra,Dijkstra,True,19.613299999036826,True,9.742569260369919,1.0538553622245759,0.2861512327194214,0.661740832849026,201.1390234222734,1.0,7.0,0.34564489382233565,9.742569260369919,9.742569260369919,False,inf,0.0,True,0.3027209758758545,11434.0
office,dificil,2,baldosa,0.1316037424123163,0.777113441616575,0.9131725278028253,0.8391161746935957,39,48,194.4767000095453,0.03,0,astar,A*,True,8.726900006877258,True,9.742569260369919,1.0538553622245759,0.2861512327194214,0.6479714691273347,470.8126198539883,4.0,13.0,0.31936779592211945,9.742569260369919,9.742569260369919,False,inf,0.0,True,0.3027209758758545,2019.0
office,dificil,2,baldosa,0.1316037424123163,0.777113441616575,0.9131725278028253,0.8391161746935957,39,48,194.4767000095453,0.03,0,theta,Theta*,True,442.762099992251,True,9.302278377939393,1.0062290231155038,0.2778540025159278,0.6166336947861851,23.08645459012965,0.0,3.0,0.4927533755216787,9.302278377939393,9.302278377939393,False,inf,0.0,True,0.3648068021804708,1583.0
office,dificil,2,baldosa,0.1316037424123163,0.777113441616575,0.9131725278028253,0.8391161746935957,39,48,194.4767000095453,0.03,0,visibility,Visibility graph,True,6660.550800006604,True,9.244692971722797,1.0,0.26137678027933364,0.6140114337354281,21.99266964295453,0.0,3.0,1.1659354961034931,9.244692971722797,9.244692971722797,True,9.244692971722797,0.0,True,0.3397398982343639,250.0
office,dificil,2,baldosa,0.1316037424123163,0.777113441616575,0.9131725278028253,0.8391161746935957,39,48,194.4767000095453,0.03,0,rrt,RRT,True,6.769900006474927,True,10.895891251919124,1.1786103968240946,0.35414361809428024,0.6525967092410266,618.9990473726358,5.0,19.0,0.16732843308007256,10.895891251919124,13.455381713679195,False,inf,0.0,True,0.48014358376200494,41.0
office,dificil,2,baldosa,0.1316037424123163,0.777113441616575,0.9131725278028253,0.8391161746935957,39,48,194.4767000095453,0.03,0,rrt_star,RRT*,True,2160.406900002272,True,9.255305311635912,1.0011479386006192,0.2585363420189523,0.6125101031097031,31.5699928440462,0.0,6.0,1.5092274208448342,9.255305311635912,9.255305311635912,True,9.255305311635912,0.0,True,0.3321769499866898,4000.0
office,dificil,2,baldosa,0.1316037424123163,0.777113441616575,0.9131725278028253,0.8391161746935957,39,48,194.4767000095453,0.03,0,prm,PRM,True,695.21619999432,True,9.44047076017889,1.0211773164403544,0.3596527850549136,0.6092068722717047,180.6812890749577,0.0,13.0,0.3495193408375525,9.44047076017889,9.44047076017889,False,inf,0.0,True,0.41567995861172685,602.0
office,dificil,2,baldosa,0.1316037424123163,0.777113441616575,0.9131725278028253,0.8391161746935957,39,48,194.4767000095453,0.03,0,potential,APF,True,941.2692000041716,True,266.81423986295823,28.861341385709213,0.227701109278136,0.5859762772339929,426426.72907998774,3289.0,3443.0,0.0795774719233985,266.81423986295823,1060.4762641206983,False,inf,0.0,True,0.26398791689010254,5642.0
office,dificil,2,baldosa,0.1316037424123163,0.777113441616575,0.9131725278028253,0.8391161746935957,39,48,194.4767000095453,0.03,0,hybrid_astar,Hybrid A*,True,93.58269999211188,True,9.333396767583123,1.0095951045785565,0.283440165653904,0.6166901784487954,98.78679944907948,0.0,12.0,0.8800948863866398,9.333396767583123,9.333396767583123,True,9.333396767583123,0.0,True,0.37121927112932107,94.0
office,dificil,2,baldosa,0.1316037424123163,0.777113441616575,0.9131725278028253,0.8391161746935957,39,48,194.4767000095453,0.03,0,aco,ACO,True,988.1558000051882,True,10.2337144623286,1.1069826216653136,0.3238604736328125,0.5377173231651075,1503.4349488229225,27.0,33.0,0.38101502702592166,10.2337144623286,10.2337144623286,False,inf,0.0,True,0.435,40.0
office,dificil,2,baldosa,0.1316037424123163,0.777113441616575,0.9131725278028253,0.8391161746935957,39,48,194.4767000095453,0.03,0,topological,Homotopy planner,True,721.5142999921227,True,9.246679093135123,1.0002148390885885,0.25732991470221744,0.6101306219871794,22.784177221710337,0.0,3.0,1.0431655638332207,9.246679093135123,9.246679093135123,True,9.246679093135123,0.0,True,0.3441419048192898,41787.0
office,dificil,2,baldosa,0.1316037424123163,0.777113441616575,0.9131725278028253,0.8391161746935957,39,48,194.4767000095453,0.03,0,slam,SLAM-based,True,499.94900000456255,True,9.743892043051439,1.0539984478506281,0.3203769885699711,0.6480900318653074,359.7874101100814,2.0,14.0,0.20975394636978933,9.743892043051439,10.502661762746296,False,inf,0.0,True,0.3876355330451912,64.0
office,dificil,2,baldosa,0.1316037424123163,0.777113441616575,0.9131725278028253,0.8391161746935957,39,48,194.4767000095453,0.03,0,drl,DRL (D3QN),True,8.320099994307384,True,11.575810020025935,1.2521573247952573,0.3897674989700317,0.7063347267660839,1401.5462907832944,22.0,24.0,0.17050423560440123,11.575810020025935,14.859329861054933,False,inf,0.0,True,0.4649069309234619,43.0
office,dificil,2,baldosa,0.1316037424123163,0.777113441616575,0.9131725278028253,0.8391161746935957,39,48,194.4767000095453,0.03,1,tve,TVE (proposed),True,19.39950000087265,True,5.9442986982635295,1.0062440933187309,0.34354572811188455,0.5205529025392894,30.80126019611071,0.0,5.0,1.3151829908902013,5.9442986982635295,5.9442986982635295,True,5.9442986982635295,17.06629795261201,False,0.0,
office,dificil,2,baldosa,0.1316037424123163,0.777113441616575,0.9131725278028253,0.8391161746935957,39,48,194.4767000095453,0.03,1,teselado,WDT,True,35.88339999259915,True,6.348771063748299,1.0747127133089405,0.27250345863746533,0.6606606764211633,64.39659050229538,0.0,8.0,1.0187612988324444,6.348771063748299,6.348771063748299,True,6.348771063748299,9.119479849965064,False,0.0,
office,dificil,2,baldosa,0.1316037424123163,0.777113441616575,0.9131725278028253,0.8391161746935957,39,48,194.4767000095453,0.03,1,dijkstra,Dijkstra,True,9.00599999295082,True,6.25477272147525,1.0588007813056517,0.3266279697418213,0.6327064791787771,44.51853419416165,0.0,3.0,0.07957747154594767,6.25477272147525,8.25477272147525,False,inf,14.25,False,0.0,7190.0
office,dificil,2,baldosa,0.1316037424123163,0.777113441616575,0.9131725278028253,0.8391161746935957,39,48,194.4767000095453,0.03,1,astar,A*,True,1.3718999980483204,True,6.25477272147525,1.0588007813056517,0.2937907290458679,0.5672987900118532,402.5104470780009,3.0,11.0,0.07957747207974375,6.25477272147525,8.254772708059491,False,inf,17.25,False,0.0,197.0
office,dificil,2,baldosa,0.1316037424123163,0.777113441616575,0.9131725278028253,0.8391161746935957,39,48,194.4767000095453,0.03,1,theta,Theta*,True,93.21390000695828,True,5.983360548497229,1.0128564387049481,0.2595767817940004,0.49223272661557643,26.185665402992402,0.0,4.0,1.3502637042096455,5.983360548497229,5.983360548497229,True,5.983360548497229,19.02229080932785,False,0.0,324.0
office,dificil,2,baldosa,0.1316037424123163,0.777113441616575,0.9131725278028253,0.8391161746935957,39,48,194.4767000095453,0.03,1,visibility,Visibility graph,True,6683.626600002754,True,5.9074122648098415,1.0,0.2617557593656453,0.49266589443085235,26.08393048211001,0.0,4.0,1.348624021135083,5.9074122648098415,5.9074122648098415,True,5.9074122648098415,19.080932940400896,False,0.0,250.0
office,dificil,2,baldosa,0.1316037424123163,0.777113441616575,0.9131725278028253,0.8391161746935957,39,48,194.4767000095453,0.03,1,rrt,RRT,True,8.115999997244217,True,6.630124679192181,1.122339931933903,0.27302734550782715,0.5585574647823781,374.134222846143,2.0,13.0,0.14993269305914042,6.630124679192181,7.691633946081139,False,inf,15.772639146579229,False,0.0,63.0
office,dificil,2,baldosa,0.1316037424123163,0.777113441616575,0.9131725278028253,0.8391161746935957,39,48,194.4767000095453,0.03,1,rrt_star,RRT*,True,2053.987599996617,True,5.905897927190017,0.9997436546575824,0.24922204783154792,0.4902443811319101,26.81843689881652,0.0,5.0,1.470127888502881,5.905897927190017,5.905897927190017,True,5.905897927190017,19.008569872015883,False,0.0,4000.0
office,dificil,2,baldosa,0.1316037424123163,0.777113441616575,0.9131725278028253,0.8391161746935957,39,48,194.4767000095453,0.03,1,prm,PRM,True,656.0184999980265,True,6.587468751695712,1.1151191852542497,0.2578139877319336,0.7410597028559153,201.26422817929387,1.0,9.0,0.46145973528605244,6.587468751695712,6.587468751695712,False,inf,5.5173242724671825,False,0.09795918367346929,602.0
office,dificil,2,baldosa,0.1316037424123163,0.777113441616575,0.9131725278028253,0.8391161746935957,39,48,194.4767000095453,0.03,1,potential,APF,True,257.5985000003129,True,57.93769077225707,9.80762611023256,0.22427953189086616,0.6469443611905019,67400.73067790875,520.0,564.0,0.07957747154594767,57.93769077225707,223.06432658885495,False,inf,8.24471824076656,False,0.002757357689694686,1389.0
office,dificil,2,baldosa,0.1316037424123163,0.777113441616575,0.9131725278028253,0.8391161746935957,39,48,194.4767000095453,0.03,1,hybrid_astar,Hybrid A*,True,54.95970000629313,True,5.970299237038407,1.0106454348214666,0.2565670705369789,0.48600748393488413,76.95179136937908,0.0,9.0,1.0646418063618592,5.970299237038407,5.970299237038407,True,5.970299237038407,18.064147703768462,False,0.0,51.0
office,dificil,2,baldosa,0.1316037424123163,0.777113441616575,0.9131725278028253,0.8391161746935957,39,48,194.4767000095453,0.03,1,aco,ACO,True,330.6365000025835,True,6.421582427972635,1.0870381378705662,0.3386279726028442,0.5054129975456342,1009.4400348281765,15.0,22.0,0.30550056389287333,6.421582427972635,6.421582427972635,False,inf,17.25,False,0.0,40.0
office,dificil,2,baldosa,0.1316037424123163,0.777113441616575,0.9131725278028253,0.8391161746935957,39,48,194.4767000095453,0.03,1,topological,Homotopy planner,True,647.6752000016859,True,5.949631960117086,1.0071469017929806,0.24721749601076987,0.5129484393276513,25.815180091271465,0.0,3.0,0.6786570906166343,5.949631960117086,5.949631960117086,False,inf,15.182861392903133,False,0.0,41787.0
office,dificil,2,baldosa,0.1316037424123163,0.777113441616575,0.9131725278028253,0.8391161746935957,39,48,194.4767000095453,0.03,1,slam,SLAM-based,True,294.86229999747593,True,6.286590278296668,1.0641868209783782,0.3176958379411234,0.5584564867953846,426.61948876835845,1.0,18.0,0.28237960757028724,6.286590278296668,6.286590278296668,False,inf,15.10228853517879,False,0.0,41.0
office,dificil,2,baldosa,0.1316037424123163,0.777113441616575,0.9131725278028253,0.8391161746935957,39,48,194.4767000095453,0.03,1,drl,DRL (D3QN),True,6.93390000378713,True,10.801269283829791,1.828426525802577,0.34762796401977536,0.7189750233141845,1378.6104596659652,16.0,20.0,0.07957747154594767,10.801269283829791,20.20326699022521,False,inf,0.5,True,0.255,37.0
office,dificil,0,baldosa,0.11727848645886442,0.6527127427108697,0.7706398348813209,0.8100809732284685,35,45,172.70609999832232,0.03,0,tve,TVE (proposed),True,20.84110000578221,True,11.647143024974413,1.0063404728827863,0.3085327117960253,0.5745542105794087,74.32490980154189,0.0,8.0,1.056898483822498,11.647143024974413,11.647143024974413,True,11.647143024974413,34.10406076905542,False,0.0,
office,dificil,0,baldosa,0.11727848645886442,0.6527127427108697,0.7706398348813209,0.8100809732284685,35,45,172.70609999832232,0.03,0,teselado,WDT,True,37.45449999405537,True,12.145240971883904,1.0493773036626628,0.32999999999999996,0.889381629842601,88.47603331867032,0.0,16.0,3.2475439028456297,12.145240971883904,12.145240971883904,True,12.145240971883904,19.048408106838696,False,0.0,
office,dificil,0,baldosa,0.11727848645886442,0.6527127427108697,0.7706398348813209,0.8100809732284685,35,45,172.70609999832232,0.03,0,dijkstra,Dijkstra,True,17.947000000276603,True,12.276093065034894,1.0606832313924854,0.27567449569702146,0.6605971093977215,832.8616008577982,14.0,21.0,0.07960051501447447,12.276093065034894,14.275514087159623,False,inf,21.85064697265626,False,0.0,14571.0
office,dificil,0,baldosa,0.11727848645886442,0.6527127427108697,0.7706398348813209,0.8100809732284685,35,45,172.70609999832232,0.03,0,astar,A*,True,5.567099986365065,True,12.276093065034894,1.0606832313924854,0.27567449569702146,0.4745725136251724,1329.2587818850948,19.0,33.0,0.07960051501448066,12.276093065034894,14.275514087159467,False,inf,34.85504150390625,False,0.0,2552.0
office,dificil,0,baldosa,0.11727848645886442,0.6527127427108697,0.7706398348813209,0.8100809732284685,35,45,172.70609999832232,0.03,0,theta,Theta*,True,629.9155000015162,True,11.650359766718534,1.006618406913559,0.2567549873405767,0.5392317820989689,72.53991175497023,0.0,7.0,0.7992715413151684,11.650359766718534,11.650359766718534,True,11.650359766718534,35.04623458471984,False,0.0,2444.0
office,dificil,0,baldosa,0.11727848645886442,0.6527127427108697,0.7706398348813209,0.8100809732284685,35,45,172.70609999832232,0.03,0,visibility,Visibility graph,True,5018.695399994613,True,11.573759914087265,1.0,0.253614003469512,0.5381146892397952,69.13495500373524,0.0,6.0,0.7131269002120646,11.573759914087265,11.573759914087265,False,inf,35.34276905498912,False,0.0,214.0
office,dificil,0,baldosa,0.11727848645886442,0.6527127427108697,0.7706398348813209,0.8100809732284685,35,45,172.70609999832232,0.03,0,rrt,RRT,True,36.087600004975684,True,19.77075556304794,1.7082396481184576,0.2502142721315328,0.4926254617862413,1465.874237494695,15.0,34.0,0.14241905763837087,19.77075556304794,26.957564537814058,False,inf,4.4313622934265515,False,0.11193485549738466,481.0
office,dificil,0,baldosa,0.11727848645886442,0.6527127427108697,0.7706398348813209,0.8100809732284685,35,45,172.70609999832232,0.03,0,rrt_star,RRT*,True,1790.4925999901025,True,11.590402154349073,1.0014379285889239,0.24905152584932122,0.5430942831021744,105.0214050584775,0.0,12.0,0.8984043832192883,11.590402154349073,11.590402154349073,True,11.590402154349073,35.35789072469383,False,0.0,4000.0
office,dificil,0,baldosa,0.11727848645886442,0.6527127427108697,0.7706398348813209,0.8100809732284685,35,45,172.70609999832232,0.03,0,prm,PRM,True,695.2212000032887,True,12.002721557887664,1.0370632920489633,0.28996489158566857,0.6627846239226315,218.20119408959016,0.0,16.0,0.48452588482906894,12.002721557887664,12.002721557887664,False,inf,31.194250702857975,False,0.0,602.0
office,dificil,0,baldosa,0.11727848645886442,0.6527127427108697,0.7706398348813209,0.8100809732284685,35,45,172.70609999832232,0.03,0,potential,APF,False,1845.8543000015197,,,,,,,,,,,,,,,,,12161.0
office,dificil,0,baldosa,0.11727848645886442,0.6527127427108697,0.7706398348813209,0.8100809732284685,35,45,172.70609999832232,0.03,0,hybrid_astar,Hybrid A*,True,99.62620001169853,True,11.848969812746873,1.0237787806816891,0.28857883183156025,0.6670791820843119,171.52899966737317,0.0,16.0,0.8002064399327959,11.848969812746873,11.848969812746873,True,11.848969812746873,26.31508559862514,False,0.0,127.0
office,dificil,0,baldosa,0.11727848645886442,0.6527127427108697,0.7706398348813209,0.8100809732284685,35,45,172.70609999832232,0.03,0,aco,ACO,True,404.1577000025427,True,12.75096706693636,1.101713458857586,0.315,0.5078766571885912,1522.874983651098,28.0,35.0,0.23815764697986552,12.75096706693636,13.41924266131755,False,inf,34.26434326171875,False,0.0,40.0
office,dificil,0,baldosa,0.11727848645886442,0.6527127427108697,0.7706398348813209,0.8100809732284685,35,45,172.70609999832232,0.03,0,topological,Homotopy planner,True,390.17600000079256,True,11.63042835333489,1.0048962860529578,0.24664526430313524,0.5446954624907139,84.00599421343927,0.0,5.0,0.6046165347183347,11.63042835333489,11.63042835333489,False,inf,35.31668365193061,False,0.0,8962.0
office,dificil,0,baldosa,0.11727848645886442,0.6527127427108697,0.7706398348813209,0.8100809732284685,35,45,172.70609999832232,0.03,0,slam,SLAM-based,True,619.1351000015857,True,12.197663249885682,1.0539067114256466,0.3131428860460045,0.554432761722841,694.1483136277014,2.0,28.0,0.16350184709168955,12.197663249885682,13.171076981429911,False,inf,34.0377820802063,False,0.0,80.0
office,dificil,0,baldosa,0.11727848645886442,0.6527127427108697,0.7706398348813209,0.8100809732284685,35,45,172.70609999832232,0.03,0,drl,DRL (D3QN),True,14.114399993559346,True,13.508637592818838,1.1671779692247195,0.32999999999999996,0.755614846576161,938.3087355674477,15.0,20.0,0.1763391161865104,13.508637592818838,15.232298616441346,False,inf,33.073646545410156,False,0.0,47.0
office,dificil,0,baldosa,0.11727848645886442,0.6527127427108697,0.7706398348813209,0.8100809732284685,35,45,172.70609999832232,0.03,1,tve,TVE (proposed),True,29.460499994456768,True,14.379792961549732,1.0225991304306843,0.2657523916139836,0.47598546163607197,281.20333998228074,0.0,21.0,0.6556433746826799,14.379792961549732,14.379792961549732,False,inf,9.372138847394675,False,0.0,
office,dificil,0,baldosa,0.11727848645886442,0.6527127427108697,0.7706398348813209,0.8100809732284685,35,45,172.70609999832232,0.03,1,teselado,WDT,True,53.3663000096567,True,15.919423206020753,1.132087810371398,0.25842808155827324,0.5558144902203118,324.4681354756325,0.0,25.0,0.3500484411037018,15.919423206020753,15.919423206020753,False,inf,1.2184134413928664,False,0.21731843146642987,
office,dificil,0,baldosa,0.11727848645886442,0.6527127427108697,0.7706398348813209,0.8100809732284685,35,45,172.70609999832232,0.03,1,dijkstra,Dijkstra,True,23.254500003531575,True,15.043889603929564,1.0698254466116903,0.27567449569702146,0.4680813352774798,1166.797201038106,14.0,29.0,0.32264046018222825,15.043889603929564,15.043889603929564,False,inf,14.97984790802002,False,0.0,19407.0
office,dificil,0,baldosa,0.11727848645886442,0.6527127427108697,0.7706398348813209,0.8100809732284685,35,45,172.70609999832232,0.03,1,astar,A*,True,24.016499999561347,True,15.043889603929564,1.0698254466116903,0.27567449569702146,0.4654438566638202,877.3801350519597,13.0,22.0,0.3384328046376436,15.043889603929564,15.043889603929564,False,inf,14.97984790802002,False,0.0,7675.0
office,dificil,0,baldosa,0.11727848645886442,0.6527127427108697,0.7706398348813209,0.8100809732284685,35,45,172.70609999832232,0.03,1,theta,Theta*,True,1621.3657000043895,True,14.156685973010156,1.0067331848580583,0.2457891859390117,0.41386856148318873,241.2259542479279,2.0,9.0,0.3180854448431317,14.156685973010156,14.156685973010156,False,inf,10.580513269623372,False,0.0,6687.0
office,dificil,0,baldosa,0.11727848645886442,0.6527127427108697,0.7706398348813209,0.8100809732284685,35,45,172.70609999832232,0.03,1,visibility,Visibility graph,True,4851.3850000017555,True,14.06200390126818,1.0,0.2631142673038176,0.4150074523114077,242.22967347439254,0.0,12.0,0.3566855872372806,14.06200390126818,14.06200390126818,False,inf,10.563021315235796,False,0.0,214.0
office,dificil,0,baldosa,0.11727848645886442,0.6527127427108697,0.7706398348813209,0.8100809732284685,35,45,172.70609999832232,0.03,1,rrt,RRT,True,19.218200002796948,True,16.697725854851985,1.1874357290816924,0.2818473444600139,0.5861759105432338,1009.1823488124593,15.0,23.0,0.1679787028254974,16.697725854851985,20.665663472253264,False,inf,33.493074242806436,False,0.0,113.0
office,dificil,0,baldosa,0.11727848645886442,0.6527127427108697,0.7706398348813209,0.8100809732284685,35,45,172.70609999832232,0.03,1,rrt_star,RRT*,True,1813.17080000008,True,14.285403750641414,1.0158867719666247,0.2588610213515138,0.4648016729038724,320.8207673792619,0.0,17.0,0.36458087487601964,14.285403750641414,14.285403750641414,False,inf,10.721747417673186,False,0.0,4000.0
office,dificil,0,baldosa,0.11727848645886442,0.6527127427108697,0.7706398348813209,0.8100809732284685,35,45,172.70609999832232,0.03,1,prm,PRM,True,651.1767000047257,True,14.70689384883738,1.0458604585873454,0.27457158279418964,0.5353567660052222,218.42766981127133,0.0,18.0,0.6019652849317388,14.70689384883738,14.70689384883738,False,inf,31.194250702857975,False,0.0,602.0
office,dificil,0,baldosa,0.11727848645886442,0.6527127427108697,0.7706398348813209,0.8100809732284685,35,45,172.70609999832232,0.03,1,potential,APF,True,1144.114199996693,True,338.22835704618103,24.052642811148555,0.23686094223612317,0.6856750137135649,432703.39767601603,3598.0,3807.0,0.07957747154594767,338.22835704618103,1372.52583542082,False,inf,30.43062104337383,False,0.0,6919.0
office,dificil,0,baldosa,0.11727848645886442,0.6527127427108697,0.7706398348813209,0.8100809732284685,35,45,172.70609999832232,0.03,1,hybrid_astar,Hybrid A*,True,126.04770000325516,True,14.629550062705734,1.0403602619813217,0.2721947078630385,0.5288176870601881,188.109841418995,0.0,16.0,0.8002094239979755,14.629550062705734,14.629550062705734,True,14.629550062705734,35.175694803900335,False,0.0,174.0
office,dificil,0,baldosa,0.11727848645886442,0.6527127427108697,0.7706398348813209,0.8100809732284685,35,45,172.70609999832232,0.03,1,aco,ACO,True,2246.906200001831,True,15.890770737176316,1.13005022959375,0.315,0.43112923290874416,2186.5650511770773,40.0,47.0,0.2158801300582071,15.890770737176316,16.628008309939418,False,inf,10.287599563598633,False,0.0,40.0
office,dificil,0,baldosa,0.11727848645886442,0.6527127427108697,0.7706398348813209,0.8100809732284685,35,45,172.70609999832232,0.03,1,topological,Homotopy planner,True,414.96679998817854,True,14.104679359902088,1.0030348063429322,0.24624274014375014,0.4025932642937684,240.77639430310347,3.0,9.0,0.25830778711665453,14.104679359902088,14.104679359902088,False,inf,11.044940048046655,False,0.0,21652.0
office,dificil,0,baldosa,0.11727848645886442,0.6527127427108697,0.7706398348813209,0.8100809732284685,35,45,172.70609999832232,0.03,1,slam,SLAM-based,True,1224.0290000045206,True,22.650499322048994,1.6107589985810102,0.3013099638872506,0.4755407661399888,1325.3676133628019,3.0,45.0,0.08396898304628982,22.650499322048994,24.545900901512656,False,inf,13.993994119855806,False,0.0,149.0
office,dificil,0,baldosa,0.11727848645886442,0.6527127427108697,0.7706398348813209,0.8100809732284685,35,45,172.70609999832232,0.03,1,drl,DRL (D3QN),True,25.824999989708886,True,31.612104213075444,2.2480511621977652,0.34762796401977536,0.7819888959210936,8020.474231205971,85.0,87.0,0.07957747154594767,31.612104213075444,90.45977492029684,False,inf,25.5,False,0.0,117.0
warehouse,medio,1,concreto,0.09380246921140742,0.8792109183526359,0.8792109183526359,1.0,17,17,138.1383999978425,0.04,0,tve,TVE (proposed),True,18.957500011310913,True,8.635108886216871,1.0025993308117864,0.2881677681715465,0.6156391407449745,62.95907569351344,0.0,6.0,1.0005427659656874,8.635108886216871,8.635108886216871,True,8.635108886216871,0.0,True,0.4472538822824865,
warehouse,medio,1,concreto,0.09380246921140742,0.8792109183526359,0.8792109183526359,1.0,17,17,138.1383999978425,0.04,0,teselado,WDT,True,30.184699993696995,True,9.631753383693646,1.1183170501126298,0.33736918864757925,0.8104540513284255,102.03500445443215,0.0,8.0,0.8006525749981898,9.631753383693646,9.631753383693646,True,9.631753383693646,0.0,True,0.4847080514054916,
warehouse,medio,1,concreto,0.09380246921140742,0.8792109183526359,0.8792109183526359,1.0,17,17,138.1383999978425,0.04,0,dijkstra,Dijkstra,True,8.682700005010702,True,9.03126983722081,1.048596516209679,0.31365899085998533,0.616897613999367,314.7430699754965,5.0,9.0,0.3281953372664445,9.03126983722081,9.03126983722081,False,inf,0.0,True,0.4694109535217285,7212.0
warehouse,medio,1,concreto,0.09380246921140742,0.8792109183526359,0.8792109183526359,1.0,17,17,138.1383999978425,0.04,0,astar,A*,True,2.6012999878730625,True,9.03126983722081,1.0485965162096793,0.3,0.5942204871302404,224.62056329858103,2.0,7.0,0.3374058419993311,9.03126983722081,9.03126983722081,False,inf,0.0,True,0.46,1043.0
warehouse,medio,1,concreto,0.09380246921140742,0.8792109183526359,0.8792109183526359,1.0,17,17,138.1383999978425,0.04,0,theta,Theta*,True,250.4138999938732,True,8.699884598907863,1.0101202650643362,0.2614763254589497,0.625618318683628,61.794431429537475,1.0,4.0,0.4133766689003827,8.699884598907863,8.699884598907863,False,inf,0.0,True,0.42947629292805917,1095.0
warehouse,medio,1,concreto,0.09380246921140742,0.8792109183526359,0.8792109183526359,1.0,17,17,138.1383999978425,0.04,0,visibility,Visibility graph,True,1873.923899998772,True,8.612721573657128,1.0,0.27067032395809476,0.6215364518426475,61.831796658156506,0.0,5.0,0.6012307782711009,8.612721573657128,8.612721573657128,False,inf,0.0,True,0.4234352723098148,132.0
warehouse,medio,1,concreto,0.09380246921140742,0.8792109183526359,0.8792109183526359,1.0,17,17,138.1383999978425,0.04,0,rrt,RRT,True,17.917300006956793,True,10.662272893498576,1.2379679062318938,0.37941857894230907,0.730058895085219,708.1271003470091,7.0,18.0,0.15627696995521728,10.662272893498576,14.214868580437104,False,inf,0.0,True,0.5528880562538052,117.0
warehouse,medio,1,concreto,0.09380246921140742,0.8792109183526359,0.8792109183526359,1.0,17,17,138.1383999978425,0.04,0,rrt_star,RRT*,True,1830.2642999915406,True,8.630766630263619,1.0020951631202943,0.2585665691485965,0.620030649296435,88.80276543671107,0.0,7.0,0.38873059280362965,8.630766630263619,8.630766630263619,False,inf,0.0,True,0.4075690464587312,4000.0
warehouse,medio,1,concreto,0.09380246921140742,0.8792109183526359,0.8792109183526359,1.0,17,17,138.1383999978425,0.04,0,prm,PRM,True,669.9582000001101,True,9.879737350309615,1.147109803308606,0.3115087368437801,0.7420353318381272,278.94328118217624,2.0,10.0,0.16443612131928767,9.879737350309615,10.847620451753379,False,inf,0.0,True,0.4795086910674129,602.0
warehouse,medio,1,concreto,0.09380246921140742,0.8792109183526359,0.8792109183526359,1.0,17,17,138.1383999978425,0.04,0,potential,APF,True,113.88799999258481,True,33.054118535199706,3.837825042005194,0.39212662775825946,0.7573153127397,42450.80705204409,292.0,317.0,0.07957747154594767,33.054118535199706,96.63349588173696,False,inf,0.0,True,0.6086323721653619,667.0
warehouse,medio,1,concreto,0.09380246921140742,0.8792109183526359,0.8792109183526359,1.0,17,17,138.1383999978425,0.04,0,hybrid_astar,Hybrid A*,True,81.30630000960082,True,8.686833377950622,1.0086049228063025,0.28375471409114084,0.636974376000544,140.19279988397543,0.0,14.0,0.8562645086578995,8.686833377950622,8.686833377950622,True,8.686833377950622,0.0,True,0.4380403634433884,105.0
warehouse,medio,1,concreto,0.09380246921140742,0.8792109183526359,0.8792109183526359,1.0,17,17,138.1383999978425,0.04,0,aco,ACO,True,298.0706999951508,True,9.803287394024428,1.1382334039461772,0.34,0.5095355734826702,783.4349488229224,12.0,17.0,0.08343207776621216,9.803287394024428,11.710886333821527,False,inf,0.0,True,0.5,40.0
warehouse,medio,1,concreto,0.09380246921140742,0.8792109183526359,0.8792109183526359,1.0,17,17,138.1383999978425,0.04,0,topological,Homotopy planner,True,527.8670999978203,True,8.68663842667068,1.0085822875361063,0.2596491919003544,0.5966447009670441,72.95513406590904,1.0,4.0,0.3853954341087379,8.68663842667068,8.68663842667068,False,inf,0.0,True,0.4230723895570509,19922.0
warehouse,medio,1,concreto,0.09380246921140742,0.8792109183526359,0.8792109183526359,1.0,17,17,138.1383999978425,0.04,0,slam,SLAM-based,True,410.050600010436,True,9.218118028228258,1.070290958484342,0.35417351545220854,0.5844032454521015,419.83699870468104,0.0,17.0,0.370798483394309,9.218118028228258,9.218118028228258,False,inf,0.0,True,0.5013302034662596,61.0
warehouse,medio,1,concreto,0.09380246921140742,0.8792109183526359,0.8792109183526359,1.0,17,17,138.1383999978425,0.04,0,drl,DRL (D3QN),True,10.437800010549836,True,12.290292144821379,1.4269928546642527,0.43181398391723635,0.7954265366391688,1889.4938667035037,15.0,26.0,0.11218084535022785,12.290292144821379,20.545632339176567,False,inf,0.0,True,0.5,41.0
warehouse,medio,1,concreto,0.09380246921140742,0.8792109183526359,0.8792109183526359,1.0,17,17,138.1383999978425,0.04,1,tve,TVE (proposed),True,24.65969999320805,True,14.000057142740525,1.0,0.3283880171184023,0.6943817110959454,0.0,0.0,2.0,11863283.203031445,14.000057142740525,14.000057142740525,True,14.000057142740525,0.0,True,0.4,
warehouse,medio,1,concreto,0.09380246921140742,0.8792109183526359,0.8792109183526359,1.0,17,17,138.1383999978425,0.04,1,teselado,WDT,True,33.134699988295324,True,14.000057142740525,1.0,0.32837606837606814,0.6943806043841008,0.0,0.0,2.0,11863283.203031445,14.000057142740525,14.000057142740525,True,14.000057142740525,0.0,True,0.4,
warehouse,medio,1,concreto,0.09380246921140742,0.8792109183526359,0.8792109183526359,1.0,17,17,138.1383999978425,0.04,1,dijkstra,Dijkstra,True,16.4531999907922,True,14.089705627484774,1.0064034370595933,0.3,0.661300453660849,31.04619644570456,0.0,3.0,1.2538718930804427,14.089705627484774,14.089705627484774,True,14.089705627484774,0.0,True,0.4,14160.0
warehouse,medio,1,concreto,0.09380246921140742,0.8792109183526359,0.8792109183526359,1.0,17,17,138.1383999978425,0.04,1,astar,A*,True,1.7829999997047707,True,14.089705627484774,1.0064034370595933,0.3,0.661300453660849,31.04619644570456,0.0,3.0,1.2538718930804427,14.089705627484774,14.089705627484774,True,14.089705627484774,0.0,True,0.4,350.0
warehouse,medio,1,concreto,0.09380246921140742,0.8792109183526359,0.8792109183526359,1.0,17,17,138.1383999978425,0.04,1,theta,Theta*,True,117.50439999741502,True,14.056797112057637,1.0040528384090583,0.31689015691868805,0.6927503244577764,0.0,0.0,2.0,0.6347178768374765,14.056797112057637,14.056797112057637,False,inf,0.0,True,0.4,176.0
warehouse,medio,1,concreto,0.09380246921140742,0.8792109183526359,0.8792109183526359,1.0,17,17,138.1383999978425,0.04,1,visibility,Visibility graph,True,1854.4074000092223,True,14.000057142740525,1.0,0.3283880171184023,0.6943817110959454,0.0,0.0,2.0,11863283.203031445,14.000057142740525,14.000057142740525,True,14.000057142740525,0.0,True,0.4,132.0
warehouse,medio,1,concreto,0.09380246921140742,0.8792109183526359,0.8792109183526359,1.0,17,17,138.1383999978425,0.04,1,rrt,RRT,True,1.404099995852448,True,14.000057142740525,1.0,0.3283880171184023,0.6943817110959454,0.0,0.0,2.0,11863283.203031445,14.000057142740525,14.000057142740525,True,14.000057142740525,0.0,True,0.4,0.0
warehouse,medio,1,concreto,0.09380246921140742,0.8792109183526359,0.8792109183526359,1.0,17,17,138.1383999978425,0.04,1,rrt_star,RRT*,True,1824.626299989177,True,14.007477457382562,1.0005300203110874,0.33531535768608595,0.7308301501493061,8.537672840987495,0.0,5.0,4.254036630950246,14.007477457382562,14.007477457382562,True,14.007477457382562,0.0,True,0.4,4000.0
warehouse,medio,1,concreto,0.09380246921140742,0.8792109183526359,0.8792109183526359,1.0,17,17,138.1383999978425,0.04,1,prm,PRM,True,697.1520999941276,True,14.323953452820833,1.023135356290189,0.28,0.7433688149896093,156.35414833991726,0.0,13.0,0.6103306598987241,14.323953452820833,14.323953452820833,False,inf,0.0,True,0.4,602.0
warehouse,medio,1,concreto,0.09380246921140742,0.8792109183526359,0.8792109183526359,1.0,17,17,138.1383999978425,0.04,1,potential,APF,False,1889.799700002186,,,,,,,,,,,,,,,,,12376.0
warehouse,medio,1,concreto,0.09380246921140742,0.8792109183526359,0.8792109183526359,1.0,17,17,138.1383999978425,0.04,1,hybrid_astar,Hybrid A*,True,38.95820000616368,True,14.000057142740523,0.9999999999999999,0.32837496581653797,0.6961215916768481,0.0,0.0,2.0,11863283.203031445,14.000057142740523,14.000057142740523,True,14.000057142740523,0.0,True,0.4,36.0
warehouse,medio,1,concreto,0.09380246921140742,0.8792109183526359,0.8792109183526359,1.0,17,17,138.1383999978425,0.04,1,aco,ACO,True,361.1551999929361,True,15.497013224044734,1.1069249979511997,0.38,0.8034050872183898,1957.750976342788,34.0,37.0,0.23117443901814694,15.497013224044734,18.91055045475005,False,inf,0.0,True,0.38,40.0
warehouse,medio,1,concreto,0.09380246921140742,0.8792109183526359,0.8792109183526359,1.0,17,17,138.1383999978425,0.04,1,topological,Homotopy planner,True,523.0356999963988,True,14.000057142740525,1.0,0.3283880171184023,0.6943817110959454,0.0,0.0,2.0,11863283.203031445,14.000057142740525,14.000057142740525,True,14.000057142740525,0.0,True,0.4,14993.0
warehouse,medio,1,concreto,0.09380246921140742,0.8792109183526359,0.8792109183526359,1.0,17,17,138.1383999978425,0.04,1,slam,SLAM-based,True,700.6442999991123,True,14.257753456046245,1.0184068043921768,0.3216672313681985,0.6763408403466552,210.36105020013483,1.0,8.0,0.1552310766435467,14.257753456046245,15.283031039202864,False,inf,0.0,True,0.4,93.0
warehouse,medio,1,concreto,0.09380246921140742,0.8792109183526359,0.8792109183526359,1.0,17,17,138.1383999978425,0.04,1,drl,DRL (D3QN),True,12.24480000382755,True,18.289170853100522,1.3063640145629005,0.38,0.7876951870989197,2346.115503566285,15.0,35.0,0.10899162301878793,18.289170853100522,29.06239338798521,False,inf,0.0,True,0.4,63.0
warehouse,facil,3,alfombra,0.0,0.9631208464498077,0.9631208464498077,1.0,15,15,149.73859999736305,0.04,0,tve,TVE (proposed),True,18.704799993429333,True,13.072396915679098,1.0233340873417571,0.3924285697511781,0.7011645100660212,99.30934443216856,0.0,8.0,0.790511704972931,13.072396915679098,13.072396915679098,True,13.072396915679098,0.0,True,0.45569080889021524,
warehouse,facil,3,alfombra,0.0,0.9631208464498077,0.9631208464498077,1.0,15,15,149.73859999736305,0.04,0,teselado,WDT,True,28.912099995068274,True,14.142322759365324,1.1070900805107518,0.343441621598251,0.6968329502344688,141.07588516241523,0.0,15.0,1.036988761933661,14.142322759365324,14.142322759365324,True,14.142322759365324,0.0,True,0.43131759906868816,
warehouse,facil,3,alfombra,0.0,0.9631208464498077,0.9631208464498077,1.0,15,15,149.73859999736305,0.04,0,dijkstra,Dijkstra,True,18.002500000875443,True,13.624406922210655,1.0665465647383052,0.2936589860916138,0.4722135671010399,482.3382056504206,8.0,13.0,0.30068824566078145,13.624406922210655,13.624406922210655,False,inf,0.0,True,0.359689998626709,13346.0
warehouse,facil,3,alfombra,0.0,0.9631208464498077,0.9631208464498077,1.0,15,15,149.73859999736305,0.04,0,astar,A*,True,11.745700001483783,True,13.624406922210659,1.0665465647383054,0.2936589860916138,0.48969861274692933,662.3382056504206,7.0,17.0,0.30068824566078145,13.624406922210659,13.624406922210659,False,inf,0.0,True,0.359689998626709,3458.0
warehouse,facil,3,alfombra,0.0,0.9631208464498077,0.9631208464498077,1.0,15,15,149.73859999736305,0.04,0,theta,Theta*,True,1013.5927999945125,True,12.97160134528153,1.0154436030100602,0.25808942160314385,0.4973234708094148,98.3523374193665,1.0,6.0,0.31666189494767644,12.97160134528153,12.97160134528153,False,inf,0.0,True,0.33274166400803523,3387.0
warehouse,facil,3,alfombra,0.0,0.9631208464498077,0.9631208464498077,1.0,15,15,149.73859999736305,0.04,0,visibility,Visibility graph,True,1154.3303999933414,True,12.774319821238773,1.0,0.27462502887664886,0.6046915490489468,82.52357335889467,0.0,6.0,0.6033914927857302,12.774319821238773,12.774319821238773,False,inf,0.0,True,0.34067817573251236,102.0
warehouse,facil,3,alfombra,0.0,0.9631208464498077,0.9631208464498077,1.0,15,15,149.73859999736305,0.04,0,rrt,RRT,True,39.47610000614077,True,15.417414649658907,1.2069068933146392,0.2587600499406778,0.6446059849474933,1135.3148416636268,12.0,27.0,0.1375817788069584,15.417414649658907,21.25397734897647,False,inf,0.0,True,0.3466360465714346,337.0
warehouse,facil,3,alfombra,0.0,0.9631208464498077,0.9631208464498077,1.0,15,15,149.73859999736305,0.04,0,rrt_star,RRT*,True,1632.4419000011403,True,12.812154119730303,1.0029617466151604,0.28176829774688444,0.6093910923556276,85.86154798275062,1.0,6.0,0.4585982334458033,12.812154119730303,12.812154119730303,False,inf,0.0,True,0.342287010232263,4000.0
warehouse,facil,3,alfombra,0.0,0.9631208464498077,0.9631208464498077,1.0,15,15,149.73859999736305,0.04,0,prm,PRM,True,668.4152000088943,True,13.284589289980032,1.039944942343848,0.3209220244399725,0.6643996584932996,154.8717406167531,1.0,11.0,0.22201430035101008,13.284589289980032,14.001457270287009,False,inf,0.0,True,0.40879800939389926,602.0
warehouse,facil,3,alfombra,0.0,0.9631208464498077,0.9631208464498077,1.0,15,15,149.73859999736305,0.04,0,potential,APF,False,1981.8555000092601,,,,,,,,,,,,,,,,,12806.0
warehouse,facil,3,alfombra,0.0,0.9631208464498077,0.9631208464498077,1.0,15,15,149.73859999736305,0.04,0,hybrid_astar,Hybrid A*,True,956.1856000073021,True,13.159038267739527,1.030116550382676,0.2575744800671557,0.6413032858585244,188.8774166228671,0.0,19.0,0.8019312235156406,13.159038267739527,13.159038267739527,True,13.159038267739527,0.0,True,0.31311629808039454,1316.0
warehouse,facil,3,alfombra,0.0,0.9631208464498077,0.9631208464498077,1.0,15,15,149.73859999736305,0.04,0,aco,ACO,True,997.927799995523,True,14.301033426580268,1.119514277605854,0.34,0.4991068300772657,1016.5650511770781,16.0,20.0,0.11198453588002066,14.301033426580268,16.538917696749607,False,inf,0.0,True,0.46,40.0
warehouse,facil,3,alfombra,0.0,0.9631208464498077,0.9631208464498077,1.0,15,15,149.73859999736305,0.04,0,topological,Homotopy planner,True,471.6709000058472,True,12.778032506234759,1.0002906366090671,0.25717205409606947,0.5864334167622987,77.8892129976183,1.0,5.0,0.21447893606263577,12.778032506234759,13.52008646273805,False,inf,0.0,True,0.3324418430990738,18856.0
warehouse,facil,3,alfombra,0.0,0.9631208464498077,0.9631208464498077,1.0,15,15,149.73859999736305,0.04,0,slam,SLAM-based,True,680.407899999409,True,13.477806497242193,1.0550703822863268,0.2954501869148263,0.517435482507874,473.61585234119866,2.0,16.0,0.31750170008794487,13.477806497242193,13.477806497242193,False,inf,0.0,True,0.37474055050444594,89.0
warehouse,facil,3,alfombra,0.0,0.9631208464498077,0.9631208464498077,1.0,15,15,149.73859999736305,0.04,0,drl,DRL (D3QN),True,25.98599999328144,True,37.84752446346373,2.962781971415642,0.4355039596557617,0.6647775841061233,6456.037511025422,38.0,74.0,0.07957747154594767,37.84752446346373,81.05680123855541,False,inf,0.0,True,0.5233799362182617,146.0
warehouse,facil,3,alfombra,0.0,0.9631208464498077,0.9631208464498077,1.0,15,15,149.73859999736305,0.04,1,tve,TVE (proposed),True,129.38199999916833,True,16.258236331529236,1.0419317013346665,0.2539461054843803,0.4737996632320837,400.3509866069414,0.0,23.0,0.3501214858754447,16.258236331529236,16.258236331529236,False,inf,0.0,True,0.31003178911493784,
warehouse,facil,3,alfombra,0.0,0.9631208464498077,0.9631208464498077,1.0,15,15,149.73859999736305,0.04,1,teselado,WDT,True,67.35510000726208,True,17.740680892222787,1.1369362240738479,0.26362798690795897,0.5461810504013446,310.21143821593125,0.0,25.0,0.8829179914295356,17.740680892222787,17.740680892222787,True,17.740680892222787,0.0,True,0.31962799072265624,
warehouse,facil,3,alfombra,0.0,0.9631208464498077,0.9631208464498077,1.0,15,15,149.73859999736305,0.04,1,dijkstra,Dijkstra,True,16.901799986953847,True,16.74205194208883,1.0729376980469316,0.2936589860916138,0.4346673709724788,764.5626361324793,10.0,19.0,0.2893622737433162,16.74205194208883,16.74205194208883,False,inf,0.0,True,0.359689998626709,13124.0
warehouse,facil,3,alfombra,0.0,0.9631208464498077,0.9631208464498077,1.0,15,15,149.73859999736305,0.04,1,astar,A*,True,8.622499997727573,True,16.74205194208883,1.0729376980469316,0.2936589860916138,0.49471034609869285,824.0362434679266,9.0,20.0,0.2893622737433162,16.74205194208883,16.74205194208883,False,inf,0.0,True,0.359689998626709,4543.0
warehouse,facil,3,alfombra,0.0,0.9631208464498077,0.9631208464498077,1.0,15,15,149.73859999736305,0.04,1,theta,Theta*,True,1118.2488999911584,True,15.78922412661285,1.011874401474437,0.2567769887712268,0.4650436293575184,237.4882339012058,3.0,7.0,0.11858785938518528,15.78922412661285,17.13130875413736,False,inf,0.0,True,0.34291701190185464,4302.0
warehouse,facil,3,alfombra,0.0,0.9631208464498077,0.9631208464498077,1.0,15,15,149.73859999736305,0.04,1,visibility,Visibility graph,True,1101.4989999966929,True,15.603936717448164,1.0,0.26581257118398155,0.4727335206638743,236.21140294798337,1.0,9.0,0.4264567442481107,15.603936717448164,15.603936717448164,False,inf,0.0,True,0.34052899948806137,102.0
warehouse,facil,3,alfombra,0.0,0.9631208464498077,0.9631208464498077,1.0,15,15,149.73859999736305,0.04,1,rrt,RRT,True,82.21920000505634,True,21.37624231951257,1.3699262376275771,0.27499493187975305,0.6374711172420716,1579.5372671566224,18.0,36.0,0.15292384995855218,21.37624231951257,30.166529657388423,False,inf,0.0,True,0.35499493187975306,752.0
warehouse,facil,3,alfombra,0.0,0.9631208464498077,0.9631208464498077,1.0,15,15,149.73859999736305,0.04,1,rrt_star,RRT*,True,1797.0650000061141,True,15.796961519730672,1.0123702630802565,0.26415305999778244,0.4807293378636257,288.63421633805945,2.0,17.0,0.2594337528469849,15.796961519730672,15.796961519730672,False,inf,0.0,True,0.35202905850837696,4000.0
warehouse,facil,3,alfombra,0.0,0.9631208464498077,0.9631208464498077,1.0,15,15,149.73859999736305,0.04,1,prm,PRM,True,670.029800006887,True,16.276407656505164,1.0430962359841571,0.2701832474602595,0.49429920135393657,363.82279001434557,3.0,15.0,0.23438665064078948,16.276407656505164,16.95543499298863,False,inf,0.0,True,0.3404840996039758,602.0
warehouse,facil,3,alfombra,0.0,0.9631208464498077,0.9631208464498077,1.0,15,15,149.73859999736305,0.04,1,potential,APF,False,1806.492999996408,,,,,,,,,,,,,,,,,11570.0
warehouse,facil,3,alfombra,0.0,0.9631208464498077,0.9631208464498077,1.0,15,15,149.73859999736305,0.04,1,hybrid_astar,Hybrid A*,True,514.240599994082,True,16.0577600624282,1.0290839006333945,0.26811932247934467,0.5394033755035798,311.2240991821502,0.0,23.0,0.7950403033401269,16.0577600624282,16.0577600624282,True,16.0577600624282,0.0,True,0.32939597904220336,744.0
warehouse,facil,3,alfombra,0.0,0.9631208464498077,0.9631208464498077,1.0,15,15,149.73859999736305,0.04,1,aco,ACO,True,2518.4334999939892,True,18.251038100869568,1.16964317603656,0.32,0.5334392041842255,2456.565051177078,46.0,48.0,0.17049440967372426,18.251038100869568,23.70442990409314,False,inf,0.0,True,0.4,40.0
warehouse,facil,3,alfombra,0.0,0.9631208464498077,0.9631208464498077,1.0,15,15,149.73859999736305,0.04,1,topological,Homotopy planner,True,591.9893000100274,True,15.773467034216468,1.0108645862796108,0.2560074434948266,0.4609606153260255,242.72542099778633,3.0,6.0,0.29116667818775693,15.773467034216468,15.773467034216468,False,inf,0.0,True,0.32394505878058305,23049.0
warehouse,facil,3,alfombra,0.0,0.9631208464498077,0.9631208464498077,1.0,15,15,149.73859999736305,0.04,1,slam,SLAM-based,True,848.3363999985158,True,17.002150115929982,1.0896064514872295,0.32,0.5744735674328959,721.5523187320721,1.0,26.0,0.3504892267572982,17.002150115929982,17.002150115929982,False,inf,0.0,True,0.4,111.0
warehouse,facil,3,alfombra,0.0,0.9631208464498077,0.9631208464498077,1.0,15,15,149.73859999736305,0.04,1,drl,DRL (D3QN),True,20.59699999517761,True,28.52525576561863,1.8280807133575452,0.32,0.6158373475034569,6397.125016348902,43.0,59.0,0.07957747154594767,28.52525576561863,79.90371365836491,False,inf,0.0,True,0.4,109.0
warehouse,medio,0,concreto,0.01716565749367583,0.9523169172435078,0.9523169172435078,1.0,18,18,140.9503000031691,0.04,0,tve,TVE (proposed),True,96.03710001101717,True,10.477250016431462,0.9975968213805467,0.25398386275274587,0.44328267972953067,105.38069407890843,0.0,7.0,0.5363928581908821,10.477250016431462,10.477250016431462,False,inf,0.0,True,0.33655042253302325,
warehouse,medio,0,concreto,0.01716565749367583,0.9523169172435078,0.9523169172435078,1.0,18,18,140.9503000031691,0.04,0,teselado,WDT,True,68.96649999544024,True,10.607183768511138,1.0099685313102942,0.26362798690795897,0.5020843506457713,110.47659280015395,0.0,11.0,0.6347612735586065,10.607183768511138,10.607183768511138,False,inf,0.0,True,0.3515039825439453,
warehouse,medio,0,concreto,0.01716565749367583,0.9523169172435078,0.9523169172435078,1.0,18,18,140.9503000031691,0.04,0,dijkstra,Dijkstra,True,4.535500003839843,True,11.121134439257935,1.0589046123124,0.28,0.511691754244539,738.8143855243412,12.0,17.0,0.3322263517776065,11.121134439257935,11.121134439257935,False,inf,0.0,True,0.36,3140.0
warehouse,medio,0,concreto,0.01716565749367583,0.9523169172435078,0.9523169172435078,1.0,18,18,140.9503000031691,0.04,0,astar,A*,True,3.0841999978292733,True,11.121134439257935,1.0589046123124,0.28,0.4177046773726727,918.814385524341,16.0,21.0,0.33207766363345675,11.121134439257935,11.121134439257935,False,inf,0.0,True,0.36,1256.0
warehouse,medio,0,concreto,0.01716565749367583,0.9523169172435078,0.9523169172435078,1.0,18,18,140.9503000031691,0.04,0,theta,Theta*,True,309.7542000032263,True,10.646720449032916,1.0137330369539133,0.26,0.44291891222312346,197.38054431940014,2.0,6.0,0.28884995688271115,10.646720449032916,10.646720449032916,False,inf,0.0,True,0.34,1306.0
warehouse,medio,0,concreto,0.01716565749367583,0.9523169172435078,0.9523169172435078,1.0,18,18,140.9503000031691,0.04,0,visibility,Visibility graph,True,2013.7028000026476,True,10.50248937434693,1.0,0.272253026286312,0.4540756061436354,104.96891255468627,0.0,7.0,0.4615956519740383,10.50248937434693,10.50248937434693,False,inf,0.0,True,0.3531812538856135,136.0
warehouse,medio,0,concreto,0.01716565749367583,0.9523169172435078,0.9523169172435078,1.0,18,18,140.9503000031691,0.04,0,rrt,RRT,True,14.271499996539205,True,14.074964918617427,1.3401551210322118,0.28,0.7739406971495598,1202.779770270906,12.0,27.0,0.11998068867224795,14.074964918617427,19.5996280273326,False,inf,0.0,True,0.36,236.0
warehouse,medio,0,concreto,0.01716565749367583,0.9523169172435078,0.9523169172435078,1.0,18,18,140.9503000031691,0.04,0,rrt_star,RRT*,True,1732.4363999941852,True,10.517420288548125,1.0014216547781203,0.2574599296229877,0.46300833759784427,108.05229055809815,1.0,10.0,0.35543509178432275,10.517420288548125,10.517420288548125,False,inf,0.0,True,0.3453359262368449,4000.0
warehouse,medio,0,concreto,0.01716565749367583,0.9523169172435078,0.9523169172435078,1.0,18,18,140.9503000031691,0.04,0,prm,PRM,True,699.1269999998622,True,10.783540098351708,1.0267603911784253,0.2673684210526312,0.5051344920801859,172.44372780674124,1.0,12.0,0.25454769405254907,10.783540098351708,10.783540098351708,False,inf,0.0,True,0.3477503083881587,602.0
warehouse,medio,0,concreto,0.01716565749367583,0.9523169172435078,0.9523169172435078,1.0,18,18,140.9503000031691,0.04,0,potential,APF,False,1897.028200008208,,,,,,,,,,,,,,,,,12081.0
warehouse,medio,0,concreto,0.01716565749367583,0.9523169172435078,0.9523169172435078,1.0,18,18,140.9503000031691,0.04,0,hybrid_astar,Hybrid A*,False,5.371999999624677,,,,,,,,,,,,,,,,,1.0
warehouse,medio,0,concreto,0.01716565749367583,0.9523169172435078,0.9523169172435078,1.0,18,18,140.9503000031691,0.04,0,aco,ACO,True,292.7388999960385,True,11.494546615803676,1.0944592473361523,0.28,0.47358467749920435,695.2248594311682,13.0,15.0,0.2248031725409084,11.494546615803676,12.202521246646278,False,inf,0.0,True,0.36,40.0
warehouse,medio,0,concreto,0.01716565749367583,0.9523169172435078,0.9523169172435078,1.0,18,18,140.9503000031691,0.04,0,topological,Homotopy planner,True,663.9498000004096,True,10.533566101745514,1.0029589867974056,0.25747805986088385,0.43669182215623453,102.81782957537465,1.0,5.0,0.21984938423198855,10.533566101745514,11.257493274195324,False,inf,0.0,True,0.3401507005360796,12386.0
warehouse,medio,0,concreto,0.01716565749367583,0.9523169172435078,0.9523169172435078,1.0,18,18,140.9503000031691,0.04,0,slam,SLAM-based,True,541.6340000083437,True,11.0752056553578,1.0545314792138492,0.28,0.48446915120430156,692.6233861638847,2.0,21.0,0.12863110413478335,11.0752056553578,12.312503151654873,False,inf,0.0,True,0.36,73.0
warehouse,medio,0,concreto,0.01716565749367583,0.9523169172435078,0.9523169172435078,1.0,18,18,140.9503000031691,0.04,0,drl,DRL (D3QN),True,9.610900000552647,True,14.477416590982063,1.3784747667866417,0.28,0.716894867909044,2302.253194612725,17.0,33.0,0.12964861557223906,14.477416590982063,27.738644026109192,False,inf,0.0,True,0.36,52.0
warehouse,medio,0,concreto,0.01716565749367583,0.9523169172435078,0.9523169172435078,1.0,18,18,140.9503000031691,0.04,1,tve,TVE (proposed),True,102.27940000186209,True,10.793833722931796,1.022418126341761,0.253445165558788,0.5987552899521631,246.38414848088436,1.0,13.0,0.2517252319171397,10.793833722931796,10.793833722931796,False,inf,0.0,True,0.30996205876581434,
warehouse,medio,0,concreto,0.01716565749367583,0.9523169172435078,0.9523169172435078,1.0,18,18,140.9503000031691,0.04,1,teselado,WDT,True,94.808900001226,True,10.611149649680552,1.0051138475581072,0.26362798690795897,0.7109827812275156,70.44646730630154,0.0,8.0,0.8790616649594257,10.611149649680552,10.611149649680552,True,10.611149649680552,0.0,True,0.3515039825439453,
warehouse,medio,0,concreto,0.01716565749367583,0.9523169172435078,0.9523169172435078,1.0,18,18,140.9503000031691,0.04,1,dijkstra,Dijkstra,True,18.427100003464147,True,11.304406922210658,1.070780858913597,0.3,0.6011078996179009,300.7475470696112,4.0,9.0,0.38724390108637297,11.304406922210658,11.304406922210658,False,inf,0.0,True,0.4036279678344727,11927.0
warehouse,medio,0,concreto,0.01716565749367583,0.9523169172435078,0.9523169172435078,1.0,18,18,140.9503000031691,0.04,1,astar,A*,True,9.40450000052806,True,11.304406922210656,1.0707808589135968,0.2936589860916138,0.6050439169033631,705.9637565320737,13.0,18.0,0.3188121342203351,11.304406922210656,11.304406922210656,False,inf,0.0,True,0.3675659942626953,2784.0
warehouse,medio,0,concreto,0.01716565749367583,0.9523169172435078,0.9523169172435078,1.0,18,18,140.9503000031691,0.04,1,theta,Theta*,True,569.0382999891881,True,10.619520311004953,1.0059067369139394,0.2595555835913031,0.6758098558059372,71.45078985821578,1.0,4.0,0.2790840203469419,10.619520311004953,10.619520311004953,False,inf,0.0,True,0.3474315850202697,2591.0
warehouse,medio,0,concreto,0.01716565749367583,0.9523169172435078,0.9523169172435078,1.0,18,18,140.9503000031691,0.04,1,visibility,Visibility graph,True,1989.7902000084287,True,10.5571619329094,1.0,0.26790461488015105,0.6716184886790206,69.5318561213391,0.0,5.0,0.3375378021325745,10.5571619329094,10.5571619329094,False,inf,0.0,True,0.34732452539782294,136.0
warehouse,medio,0,concreto,0.01716565749367583,0.9523169172435078,0.9523169172435078,1.0,18,18,140.9503000031691,0.04,1,rrt,RRT,True,14.560099996742792,True,13.041985692533498,1.2353685370571288,0.30683972520814634,0.7705537732928012,846.7694981125159,11.0,23.0,0.17506717038241362,13.041985692533498,16.10134719019743,False,inf,0.0,True,0.3868397121047737,147.0
warehouse,medio,0,concreto,0.01716565749367583,0.9523169172435078,0.9523169172435078,1.0,18,18,140.9503000031691,0.04,1,rrt_star,RRT*,True,1809.8603999969782,True,10.588401328908699,1.0029590714055372,0.2574599296229877,0.7069410687191223,78.87613236452319,1.0,7.0,0.3484354829072287,10.588401328908699,10.588401328908699,False,inf,0.0,True,0.3453359262368449,4000.0
warehouse,medio,0,concreto,0.01716565749367583,0.9523169172435078,0.9523169172435078,1.0,18,18,140.9503000031691,0.04,1,prm,PRM,True,681.509999994887,True,10.888491268392416,1.0313843187770166,0.2785736465454101,0.7081985559950653,181.16196917432745,1.0,11.0,0.4468631200098841,10.888491268392416,10.888491268392416,False,inf,0.0,True,0.35857364430147054,602.0
warehouse,medio,0,concreto,0.01716565749367583,0.9523169172435078,0.9523169172435078,1.0,18,18,140.9503000031691,0.04,1,potential,APF,False,1908.1077000009827,,,,,,,,,,,,,,,,,12022.0
warehouse,medio,0,concreto,0.01716565749367583,0.9523169172435078,0.9523169172435078,1.0,18,18,140.9503000031691,0.04,1,hybrid_astar,Hybrid A*,True,139.84899999923073,True,10.783889002356418,1.0214761382735118,0.2672517809368423,0.7009947840404988,187.1029595649718,0.0,15.0,0.8833197827260151,10.783889002356418,10.783889002356418,True,10.783889002356418,0.0,True,0.34025741365259243,213.0
warehouse,medio,0,concreto,0.01716565749367583,0.9523169172435078,0.9523169172435078,1.0,18,18,140.9503000031691,0.04,1,aco,ACO,True,1276.907299994491,True,11.680603656102164,1.106415126558844,0.38,0.6287717625925311,756.8698976458442,15.0,17.0,0.29033294356013006,11.680603656102164,11.680603656102164,False,inf,0.0,True,0.46,40.0
warehouse,medio,0,concreto,0.01716565749367583,0.9523169172435078,0.9523169172435078,1.0,18,18,140.9503000031691,0.04,1,topological,Homotopy planner,True,602.7644999994664,True,10.56068836378283,1.0003340320908063,0.2558139393268829,0.6693305919660771,67.30717536882034,1.0,4.0,0.3113022413274032,10.56068836378283,10.56068836378283,False,inf,0.0,True,0.3419876051896646,19890.0
warehouse,medio,0,concreto,0.01716565749367583,0.9523169172435078,0.9523169172435078,1.0,18,18,140.9503000031691,0.04,1,slam,SLAM-based,True,1771.0118999966653,True,35.43283021493412,3.3562836717016564,0.28996550901968365,0.5375583016771001,1494.2885462783595,5.0,52.0,0.10787999893486656,35.43283021493412,36.90812632786778,False,inf,0.0,True,0.3794846458823292,232.0
warehouse,medio,0,concreto,0.01716565749367583,0.9523169172435078,0.9523169172435078,1.0,18,18,140.9503000031691,0.04,1,drl,DRL (D3QN),True,10.70840000465978,True,15.697413283526929,1.486897083068702,0.3675659942626953,0.911772355161914,3183.6900675259794,20.0,36.0,0.07957747154594767,15.697413283526929,34.70745717527546,False,inf,0.0,True,0.44756599426269533,59.0
warehouse,medio,3,uniforme,0.08446300712050704,0.9347775349557615,0.9347775349557615,1.0,15,15,137.71579999593087,0.04,0,tve,TVE (proposed),True,103.91740000341088,True,13.248467967665306,1.0509280832433496,0.2539381875978982,0.44834549669627777,335.17204110075915,0.0,18.0,0.5236504395325201,13.248467967665306,13.248467967665306,False,inf,0.0,True,0.30165694640876495,
warehouse,medio,3,uniforme,0.08446300712050704,0.9347775349557615,0.9347775349557615,1.0,15,15,137.71579999593087,0.04,0,teselado,WDT,True,68.35889999638312,True,13.67550171649355,1.0848023213991578,0.26362798690795897,0.5579618020109907,223.1767318929025,0.0,17.0,0.42765526415293265,13.67550171649355,13.67550171649355,False,inf,0.0,True,0.31962799072265624,
warehouse,medio,3,uniforme,0.08446300712050704,0.9347775349557615,0.9347775349557615,1.0,15,15,137.71579999593087,0.04,0,dijkstra,Dijkstra,True,7.643399992957711,True,13.304406922210656,1.0553654127838263,0.3,0.5184521477478352,329.3527915151995,3.0,9.0,0.18614742484482993,13.304406922210656,14.159400985247332,False,inf,0.0,True,0.34,5979.0
warehouse,medio,3,uniforme,0.08446300712050704,0.9347775349557615,0.9347775349557615,1.0,15,15,137.71579999593087,0.04,0,astar,A*,True,4.203399992547929,True,13.304406922210656,1.0553654127838263,0.2936589860916138,0.4849021521165182,540.1275923594959,11.0,14.0,0.19627503266597413,13.304406922210656,14.115284092526808,False,inf,0.0,True,0.34,2120.0
warehouse,medio,3,uniforme,0.08446300712050704,0.9347775349557615,0.9347775349557615,1.0,15,15,137.71579999593087,0.04,0,theta,Theta*,True,491.74530000891536,True,12.708010569610472,1.0080565709448188,0.2634162057679278,0.48594762462010493,143.28410935469702,2.0,6.0,0.37136211336902136,12.708010569610472,12.708010569610472,False,inf,0.0,True,0.34,2128.0
warehouse,medio,3,uniforme,0.08446300712050704,0.9347775349557615,0.9347775349557615,1.0,15,15,137.71579999593087,0.04,0,visibility,Visibility graph,True,1234.8198999970919,True,12.60644584430382,1.0,0.27067032395809365,0.48431090437478125,146.1871667131355,0.0,8.0,0.45396010517266105,12.60644584430382,12.60644584430382,False,inf,0.0,True,0.3372598581242642,109.0
warehouse,medio,3,uniforme,0.08446300712050704,0.9347775349557615,0.9347775349557615,1.0,15,15,137.71579999593087,0.04,0,rrt,RRT,True,48.334300008718856,True,15.901081386371017,1.2613453135608292,0.2552940750087299,0.5066269102838998,1170.0278479681785,14.0,25.0,0.15639106694259394,15.901081386371017,23.797677366060153,False,inf,0.0,True,0.30628623656113635,478.0
warehouse,medio,3,uniforme,0.08446300712050704,0.9347775349557615,0.9347775349557615,1.0,15,15,137.71579999593087,0.04,0,rrt_star,RRT*,True,1889.4765000004554,True,12.640164702312061,1.002674731516296,0.2614074317740023,0.49141755217968713,189.8505872422718,1.0,14.0,0.37523946268254904,12.640164702312061,12.640164702312061,False,inf,0.0,True,0.3036120641421553,4000.0
warehouse,medio,3,uniforme,0.08446300712050704,0.9347775349557615,0.9347775349557615,1.0,15,15,137.71579999593087,0.04,0,prm,PRM,True,666.2370999983978,True,12.981316416326061,1.0297364202926096,0.2620527877807618,0.49989769021911656,258.3988826057058,2.0,11.0,0.2161683564140048,12.981316416326061,14.384123143647011,False,inf,0.0,True,0.29985793930053767,602.0
warehouse,medio,3,uniforme,0.08446300712050704,0.9347775349557615,0.9347775349557615,1.0,15,15,137.71579999593087,0.04,0,potential,APF,False,1908.8083000096958,,,,,,,,,,,,,,,,,11655.0
warehouse,medio,3,uniforme,0.08446300712050704,0.9347775349557615,0.9347775349557615,1.0,15,15,137.71579999593087,0.04,0,hybrid_astar,Hybrid A*,False,5.06630000018049,,,,,,,,,,,,,,,,,1.0
warehouse,medio,3,uniforme,0.08446300712050704,0.9347775349557615,0.9347775349557615,1.0,15,15,137.71579999593087,0.04,0,aco,ACO,True,786.8415000120876,True,14.065053629115798,1.1157033316786145,0.303627986907959,0.4906976452284744,1249.6951535312342,18.0,26.0,0.08895056233481556,14.065053629115798,15.854305309086365,False,inf,0.0,True,0.36,40.0
warehouse,medio,3,uniforme,0.08446300712050704,0.9347775349557615,0.9347775349557615,1.0,15,15,137.71579999593087,0.04,0,topological,Homotopy planner,True,553.2028000015998,True,12.951148688645489,1.0273433804102226,0.25758677833829685,0.518277985423581,163.6807923281164,1.0,6.0,0.3276685224683705,12.951148688645489,12.951148688645489,False,inf,0.0,True,0.30040863106987675,17025.0
warehouse,medio,3,uniforme,0.08446300712050704,0.9347775349557615,0.9347775349557615,1.0,15,15,137.71579999593087,0.04,0,slam,SLAM-based,True,710.7954000093741,True,14.680508664233827,1.164523993958786,0.303627986907959,0.62405325822677,506.7702816329383,3.0,14.0,0.14663734572614875,14.680508664233827,15.76587298465138,False,inf,0.0,True,0.36,94.0
warehouse,medio,3,uniforme,0.08446300712050704,0.9347775349557615,0.9347775349557615,1.0,15,15,137.71579999593087,0.04,0,drl,DRL (D3QN),True,17.405199992936105,True,23.727593303557416,1.8821794498311073,0.303627986907959,0.5978329917233817,4113.43494882292,25.0,49.0,0.07957747154594767,23.727593303557416,48.41032715430609,False,inf,0.0,True,0.36,87.0
warehouse,medio,3,uniforme,0.08446300712050704,0.9347775349557615,0.9347775349557615,1.0,15,15,137.71579999593087,0.04,1,tve,TVE (proposed),True,113.38339999201708,True,11.74040457381774,1.0898011712342968,0.253445165558788,0.4531324093925177,415.4020246870366,0.0,20.0,0.24392915292596537,11.74040457381774,11.74040457381774,False,inf,0.0,True,0.33271951984106524,
warehouse,medio,3,uniforme,0.08446300712050704,0.9347775349557615,0.9347775349557615,1.0,15,15,137.71579999593087,0.04,1,teselado,WDT,True,75.48489999317098,True,11.074492604001193,1.0279879994579666,0.26362798690795897,0.5071763338251882,156.70465395989007,0.0,10.0,0.41852540531134585,11.074492604001193,11.074492604001193,False,inf,0.0,True,0.33635135425659046,
warehouse,medio,3,uniforme,0.08446300712050704,0.9347775349557615,0.9347775349557615,1.0,15,15,137.71579999593087,0.04,1,dijkstra,Dijkstra,True,4.066499997861683,True,11.575189027078677,1.0744650646112015,0.29172099113464356,0.5327021334511893,572.866329333356,9.0,15.0,0.34632887327596545,11.575189027078677,11.575189027078677,False,inf,0.0,True,0.34,2823.0
warehouse,medio,3,uniforme,0.08446300712050704,0.9347775349557615,0.9347775349557615,1.0,15,15,137.71579999593087,0.04,1,astar,A*,True,3.526499989675358,True,11.575189027078677,1.0744650646112015,0.29172099113464356,0.5338691039045318,932.8663293333561,12.0,23.0,0.30027805432257576,11.575189027078677,11.575189027078677,False,inf,0.0,True,0.34,1525.0
warehouse,medio,3,uniforme,0.08446300712050704,0.9347775349557615,0.9347775349557615,1.0,15,15,137.71579999593087,0.04,1,theta,Theta*,True,319.9996000039391,True,10.92337719428633,1.013960735792277,0.26058717316496205,0.5409697360850857,119.01550242599545,1.0,5.0,0.3674625338410253,10.92337719428633,10.92337719428633,False,inf,0.0,True,0.33508477384522806,1468.0
warehouse,medio,3,uniforme,0.08446300712050704,0.9347775349557615,0.9347775349557615,1.0,15,15,137.71579999593087,0.04,1,visibility,Visibility graph,True,1282.791100005852,True,10.772978487920586,1.0,0.26588311672652426,0.5322708239467718,108.15199682945833,0.0,7.0,0.6681000528090538,10.772978487920586,10.772978487920586,False,inf,0.0,True,0.3429840165608235,109.0
warehouse,medio,3,uniforme,0.08446300712050704,0.9347775349557615,0.9347775349557615,1.0,15,15,137.71579999593087,0.04,1,rrt,RRT,False,324.2525999958161,,,,,,,,,,,,,,,,,6000.0
warehouse,medio,3,uniforme,0.08446300712050704,0.9347775349557615,0.9347775349557615,1.0,15,15,137.71579999593087,0.04,1,rrt_star,RRT*,True,476.72469999815803,True,10.911007310233074,1.0128125032893416,0.26409798848305793,0.5531740945178721,133.5749496967037,1.0,8.0,0.40898028935526276,10.911007310233074,10.911007310233074,False,inf,0.0,True,0.34690810063457705,4000.0
warehouse,medio,3,uniforme,0.08446300712050704,0.9347775349557615,0.9347775349557615,1.0,15,15,137.71579999593087,0.04,1,prm,PRM,False,708.4257000096841,,,,,,,,,,,,,,,,,602.0
warehouse,medio,3,uniforme,0.08446300712050704,0.9347775349557615,0.9347775349557615,1.0,15,15,137.71579999593087,0.04,1,potential,APF,False,1813.2628000021214,,,,,,,,,,,,,,,,,11500.0
warehouse,medio,3,uniforme,0.08446300712050704,0.9347775349557615,0.9347775349557615,1.0,15,15,137.71579999593087,0.04,1,hybrid_astar,Hybrid A*,True,64.89230001170654,True,10.947236516488944,1.0161754735483552,0.275187950953463,0.5972773128322063,185.42943078715138,0.0,16.0,0.7983555735069763,10.947236516488944,10.947236516488944,True,10.947236516488944,0.0,True,0.3466818095858386,102.0
warehouse,medio,3,uniforme,0.08446300712050704,0.9347775349557615,0.9347775349557615,1.0,15,15,137.71579999593087,0.04,1,aco,ACO,False,1005.6812999973772,,,,,,,,,,,,,,,,,40.0
warehouse,medio,3,uniforme,0.08446300712050704,0.9347775349557615,0.9347775349557615,1.0,15,15,137.71579999593087,0.04,1,topological,Homotopy planner,True,576.1803000059444,True,10.895770110885856,1.0113981127042027,0.2541316711607322,0.5368546972014084,125.75303020264651,1.0,5.0,0.2859225572770937,10.895770110885856,10.895770110885856,False,inf,0.0,True,0.332765268354836,11708.0
warehouse,medio,3,uniforme,0.08446300712050704,0.9347775349557615,0.9347775349557615,1.0,15,15,137.71579999593087,0.04,1,slam,SLAM-based,True,601.0066000017105,True,11.597300622789621,1.076517569936051,0.31999999999999995,0.5412585789926617,664.3822759912131,1.0,23.0,0.10625060213048183,11.597300622789621,13.095221010068405,False,inf,0.0,True,0.3415390120986513,76.0
warehouse,medio,3,uniforme,0.08446300712050704,0.9347775349557615,0.9347775349557615,1.0,15,15,137.71579999593087,0.04,1,drl,DRL (D3QN),False,102.55409999808762,,,,,,,,,,,,,,,,,537.0
warehouse,medio,2,madera,0.008545585971967985,0.9363557840183706,0.9363557840183706,1.0,19,19,145.12010000180453,0.04,0,tve,TVE (proposed),True,53.83140000049025,True,15.01615339413145,0.9898073006518187,0.28,0.44022688033935126,231.75008692530028,1.0,10.0,0.2087496374689243,15.01615339413145,15.778573607271165,False,inf,0.0,True,0.36,
warehouse,medio,2,madera,0.008545585971967985,0.9363557840183706,0.9363557840183706,1.0,19,19,145.12010000180453,0.04,0,teselado,WDT,True,60.928899998543784,True,16.049548428410333,1.0579247420856766,0.2619064146226447,0.5406231151464532,120.46614739910827,0.0,11.0,1.1268179161308272,16.049548428410333,16.049548428410333,True,16.049548428410333,0.0,True,0.3177361576382737,
warehouse,medio,2,madera,0.008545585971967985,0.9363557840183706,0.9363557840183706,1.0,19,19,145.12010000180453,0.04,0,dijkstra,Dijkstra,True,11.182900008861907,True,15.191269837220812,1.0013503056601298,0.28,0.37335751930013616,489.8055710922652,6.0,13.0,0.2893833607249155,15.191269837220812,15.191269837220812,False,inf,0.0,True,0.34,8752.0
warehouse,medio,2,madera,0.008545585971967985,0.9363557840183706,0.9363557840183706,1.0,19,19,145.12010000180453,0.04,0,astar,A*,True,3.4905999928014353,True,15.191269837220812,1.0013503056601298,0.28,0.36976801124184633,399.80557109226515,4.0,11.0,0.29016353555069313,15.191269837220812,15.191269837220812,False,inf,0.0,True,0.34,1355.0
warehouse,medio,2,madera,0.008545585971967985,0.9363557840183706,0.9363557840183706,1.0,19,19,145.12010000180453,0.04,0,theta,Theta*,True,415.68190000543837,True,14.7988741901829,0.9754850879850155,0.26,0.3698821130694765,118.12339607230177,2.0,5.0,0.301620934658644,14.7988741901829,14.7988741901829,False,inf,0.0,True,0.34,1869.0
warehouse,medio,2,madera,0.008545585971967985,0.9363557840183706,0.9363557840183706,1.0,19,19,145.12010000180453,0.04,0,visibility,Visibility graph,True,1447.3967000085395,True,15.170784640851657,1.0,0.2647229115008288,0.5203388344242091,80.97763959277701,0.0,6.0,0.5053203852594279,15.170784640851657,15.170784640851657,False,inf,0.0,True,0.33853285899898367,114.0
warehouse,medio,2,madera,0.008545585971967985,0.9363557840183706,0.9363557840183706,1.0,19,19,145.12010000180453,0.04,0,rrt,RRT,True,25.56650000042282,True,17.412143702387024,1.1477418020620942,0.2603217918853102,0.5268225181754402,1214.7739896346998,12.0,29.0,0.13106236729459703,17.412143702387024,21.642981050712514,False,inf,0.0,True,0.3403217918853102,249.0
warehouse,medio,2,madera,0.008545585971967985,0.9363557840183706,0.9363557840183706,1.0,19,19,145.12010000180453,0.04,0,rrt_star,RRT*,True,1755.4736000020057,True,15.110550881925624,0.9960296213839964,0.26581997820828934,0.5419190510241433,77.04478117854664,0.0,8.0,0.42087962654370425,15.110550881925624,15.110550881925624,False,inf,0.0,True,0.35440790219524976,4000.0
warehouse,medio,2,madera,0.008545585971967985,0.9363557840183706,0.9363557840183706,1.0,19,19,145.12010000180453,0.04,0,prm,PRM,True,661.4146000065375,True,15.550320820779742,1.0250175708714548,0.28,0.5887902251147807,193.38383043951748,0.0,16.0,0.6214218824843897,15.550320820779742,15.550320820779742,False,inf,0.0,True,0.36,602.0
warehouse,medio,2,madera,0.008545585971967985,0.9363557840183706,0.9363557840183706,1.0,19,19,145.12010000180453,0.04,0,potential,APF,False,1732.7034999907482,,,,,,,,,,,,,,,,,11623.0
warehouse,medio,2,madera,0.008545585971967985,0.9363557840183706,0.9363557840183706,1.0,19,19,145.12010000180453,0.04,0,hybrid_astar,Hybrid A*,True,315.7128000020748,True,14.888353615722167,0.9813832288958236,0.26531884608428796,0.43978460020236965,184.0589713512652,0.0,15.0,0.7985125948349737,14.888353615722167,14.888353615722167,True,14.888353615722167,0.0,True,0.36,448.0
warehouse,medio,2,madera,0.008545585971967985,0.9363557840183706,0.9363557840183706,1.0,19,19,145.12010000180453,0.04,0,aco,ACO,True,421.61160000250675,True,16.242640687119287,1.0706526439892472,0.28,0.4660269151880075,1133.1301023541562,19.0,24.0,0.23079165293421366,16.242640687119287,18.280937287833403,False,inf,0.0,True,0.36,40.0
warehouse,medio,2,madera,0.008545585971967985,0.9363557840183706,0.9363557840183706,1.0,19,19,145.12010000180453,0.04,0,topological,Homotopy planner,True,500.5553999944823,True,14.792814981692544,0.975085688175856,0.2591676734249285,0.3702345620841392,122.45471624584958,2.0,5.0,0.34996510039308126,14.792814981692544,14.792814981692544,False,inf,0.0,True,0.36,17878.0
warehouse,medio,2,madera,0.008545585971967985,0.9363557840183706,0.9363557840183706,1.0,19,19,145.12010000180453,0.04,0,slam,SLAM-based,True,1011.117899994133,True,20.28717519077661,1.3372528627258746,0.28,0.4613724006582624,1027.8228033168848,2.0,26.0,0.0797001137339901,20.28717519077661,23.88731883499758,False,inf,0.0,True,0.36,132.0
warehouse,medio,2,madera,0.008545585971967985,0.9363557840183706,0.9363557840183706,1.0,19,19,145.12010000180453,0.04,0,drl,DRL (D3QN),True,42.289599994546734,True,60.0947318291763,3.9612144824305346,0.28,0.6273473134471771,11074.414813248728,73.0,124.0,0.07957747154594767,60.0947318291763,151.06756212769574,False,inf,0.0,True,0.36,217.0
warehouse,medio,2,madera,0.008545585971967985,0.9363557840183706,0.9363557840183706,1.0,19,19,145.12010000180453,0.04,1,tve,TVE (proposed),True,48.68819999683183,True,8.344579078659391,1.0,0.32,0.6702901389217487,0.0,0.0,2.0,11863283.203031445,8.344579078659391,8.344579078659391,True,8.344579078659391,0.0,True,0.44,
warehouse,medio,2,madera,0.008545585971967985,0.9363557840183706,0.9363557840183706,1.0,19,19,145.12010000180453,0.04,1,teselado,WDT,True,30.128700003842823,True,8.344579078659391,1.0000000000000002,0.32,0.6702901389217487,0.0,0.0,2.0,inf,8.344579078659391,8.344579078659391,True,8.344579078659391,0.0,True,0.44,
warehouse,medio,2,madera,0.008545585971967985,0.9363557840183706,0.9363557840183706,1.0,19,19,145.12010000180453,0.04,1,dijkstra,Dijkstra,True,11.40690001193434,True,8.641665222413705,1.0356022923330055,0.3,0.4432421404637061,45.14959699560251,1.0,3.0,0.37765721079014347,8.641665222413705,8.641665222413705,False,inf,0.0,True,0.42,5285.0
warehouse,medio,2,madera,0.008545585971967985,0.9363557840183706,0.9363557840183706,1.0,19,19,145.12010000180453,0.04,1,astar,A*,True,2.9098999948473647,True,8.641665222413705,1.0356022923330055,0.3,0.6807220928086417,180.0,2.0,6.0,0.4196962376298576,8.641665222413705,8.641665222413705,False,inf,0.0,True,0.42,261.0
warehouse,medio,2,madera,0.008545585971967985,0.9363557840183706,0.9363557840183706,1.0,19,19,145.12010000180453,0.04,1,theta,Theta*,True,87.05010000267066,True,8.401147621154315,1.006779076806833,0.3,0.6622642122878583,0.0,0.0,2.0,1.970937964846575,8.401147621154315,8.401147621154315,True,8.401147621154315,0.0,True,0.42,165.0
warehouse,medio,2,madera,0.008545585971967985,0.9363557840183706,0.9363557840183706,1.0,19,19,145.12010000180453,0.04,1,visibility,Visibility graph,True,1421.4509000012185,True,8.344579078659391,1.0,0.32,0.6702901389217487,0.0,0.0,2.0,11863283.203031445,8.344579078659391,8.344579078659391,True,8.344579078659391,0.0,True,0.44,114.0
warehouse,medio,2,madera,0.008545585971967985,0.9363557840183706,0.9363557840183706,1.0,19,19,145.12010000180453,0.04,1,rrt,RRT,True,1.006899998174049,True,8.344579078659391,1.0,0.32,0.6702901389217487,0.0,0.0,2.0,11863283.203031445,8.344579078659391,8.344579078659391,True,8.344579078659391,0.0,True,0.44,0.0
warehouse,medio,2,madera,0.008545585971967985,0.9363557840183706,0.9363557840183706,1.0,19,19,145.12010000180453,0.04,1,rrt_star,RRT*,True,1757.4269000033382,True,8.346311074453974,1.0002075593961368,0.32,0.6753005362414848,4.357546605401644,0.0,4.0,7.467452694344476,8.346311074453974,8.346311074453974,True,8.346311074453974,0.0,True,0.44,4000.0
warehouse,medio,2,madera,0.008545585971967985,0.9363557840183706,0.9363557840183706,1.0,19,19,145.12010000180453,0.04,1,prm,PRM,True,739.8458999959985,True,8.402808906558315,1.0069781623914191,0.26529346894244776,0.5912519580635001,68.20732185979637,0.0,8.0,0.8541614164498068,8.402808906558315,8.402808906558315,True,8.402808906558315,0.0,True,0.3903521603954084,602.0
warehouse,medio,2,madera,0.008545585971967985,0.9363557840183706,0.9363557840183706,1.0,19,19,145.12010000180453,0.04,1,potential,APF,False,2474.2627999949036,,,,,,,,,,,,,,,,,15236.0
warehouse,medio,2,madera,0.008545585971967985,0.9363557840183706,0.9363557840183706,1.0,19,19,145.12010000180453,0.04,1,hybrid_astar,Hybrid A*,True,29.567499994300306,True,8.34457907865939,0.9999999999999998,0.32,0.6706008118332041,0.0,0.0,2.0,11863283.203031445,8.34457907865939,8.34457907865939,True,8.34457907865939,0.0,True,0.44,19.0
warehouse,medio,2,madera,0.008545585971967985,0.9363557840183706,0.9363557840183706,1.0,19,19,145.12010000180453,0.04,1,aco,ACO,True,263.2197999919299,True,9.171858582251266,1.0991397523821875,0.32,0.6667040169315297,1035.8069294551024,19.0,22.0,0.18269780977423533,9.171858582251266,11.601920731296264,False,inf,0.0,True,0.44,40.0
warehouse,medio,2,madera,0.008545585971967985,0.9363557840183706,0.9363557840183706,1.0,19,19,145.12010000180453,0.04,1,topological,Homotopy planner,True,403.17349998804275,True,8.344579078659391,1.0,0.32,0.6702901389217487,0.0,0.0,2.0,11863283.203031445,8.344579078659391,8.344579078659391,True,8.344579078659391,0.0,True,0.44,12323.0
warehouse,medio,2,madera,0.008545585971967985,0.9363557840183706,0.9363557840183706,1.0,19,19,145.12010000180453,0.04,1,slam,SLAM-based,True,464.63190000213217,True,8.885789891812653,1.0648577726990887,0.32,0.7499991207937842,310.31315629002256,1.0,10.0,0.10162695157354817,8.885789891812653,10.451860118535077,False,inf,0.0,True,0.44,58.0
warehouse,medio,2,madera,0.008545585971967985,0.9363557840183706,0.9363557840183706,1.0,19,19,145.12010000180453,0.04,1,drl,DRL (D3QN),True,18.0668999964837,True,13.954543756432116,1.672288515081578,0.32,0.5623007733409144,2548.610459665965,16.0,26.0,0.07957747154594767,13.954543756432116,42.41230803978696,False,inf,0.0,True,0.44,54.0
warehouse,dificil,0,alfombra,0.16834269103877175,0.8649141072358146,0.8649141072358146,1.0,18,18,154.53630000411067,0.04,0,tve,TVE (proposed),True,44.37790000520181,True,12.778303499595939,1.0109153485429763,0.28,0.5290550867318747,135.16861116819481,0.0,9.0,0.33310204802690263,12.778303499595939,12.778303499595939,False,inf,0.0,True,0.28,
warehouse,dificil,0,alfombra,0.16834269103877175,0.8649141072358146,0.8649141072358146,1.0,18,18,154.53630000411067,0.04,0,teselado,WDT,True,34.96760000416543,True,13.755229878139465,1.0882018107480245,0.28,0.48910726838585566,101.90555648668747,0.0,14.0,0.8240447243247964,13.755229878139465,13.755229878139465,True,13.755229878139465,0.0,True,0.28,
warehouse,dificil,0,alfombra,0.16834269103877175,0.8649141072358146,0.8649141072358146,1.0,18,18,154.53630000411067,0.04,0,dijkstra,Dijkstra,True,10.865199990803376,True,13.314271524247784,1.0533167754981227,0.28,0.5077602110952997,558.7039411166185,7.0,14.0,0.16359886645192376,13.314271524247784,14.287107990316244,False,inf,0.0,True,0.28,4143.0
warehouse,dificil,0,alfombra,0.16834269103877175,0.8649141072358146,0.8649141072358146,1.0,18,18,154.53630000411067,0.04,0,astar,A*,True,7.297500007553026,True,13.314271524247784,1.0533167754981227,0.28,0.5519916938718945,499.3987053549955,10.0,13.0,0.16359886645192376,13.314271524247784,14.287107990316244,False,inf,0.0,True,0.28,1431.0
warehouse,dificil,0,alfombra,0.16834269103877175,0.8649141072358146,0.8649141072358146,1.0,18,18,154.53630000411067,0.04,0,theta,Theta*,True,260.49039998906665,True,12.76704023566652,1.010024290791742,0.2651849745857642,0.5175485449416448,177.8580252738489,2.0,5.0,0.16391397500815913,12.76704023566652,13.738006518950012,False,inf,0.0,True,0.28,1031.0
warehouse,dificil,0,alfombra,0.16834269103877175,0.8649141072358146,0.8649141072358146,1.0,18,18,154.53630000411067,0.04,0,visibility,Visibility graph,True,2654.4839999987744,True,12.640329893114393,1.0,0.2744385585710867,0.5177647596579504,77.13440017338318,0.0,5.0,0.5388358689681619,12.640329893114393,12.640329893114393,False,inf,0.0,True,0.28,155.0
warehouse,dificil,0,alfombra,0.16834269103877175,0.8649141072358146,0.8649141072358146,1.0,18,18,154.53630000411067,0.04,0,rrt,RRT,True,37.541500001680106,True,15.783393142408135,1.248653577546728,0.26584636792405714,0.49640560689745244,1077.237579016712,10.0,26.0,0.1497138028312565,15.783393142408135,22.004485357113303,False,inf,0.0,True,0.28,238.0
warehouse,dificil,0,alfombra,0.16834269103877175,0.8649141072358146,0.8649141072358146,1.0,18,18,154.53630000411067,0.04,0,rrt_star,RRT*,True,1496.71930000477,True,12.660918804654989,1.001628827072924,0.26689464195036344,0.5145424586530383,85.81546639915243,1.0,8.0,0.2567275146330835,12.660918804654989,12.660918804654989,False,inf,0.0,True,0.28,4000.0
warehouse,dificil,0,alfombra,0.16834269103877175,0.8649141072358146,0.8649141072358146,1.0,18,18,154.53630000411067,0.04,0,prm,PRM,True,637.1053000038955,True,12.94423918509258,1.0240428291467092,0.26362798690795897,0.5066469067444459,179.4362399791276,1.0,13.0,0.48860765461141326,12.94423918509258,12.94423918509258,False,inf,0.0,True,0.28,602.0
warehouse,dificil,0,alfombra,0.16834269103877175,0.8649141072358146,0.8649141072358146,1.0,18,18,154.53630000411067,0.04,0,potential,APF,False,2022.7492000121856,,,,,,,,,,,,,,,,,12965.0
warehouse,dificil,0,alfombra,0.16834269103877175,0.8649141072358146,0.8649141072358146,1.0,18,18,154.53630000411067,0.04,0,hybrid_astar,Hybrid A*,True,86.9033000053605,True,12.95930580778473,1.0252347776812452,0.2616266029332016,0.40918439085349095,138.4372581773431,0.0,10.0,0.8019525747218073,12.95930580778473,12.95930580778473,True,12.95930580778473,0.0,True,0.28,134.0
warehouse,dificil,0,alfombra,0.16834269103877175,0.8649141072358146,0.8649141072358146,1.0,18,18,154.53630000411067,0.04,0,aco,ACO,True,369.65810001129285,True,13.775154630856617,1.0897780949815559,0.28,0.5068984605337132,1062.7839264122092,17.0,21.0,0.16687682607722581,13.775154630856617,15.580971260076128,False,inf,0.0,True,0.28,40.0
warehouse,dificil,0,alfombra,0.16834269103877175,0.8649141072358146,0.8649141072358146,1.0,18,18,154.53630000411067,0.04,0,topological,Homotopy planner,True,42.52269999415148,True,12.724844388527513,1.0066860988698687,0.2623076244202994,0.5093411115279173,76.44071418742486,1.0,3.0,0.24408857156444452,12.724844388527513,12.724844388527513,False,inf,0.0,True,0.28,5923.0
warehouse,dificil,0,alfombra,0.16834269103877175,0.8649141072358146,0.8649141072358146,1.0,18,18,154.53630000411067,0.04,0,slam,SLAM-based,False,574.4629999971949,,,,,,,,,,,,,,,,,70.0
warehouse,dificil,0,alfombra,0.16834269103877175,0.8649141072358146,0.8649141072358146,1.0,18,18,154.53630000411067,0.04,0,drl,DRL (D3QN),True,14.232600005925633,True,16.396948709045986,1.297193099206845,0.28,0.6512115491286241,1814.0362434679266,12.0,26.0,0.1095102168114519,16.396948709045986,25.571106656267602,False,inf,0.0,True,0.28,63.0
warehouse,dificil,0,alfombra,0.16834269103877175,0.8649141072358146,0.8649141072358146,1.0,18,18,154.53630000411067,0.04,1,tve,TVE (proposed),True,88.01050001056865,True,10.014194802608127,1.003321534130395,0.2539457247594237,0.8040277461608768,79.83746746259251,0.0,7.0,0.8036050162937256,10.014194802608127,10.014194802608127,True,10.014194802608127,0.0,True,0.3928247962716006,
warehouse,dificil,0,alfombra,0.16834269103877175,0.8649141072358146,0.8649141072358146,1.0,18,18,154.53630000411067,0.04,1,teselado,WDT,True,77.24210000014864,True,10.035588422121197,1.0054649594954443,0.2586322804045465,0.8313844706291034,43.6248157963375,0.0,5.0,0.6675315379763622,10.035588422121197,10.035588422121197,False,inf,0.0,True,0.40699992288888637,
warehouse,dificil,0,alfombra,0.16834269103877175,0.8649141072358146,0.8649141072358146,1.0,18,18,154.53630000411067,0.04,1,dijkstra,Dijkstra,True,9.893900001770817,True,10.564995667241117,1.0585062373838199,0.3157519865036011,0.7787870968054112,321.9688974450435,4.0,9.0,0.2981888204813694,10.564995667241117,10.564995667241117,False,inf,0.0,True,0.4694109535217285,6544.0
warehouse,dificil,0,alfombra,0.16834269103877175,0.8649141072358146,0.8649141072358146,1.0,18,18,154.53630000411067,0.04,1,astar,A*,True,8.678700003656559,True,10.564995667241115,1.0585062373838197,0.3039379930496216,0.6549274723555863,464.7893096202928,4.0,13.0,0.2981888204813694,10.564995667241115,10.564995667241115,False,inf,0.0,True,0.44756599426269533,1910.0
warehouse,dificil,0,alfombra,0.16834269103877175,0.8649141072358146,0.8649141072358146,1.0,18,18,154.53630000411067,0.04,1,theta,Theta*,True,501.36950000887737,True,10.06526268610043,1.0084380220977496,0.25396481650923364,0.8038026523484595,42.415685690626816,0.0,4.0,0.3607649222103484,10.06526268610043,10.06526268610043,False,inf,0.0,True,0.39297232228579326,1953.0
warehouse,dificil,0,alfombra,0.16834269103877175,0.8649141072358146,0.8649141072358146,1.0,18,18,154.53630000411067,0.04,1,visibility,Visibility graph,True,2618.1955999927595,True,9.981042429521551,1.0,0.2903303714996081,0.8018127782821038,43.34813666914037,0.0,4.0,1.0727211175191282,9.981042429521551,9.981042429521551,True,9.981042429521551,0.0,True,0.41308669670794707,155.0
warehouse,dificil,0,alfombra,0.16834269103877175,0.8649141072358146,0.8649141072358146,1.0,18,18,154.53630000411067,0.04,1,rrt,RRT,True,21.491599996807054,True,11.960702614306982,1.198342026773683,0.2765304767074979,0.6187454205441589,629.2238241079924,4.0,20.0,0.16715778765537384,11.960702614306982,14.653303107698243,False,inf,0.0,True,0.3867909809009084,175.0
warehouse,dificil,0,alfombra,0.16834269103877175,0.8649141072358146,0.8649141072358146,1.0,18,18,154.53630000411067,0.04,1,rrt_star,RRT*,True,1674.8707999940962,True,9.995811532311135,1.0014797154599706,0.26216295473387574,0.8315313425137997,50.349456361108345,0.0,6.0,1.2627076407153035,9.995811532311135,9.995811532311135,True,9.995811532311135,0.0,True,0.3917175964392061,4000.0
warehouse,dificil,0,alfombra,0.16834269103877175,0.8649141072358146,0.8649141072358146,1.0,18,18,154.53630000411067,0.04,1,prm,PRM,True,632.4737999966601,True,10.359992792631033,1.0379670125425613,0.2775569690357554,0.7324481581434362,187.99145436939193,0.0,12.0,0.5262985615403454,10.359992792631033,10.359992792631033,False,inf,0.0,True,0.43004557291666695,602.0
warehouse,dificil,0,alfombra,0.16834269103877175,0.8649141072358146,0.8649141072358146,1.0,18,18,154.53630000411067,0.04,1,potential,APF,True,51.0663999884855,True,10.747291635035367,1.0767704586895086,0.7628602465033478,0.8920579032856156,246.28002778267458,1.0,16.0,0.24221465634767744,10.747291635035367,10.747291635035367,False,inf,0.0,True,0.8748602159857697,269.0
warehouse,dificil,0,alfombra,0.16834269103877175,0.8649141072358146,0.8649141072358146,1.0,18,18,154.53630000411067,0.04,1,hybrid_astar,Hybrid A*,True,181.8471999868052,True,10.136695152095408,1.01559483627817,0.2687957558363854,0.6339569388961446,119.00334687375613,0.0,12.0,0.952247053963718,10.136695152095408,10.136695152095408,True,10.136695152095408,0.0,True,0.39850962872022194,255.0
warehouse,dificil,0,alfombra,0.16834269103877175,0.8649141072358146,0.8649141072358146,1.0,18,18,154.53630000411067,0.04,1,aco,ACO,True,1484.1172000014922,True,11.239426166041248,1.126077385744569,0.34,0.6115732610090239,1350.0,20.0,26.0,0.17953184416029497,11.239426166041248,12.125925961307619,False,inf,0.0,True,0.46,40.0
warehouse,dificil,0,alfombra,0.16834269103877175,0.8649141072358146,0.8649141072358146,1.0,18,18,154.53630000411067,0.04,1,topological,Homotopy planner,True,47.98669999581762,True,9.9813532596755,1.0000311420531616,0.2634446371369256,0.785600489023006,41.7161026608949,0.0,3.0,0.4743328742064606,9.9813532596755,9.9813532596755,False,inf,0.0,True,0.4124586317671011,5923.0
warehouse,dificil,0,alfombra,0.16834269103877175,0.8649141072358146,0.8649141072358146,1.0,18,18,154.53630000411067,0.04,1,slam,SLAM-based,True,482.65279999759514,True,10.432327065645024,1.0452141787103,0.34456683609420496,0.7528148115110359,229.78196587782503,2.0,10.0,0.3362175006004173,10.432327065645024,10.432327065645024,False,inf,0.0,True,0.5124427968974608,69.0
warehouse,dificil,0,alfombra,0.16834269103877175,0.8649141072358146,0.8649141072358146,1.0,18,18,154.53630000411067,0.04,1,drl,DRL (D3QN),True,9.775099999387749,True,14.141525822285502,1.416838563921763,0.46393798828125,0.8829207914643583,2950.346175941946,24.0,39.0,0.11787024219460916,14.141525822285502,28.771544646873682,False,inf,0.0,True,0.66,47.0
warehouse,dificil,1,madera,0.1839225147635268,0.8160347903657449,0.8160347903657449,1.0,17,17,172.23640000156593,0.04,0,tve,TVE (proposed),True,19.29810000001453,True,12.60634760745554,1.0,0.4379714738510302,0.6479839284568836,0.0,0.0,2.0,inf,12.60634760745554,12.60634760745554,True,12.60634760745554,0.0,True,0.6,
warehouse,dificil,1,madera,0.1839225147635268,0.8160347903657449,0.8160347903657449,1.0,17,17,172.23640000156593,0.04,0,teselado,WDT,True,33.0332999874372,True,12.606347607455536,0.9999999999999998,0.4378481012658233,0.6479838057844884,0.0,0.0,2.0,inf,12.606347607455536,12.606347607455536,True,12.606347607455536,0.0,True,0.6,
warehouse,dificil,1,madera,0.1839225147635268,0.8160347903657449,0.8160347903657449,1.0,17,17,172.23640000156593,0.04,0,dijkstra,Dijkstra,True,17.27119999122806,True,12.862253967444163,1.0202998019693885,0.42,0.5452120450933877,134.88330814604353,1.0,5.0,0.3786948030704426,12.862253967444163,12.862253967444163,False,inf,0.0,True,0.6,13177.0
warehouse,dificil,1,madera,0.1839225147635268,0.8160347903657449,0.8160347903657449,1.0,17,17,172.23640000156593,0.04,0,astar,A*,True,2.8181999950902537,True,12.862253967444163,1.0202998019693885,0.42,0.5452120450933877,134.88330814604353,1.0,5.0,0.3786948030704426,12.862253967444163,12.862253967444163,False,inf,0.0,True,0.6,924.0
warehouse,dificil,1,madera,0.1839225147635268,0.8160347903657449,0.8160347903657449,1.0,17,17,172.23640000156593,0.04,0,theta,Theta*,True,145.16859999275766,True,12.702896072651654,1.0076587183062455,0.4183570300157976,0.6625875236861626,0.0,0.0,2.0,1.9991960647439784,12.702896072651654,12.702896072651654,True,12.702896072651654,0.0,True,0.6,210.0
warehouse,dificil,1,madera,0.1839225147635268,0.8160347903657449,0.8160347903657449,1.0,17,17,172.23640000156593,0.04,0,visibility,Visibility graph,True,3598.0003000004217,True,12.60634760745554,1.0,0.4379714738510302,0.6479839284568836,0.0,0.0,2.0,inf,12.60634760745554,12.60634760745554,True,12.60634760745554,0.0,True,0.6,182.0
warehouse,dificil,1,madera,0.1839225147635268,0.8160347903657449,0.8160347903657449,1.0,17,17,172.23640000156593,0.04,0,rrt,RRT,True,1.3344999897526577,True,12.60634760745554,1.0,0.4379714738510302,0.6479839284568836,0.0,0.0,2.0,inf,12.60634760745554,12.60634760745554,True,12.60634760745554,0.0,True,0.6,0.0
warehouse,dificil,1,madera,0.1839225147635268,0.8160347903657449,0.8160347903657449,1.0,17,17,172.23640000156593,0.04,0,rrt_star,RRT*,True,1796.0566999972798,True,12.613095891898473,1.0005353084535715,0.36224837478711036,0.6893240166705435,7.913085957939339,0.0,5.0,5.046471746344541,12.613095891898473,12.613095891898473,True,12.613095891898473,0.0,True,0.5603380250411942,4000.0
warehouse,dificil,1,madera,0.1839225147635268,0.8160347903657449,0.8160347903657449,1.0,17,17,172.23640000156593,0.04,0,prm,PRM,True,667.0395999972243,True,12.7563249002189,1.0118969663088349,0.36,0.5658503411398262,137.6435983262265,0.0,11.0,0.7811843987287318,12.7563249002189,12.7563249002189,True,12.7563249002189,0.0,True,0.52,602.0
warehouse,dificil,1,madera,0.1839225147635268,0.8160347903657449,0.8160347903657449,1.0,17,17,172.23640000156593,0.04,0,potential,APF,True,409.17060000356287,True,138.9267833229692,11.02038335360563,0.2418281271498315,0.7060352207681008,187893.98392370582,1370.0,1420.0,0.07957747154594767,138.9267833229692,503.25365226190553,False,inf,0.0,True,0.2824823175902534,2386.0
warehouse,dificil,1,madera,0.1839225147635268,0.8160347903657449,0.8160347903657449,1.0,17,17,172.23640000156593,0.04,0,hybrid_astar,Hybrid A*,True,168.51560000213794,True,12.674176262837547,1.0053805160300269,0.3046064996966041,0.7459734770888068,54.53151385493214,0.0,8.0,1.7925844980928924,12.674176262837547,12.674176262837547,True,12.674176262837547,0.0,True,0.47431210219202513,220.0
warehouse,dificil,1,madera,0.1839225147635268,0.8160347903657449,0.8160347903657449,1.0,17,17,172.23640000156593,0.04,0,aco,ACO,True,287.2103999980027,True,13.879797974644667,1.1010165994816765,0.46,0.7452420649028618,1612.8749836510985,26.0,31.0,0.13761707576721952,13.879797974644667,18.4128427230526,False,inf,0.0,True,0.58,40.0
warehouse,dificil,1,madera,0.1839225147635268,0.8160347903657449,0.8160347903657449,1.0,17,17,172.23640000156593,0.04,0,topological,Homotopy planner,True,486.3193000055617,True,12.60634760745554,1.0,0.4379714738510302,0.6479839284568836,0.0,0.0,2.0,inf,12.60634760745554,12.60634760745554,True,12.60634760745554,0.0,True,0.6,24013.0
warehouse,dificil,1,madera,0.1839225147635268,0.8160347903657449,0.8160347903657449,1.0,17,17,172.23640000156593,0.04,0,slam,SLAM-based,True,656.8708999984665,True,13.018868138422112,1.0327232394196877,0.48,0.6600378673999101,254.0446679916634,1.0,9.0,0.13585537090438082,13.018868138422112,14.19037090664107,False,inf,0.0,True,0.6,85.0
warehouse,dificil,1,madera,0.1839225147635268,0.8160347903657449,0.8160347903657449,1.0,17,17,172.23640000156593,0.04,0,drl,DRL (D3QN),True,15.443199998117052,True,17.014658243922906,1.34968975739335,0.38,0.7362598386995614,2816.5650511770777,19.0,32.0,0.07957747154594767,17.014658243922906,32.89900750494471,False,inf,0.0,True,0.54,64.0
warehouse,dificil,1,madera,0.1839225147635268,0.8160347903657449,0.8160347903657449,1.0,17,17,172.23640000156593,0.04,1,tve,TVE (proposed),True,29.985900007886812,True,14.016028725897625,1.0114347917891835,0.28,0.6407347831916487,115.85382034365233,0.0,10.0,0.8997643659896867,14.016028725897625,14.016028725897625,True,14.016028725897625,0.0,True,0.28,
warehouse,dificil,1,madera,0.1839225147635268,0.8160347903657449,0.8160347903657449,1.0,17,17,172.23640000156593,0.04,1,teselado,WDT,True,32.23910000815522,True,15.130502207226073,1.0918582323789727,0.28,0.7017805759282011,143.2961066454575,0.0,16.0,1.5202234229222358,15.130502207226073,15.130502207226073,True,15.130502207226073,0.0,True,0.28,
warehouse,dificil,1,madera,0.1839225147635268,0.8160347903657449,0.8160347903657449,1.0,17,17,172.23640000156593,0.04,1,dijkstra,Dijkstra,True,13.32640000327956,True,14.578190714105649,1.0520019313559272,0.28,0.595510989111137,852.8789036033387,13.0,21.0,0.32898242052251897,14.578190714105649,14.578190714105649,False,inf,0.0,True,0.28,10933.0
warehouse,dificil,1,madera,0.1839225147635268,0.8160347903657449,0.8160347903657449,1.0,17,17,172.23640000156593,0.04,1,astar,A*,True,8.329599993885495,True,14.578190714105649,1.0520019313559272,0.28,0.5426007099716371,852.8789036033387,11.0,21.0,0.29111385598904316,14.578190714105649,14.578190714105649,False,inf,0.0,True,0.28,4384.0
warehouse,dificil,1,madera,0.1839225147635268,0.8160347903657449,0.8160347903657449,1.0,17,17,172.23640000156593,0.04,1,theta,Theta*,True,1014.121600004728,True,13.931796467790747,1.0053563627201243,0.25677698877122684,0.5897196630467703,112.23492994659864,1.0,6.0,0.420399503662039,13.931796467790747,13.931796467790747,False,inf,0.00016786901052220037,True,0.27815776671730497,4495.0
warehouse,dificil,1,madera,0.1839225147635268,0.8160347903657449,0.8160347903657449,1.0,17,17,172.23640000156593,0.04,1,visibility,Visibility graph,True,3608.8970999990124,True,13.857570294871792,1.0,0.27443855857108596,0.5943872949660943,112.1345384627246,0.0,7.0,0.5130273857892227,13.857570294871792,13.857570294871792,False,inf,0.0,True,0.28,182.0
warehouse,dificil,1,madera,0.1839225147635268,0.8160347903657449,0.8160347903657449,1.0,17,17,172.23640000156593,0.04,1,rrt,RRT,True,26.71399999235291,True,26.996734208934033,1.9481578396845363,0.2714190724370093,0.7430281512382731,1797.9434780403476,14.0,48.0,0.12547956477601546,26.996734208934033,28.99325341507356,False,inf,0.0,True,0.28,249.0
warehouse,dificil,1,madera,0.1839225147635268,0.8160347903657449,0.8160347903657449,1.0,17,17,172.23640000156593,0.04,1,rrt_star,RRT*,True,1713.5780999960843,True,13.982032562465529,1.0089815360806647,0.2703187133135659,0.620041756448566,148.9153641459617,1.0,12.0,0.24924828251691314,13.982032562465529,13.982032562465529,False,inf,0.0,True,0.28,4000.0
warehouse,dificil,1,madera,0.1839225147635268,0.8160347903657449,0.8160347903657449,1.0,17,17,172.23640000156593,0.04,1,prm,PRM,True,695.6458999920869,True,14.826575295447588,1.069926038977727,0.26362798690795897,0.6490583603427723,301.2808062221068,1.0,14.0,0.29078416508822913,14.826575295447588,14.826575295447588,False,inf,0.0,True,0.28,602.0
warehouse,dificil,1,madera,0.1839225147635268,0.8160347903657449,0.8160347903657449,1.0,17,17,172.23640000156593,0.04,1,potential,APF,False,1917.7177999954438,,,,,,,,,,,,,,,,,11858.0
warehouse,dificil,1,madera,0.1839225147635268,0.8160347903657449,0.8160347903657449,1.0,17,17,172.23640000156593,0.04,1,hybrid_astar,Hybrid A*,True,656.4223000023048,True,14.075396621573322,1.015718940771467,0.2651857123246701,0.6693249125900569,245.41308288947,0.0,21.0,0.7985911329266968,14.075396621573322,14.075396621573322,True,14.075396621573322,0.0,True,0.28,831.0
warehouse,dificil,1,madera,0.1839225147635268,0.8160347903657449,0.8160347903657449,1.0,17,17,172.23640000156593,0.04,1,aco,ACO,True,1782.315300006303,True,16.272273552805167,1.174251561172089,0.28,0.5968037752889827,2310.255118703058,42.0,45.0,0.09111301353356473,16.272273552805167,20.44532257379418,False,inf,0.0,True,0.28,40.0
warehouse,dificil,1,madera,0.1839225147635268,0.8160347903657449,0.8160347903657449,1.0,17,17,172.23640000156593,0.04,1,topological,Homotopy planner,True,551.8060000031255,True,13.906782836276035,1.003551310969893,0.2549050741383696,0.5757621307484632,111.65506834320182,1.0,5.0,0.21705037454588857,13.906782836276035,14.6400455335871,False,inf,0.10514962839717319,True,0.26500258586438424,23496.0
warehouse,dificil,1,madera,0.1839225147635268,0.8160347903657449,0.8160347903657449,1.0,17,17,172.23640000156593,0.04,1,slam,SLAM-based,True,1322.3527000081958,True,26.091617589773914,1.8828421602472059,0.28,0.5107186251312162,1156.9443883623487,1.0,40.0,0.11059069423241749,26.091617589773914,27.530752629087576,False,inf,0.0,True,0.28,171.0
warehouse,dificil,1,madera,0.1839225147635268,0.8160347903657449,0.8160347903657449,1.0,17,17,172.23640000156593,0.04,1,drl,DRL (D3QN),True,41.83309999643825,True,46.16860342620559,3.3316521182137535,0.28,0.7522954282499152,9356.387144363925,69.0,105.0,0.07957747154594767,46.16860342620559,104.00280671514209,False,inf,0.0,True,0.28,168.0
warehouse,dificil,2,madera,0.17968564888872507,0.9233139484419756,0.962931112519236,0.9573414930477433,18,19,174.56159999710508,0.04,0,tve,TVE (proposed),True,50.715899997157976,True,17.781569190417585,1.0015624392377833,0.28691668000685266,0.5457390902033127,162.84360212700915,0.0,11.0,0.5762816404153772,17.781569190417585,17.781569190417585,False,inf,0.07704458485100946,True,0.267930479540362,
warehouse,dificil,2,madera,0.17968564888872507,0.9233139484419756,0.962931112519236,0.9573414930477433,18,19,174.56159999710508,0.04,0,teselado,WDT,True,32.5577999901725,True,19.647498965354654,1.1066625660499596,0.38145298760668767,0.6745650116484064,220.31209283661315,0.0,19.0,0.5954969138740319,19.647498965354654,19.647498965354654,False,inf,0.0,True,0.5004240280238503,
warehouse,dificil,2,madera,0.17968564888872507,0.9233139484419756,0.962931112519236,0.9573414930477433,18,19,174.56159999710508,0.04,0,dijkstra,Dijkstra,True,28.949500003363937,True,18.484995667241115,1.0411835508735032,0.3,0.5139234459679254,495.3097038999589,9.0,13.0,0.3430160864525948,18.484995667241115,18.484995667241115,False,inf,0.0,True,0.30993799209594725,14022.0
warehouse,dificil,2,madera,0.17968564888872507,0.9233139484419756,0.962931112519236,0.9573414930477433,18,19,174.56159999710508,0.04,0,astar,A*,True,12.486199993873015,True,18.484995667241115,1.0411835508735032,0.3,0.4963936227995656,795.9637565320736,13.0,20.0,0.33468668095947834,18.484995667241115,18.484995667241115,False,inf,0.0,True,0.30993799209594725,6165.0
warehouse,dificil,2,madera,0.17968564888872507,0.9233139484419756,0.962931112519236,0.9573414930477433,18,19,174.56159999710508,0.04,0,theta,Theta*,True,1896.8243999988772,True,17.891941033225397,1.0077792298326949,0.25611185303440764,0.5822587107982435,164.45696524401225,2.0,6.0,0.2871525124214819,17.891941033225397,17.891941033225397,False,inf,0.6944444444444543,True,0.24058136210029504,6399.0
warehouse,dificil,2,madera,0.17968564888872507,0.9233139484419756,0.962931112519236,0.9573414930477433,18,19,174.56159999710508,0.04,0,visibility,Visibility graph,True,2423.309599995264,True,17.753829909945356,1.0,0.26297308168041794,0.5439237470451515,160.67587787785797,0.0,8.0,0.4040558184104639,17.753829909945356,17.753829909945356,False,inf,0.0,True,0.2742012963845928,150.0
warehouse,dificil,2,madera,0.17968564888872507,0.9233139484419756,0.962931112519236,0.9573414930477433,18,19,174.56159999710508,0.04,0,rrt,RRT,True,98.15630000957754,True,22.96682144045405,1.2936263080671104,0.32233162868378373,0.6533587898582842,1714.2843553638268,16.0,39.0,0.1527978911810308,22.96682144045405,31.6331782804656,False,inf,0.0,True,0.3623316286837837,684.0
warehouse,dificil,2,madera,0.17968564888872507,0.9233139484419756,0.962931112519236,0.9573414930477433,18,19,174.56159999710508,0.04,0,rrt_star,RRT*,True,1886.4052999997512,True,17.797738384191923,1.0024731832212705,0.2591260497578855,0.5531644013001484,223.2985692494689,0.0,17.0,0.40719732577649964,17.797738384191923,17.797738384191923,False,inf,0.6072418356396097,True,0.2432459269293861,4000.0
warehouse,dificil,2,madera,0.17968564888872507,0.9233139484419756,0.962931112519236,0.9573414930477433,18,19,174.56159999710508,0.04,0,prm,PRM,True,731.8956000090111,True,19.733118593225317,1.111485166486314,0.32,0.6696919080248114,361.1434265273348,2.0,20.0,0.1988907893039277,19.733118593225317,21.259494013492457,False,inf,0.0,True,0.44,602.0
warehouse,dificil,2,madera,0.17968564888872507,0.9233139484419756,0.962931112519236,0.9573414930477433,18,19,174.56159999710508,0.04,0,potential,APF,False,1872.6737999968464,,,,,,,,,,,,,,,,,12113.0
warehouse,dificil,2,madera,0.17968564888872507,0.9233139484419756,0.962931112519236,0.9573414930477433,18,19,174.56159999710508,0.04,0,hybrid_astar,Hybrid A*,True,867.0286999986274,True,18.108043600705695,1.0199513959836866,0.2610226219417382,0.531642479612098,322.12651892304797,0.0,25.0,0.7983374598050873,18.108043600705695,18.108043600705695,True,18.108043600705695,0.4809929157463159,True,0.24795629756947857,1164.0
warehouse,dificil,2,madera,0.17968564888872507,0.9233139484419756,0.962931112519236,0.9573414930477433,18,19,174.56159999710508,0.04,0,aco,ACO,True,2017.7552999957697,True,19.84028570699746,1.1175214479149262,0.34,0.4945494021901928,1260.0000000000005,23.0,25.0,0.10828093938529885,19.84028570699746,22.254202127900232,False,inf,0.0,True,0.38,40.0
warehouse,dificil,2,madera,0.17968564888872507,0.9233139484419756,0.962931112519236,0.9573414930477433,18,19,174.56159999710508,0.04,0,topological,Homotopy planner,True,469.25650000048336,True,17.806537076418493,1.0029687772576672,0.25470668891118237,0.5358849632232501,159.81017038788224,2.0,6.0,0.2186447557400218,17.806537076418493,18.53445274287581,False,inf,0.4615899812704427,True,0.24838242403726832,18932.0
warehouse,dificil,2,madera,0.17968564888872507,0.9233139484419756,0.962931112519236,0.9573414930477433,18,19,174.56159999710508,0.04,0,slam,SLAM-based,True,1766.0949999990407,True,33.759508665475764,1.9015338570166387,0.2889761589267658,0.5387932618179991,1726.606433676207,3.0,55.0,0.07980142159628269,33.759508665475764,36.62173032748237,False,inf,0.0,True,0.3481790363570209,221.0
warehouse,dificil,2,madera,0.17968564888872507,0.9233139484419756,0.962931112519236,0.9573414930477433,18,19,174.56159999710508,0.04,0,drl,DRL (D3QN),True,66.80780000169761,True,100.60984478151444,5.666937516685047,0.38,0.6525614627391859,23736.03751102542,161.0,223.0,0.07957747154594767,100.60984478151444,321.6984836401831,False,inf,0.0,True,0.30993799209594725,381.0
warehouse,dificil,2,madera,0.17968564888872507,0.9233139484419756,0.962931112519236,0.9573414930477433,18,19,174.56159999710508,0.04,1,tve,TVE (proposed),True,55.23729999549687,True,14.506578680458633,1.0019948627874402,0.2961428166888371,0.45572114722858353,155.97737998558827,0.0,11.0,0.6211650211298861,14.506578680458633,14.506578680458633,False,inf,0.0,True,0.34876515443303346,
warehouse,dificil,2,madera,0.17968564888872507,0.9233139484419756,0.962931112519236,0.9573414930477433,18,19,174.56159999710508,0.04,1,teselado,WDT,True,43.94089999550488,True,15.98371762172932,1.1040234432941785,0.32,0.5918297144121113,212.34829598462892,0.0,18.0,0.5374691920292061,15.98371762172932,15.98371762172932,False,inf,0.0,True,0.44,
warehouse,dificil,2,madera,0.17968564888872507,0.9233139484419756,0.962931112519236,0.9573414930477433,18,19,174.56159999710508,0.04,1,dijkstra,Dijkstra,True,14.489799999864772,True,15.152447327281726,1.0466061443588819,0.2936589860916138,0.4446472646878212,540.7184516419541,7.0,14.0,0.34125058339037023,15.152447327281726,15.152447327281726,False,inf,0.0,True,0.3717519760131836,10128.0
warehouse,dificil,2,madera,0.17968564888872507,0.9233139484419756,0.962931112519236,0.9573414930477433,18,19,174.56159999710508,0.04,1,astar,A*,True,6.546200005686842,True,15.152447327281726,1.0466061443588819,0.2936589860916138,0.5053323641801493,758.0864062321375,11.0,19.0,0.3720415074278566,15.152447327281726,15.152447327281726,False,inf,0.0,True,0.3717519760131836,3184.0
warehouse,dificil,2,madera,0.17968564888872507,0.9233139484419756,0.962931112519236,0.9573414930477433,18,19,174.56159999710508,0.04,1,theta,Theta*,True,838.1965999869863,True,14.626444442306981,1.0102742014407327,0.25954758301643027,0.4522647062899274,156.90182903532602,2.0,6.0,0.2602223025322441,14.626444442306981,14.626444442306981,False,inf,0.0,True,0.3091773010632649,3260.0
warehouse,dificil,2,madera,0.17968564888872507,0.9233139484419756,0.962931112519236,0.9573414930477433,18,19,174.56159999710508,0.04,1,visibility,Visibility graph,True,2570.0493000040296,True,14.477697660148593,1.0,0.2677680682362607,0.44154805060028035,153.3230475897448,1.0,7.0,0.43542158715810725,14.477697660148593,14.477697660148593,False,inf,0.0,True,0.32327003558665873,150.0
warehouse,dificil,2,madera,0.17968564888872507,0.9233139484419756,0.962931112519236,0.9573414930477433,18,19,174.56159999710508,0.04,1,rrt,RRT,True,63.95310000516474,True,17.66427349311197,1.2201023883607383,0.2782255406862942,0.6006664182106752,923.5309640523118,5.0,30.0,0.15027372611999348,17.66427349311197,21.122732022196672,False,inf,0.0,True,0.35822554068629414,592.0
warehouse,dificil,2,madera,0.17968564888872507,0.9233139484419756,0.962931112519236,0.9573414930477433,18,19,174.56159999710508,0.04,1,rrt_star,RRT*,True,1857.3431999975583,True,14.56158001802107,1.0057939017543773,0.26850653914027933,0.4573332239442457,168.57732943250818,1.0,9.0,0.3234238499586368,14.56158001802107,14.56158001802107,False,inf,0.0,True,0.3318566112073296,4000.0
warehouse,dificil,2,madera,0.17968564888872507,0.9233139484419756,0.962931112519236,0.9573414930477433,18,19,174.56159999710508,0.04,1,prm,PRM,True,712.3343999992358,True,14.921758878547474,1.0306720881194533,0.25415332582261746,0.5598623672746325,294.25290790636063,0.0,17.0,0.3334193232367861,14.921758878547474,14.921758878547474,False,inf,0.0,True,0.3101533253987622,602.0
warehouse,dificil,2,madera,0.17968564888872507,0.9233139484419756,0.962931112519236,0.9573414930477433,18,19,174.56159999710508,0.04,1,potential,APF,False,1929.9791999947047,,,,,,,,,,,,,,,,,12224.0
warehouse,dificil,2,madera,0.17968564888872507,0.9233139484419756,0.962931112519236,0.9573414930477433,18,19,174.56159999710508,0.04,1,hybrid_astar,Hybrid A*,True,472.0390000002226,True,14.716135474827139,1.0164693185529678,0.26386480488629105,0.4897762779085912,213.09524528618806,0.0,16.0,0.7983495355020316,14.716135474827139,14.716135474827139,True,14.716135474827139,0.0,True,0.33251692618805806,601.0
warehouse,dificil,2,madera,0.17968564888872507,0.9233139484419756,0.962931112519236,0.9573414930477433,18,19,174.56159999710508,0.04,1,aco,ACO,True,1565.8166999928653,True,16.375189027078676,1.1310630606794017,0.32,0.5110138532492612,1080.0,18.0,21.0,0.13245066571639114,16.375189027078676,18.467087569612303,False,inf,0.0,True,0.44,40.0
warehouse,dificil,2,madera,0.17968564888872507,0.9233139484419756,0.962931112519236,0.9573414930477433,18,19,174.56159999710508,0.04,1,topological,Homotopy planner,True,495.5243000003975,True,14.577912942846718,1.0069220455524484,0.26106367023638544,0.4489845501780979,152.27465111206521,2.0,5.0,0.23058799732598367,14.577912942846718,15.268126418558973,False,inf,0.0,True,0.3369864987256824,21412.0
warehouse,dificil,2,madera,0.17968564888872507,0.9233139484419756,0.962931112519236,0.9573414930477433,18,19,174.56159999710508,0.04,1,slam,SLAM-based,True,1243.2365999993635,True,25.65992909760889,1.772376361211119,0.29590983801094695,0.4550713835492504,919.1033047132951,5.0,26.0,0.07965195532993385,25.65992909760889,28.531558940729383,False,inf,0.0,True,0.3803991186716462,168.0
warehouse,dificil,2,madera,0.17968564888872507,0.9233139484419756,0.962931112519236,0.9573414930477433,18,19,174.56159999710508,0.04,1,drl,DRL (D3QN),True,18.932800012407824,True,30.92622660961793,2.136128777902696,0.32,0.6790759106629212,6184.7222777644465,47.0,70.0,0.07957747154594767,30.92622660961793,72.79618212363556,False,inf,0.0,True,0.43181396484375,113.0
warehouse,dificil,3,baldosa,0.1583706535016831,0.8750496544053389,0.8750496544053389,1.0,15,15,167.04939999908675,0.04,0,tve,TVE (proposed),True,18.865400008508004,True,11.380290315428697,1.010879998447971,0.33681406211421516,0.4934453559302766,118.06329212501468,0.0,9.0,0.6243388406150634,11.380290315428697,11.380290315428697,False,inf,0.0,True,0.4074375613172132,
warehouse,dificil,3,baldosa,0.1583706535016831,0.8750496544053389,0.8750496544053389,1.0,15,15,167.04939999908675,0.04,0,teselado,WDT,True,25.804700009757653,True,13.353502033860284,1.1861549873611603,0.42034097466127607,0.6648759745896315,239.55689052638803,0.0,18.0,0.7805812238679914,13.353502033860284,13.353502033860284,True,13.353502033860284,0.0,True,0.5511150012151257,
warehouse,dificil,3,baldosa,0.1583706535016831,0.8750496544053389,0.8750496544053389,1.0,15,15,167.04939999908675,0.04,0,dijkstra,Dijkstra,True,12.005099997622892,True,11.878132752230961,1.055101977658793,0.2936589860916138,0.4487904121216773,587.4895529219991,7.0,15.0,0.33456612501897426,11.878132752230961,11.878132752230961,False,inf,0.0,True,0.42,10128.0
warehouse,dificil,3,baldosa,0.1583706535016831,0.8750496544053389,0.8750496544053389,1.0,15,15,167.04939999908675,0.04,0,astar,A*,True,3.6580000014510006,True,11.878132752230961,1.055101977658793,0.2936589860916138,0.4252352169254048,720.0,9.0,18.0,0.33456612501897426,11.878132752230961,11.878132752230961,False,inf,0.0,True,0.42193796157836916,1653.0
warehouse,dificil,3,baldosa,0.1583706535016831,0.8750496544053389,0.8750496544053389,1.0,15,15,167.04939999908675,0.04,0,theta,Theta*,True,384.9421000049915,True,11.405966718647528,1.0131607629738824,0.2561137665642631,0.4588276361432497,108.08574444163214,2.0,5.0,0.32180703032740965,11.405966718647528,11.405966718647528,False,inf,0.0,True,0.3503936077299571,1526.0
warehouse,dificil,3,baldosa,0.1583706535016831,0.8750496544053389,0.8750496544053389,1.0,15,15,167.04939999908675,0.04,0,visibility,Visibility graph,True,2897.814299998572,True,11.257805410039904,1.0,0.2825222949762191,0.46536813495615575,111.6827882905872,0.0,7.0,0.5777937421091014,11.257805410039904,11.257805410039904,False,inf,0.0,True,0.34232440282018767,162.0
warehouse,dificil,3,baldosa,0.1583706535016831,0.8750496544053389,0.8750496544053389,1.0,15,15,167.04939999908675,0.04,0,rrt,RRT,True,53.265700000338256,True,14.130963835163103,1.25521478836016,0.26309216680393865,0.5276550514045311,1024.7388038411948,9.0,24.0,0.18127995636958513,14.130963835163103,15.702274748876016,False,inf,0.0,True,0.35677526307000357,465.0
warehouse,dificil,3,baldosa,0.1583706535016831,0.8750496544053389,0.8750496544053389,1.0,15,15,167.04939999908675,0.04,0,rrt_star,RRT*,True,1880.6703999871388,True,11.226731228276083,0.997239765599776,0.25863917107582635,0.42097608247581003,119.58552152325097,0.0,9.0,0.4310844644495573,11.226731228276083,11.226731228276083,False,inf,0.0,True,0.33945730560427295,4000.0
warehouse,dificil,3,baldosa,0.1583706535016831,0.8750496544053389,0.8750496544053389,1.0,15,15,167.04939999908675,0.04,0,prm,PRM,True,691.2530999979936,True,11.622802786483351,1.0324217165912228,0.2680159904017596,0.5054669128039732,267.3735090130686,0.0,14.0,0.41699762586054206,11.622802786483351,11.622802786483351,False,inf,0.0,True,0.3630199779163706,602.0
warehouse,dificil,3,baldosa,0.1583706535016831,0.8750496544053389,0.8750496544053389,1.0,15,15,167.04939999908675,0.04,0,potential,APF,False,2374.6962000004714,,,,,,,,,,,,,,,,,14002.0
warehouse,dificil,3,baldosa,0.1583706535016831,0.8750496544053389,0.8750496544053389,1.0,15,15,167.04939999908675,0.04,0,hybrid_astar,Hybrid A*,True,190.40969999332447,True,11.389589651074663,1.0117060329464598,0.2663545709365423,0.4906839479280873,163.32147829660903,0.0,11.0,0.7983193477188079,11.389589651074663,11.389589651074663,True,11.389589651074663,0.0,True,0.3650524222679707,243.0
warehouse,dificil,3,baldosa,0.1583706535016831,0.8750496544053389,0.8750496544053389,1.0,15,15,167.04939999908675,0.04,0,aco,ACO,True,2527.7230000065174,True,12.502210916641182,1.1105371305753338,0.34,0.5530069015264427,1106.5650511770782,18.0,22.0,0.13413650820668918,12.502210916641182,14.352322888207778,False,inf,0.0,True,0.46,40.0
warehouse,dificil,3,baldosa,0.1583706535016831,0.8750496544053389,0.8750496544053389,1.0,15,15,167.04939999908675,0.04,0,topological,Homotopy planner,True,464.5603000099072,True,11.301489212523462,1.0038803124492275,0.25460443176054354,0.4549686651094785,109.62392017081649,2.0,5.0,0.29241457680627553,11.301489212523462,11.301489212523462,False,inf,0.0,True,0.3438598105643409,16070.0
warehouse,dificil,3,baldosa,0.1583706535016831,0.8750496544053389,0.8750496544053389,1.0,15,15,167.04939999908675,0.04,0,slam,SLAM-based,True,1203.9469000010286,True,23.627455960013453,2.0987621565160546,0.3391853107773735,0.532107221962392,839.6711135290903,4.0,21.0,0.08002282104200205,23.627455960013453,26.70323574462762,False,inf,0.0,True,0.47925769879078284,155.0
warehouse,dificil,3,baldosa,0.1583706535016831,0.8750496544053389,0.8750496544053389,1.0,15,15,167.04939999908675,0.04,0,drl,DRL (D3QN),True,33.69939999538474,True,52.2751608873474,4.643459269666139,0.38,0.587492991242219,10503.434948822922,72.0,102.0,0.07957747154594767,52.2751608873474,156.38437855281455,False,inf,0.0,True,0.5,204.0
warehouse,dificil,3,baldosa,0.1583706535016831,0.8750496544053389,0.8750496544053389,1.0,15,15,167.04939999908675,0.04,1,tve,TVE (proposed),True,16.957999992882833,True,10.111897384049215,1.0045489919265191,0.30843750170856143,0.49337514756234363,85.85268896479622,0.0,6.0,0.7240010224208063,10.111897384049215,10.111897384049215,False,inf,0.0,True,0.3511860991519353,
warehouse,dificil,3,baldosa,0.1583706535016831,0.8750496544053389,0.8750496544053389,1.0,15,15,167.04939999908675,0.04,1,teselado,WDT,True,24.50200000021141,True,11.573107055654987,1.1497103446238177,0.3160394768506643,0.6085561810857714,125.54014181666915,0.0,14.0,1.3288779115295435,11.573107055654987,11.573107055654987,True,11.573107055654987,0.0,True,0.5160394768506643,
warehouse,dificil,3,baldosa,0.1583706535016831,0.8750496544053389,0.8750496544053389,1.0,15,15,167.04939999908675,0.04,1,dijkstra,Dijkstra,True,10.389500006567687,True,10.434802307403553,1.0366274241854725,0.3,0.45025896051375897,229.42055729120264,4.0,7.0,0.4293780278400478,10.434802307403553,10.434802307403553,False,inf,0.0,True,0.3675659942626953,7067.0
warehouse,dificil,3,baldosa,0.1583706535016831,0.8750496544053389,0.8750496544053389,1.0,15,15,167.04939999908675,0.04,1,astar,A*,True,2.3489000013796613,True,10.434802307403553,1.0366274241854725,0.2936589860916138,0.4148896405386719,468.79988515865267,9.0,12.0,0.4293780278400478,10.434802307403553,10.434802307403553,False,inf,0.0,True,0.3476279830932617,838.0
warehouse,dificil,3,baldosa,0.1583706535016831,0.8750496544053389,0.8750496544053389,1.0,15,15,167.04939999908675,0.04,1,theta,Theta*,True,195.1896999962628,True,10.193328235920855,1.0126385993515719,0.2594809019906182,0.4734879946355129,84.41488132991634,1.0,4.0,0.2745944357717907,10.193328235920855,10.193328235920855,False,inf,0.0,True,0.29244123881203765,686.0
warehouse,dificil,3,baldosa,0.1583706535016831,0.8750496544053389,0.8750496544053389,1.0,15,15,167.04939999908675,0.04,1,visibility,Visibility graph,True,2846.2753000058,True,10.066106745731402,1.0,0.28050950260066315,0.46281359048910015,83.95420655454714,1.0,5.0,0.5584798608873431,10.066106745731402,10.066106745731402,False,inf,0.0,True,0.3156403351936143,162.0
warehouse,dificil,3,baldosa,0.1583706535016831,0.8750496544053389,0.8750496544053389,1.0,15,15,167.04939999908675,0.04,1,rrt,RRT,True,19.925000000512227,True,12.109103018178445,1.2029579383621565,0.3021847196197677,0.5567388351683955,839.5929841795826,7.0,20.0,0.14691694489509438,12.109103018178445,17.701694098783292,False,inf,0.0,True,0.38218471961976785,89.0
warehouse,dificil,3,baldosa,0.1583706535016831,0.8750496544053389,0.8750496544053389,1.0,15,15,167.04939999908675,0.04,1,rrt_star,RRT*,True,1796.332900004927,True,10.073783969856235,1.00076268057937,0.26918649066303135,0.4550130103997339,83.52407523841818,1.0,5.0,0.3359840086303241,10.073783969856235,10.073783969856235,False,inf,0.0,True,0.31913776821690926,4000.0
warehouse,dificil,3,baldosa,0.1583706535016831,0.8750496544053389,0.8750496544053389,1.0,15,15,167.04939999908675,0.04,1,prm,PRM,True,676.0301000031177,True,10.740876152758714,1.0670338020519654,0.3757519912719727,0.5934696234603384,216.46060193584108,1.0,12.0,0.374157338791269,10.740876152758714,10.740876152758714,False,inf,0.0,True,0.44,602.0
warehouse,dificil,3,baldosa,0.1583706535016831,0.8750496544053389,0.8750496544053389,1.0,15,15,167.04939999908675,0.04,1,potential,APF,True,791.9137999997474,True,300.64721575280544,29.867278715308363,0.22918015819174511,0.541515807694818,401210.6377199952,3035.0,3126.0,0.07957747154594767,300.64721575280544,1135.8336205296705,False,inf,0.0,True,0.37881453662181475,4816.0
warehouse,dificil,3,baldosa,0.1583706535016831,0.8750496544053389,0.8750496544053389,1.0,15,15,167.04939999908675,0.04,1,hybrid_astar,Hybrid A*,False,6.879600012325682,,,,,,,,,,,,,,,,,2.0
warehouse,dificil,3,baldosa,0.1583706535016831,0.8750496544053389,0.8750496544053389,1.0,15,15,167.04939999908675,0.04,1,aco,ACO,True,279.1389000049094,True,10.58692087688484,1.0517393809055615,0.38,0.5386489356280266,476.56505117707803,8.0,10.0,0.10689881263732709,10.58692087688484,12.075758209735826,False,inf,0.0,True,0.44756599426269533,40.0
warehouse,dificil,3,baldosa,0.1583706535016831,0.8750496544053389,0.8750496544053389,1.0,15,15,167.04939999908675,0.04,1,topological,Homotopy planner,True,389.8048999981256,True,10.158809422378665,1.0092093874015964,0.26164476980762785,0.4584110753153686,82.98058224235294,1.0,4.0,0.23859833785453824,10.158809422378665,10.825850712452212,False,inf,0.0,True,0.3371506320053984,14226.0
warehouse,dificil,3,baldosa,0.1583706535016831,0.8750496544053389,0.8750496544053389,1.0,15,15,167.04939999908675,0.04,1,slam,SLAM-based,True,503.3111000084318,True,10.280298678992244,1.0212785279027239,0.33200220273242054,0.5074508736278642,152.5372140850644,0.0,8.0,0.590615183312754,10.280298678992244,10.280298678992244,False,inf,0.0,True,0.37423302026357774,68.0
warehouse,dificil,3,baldosa,0.1583706535016831,0.8750496544053389,0.8750496544053389,1.0,15,15,167.04939999908675,0.04,1,drl,DRL (D3QN),True,8.338200001162477,True,13.700285685123752,1.3610312339409123,0.38,0.6686719708620261,1738.072486935853,12.0,26.0,0.16157367022687336,13.700285685123752,19.55481646047578,False,inf,0.0,True,0.58,48.0
home,medio,0,uniforme,0.04623726932198618,0.8478496744920102,0.8478496744920102,1.0,16,16,168.53789999731816,0.025,0,tve,TVE (proposed),True,33.24320001411252,True,8.987124680915693,1.0023946171498168,0.3002734883255479,0.9948600677931639,25.962988373819915,0.0,4.0,1.0563312449874733,8.987124680915693,8.987124680915693,True,8.987124680915693,0.0,True,0.5,
home,medio,0,uniforme,0.04623726932198618,0.8478496744920102,0.8478496744920102,1.0,16,16,168.53789999731816,0.025,0,teselado,WDT,True,128.4587999980431,True,8.983476065662456,1.0019876624874806,0.25177787580745986,1.0008211533529472,22.84076649045911,0.0,5.0,1.290933781930848,8.983476065662456,8.983476065662456,True,8.983476065662456,0.0,True,0.5,
home,medio,0,uniforme,0.04623726932198618,0.8478496744920102,0.8478496744920102,1.0,16,16,168.53789999731816,0.025,0,dijkstra,Dijkstra,True,16.467900000861846,True,9.59159992311072,1.069815816976199,0.2625,0.7679783772617751,134.8438810961417,0.0,5.0,0.3814413833974879,9.59159992311072,9.59159992311072,False,inf,0.0,True,0.3125,13471.0
home,medio,0,uniforme,0.04623726932198618,0.8478496744920102,0.8478496744920102,1.0,16,16,168.53789999731816,0.025,0,astar,A*,True,14.35299999138806,True,9.59159992311072,1.069815816976199,0.2625,0.9594616691843696,457.1250163489018,6.0,12.0,0.31890789445778245,9.59159992311072,9.59159992311072,False,inf,0.0,True,0.3125,5157.0
home,medio,0,uniforme,0.04623726932198618,0.8478496744920102,0.8478496744920102,1.0,16,16,168.53789999731816,0.025,0,theta,Theta*,True,879.3327000021236,True,8.994335889637714,1.0031989318848118,0.24627468073113665,1.0030892085084508,21.68041468023545,0.0,3.0,1.2883919336210503,8.994335889637714,8.994335889637714,True,8.994335889637714,0.0,True,0.47443814959452396,3019.0
home,medio,0,uniforme,0.04623726932198618,0.8478496744920102,0.8478496744920102,1.0,16,16,168.53789999731816,0.025,0,visibility,Visibility graph,True,1672.952399996575,True,8.965655368810193,1.0,0.25363525217559807,1.0083003871249239,22.544314341727155,0.0,4.0,1.2149332340786991,8.965655368810193,8.965655368810193,True,8.965655368810193,0.0,True,0.4950642588304824,127.0
home,medio,0,uniforme,0.04623726932198618,0.8478496744920102,0.8478496744920102,1.0,16,16,168.53789999731816,0.025,0,rrt,RRT,True,7.8188000043155625,True,9.889843126998526,1.1030808926030558,0.3458584294097599,0.9247031276160471,342.66080150550147,2.0,16.0,0.15526276369807285,9.889843126998526,11.857116492299177,False,inf,0.0,True,0.38205248206722686,65.0
home,medio,0,uniforme,0.04623726932198618,0.8478496744920102,0.8478496744920102,1.0,16,16,168.53789999731816,0.025,0,rrt_star,RRT*,True,2012.37179999589,True,8.970844988572598,1.000578833286461,0.24276671996362809,1.015055794075521,30.42745512649415,0.0,7.0,1.159110077915679,8.970844988572598,8.970844988572598,True,8.970844988572598,0.0,True,0.4835658448111242,4000.0
home,medio,0,uniforme,0.04623726932198618,0.8478496744920102,0.8478496744920102,1.0,16,16,168.53789999731816,0.025,0,prm,PRM,True,671.0947999963537,True,9.16013723938966,1.021691874445234,0.2640461026405804,0.9075128143186014,185.96694269739606,0.0,15.0,0.608675545689979,9.16013723938966,9.16013723938966,False,inf,0.0,True,0.32141493226395174,602.0
home,medio,0,uniforme,0.04623726932198618,0.8478496744920102,0.8478496744920102,1.0,16,16,168.53789999731816,0.025,0,potential,APF,False,1874.1143999941414,,,,,,,,,,,,,,,,,11980.0
home,medio,0,uniforme,0.04623726932198618,0.8478496744920102,0.8478496744920102,1.0,16,16,168.53789999731816,0.025,0,hybrid_astar,Hybrid A*,True,65.19760000810493,True,9.063149096392923,1.01087413285167,0.25556453500885135,1.0289046905008854,118.16143443783386,0.0,14.0,0.9783162439699757,9.063149096392923,9.063149096392923,True,9.063149096392923,0.0,True,0.4366859241386114,71.0
home,medio,0,uniforme,0.04623726932198618,0.8478496744920102,0.8478496744920102,1.0,16,16,168.53789999731816,0.025,0,aco,ACO,True,378.0460999987554,True,9.972970773009198,1.112352679504419,0.28750000000000003,0.9180093439529506,2249.999999999999,43.0,48.0,0.2440630336398452,9.972970773009198,9.972970773009198,False,inf,0.0,True,0.38742244243621826,40.0
home,medio,0,uniforme,0.04623726932198618,0.8478496744920102,0.8478496744920102,1.0,16,16,168.53789999731816,0.025,0,topological,Homotopy planner,True,522.5997999950778,True,8.963358817318571,0.9997438501261592,0.237204727015016,1.0075455226602135,21.91548265164362,0.0,3.0,1.1648842231811851,8.963358817318571,8.963358817318571,True,8.963358817318571,0.0,True,0.465255839028049,14477.0
home,medio,0,uniforme,0.04623726932198618,0.8478496744920102,0.8478496744920102,1.0,16,16,168.53789999731816,0.025,0,slam,SLAM-based,True,502.60969999362715,True,9.521838696999204,1.0620348770178996,0.2621625066113801,1.0698645400748517,369.2116124395454,1.0,14.0,0.22160264124122764,9.521838696999204,10.24003836375609,False,inf,0.0,True,0.5,63.0
home,medio,0,uniforme,0.04623726932198618,0.8478496744920102,0.8478496744920102,1.0,16,16,168.53789999731816,0.025,0,drl,DRL (D3QN),True,21.282099987729453,True,26.56987555329762,2.9635173849899648,0.36250000000000004,0.8679895246531784,5763.44221357835,59.0,61.0,0.07957747154594769,26.56987555329762,71.98392373864095,False,inf,0.0,True,0.36250000000000004,95.0
home,medio,0,uniforme,0.04623726932198618,0.8478496744920102,0.8478496744920102,1.0,16,16,168.53789999731816,0.025,1,tve,TVE (proposed),True,38.03599999810103,True,5.981340445293509,1.0048588592806935,0.29664927383353257,0.7368777088479339,43.212634853515,0.0,6.0,0.9993606704955202,5.981340445293509,5.981340445293509,True,5.981340445293509,0.0,True,0.3771550842398603,
home,medio,0,uniforme,0.04623726932198618,0.8478496744920102,0.8478496744920102,1.0,16,16,168.53789999731816,0.025,1,teselado,WDT,True,298.4072999970522,True,10.30705381272763,1.7315741231469024,0.3090317625599492,0.5066656681369431,313.5534231899158,0.0,22.0,0.49861594865889103,10.30705381272763,10.30705381272763,False,inf,0.0,True,0.3736871080449177,
home,medio,0,uniforme,0.04623726932198618,0.8478496744920102,0.8478496744920102,1.0,16,16,168.53789999731816,0.025,1,dijkstra,Dijkstra,True,23.44809999340214,True,6.092462120245875,1.0235271829708885,0.2625,0.7529780167487659,114.01133199548718,1.0,5.0,0.32921126080020596,6.092462120245875,6.092462120245875,False,inf,0.0,True,0.3375,13235.0
home,medio,0,uniforme,0.04623726932198618,0.8478496744920102,0.8478496744920102,1.0,16,16,168.53789999731816,0.025,1,astar,A*,True,4.994600007194094,True,6.092462120245876,1.0235271829708887,0.2625,0.7420256347988865,209.3464377361429,1.0,7.0,0.3064252265754736,6.092462120245876,6.092462120245876,False,inf,0.0,True,0.3375,946.0
home,medio,0,uniforme,0.04623726932198618,0.8478496744920102,0.8478496744920102,1.0,16,16,168.53789999731816,0.025,1,theta,Theta*,True,370.76049999450333,True,5.992551896178672,1.0067423711540582,0.25547820823244577,0.7464869637591245,32.21213525559254,0.0,3.0,0.6842678580284766,5.992551896178672,5.992551896178672,False,inf,0.0,True,0.33096246973365595,1423.0
home,medio,0,uniforme,0.04623726932198618,0.8478496744920102,0.8478496744920102,1.0,16,16,168.53789999731816,0.025,1,visibility,Visibility graph,True,1657.398600000306,True,5.9524184815120424,1.0,0.24245633563722674,0.745822759762563,31.02052400363713,0.0,4.0,0.7983025110451698,5.9524184815120424,5.9524184815120424,True,5.9524184815120424,0.0,True,0.32762837811612333,127.0
home,medio,0,uniforme,0.04623726932198618,0.8478496744920102,0.8478496744920102,1.0,16,16,168.53789999731816,0.025,1,rrt,RRT,True,14.246499995351769,True,7.719192204479239,1.2968161140643455,0.25112741532707394,0.7789598349328573,673.1600987486931,5.0,17.0,0.14087588957119945,7.719192204479239,11.393413425767017,False,inf,0.0,True,0.32112739625358766,111.0
home,medio,0,uniforme,0.04623726932198618,0.8478496744920102,0.8478496744920102,1.0,16,16,168.53789999731816,0.025,1,rrt_star,RRT*,True,2009.293199997046,True,5.944644781672134,0.9986940266609189,0.23783578938495442,0.7430304987719827,29.84418067666952,0.0,5.0,0.9718123311374811,5.944644781672134,5.944644781672134,True,5.944644781672134,0.0,True,0.319674238674029,4000.0
home,medio,0,uniforme,0.04623726932198618,0.8478496744920102,0.8478496744920102,1.0,16,16,168.53789999731816,0.025,1,prm,PRM,True,742.8252999961842,True,6.021230862592267,1.0115604071343358,0.24959247746748858,0.7620947357044059,108.22056016916126,0.0,10.0,0.5444515044796043,6.021230862592267,6.021230862592267,False,inf,0.0,True,0.34503295732296735,602.0
home,medio,0,uniforme,0.04623726932198618,0.8478496744920102,0.8478496744920102,1.0,16,16,168.53789999731816,0.025,1,potential,APF,False,1904.4054999976652,,,,,,,,,,,,,,,,,12078.0
home,medio,0,uniforme,0.04623726932198618,0.8478496744920102,0.8478496744920102,1.0,16,16,168.53789999731816,0.025,1,hybrid_astar,Hybrid A*,True,67.77660000079777,True,5.976722468947155,1.0040830441459383,0.24387564036220744,0.7472343024511292,61.12165889473848,0.0,9.0,1.7833301301829718,5.976722468947155,5.976722468947155,True,5.976722468947155,0.0,True,0.33576015077264515,71.0
home,medio,0,uniforme,0.04623726932198618,0.8478496744920102,0.8478496744920102,1.0,16,16,168.53789999731816,0.025,1,aco,ACO,True,685.09769999946,True,6.744211908790648,1.1330204571029208,0.31988372802734377,0.713247907600842,1203.6900675259797,17.0,22.0,0.3483290041545863,6.744211908790648,6.744211908790648,False,inf,0.0,True,0.4037111878395081,40.0
home,medio,0,uniforme,0.04623726932198618,0.8478496744920102,0.8478496744920102,1.0,16,16,168.53789999731816,0.025,1,topological,Homotopy planner,True,535.1398000057088,True,5.969910345158425,1.0029386145649388,0.23780348444871252,0.7489180937829718,34.506700311774125,0.0,3.0,0.4176834706974557,5.969910345158425,5.969910345158425,False,inf,0.0,True,0.313259606445849,32800.0
home,medio,0,uniforme,0.04623726932198618,0.8478496744920102,0.8478496744920102,1.0,16,16,168.53789999731816,0.025,1,slam,SLAM-based,True,337.0390999916708,True,6.152769739677019,1.0336587991565545,0.27880272064537764,0.7150282379222097,211.4079116638471,0.0,10.0,0.3453151887654189,6.152769739677019,6.152769739677019,False,inf,0.0,True,0.35380272064537766,41.0
home,medio,0,uniforme,0.04623726932198618,0.8478496744920102,0.8478496744920102,1.0,16,16,168.53789999731816,0.025,1,drl,DRL (D3QN),True,6.783799995901063,True,7.565029510832649,1.2709169448232358,0.3397674560546875,0.896602914253017,901.1214707147312,13.0,16.0,0.17261707107710955,7.565029510832649,10.889913016211255,False,inf,0.0,True,0.41250000000000003,25.0
home,facil,1,alfombra,0.0,0.8857006217120995,0.8857006217120995,1.0,15,15,166.78200000023935,0.025,0,tve,TVE (proposed),True,49.5290999970166,True,6.95514470726551,1.0002098897506129,0.28208100588818896,0.723594112652205,2.766143960832959,0.0,3.0,6.323633513307138,6.95514470726551,6.95514470726551,True,6.95514470726551,0.0,True,0.3331811932349453,
home,facil,1,alfombra,0.0,0.8857006217120995,0.8857006217120995,1.0,15,15,166.78200000023935,0.025,0,teselado,WDT,True,35.34859999490436,True,6.954200521702063,1.0000741077104014,0.2502156902286373,0.7099659293212803,2.0616960609487145,0.0,3.0,7.839159542262458,6.954200521702063,6.954200521702063,True,6.954200521702063,0.0,True,0.30129767273220553,
home,facil,1,alfombra,0.0,0.8857006217120995,0.8857006217120995,1.0,15,15,166.78200000023935,0.025,0,dijkstra,Dijkstra,True,11.889599991263822,True,7.068198051533947,1.0164679372486827,0.2625,0.7043972623532136,148.84838912625963,1.0,5.0,0.23505729290868863,7.068198051533947,7.068198051533947,False,inf,0.0,True,0.3125,7038.0
home,facil,1,alfombra,0.0,0.8857006217120995,0.8857006217120995,1.0,15,15,166.78200000023935,0.025,0,astar,A*,True,1.8706999981077388,True,7.068198051533947,1.0164679372486827,0.2625,0.7043972623532136,148.84838912625963,1.0,5.0,0.23505729290868863,7.068198051533947,7.068198051533947,False,inf,0.0,True,0.3125,382.0
home,facil,1,alfombra,0.0,0.8857006217120995,0.8857006217120995,1.0,15,15,166.78200000023935,0.025,0,theta,Theta*,True,102.34599999967031,True,6.988260385237791,1.0049722103072323,0.2384541984732821,0.7155659745326836,0.0,0.0,2.0,4.0749143306143,6.988260385237791,6.988260385237791,True,6.988260385237791,0.0,True,0.28921755725190795,183.0
home,facil,1,alfombra,0.0,0.8857006217120995,0.8857006217120995,1.0,15,15,166.78200000023935,0.025,0,visibility,Visibility graph,True,1993.326799987699,True,6.953685200013038,1.0,0.2427763796949222,0.7135441602284421,0.0,0.0,2.0,40.82363374697542,6.953685200013038,6.953685200013038,True,6.953685200013038,0.0,True,0.2936390768531993,137.0
home,facil,1,alfombra,0.0,0.8857006217120995,0.8857006217120995,1.0,15,15,166.78200000023935,0.025,0,rrt,RRT,True,4.94040000194218,True,7.989884855038333,1.1490144614287905,0.2574712811898911,0.6746311739113825,600.1206757484267,7.0,15.0,0.16457189279153397,7.989884855038333,11.537191402582938,False,inf,0.0,True,0.3202074910706298,34.0
home,facil,1,alfombra,0.0,0.8857006217120995,0.8857006217120995,1.0,15,15,166.78200000023935,0.025,0,rrt_star,RRT*,True,2317.584900010843,True,6.96077250029222,1.0010192150025958,0.2512044984885904,0.7203350067041498,14.889652411809621,0.0,4.0,1.370068548264812,6.96077250029222,6.96077250029222,True,6.96077250029222,0.0,True,0.3021258845535371,4000.0
home,facil,1,alfombra,0.0,0.8857006217120995,0.8857006217120995,1.0,15,15,166.78200000023935,0.025,0,prm,PRM,True,670.6318000069587,True,7.096113807062115,1.0204824640391845,0.3294647866107048,0.6719218704184503,159.68228811985986,0.0,12.0,0.44313488970688425,7.096113807062115,7.096113807062115,False,inf,0.0,True,0.38169717991605717,602.0
home,facil,1,alfombra,0.0,0.8857006217120995,0.8857006217120995,1.0,15,15,166.78200000023935,0.025,0,potential,APF,True,57.188299993867986,True,7.442351690385156,1.0702744625786627,0.4,0.7694201890671716,184.04481517000116,0.0,13.0,0.39398962937026555,7.442351690385156,7.442351690385156,False,inf,0.0,True,0.4,298.0
home,facil,1,alfombra,0.0,0.8857006217120995,0.8857006217120995,1.0,15,15,166.78200000023935,0.025,0,hybrid_astar,Hybrid A*,True,49.351599998772144,True,7.015546704466153,1.0088962187205424,0.2577862240486758,0.7201817820770073,39.53646355796523,0.0,6.0,1.7833089082656217,7.015546704466153,7.015546704466153,True,7.015546704466153,0.0,True,0.3127087094002383,52.0
home,facil,1,alfombra,0.0,0.8857006217120995,0.8857006217120995,1.0,15,15,166.78200000023935,0.025,0,aco,ACO,True,287.70289999374654,True,7.633452377915607,1.0977563922366365,0.3375,0.7306783529001678,1304.292680631456,22.0,28.0,0.27799332104665625,7.633452377915607,7.633452377915607,False,inf,0.0,True,0.3875,40.0
home,facil,1,alfombra,0.0,0.8857006217120995,0.8857006217120995,1.0,15,15,166.78200000023935,0.025,0,topological,Homotopy planner,True,313.56249999953434,True,6.953652513715653,0.999995299428081,0.23800474281107428,0.7123584365255453,0.0,0.0,2.0,84.64699844604156,6.953652513715653,6.953652513715653,True,6.953652513715653,0.0,True,0.2888386083265502,15152.0
home,facil,1,alfombra,0.0,0.8857006217120995,0.8857006217120995,1.0,15,15,166.78200000023935,0.025,0,slam,SLAM-based,True,381.68819999555126,True,7.063462669017563,1.0157869483370225,0.2781133227363739,0.7261382904040472,259.18523654132514,1.0,8.0,0.08424915056880707,7.063462669017563,8.952561158644613,False,inf,0.0,True,0.3282302729562858,47.0
home,facil,1,alfombra,0.0,0.8857006217120995,0.8857006217120995,1.0,15,15,166.78200000023935,0.025,0,drl,DRL (D3QN),True,7.687800010899082,True,9.265735462622414,1.3324928000199145,0.35625,0.7048451296436843,1125.7252242990592,16.0,18.0,0.1117354935570885,9.265735462622414,13.18724843551723,False,inf,0.0,True,0.36250000000000004,34.0
home,facil,1,alfombra,0.0,0.8857006217120995,0.8857006217120995,1.0,15,15,166.78200000023935,0.025,1,tve,TVE (proposed),True,45.136999993701465,True,9.159866769032481,1.15313968777665,0.2590215926267649,0.5716469925478073,161.3366247479889,0.0,12.0,0.5372577202065817,9.159866769032481,9.159866769032481,False,inf,0.0,True,0.30276017260754357,
home,facil,1,alfombra,0.0,0.8857006217120995,0.8857006217120995,1.0,15,15,166.78200000023935,0.025,1,teselado,WDT,True,430.70300000545103,True,9.740152197935231,1.2261920776398416,0.24522546375925425,0.6951362720241687,171.49824491999735,0.0,16.0,0.4681103295753646,9.740152197935231,9.740152197935231,False,inf,0.0,True,0.29850328567672885,
home,facil,1,alfombra,0.0,0.8857006217120995,0.8857006217120995,1.0,15,15,166.78200000023935,0.025,1,dijkstra,Dijkstra,True,24.861400001100264,True,8.510838738653232,1.0714332613425812,0.2609206080436707,0.4357888815603077,656.7788404069553,10.0,17.0,0.3680266548807116,8.510838738653232,8.510838738653232,False,inf,0.0,True,0.3158430933952332,20504.0
home,facil,1,alfombra,0.0,0.8857006217120995,0.8857006217120995,1.0,15,15,166.78200000023935,0.025,1,astar,A*,True,19.472400002996437,True,8.510838738653232,1.0714332613425814,0.2609206080436707,0.4973302117903652,966.5844114992206,11.0,24.0,0.32380101903409425,8.510838738653232,8.510838738653232,False,inf,0.0,True,0.3158430933952332,6336.0
home,facil,1,alfombra,0.0,0.8857006217120995,0.8857006217120995,1.0,15,15,166.78200000023935,0.025,1,theta,Theta*,True,1471.4079999976093,True,8.047878844132109,1.0131510350086728,0.23750000000000002,0.4551854213615343,221.31049793751194,3.0,8.0,0.39292111093611004,8.047878844132109,8.047878844132109,False,inf,0.0,True,0.30311963774941186,6180.0
home,facil,1,alfombra,0.0,0.8857006217120995,0.8857006217120995,1.0,15,15,166.78200000023935,0.025,1,visibility,Visibility graph,True,1883.1406000099378,True,7.943414719073171,1.0,0.2512955909505483,0.46679617258287104,187.60515200110385,0.0,10.0,0.3928167450845189,7.943414719073171,7.943414719073171,False,inf,0.0,True,0.3064610432208125,137.0
home,facil,1,alfombra,0.0,0.8857006217120995,0.8857006217120995,1.0,15,15,166.78200000023935,0.025,1,rrt,RRT,True,69.6860000025481,True,12.712604522588586,1.6003954183663571,0.25713653823712124,0.6304153300585261,1175.5011007857145,12.0,25.0,0.11887740722756256,12.712604522588586,20.61473946342919,False,inf,0.0,True,0.30797916634164296,633.0
home,facil,1,alfombra,0.0,0.8857006217120995,0.8857006217120995,1.0,15,15,166.78200000023935,0.025,1,rrt_star,RRT*,True,1867.0904000027804,True,8.01443860633667,1.0089412286498098,0.24815020866653945,0.46302679133740876,212.0886067841449,2.0,11.0,0.3500627552124931,8.01443860633667,8.01443860633667,False,inf,0.0,True,0.303072694018102,4000.0
home,facil,1,alfombra,0.0,0.8857006217120995,0.8857006217120995,1.0,15,15,166.78200000023935,0.025,1,prm,PRM,True,692.1519000025,True,9.163774130460865,1.153631587238855,0.25,0.5414776771531394,395.56596354150383,4.0,14.0,0.1803496512222612,9.163774130460865,10.046254035541216,False,inf,0.0,True,0.30000000000000004,602.0
home,facil,1,alfombra,0.0,0.8857006217120995,0.8857006217120995,1.0,15,15,166.78200000023935,0.025,1,potential,APF,False,1932.4551000026986,,,,,,,,,,,,,,,,,11779.0
home,facil,1,alfombra,0.0,0.8857006217120995,0.8857006217120995,1.0,15,15,166.78200000023935,0.025,1,hybrid_astar,Hybrid A*,True,633.0982000072254,True,13.40878058036422,1.6880373308682972,0.25056241777216004,0.6601631589539017,511.2441339320935,0.0,34.0,0.7981109812805316,13.40878058036422,13.40878058036422,True,13.40878058036422,0.0,True,0.3154841653434094,856.0
home,facil,1,alfombra,0.0,0.8857006217120995,0.8857006217120995,1.0,15,15,166.78200000023935,0.025,1,aco,ACO,True,5982.1437999926275,True,9.05946623517231,1.1405002200652266,0.3125,0.525156778409746,945.7638984609301,13.0,22.0,0.3216271058455278,9.05946623517231,9.05946623517231,False,inf,0.0,True,0.36250000000000004,40.0
home,facil,1,alfombra,0.0,0.8857006217120995,0.8857006217120995,1.0,15,15,166.78200000023935,0.025,1,topological,Homotopy planner,True,329.8508000007132,True,7.9671831462306315,1.0029922178304993,0.2309306654298093,0.4581800354557191,189.72991033178795,3.0,7.0,0.2697976249077369,7.9671831462306315,7.9671831462306315,False,inf,0.0,True,0.28445246914053757,10473.0
home,facil,1,alfombra,0.0,0.8857006217120995,0.8857006217120995,1.0,15,15,166.78200000023935,0.025,1,slam,SLAM-based,True,857.3641999973916,True,16.26168924161676,2.0471912668200907,0.2768989100676052,0.582515544147057,932.5991583163712,3.0,32.0,0.13454823699539967,16.26168924161676,17.44457313995678,False,inf,0.0,True,0.35095039549419343,107.0
home,facil,1,alfombra,0.0,0.8857006217120995,0.8857006217120995,1.0,15,15,166.78200000023935,0.025,1,drl,DRL (D3QN),False,55.85769999015611,,,,,,,,,,,,,,,,,321.0
home,facil,3,alfombra,0.0,0.9232837864267553,0.9232837864267553,1.0,15,15,134.33130001067184,0.025,0,tve,TVE (proposed),True,40.42299999855459,True,6.078661919384776,1.0061869503468526,0.25577639910159855,0.39818538184597946,118.93173917074267,0.0,12.0,0.9999740099258079,6.078661919384776,6.078661919384776,True,6.078661919384776,0.0,True,0.31077664541725225,
home,facil,3,alfombra,0.0,0.9232837864267553,0.9232837864267553,1.0,15,15,134.33130001067184,0.025,0,teselado,WDT,True,516.3613000040641,True,6.77729523921292,1.1218301196514098,0.2445897268219541,0.4909598990179242,206.1508992789956,1.0,14.0,0.40924337122330057,6.77729523921292,6.77729523921292,False,inf,0.0,True,0.2958160709379257,
home,facil,3,alfombra,0.0,0.9232837864267553,0.9232837864267553,1.0,15,15,134.33130001067184,0.025,0,dijkstra,Dijkstra,True,18.925700002000667,True,6.48951839509359,1.074195079406537,0.2547287464141846,0.4358472731303792,496.9275875723884,5.0,13.0,0.3879602854917743,6.48951839509359,6.48951839509359,False,inf,0.0,True,0.30472873449325566,14241.0
home,facil,3,alfombra,0.0,0.9232837864267553,0.9232837864267553,1.0,15,15,134.33130001067184,0.025,0,astar,A*,True,6.278900007600896,True,6.48951839509359,1.074195079406537,0.2547287464141846,0.4274565280365999,588.117977916997,9.0,15.0,0.3670037066712637,6.48951839509359,6.48951839509359,False,inf,0.0,True,0.3096512317657471,2175.0
home,facil,3,alfombra,0.0,0.9232837864267553,0.9232837864267553,1.0,15,15,134.33130001067184,0.025,0,theta,Theta*,True,522.2905999980867,True,6.072072739627052,1.0050962585509216,0.23952548865116008,0.3796089326781543,108.16598647504703,0.0,6.0,0.39423534180741404,6.072072739627052,6.072072739627052,False,inf,0.0,True,0.3006555446872007,1877.0
home,facil,3,alfombra,0.0,0.9232837864267553,0.9232837864267553,1.0,15,15,134.33130001067184,0.025,0,visibility,Visibility graph,True,1606.4526999980444,True,6.04128479035565,1.0,0.24405245034431147,0.385079269419257,104.37493115355511,0.0,6.0,0.4363340258031334,6.04128479035565,6.04128479035565,False,inf,0.0,True,0.29487691234962965,124.0
home,facil,3,alfombra,0.0,0.9232837864267553,0.9232837864267553,1.0,15,15,134.33130001067184,0.025,0,rrt,RRT,True,59.243300012894906,True,7.967502653935842,1.3188424201843985,0.2954458920078153,0.5544691340888154,780.0623568558302,9.0,18.0,0.16147185486528173,7.967502653935842,9.867892338543749,False,inf,0.0,True,0.34544589200781534,437.0
home,facil,3,alfombra,0.0,0.9232837864267553,0.9232837864267553,1.0,15,15,134.33130001067184,0.025,0,rrt_star,RRT*,True,1988.366000005044,True,6.066518486876959,1.0041768758462757,0.23524098375545793,0.37785452995358404,153.38418437997709,0.0,9.0,0.3958959050057271,6.066518486876959,6.066518486876959,False,inf,0.0,True,0.2864978897190309,4000.0
home,facil,3,alfombra,0.0,0.9232837864267553,0.9232837864267553,1.0,15,15,134.33130001067184,0.025,0,prm,PRM,True,759.6484999958193,True,6.351884878005016,1.0514129193421258,0.24614712329621016,0.40077409859097984,244.8077426299819,2.0,10.0,0.2817585359134752,6.351884878005016,6.351884878005016,False,inf,0.0,True,0.3034871419270833,602.0
home,facil,3,alfombra,0.0,0.9232837864267553,0.9232837864267553,1.0,15,15,134.33130001067184,0.025,0,potential,APF,False,1893.2545999996364,,,,,,,,,,,,,,,,,12108.0
home,facil,3,alfombra,0.0,0.9232837864267553,0.9232837864267553,1.0,15,15,134.33130001067184,0.025,0,hybrid_astar,Hybrid A*,True,24.794299999484792,True,6.247318955472564,1.03410436227834,0.24984028059808705,0.4378983085622761,163.79607630277366,0.0,14.0,0.8007160786017986,6.247318955472564,6.247318955472564,True,6.247318955472564,0.0,True,0.2984541842509899,34.0
home,facil,3,alfombra,0.0,0.9232837864267553,0.9232837864267553,1.0,15,15,134.33130001067184,0.025,0,aco,ACO,True,5111.764400004176,True,6.713881822900738,1.111333442452312,0.28750000000000003,0.3662366425653901,873.434948822922,10.0,19.0,0.3226772858507329,6.713881822900738,6.713881822900738,False,inf,0.0,True,0.3375,40.0
home,facil,3,alfombra,0.0,0.9232837864267553,0.9232837864267553,1.0,15,15,134.33130001067184,0.025,0,topological,Homotopy planner,True,687.4783000093885,True,6.048814271952493,1.0012463378003404,0.2357915750282502,0.37731238548863605,106.55887711871654,0.0,5.0,0.48046827934988273,6.048814271952493,6.048814271952493,False,inf,0.0,True,0.2868635487021464,52455.0
home,facil,3,alfombra,0.0,0.9232837864267553,0.9232837864267553,1.0,15,15,134.33130001067184,0.025,0,slam,SLAM-based,True,703.9434999896912,True,12.75133436512701,2.1106990992186514,0.28419538028060815,0.5948152298934768,654.606817282043,2.0,21.0,0.07989106354577434,12.75133436512701,14.743483875074464,False,inf,0.0,True,0.34860685859178064,84.0
home,facil,3,alfombra,0.0,0.9232837864267553,0.9232837864267553,1.0,15,15,134.33130001067184,0.025,0,drl,DRL (D3QN),False,79.4947999966098,,,,,,,,,,,,,,,,,321.0
home,facil,3,alfombra,0.0,0.9232837864267553,0.9232837864267553,1.0,15,15,134.33130001067184,0.025,1,tve,TVE (proposed),True,35.95079999649897,True,5.718932901033634,1.004064794890453,0.30890806324685444,0.90557125730142,26.318435994879177,0.0,5.0,1.0070764689830003,5.718932901033634,5.718932901033634,True,5.718932901033634,0.0,True,0.38390806324685445,
home,facil,3,alfombra,0.0,0.9232837864267553,0.9232837864267553,1.0,15,15,134.33130001067184,0.025,1,teselado,WDT,True,35.983699999633245,True,5.777886870068906,1.0144152581415047,0.3790239790493365,0.9722873261286525,35.87472437638932,0.0,7.0,3.2567560880009325,5.777886870068906,5.777886870068906,True,5.777886870068906,0.0,True,0.4572443196114142,
home,facil,3,alfombra,0.0,0.9232837864267553,0.9232837864267553,1.0,15,15,134.33130001067184,0.025,1,dijkstra,Dijkstra,True,13.349500004551373,True,5.920279579551077,1.039414940619729,0.28750000000000003,0.9896641469095009,44.837689444063315,0.0,3.0,0.4688770802366115,5.920279579551077,5.920279579551077,False,inf,0.0,True,0.36250000000000004,11260.0
home,facil,3,alfombra,0.0,0.9232837864267553,0.9232837864267553,1.0,15,15,134.33130001067184,0.025,1,astar,A*,True,1.5792000049259514,True,5.920279579551078,1.039414940619729,0.2806728879610697,0.8833828217247751,134.77706034880248,2.0,5.0,0.36197101323543857,5.920279579551078,5.920279579551078,False,inf,0.0,True,0.3508074522018432,272.0
home,facil,3,alfombra,0.0,0.9232837864267553,0.9232837864267553,1.0,15,15,134.33130001067184,0.025,1,theta,Theta*,True,242.20570000761654,True,5.702349126407244,1.0011532055158432,0.24011301208729932,0.9095502640877335,23.49263111281547,0.0,3.0,0.6541151980170052,5.702349126407244,5.702349126407244,False,inf,0.0,True,0.3155150139468841,861.0
home,facil,3,alfombra,0.0,0.9232837864267553,0.9232837864267553,1.0,15,15,134.33130001067184,0.025,1,visibility,Visibility graph,True,1712.5976999959676,True,5.695780720663142,1.0,0.24805193167528616,0.9076864751629774,23.394240660253793,0.0,3.0,0.6935507740512382,5.695780720663142,5.695780720663142,False,inf,0.0,True,0.323470867710163,124.0
home,facil,3,alfombra,0.0,0.9232837864267553,0.9232837864267553,1.0,15,15,134.33130001067184,0.025,1,rrt,RRT,True,6.132900001830421,True,6.740515733200567,1.1834226182105885,0.5145689394935665,0.9972901947970002,335.2410858997279,3.0,13.0,0.22893848856497062,6.740515733200567,6.740515733200567,False,inf,0.0,True,0.5645689394935666,45.0
home,facil,3,alfombra,0.0,0.9232837864267553,0.9232837864267553,1.0,15,15,134.33130001067184,0.025,1,rrt_star,RRT*,True,1836.4096000004793,True,5.704963958016379,1.001612287727286,0.24725589570276757,0.91816829720961,32.089945479043344,0.0,6.0,1.026495095362202,5.704963958016379,5.704963958016379,True,5.704963958016379,0.0,True,0.3233193847745868,4000.0
home,facil,3,alfombra,0.0,0.9232837864267553,0.9232837864267553,1.0,15,15,134.33130001067184,0.025,1,prm,PRM,True,672.4640000029467,True,6.229731217599908,1.0937449180583272,0.3384845774589816,0.9456214068903246,255.47093701338923,1.0,14.0,0.3172700767073298,6.229731217599908,6.229731217599908,False,inf,0.0,True,0.4069710127864845,602.0
home,facil,3,alfombra,0.0,0.9232837864267553,0.9232837864267553,1.0,15,15,134.33130001067184,0.025,1,potential,APF,False,1802.3049000039464,,,,,,,,,,,,,,,,,11897.0
home,facil,3,alfombra,0.0,0.9232837864267553,0.9232837864267553,1.0,15,15,134.33130001067184,0.025,1,hybrid_astar,Hybrid A*,True,27.13269999367185,True,5.721688319643232,1.0045485597586479,0.3088545833190788,0.9435271142521522,35.165455967172115,0.0,7.0,1.601490957181817,5.721688319643232,5.721688319643232,True,5.721688319643232,0.0,True,0.38727319530177556,30.0
home,facil,3,alfombra,0.0,0.9232837864267553,0.9232837864267553,1.0,15,15,134.33130001067184,0.025,1,aco,ACO,True,339.75070000451524,True,6.570889244992066,1.1536415405098386,0.3125,0.9408442839642913,1217.4895529219993,18.0,26.0,0.20795524384923786,6.570889244992066,7.3362219201674925,False,inf,0.0,True,0.3875,40.0
home,facil,3,alfombra,0.0,0.9232837864267553,0.9232837864267553,1.0,15,15,134.33130001067184,0.025,1,topological,Homotopy planner,True,312.5311000039801,True,5.700305370884346,1.0007943863085862,0.23785202001042186,0.9086911998512179,23.96986875708493,0.0,3.0,0.8509389300445499,5.700305370884346,5.700305370884346,True,5.700305370884346,0.0,True,0.3133709695900631,18469.0
home,facil,3,alfombra,0.0,0.9232837864267553,0.9232837864267553,1.0,15,15,134.33130001067184,0.025,1,slam,SLAM-based,True,317.5686000031419,True,6.010414250267104,1.0552397546595387,0.3113337268777386,0.919631457442438,288.00284942006203,1.0,9.0,0.09036783339088447,6.010414250267104,7.771604456116938,False,inf,0.0,True,0.3863337268777386,40.0
home,facil,3,alfombra,0.0,0.9232837864267553,0.9232837864267553,1.0,15,15,134.33130001067184,0.025,1,drl,DRL (D3QN),True,4.69600000360515,True,7.18345932298637,1.2611895849371855,0.6125,1.0533269791602184,707.6849815207256,8.0,12.0,0.16094012901682322,7.18345932298637,11.474099523037466,False,inf,0.0,True,0.6625000000000001,22.0
home,facil,0,alfombra,0.0,0.9271883932905453,0.9271883932905453,1.0,16,16,160.0254000077257,0.025,0,tve,TVE (proposed),True,44.30369999317918,True,8.608000201989427,1.054582714448243,0.24660970968533352,0.46132017007762766,241.59696462677405,0.0,17.0,0.42851307630788826,8.608000201989427,8.608000201989427,False,inf,0.0,True,0.3070681865568042,
home,facil,0,alfombra,0.0,0.9271883932905453,0.9271883932905453,1.0,16,16,160.0254000077257,0.025,0,teselado,WDT,True,431.7906999931438,True,10.337274354751404,1.266439427651321,0.26950186262895137,0.6506889694797204,402.2776935716226,0.0,25.0,0.3389021897350939,10.337274354751404,10.337274354751404,False,inf,0.0,True,0.3136056805174645,
home,facil,0,alfombra,0.0,0.9271883932905453,0.9271883932905453,1.0,16,16,160.0254000077257,0.025,0,dijkstra,Dijkstra,True,14.575099994544871,True,8.83302127934803,1.0821504808284133,0.2547287464141846,0.5256559230912156,947.7263109939066,15.0,23.0,0.3183098861837908,8.83302127934803,8.83302127934803,False,inf,0.0,True,0.3125,12213.0
home,facil,0,alfombra,0.0,0.9271883932905453,0.9271883932905453,1.0,16,16,160.0254000077257,0.025,0,astar,A*,True,5.631400010315701,True,8.83302127934803,1.0821504808284133,0.2547287464141846,0.3416250984657436,1038.36646066343,14.0,25.0,0.33453152170990974,8.83302127934803,8.83302127934803,False,inf,0.0,True,0.3125,2807.0
home,facil,0,alfombra,0.0,0.9271883932905453,0.9271883932905453,1.0,16,16,160.0254000077257,0.025,0,theta,Theta*,True,499.5243000012124,True,8.243952464022858,1.0099825236159055,0.2377661511898043,0.4305974651247504,222.85046928491838,0.0,8.0,0.34040162009851893,8.243952464022858,8.243952464022858,False,inf,0.0,True,0.30079018378257794,2232.0
home,facil,0,alfombra,0.0,0.9271883932905453,0.9271883932905453,1.0,16,16,160.0254000077257,0.025,0,visibility,Visibility graph,True,1558.1703999923775,True,8.162470410387039,1.0,0.23938225644434608,0.4286357074298807,221.94400890023343,0.0,10.0,0.3966505742969207,8.162470410387039,8.162470410387039,False,inf,0.0,True,0.2999080838593637,123.0
home,facil,0,alfombra,0.0,0.9271883932905453,0.9271883932905453,1.0,16,16,160.0254000077257,0.025,0,rrt,RRT,True,12.93519999308046,True,12.369987589000457,1.5154710482330447,0.2737909446281201,0.6129091698002136,1341.392780714353,14.0,26.0,0.1638315909543945,12.369987589000457,14.951892629686453,False,inf,0.0,True,0.32379094462812014,110.0
home,facil,0,alfombra,0.0,0.9271883932905453,0.9271883932905453,1.0,16,16,160.0254000077257,0.025,0,rrt_star,RRT*,True,2150.9973000065656,True,8.23447065761763,1.008820889217432,0.23951765714297482,0.4176558985594551,308.5779589054511,2.0,16.0,0.25941583041728594,8.23447065761763,8.23447065761763,False,inf,0.0,True,0.2893994530711154,4000.0
home,facil,0,alfombra,0.0,0.9271883932905453,0.9271883932905453,1.0,16,16,160.0254000077257,0.025,0,prm,PRM,True,675.4604000016116,True,9.497994611787135,1.1636176468953068,0.25,0.44682388345975277,451.3583057658348,4.0,16.0,0.19228223907547898,9.497994611787135,11.060608936856411,False,inf,0.0,True,0.30000000000000004,602.0
home,facil,0,alfombra,0.0,0.9271883932905453,0.9271883932905453,1.0,16,16,160.0254000077257,0.025,0,potential,APF,False,2032.0517999934964,,,,,,,,,,,,,,,,,12710.0
home,facil,0,alfombra,0.0,0.9271883932905453,0.9271883932905453,1.0,16,16,160.0254000077257,0.025,0,hybrid_astar,Hybrid A*,False,2.9344999929890037,,,,,,,,,,,,,,,,,1.0
home,facil,0,alfombra,0.0,0.9271883932905453,0.9271883932905453,1.0,16,16,160.0254000077257,0.025,0,aco,ACO,True,959.8757000057958,True,9.186674029036524,1.1254771615889902,0.28750000000000003,0.4110226885006908,1376.5650511770782,23.0,32.0,0.34160171046977106,9.186674029036524,9.186674029036524,False,inf,0.0,True,0.325,40.0
home,facil,0,alfombra,0.0,0.9271883932905453,0.9271883932905453,1.0,16,16,160.0254000077257,0.025,0,topological,Homotopy planner,True,568.0372999922838,True,8.264102951060593,1.0124511986645885,0.23621618099741154,0.4356165645577291,229.35846045762415,2.0,8.0,0.2949434148918894,8.264102951060593,8.264102951060593,False,inf,0.0,True,0.2871038588060752,14889.0
home,facil,0,alfombra,0.0,0.9271883932905453,0.9271883932905453,1.0,16,16,160.0254000077257,0.025,0,slam,SLAM-based,True,462.0007000048645,True,8.77533304712529,1.0750829841855674,0.2889168304231518,0.5404999919195789,603.6399942223177,1.0,27.0,0.20553232317425696,8.77533304712529,9.549687857278235,False,inf,0.0,True,0.32499921135348053,58.0
home,facil,0,alfombra,0.0,0.9271883932905453,0.9271883932905453,1.0,16,16,160.0254000077257,0.025,0,drl,DRL (D3QN),True,11.833299999125302,True,15.8397833459806,1.9405624216197956,0.30000000000000004,0.673600505064941,3507.0457320779724,33.0,35.0,0.07957747154594769,15.8397833459806,47.265700243962925,False,inf,0.0,True,0.325,58.0
home,facil,0,alfombra,0.0,0.9271883932905453,0.9271883932905453,1.0,16,16,160.0254000077257,0.025,1,tve,TVE (proposed),True,38.02409999480005,True,9.492303926637565,1.0090709984390211,0.2950334221099967,0.7542988015318742,131.9326193661849,0.0,9.0,0.4117264644729656,9.492303926637565,9.492303926637565,False,inf,0.0,True,0.32749148820459545,
home,facil,0,alfombra,0.0,0.9271883932905453,0.9271883932905453,1.0,16,16,160.0254000077257,0.025,1,teselado,WDT,True,423.16430000937544,True,10.25281716338469,1.0899166874373454,0.30000000000000004,0.8423350909449288,173.81162728478648,0.0,11.0,0.22384738189409426,10.25281716338469,10.963814726747723,False,inf,0.0,True,0.35000000000000003,
home,facil,0,alfombra,0.0,0.9271883932905453,0.9271883932905453,1.0,16,16,160.0254000077257,0.025,1,dijkstra,Dijkstra,True,22.5497999927029,True,9.647234841721128,1.0255407927461468,0.2625,0.7374578898547505,395.3624618870691,5.0,11.0,0.27808723790474327,9.647234841721128,9.647234841721128,False,inf,0.0,True,0.30718996524810793,16137.0
home,facil,0,alfombra,0.0,0.9271883932905453,0.9271883932905453,1.0,16,16,160.0254000077257,0.025,1,astar,A*,True,13.705499994102865,True,9.647234841721128,1.0255407927461468,0.2625,0.7371789195013386,485.3624618870691,6.0,13.0,0.27495913594726024,9.647234841721128,9.647234841721128,False,inf,0.0,True,0.30718996524810793,7050.0
home,facil,0,alfombra,0.0,0.9271883932905453,0.9271883932905453,1.0,16,16,160.0254000077257,0.025,1,theta,Theta*,True,1815.492699999595,True,9.437345323635848,1.0032286726103958,0.23648835787406364,0.7540508425368389,129.9569935017583,2.0,5.0,0.2667116262197037,9.437345323635848,9.437345323635848,False,inf,0.0,True,0.2758341351821082,7216.0
home,facil,0,alfombra,0.0,0.9271883932905453,0.9271883932905453,1.0,16,16,160.0254000077257,0.025,1,visibility,Visibility graph,True,1578.6738000024343,True,9.406973286638552,1.0,0.24549467034295314,0.7544456029030284,129.93683679494805,0.0,6.0,0.32623862939709425,9.406973286638552,9.406973286638552,False,inf,0.0,True,0.2963172923260989,123.0
home,facil,0,alfombra,0.0,0.9271883932905453,0.9271883932905453,1.0,16,16,160.0254000077257,0.025,1,rrt,RRT,True,22.081499992054887,True,13.138787760816943,1.3967072468972537,0.24342601880385645,0.7899029009844155,1148.9410604418624,11.0,26.0,0.14490201651627774,13.138787760816943,16.536464967595684,False,inf,0.0,True,0.3008537754477594,202.0
home,facil,0,alfombra,0.0,0.9271883932905453,0.9271883932905453,1.0,16,16,160.0254000077257,0.025,1,rrt_star,RRT*,True,1964.366300002439,True,9.492351381820214,1.0090760431203658,0.2477855632510635,0.7743568570960615,146.8470083219457,2.0,9.0,0.2224448982811852,9.492351381820214,10.207831684230714,False,inf,0.0,True,0.3000072390505162,4000.0
home,facil,0,alfombra,0.0,0.9271883932905453,0.9271883932905453,1.0,16,16,160.0254000077257,0.025,1,prm,PRM,True,713.0522000079509,True,9.96259158619902,1.059064513380691,0.25,0.745050063234066,322.5793086017852,1.0,16.0,0.15480603045252753,9.96259158619902,10.990684242710238,False,inf,0.0,True,0.30000000000000004,602.0
home,facil,0,alfombra,0.0,0.9271883932905453,0.9271883932905453,1.0,16,16,160.0254000077257,0.025,1,potential,APF,False,1817.9883999982849,,,,,,,,,,,,,,,,,11915.0
home,facil,0,alfombra,0.0,0.9271883932905453,0.9271883932905453,1.0,16,16,160.0254000077257,0.025,1,hybrid_astar,Hybrid A*,True,515.4974999895785,True,9.824344204241811,1.0443682473507268,0.2728647810074762,0.7991048741602169,210.89694184707528,0.0,17.0,0.79810255397802,9.824344204241811,9.824344204241811,True,9.824344204241811,0.0,True,0.3191934429181764,687.0
home,facil,0,alfombra,0.0,0.9271883932905453,0.9271883932905453,1.0,16,16,160.0254000077257,0.025,1,aco,ACO,True,4373.382699996,True,10.858935777509513,1.1543495922257263,0.28750000000000003,0.7757858617877773,2027.4895529219991,34.0,38.0,0.22571123973624885,10.858935777509513,10.858935777509513,False,inf,0.0,True,0.3375,40.0
home,facil,0,alfombra,0.0,0.9271883932905453,0.9271883932905453,1.0,16,16,160.0254000077257,0.025,1,topological,Homotopy planner,True,518.2526999997208,True,9.418192372635986,1.0011926350437679,0.23387132446299122,0.753618969928343,130.04952321930654,2.0,5.0,0.23348834114126493,9.418192372635986,9.418192372635986,False,inf,0.0,True,0.268871314926248,30112.0
home,facil,0,alfombra,0.0,0.9271883932905453,0.9271883932905453,1.0,16,16,160.0254000077257,0.025,1,slam,SLAM-based,True,616.0287999955472,True,10.341588072457263,1.0993534006465413,0.30000000000000004,0.6334065950855949,275.1645824642938,1.0,13.0,0.37108793300881154,10.341588072457263,10.341588072457263,False,inf,0.0,True,0.3395549637409742,68.0
home,facil,0,alfombra,0.0,0.9271883932905453,0.9271883932905453,1.0,16,16,160.0254000077257,0.025,1,drl,DRL (D3QN),False,58.44240001169965,,,,,,,,,,,,,,,,,321.0
home,facil,2,alfombra,0.0,0.8489416780874067,0.8489416780874067,1.0,17,17,147.06290001049638,0.025,0,tve,TVE (proposed),True,40.61290000390727,True,4.995310300672021,1.0,0.325,0.5608848247234246,0.0,0.0,2.0,16777216.0,4.995310300672021,4.995310300672021,True,4.995310300672021,0.0,True,0.4,
home,facil,2,alfombra,0.0,0.8489416780874067,0.8489416780874067,1.0,17,17,147.06290001049638,0.025,0,teselado,WDT,True,30.164400013745762,True,4.995310300672022,1.0000000000000002,0.325,0.5608848247234246,0.0,0.0,2.0,16777216.0,4.995310300672022,4.995310300672022,True,4.995310300672022,0.0,True,0.4,
home,facil,2,alfombra,0.0,0.8489416780874067,0.8489416780874067,1.0,17,17,147.06290001049638,0.025,0,dijkstra,Dijkstra,True,11.531500000273809,True,5.22175144212722,1.045330745804667,0.2625,0.6165553902183144,137.5973666114281,2.0,5.0,0.3580360680168513,5.22175144212722,5.22175144212722,False,inf,0.0,True,0.3125,9425.0
home,facil,2,alfombra,0.0,0.8489416780874067,0.8489416780874067,1.0,17,17,147.06290001049638,0.025,0,astar,A*,True,1.5879999991739169,True,5.221751442127221,1.0453307458046672,0.325,0.5620284964883612,284.03624346792645,5.0,8.0,0.42827370317739705,5.221751442127221,5.221751442127221,False,inf,0.0,True,0.4,332.0
home,facil,2,alfombra,0.0,0.8489416780874067,0.8489416780874067,1.0,17,17,147.06290001049638,0.025,0,theta,Theta*,True,74.88030000240542,True,5.055564498048622,1.0120621530495302,0.325,0.5724621265380007,0.0,0.0,2.0,0.5292291174331099,5.055564498048622,5.055564498048622,False,inf,0.0,True,0.4,166.0
home,facil,2,alfombra,0.0,0.8489416780874067,0.8489416780874067,1.0,17,17,147.06290001049638,0.025,0,visibility,Visibility graph,True,1537.4819999997271,True,4.995310300672021,1.0,0.325,0.5608848247234246,0.0,0.0,2.0,16777216.0,4.995310300672021,4.995310300672021,True,4.995310300672021,0.0,True,0.4,118.0
home,facil,2,alfombra,0.0,0.8489416780874067,0.8489416780874067,1.0,17,17,147.06290001049638,0.025,0,rrt,RRT,True,1.5329000016208738,True,4.995310300672021,1.0,0.325,0.5608848247234246,0.0,0.0,2.0,16777216.0,4.995310300672021,4.995310300672021,True,4.995310300672021,0.0,True,0.4,0.0
home,facil,2,alfombra,0.0,0.8489416780874067,0.8489416780874067,1.0,17,17,147.06290001049638,0.025,0,rrt_star,RRT*,True,2215.2371000120183,True,4.99599780958741,1.0001376308725598,0.325,0.5721904624644703,1.5343228053583897,0.0,3.0,9.092025389203073,4.99599780958741,4.99599780958741,True,4.99599780958741,0.0,True,0.4,4000.0
home,facil,2,alfombra,0.0,0.8489416780874067,0.8489416780874067,1.0,17,17,147.06290001049638,0.025,0,prm,PRM,True,693.2149000058416,True,5.16229468835119,1.0334282312065186,0.325,0.46779389535953353,159.3213997020315,0.0,9.0,0.4433178470378949,5.16229468835119,5.16229468835119,False,inf,0.0,True,0.4,602.0
home,facil,2,alfombra,0.0,0.8489416780874067,0.8489416780874067,1.0,17,17,147.06290001049638,0.025,0,potential,APF,False,1961.018600006355,,,,,,,,,,,,,,,,,12650.0
home,facil,2,alfombra,0.0,0.8489416780874067,0.8489416780874067,1.0,17,17,147.06290001049638,0.025,0,hybrid_astar,Hybrid A*,True,11.651000007987022,True,4.995310300672021,1.0,0.325,0.5573102301381739,0.0,0.0,2.0,16777216.0,4.995310300672021,4.995310300672021,True,4.995310300672021,0.0,True,0.4,13.0
home,facil,2,alfombra,0.0,0.8489416780874067,0.8489416780874067,1.0,17,17,147.06290001049638,0.025,0,aco,ACO,True,324.0506000001915,True,5.4518491476399955,1.0913934909922525,0.3125,0.4850388587871741,1043.130102354156,15.0,19.0,0.5251946834935891,5.4518491476399955,5.4518491476399955,False,inf,0.0,True,0.3875,40.0
home,facil,2,alfombra,0.0,0.8489416780874067,0.8489416780874067,1.0,17,17,147.06290001049638,0.025,0,topological,Homotopy planner,True,434.90350000502076,True,4.995310300672021,1.0,0.325,0.5608848247234246,0.0,0.0,2.0,16777216.0,4.995310300672021,4.995310300672021,True,4.995310300672021,0.0,True,0.4,22574.0
home,facil,2,alfombra,0.0,0.8489416780874067,0.8489416780874067,1.0,17,17,147.06290001049638,0.025,0,slam,SLAM-based,True,260.8693999936804,True,5.100148410627784,1.0209873068228932,0.3047524246742285,0.46645548570997547,205.65984139054575,0.0,10.0,0.5030824165055184,5.100148410627784,5.100148410627784,False,inf,0.0,True,0.3797524246742285,34.0
home,facil,2,alfombra,0.0,0.8489416780874067,0.8489416780874067,1.0,17,17,147.06290001049638,0.025,0,drl,DRL (D3QN),True,8.870699995895848,True,14.113742481053066,2.8253985501469927,0.325,0.6303542539660557,4121.923892703427,37.0,40.0,0.07957747154594769,14.113742481053066,49.65058995957298,False,inf,0.0,True,0.4,51.0
home,facil,2,alfombra,0.0,0.8489416780874067,0.8489416780874067,1.0,17,17,147.06290001049638,0.025,1,tve,TVE (proposed),True,56.54049999429844,True,12.915354560999745,1.0060203788461604,0.2592591499516576,0.5699611497183239,202.94327437965072,0.0,13.0,0.43544618241748534,12.915354560999745,12.915354560999745,False,inf,0.0,True,0.3141816353032201,
home,facil,2,alfombra,0.0,0.8489416780874067,0.8489416780874067,1.0,17,17,147.06290001049638,0.025,1,teselado,WDT,True,469.9535999970976,True,14.247541262839835,1.109788878901589,0.2690559200894742,0.6427243594330802,278.93582555359654,0.0,19.0,0.31799978709166077,14.247541262839835,14.247541262839835,False,inf,0.0,True,0.3357224034181738,
home,facil,2,alfombra,0.0,0.8489416780874067,0.8489416780874067,1.0,17,17,147.06290001049638,0.025,1,dijkstra,Dijkstra,True,31.164699990767986,True,13.55997654151808,1.0562321516620528,0.2547287464141846,0.683937098673995,652.1102674001894,9.0,17.0,0.3221360501157853,13.55997654151808,13.55997654151808,False,inf,0.0,True,0.31988372802734377,20974.0
home,facil,2,alfombra,0.0,0.8489416780874067,0.8489416780874067,1.0,17,17,147.06290001049638,0.025,1,astar,A*,True,15.461699993466027,True,13.55997654151808,1.0562321516620528,0.2547287464141846,0.6384293411114668,1236.6980746587872,18.0,30.0,0.36806131255425606,13.55997654151808,13.55997654151808,False,inf,0.0,True,0.31988372802734377,9141.0
home,facil,2,alfombra,0.0,0.8489416780874067,0.8489416780874067,1.0,17,17,147.06290001049638,0.025,1,theta,Theta*,True,2276.8639999994775,True,12.925426081647672,1.0068048834426024,0.23652241590860656,0.5646976239390243,244.64238904015332,4.0,8.0,0.33132877824731843,12.925426081647672,12.925426081647672,False,inf,0.0,True,0.29096638348713866,9065.0
home,facil,2,alfombra,0.0,0.8489416780874067,0.8489416780874067,1.0,17,17,147.06290001049638,0.025,1,visibility,Visibility graph,True,1427.8784000052838,True,12.83806454876472,1.0,0.2478546316552373,0.5697357732086143,197.29241776457613,0.0,11.0,0.39036900642267464,12.83806454876472,12.83806454876472,False,inf,0.0,True,0.30236169350355907,118.0
home,facil,2,alfombra,0.0,0.8489416780874067,0.8489416780874067,1.0,17,17,147.06290001049638,0.025,1,rrt,RRT,True,209.6467999945162,True,22.22834728927566,1.7314406860039095,0.24504530931181545,0.8070606538274089,1873.8270903573034,19.0,48.0,0.135040613918568,22.22834728927566,30.125680957136026,False,inf,0.0,True,0.31504529023832917,1705.0
home,facil,2,alfombra,0.0,0.8489416780874067,0.8489416780874067,1.0,17,17,147.06290001049638,0.025,1,rrt_star,RRT*,True,1892.510300007416,True,12.900144714887578,1.004835632807971,0.24329194092665532,0.5801083621429272,203.87647227074467,2.0,10.0,0.23363826695452974,12.900144714887578,12.900144714887578,False,inf,0.0,True,0.29347638822496974,4000.0
home,facil,2,alfombra,0.0,0.8489416780874067,0.8489416780874067,1.0,17,17,147.06290001049638,0.025,1,prm,PRM,True,697.0198000053642,True,13.400178523227309,1.043784946891911,0.24011428147031522,0.5689667263068628,400.34154406973033,3.0,19.0,0.2650701143310826,13.400178523227309,13.400178523227309,False,inf,0.0,True,0.29941049375032114,602.0
home,facil,2,alfombra,0.0,0.8489416780874067,0.8489416780874067,1.0,17,17,147.06290001049638,0.025,1,potential,APF,False,1838.9262999990024,,,,,,,,,,,,,,,,,11771.0
home,facil,2,alfombra,0.0,0.8489416780874067,0.8489416780874067,1.0,17,17,147.06290001049638,0.025,1,hybrid_astar,Hybrid A*,True,611.4892999903532,True,13.570798080656477,1.0570750777197377,0.24892779501894916,0.5760260777879039,379.84050266416125,0.0,30.0,0.7993456014106893,13.570798080656477,13.570798080656477,True,13.570798080656477,0.0,True,0.3117152823979613,861.0
home,facil,2,alfombra,0.0,0.8489416780874067,0.8489416780874067,1.0,17,17,147.06290001049638,0.025,1,aco,ACO,True,4764.7943000047235,True,15.385658659302425,1.1984406684403868,0.30588184595108037,0.6502555814234663,3149.999999999999,51.0,62.0,0.216794616053204,15.385658659302425,16.119786406519342,False,inf,0.0,True,0.37076557874679567,40.0
home,facil,2,alfombra,0.0,0.8489416780874067,0.8489416780874067,1.0,17,17,147.06290001049638,0.025,1,topological,Homotopy planner,True,577.7691999974195,True,12.881545469535917,1.0033868750703065,0.23598942063291117,0.5660810654844757,195.14839377208418,2.0,7.0,0.2974195434075874,12.881545469535917,12.881545469535917,False,inf,0.0,True,0.29058071329864854,23759.0
home,facil,2,alfombra,0.0,0.8489416780874067,0.8489416780874067,1.0,17,17,147.06290001049638,0.025,1,slam,SLAM-based,True,766.4817000040784,True,13.67639185611123,1.0653001318198834,0.23903043713905833,0.5073509806030116,809.5971216626114,2.0,31.0,0.26893960843182385,13.67639185611123,13.67639185611123,False,inf,0.0,True,0.29928259621165737,90.0
home,facil,2,alfombra,0.0,0.8489416780874067,0.8489416780874067,1.0,17,17,147.06290001049638,0.025,1,drl,DRL (D3QN),False,56.740799991530366,,,,,,,,,,,,,,,,,321.0
home,medio,1,concreto,0.046046767249769346,0.859237264544864,0.859237264544864,1.0,15,15,148.70170000358485,0.025,0,tve,TVE (proposed),True,41.48820000409614,True,8.000567726208065,1.0016292631181363,0.25,0.6341420557030856,97.57257465684894,0.0,6.0,0.3766177461373701,8.000567726208065,8.000567726208065,False,inf,0.0,True,0.2665982780708486,
home,medio,1,concreto,0.046046767249769346,0.859237264544864,0.859237264544864,1.0,15,15,148.70170000358485,0.025,0,teselado,WDT,True,40.21550000470597,True,9.28875324830111,1.162903357583561,0.2597305851319986,0.5600459258443704,108.1862232008341,0.0,10.0,0.6395978102611576,9.28875324830111,9.28875324830111,False,inf,0.0,True,0.3347305851319986,
home,medio,1,concreto,0.046046767249769346,0.859237264544864,0.859237264544864,1.0,15,15,148.70170000358485,0.025,0,dijkstra,Dijkstra,True,24.227200003224425,True,8.189265863399426,1.0252532836345312,0.25,0.6298819959541153,401.39671136345976,4.0,11.0,0.34135630654926036,8.189265863399426,8.189265863399426,False,inf,0.0,True,0.2625,21285.0
home,medio,1,concreto,0.046046767249769346,0.859237264544864,0.859237264544864,1.0,15,15,148.70170000358485,0.025,0,astar,A*,True,9.847199995419942,True,8.189265863399426,1.0252532836345312,0.25,0.6452846642682162,542.433664531935,8.0,14.0,0.3710383616144878,8.189265863399426,8.189265863399426,False,inf,0.0,True,0.2625,5120.0
home,medio,1,concreto,0.046046767249769346,0.859237264544864,0.859237264544864,1.0,15,15,148.70170000358485,0.025,0,theta,Theta*,True,1494.5095000002766,True,8.022406910843491,1.0043634148886196,0.23260407151515086,0.6190224381332444,92.91982594272436,1.0,5.0,0.18162011812285894,8.022406910843491,8.898713702937048,False,inf,0.0,True,0.2625,5913.0
home,medio,1,concreto,0.046046767249769346,0.859237264544864,0.859237264544864,1.0,15,15,148.70170000358485,0.025,0,visibility,Visibility graph,True,1662.7618000056827,True,7.987553899235914,1.0,0.24564662652197586,0.6272825957561172,91.52857864056298,1.0,5.0,0.387845540857534,7.987553899235914,7.987553899235914,False,inf,0.0,True,0.2788060233744357,126.0
home,medio,1,concreto,0.046046767249769346,0.859237264544864,0.859237264544864,1.0,15,15,148.70170000358485,0.025,0,rrt,RRT,True,49.32330000156071,True,10.631935587427355,1.3310627660921825,0.2650234839119411,0.7272775544390025,773.603179372301,8.0,20.0,0.15309912025282246,10.631935587427355,14.333737989438085,False,inf,0.0,True,0.3199459692635036,465.0
home,medio,1,concreto,0.046046767249769346,0.859237264544864,0.859237264544864,1.0,15,15,148.70170000358485,0.025,0,rrt_star,RRT*,True,1972.0292999991216,True,8.001163125048818,1.0017038039410544,0.23586183783724796,0.6195513392543113,107.50858284490143,1.0,8.0,0.2646560017896474,8.001163125048818,8.001163125048818,False,inf,0.49486173414864787,True,0.23762845664628385,4000.0
home,medio,1,concreto,0.046046767249769346,0.859237264544864,0.859237264544864,1.0,15,15,148.70170000358485,0.025,0,prm,PRM,True,692.9574999958277,True,9.068364241194164,1.1353118057909617,0.275,0.6257834512915412,260.8310959517611,1.0,14.0,0.2664004509043415,9.068364241194164,9.068364241194164,False,inf,0.0,True,0.3712660792373115,602.0
home,medio,1,concreto,0.046046767249769346,0.859237264544864,0.859237264544864,1.0,15,15,148.70170000358485,0.025,0,potential,APF,False,1836.0776000045007,,,,,,,,,,,,,,,,,11756.0
home,medio,1,concreto,0.046046767249769346,0.859237264544864,0.859237264544864,1.0,15,15,148.70170000358485,0.025,0,hybrid_astar,Hybrid A*,True,217.52230000856798,True,9.129516044426547,1.14296769193631,0.2805500509239364,0.718248808998851,195.39459091777752,0.0,17.0,0.9522325020630712,9.129516044426547,9.129516044426547,True,9.129516044426547,0.0,True,0.35555005092393643,253.0
home,medio,1,concreto,0.046046767249769346,0.859237264544864,0.859237264544864,1.0,15,15,148.70170000358485,0.025,0,aco,ACO,True,1952.3832999984734,True,10.456522510020024,1.309101965624331,0.28750000000000003,0.698718108741488,2403.4349488229213,43.0,49.0,0.20554529650805442,10.456522510020024,11.230828445479164,False,inf,0.0,True,0.33996124267578126,40.0
home,medio,1,concreto,0.046046767249769346,0.859237264544864,0.859237264544864,1.0,15,15,148.70170000358485,0.025,0,topological,Homotopy planner,True,1124.530400004005,True,8.647493567827201,1.0826209972310066,0.23709569106295103,0.5912597558820673,103.54810079571162,1.0,5.0,0.24283478465605568,8.647493567827201,8.647493567827201,False,inf,0.0,True,0.2926638446846969,118244.0
home,medio,1,concreto,0.046046767249769346,0.859237264544864,0.859237264544864,1.0,15,15,148.70170000358485,0.025,0,slam,SLAM-based,True,724.7358000022359,True,13.015545488934274,1.629478267455489,0.25996883987170416,0.5198869750491707,1013.9725259966934,1.0,37.0,0.0844249514059734,13.015545488934274,14.900710246999322,False,inf,0.0,True,0.3130095737444942,85.0
home,medio,1,concreto,0.046046767249769346,0.859237264544864,0.859237264544864,1.0,15,15,148.70170000358485,0.025,0,drl,DRL (D3QN),False,60.1120999926934,,,,,,,,,,,,,,,,,321.0
home,medio,1,concreto,0.046046767249769346,0.859237264544864,0.859237264544864,1.0,15,15,148.70170000358485,0.025,1,tve,TVE (proposed),True,43.781500004115514,True,8.105322354763414,1.0001748149458811,0.2642506263238638,0.3751460986030289,2.2049412907459596,0.0,3.0,8.580019499447586,8.105322354763414,8.105322354763414,True,8.105322354763414,0.0,True,0.30000000000000004,
home,medio,1,concreto,0.046046767249769346,0.859237264544864,0.859237264544864,1.0,15,15,148.70170000358485,0.025,1,teselado,WDT,True,36.295600002631545,True,8.103886126522829,0.9999975882728538,0.2420955035542619,0.36111661296789943,0.0,0.0,2.0,34.59649026921516,8.103886126522829,8.103886126522829,True,8.103886126522829,0.0,True,0.30000000000000004,
home,medio,1,concreto,0.046046767249769346,0.859237264544864,0.859237264544864,1.0,15,15,148.70170000358485,0.025,1,dijkstra,Dijkstra,True,17.823100002715364,True,8.238908729652602,1.0166590116176597,0.2609206080436707,0.38896652320251607,217.62258096880905,1.0,7.0,0.5854798223270951,8.238908729652602,8.238908729652602,False,inf,0.0,True,0.30000000000000004,15165.0
home,medio,1,concreto,0.046046767249769346,0.859237264544864,0.859237264544864,1.0,15,15,148.70170000358485,0.025,1,astar,A*,True,2.045799992629327,True,8.238908729652602,1.0166590116176597,0.2609206080436707,0.38896652320251607,217.62258096880905,1.0,7.0,0.5854798223270951,8.238908729652602,8.238908729652602,False,inf,0.0,True,0.30000000000000004,575.0
home,medio,1,concreto,0.046046767249769346,0.859237264544864,0.859237264544864,1.0,15,15,148.70170000358485,0.025,1,theta,Theta*,True,229.49110000627115,True,8.158550105954564,1.006742975207429,0.2660271317829455,0.3620336940061303,29.44929090385859,0.0,3.0,0.9512478786993328,8.158550105954564,8.158550105954564,True,8.158550105954564,0.0,True,0.30000000000000004,720.0
home,medio,1,concreto,0.046046767249769346,0.859237264544864,0.859237264544864,1.0,15,15,148.70170000358485,0.025,1,visibility,Visibility graph,True,1674.0769000025466,True,8.103905670932125,1.0,0.246599265098277,0.3583471657369605,0.0,0.0,2.0,27.72201991118061,8.103905670932125,8.103905670932125,True,8.103905670932125,0.0,True,0.30000000000000004,126.0
home,medio,1,concreto,0.046046767249769346,0.859237264544864,0.859237264544864,1.0,15,15,148.70170000358485,0.025,1,rrt,RRT,True,11.053599999286234,True,11.596463738445685,1.4309722014708297,0.2803471034578133,0.7612296589169802,769.5744392516893,9.0,19.0,0.16363954550773577,11.596463738445685,14.093770318133403,False,inf,0.0,True,0.30000000000000004,89.0
home,medio,1,concreto,0.046046767249769346,0.859237264544864,0.859237264544864,1.0,15,15,148.70170000358485,0.025,1,rrt_star,RRT*,True,2116.300500012585,True,8.112827111396602,1.0011008815781848,0.2679924385757801,0.39362834269911495,19.677015215806776,0.0,7.0,3.4846230128170066,8.112827111396602,8.112827111396602,True,8.112827111396602,0.0,True,0.30000000000000004,4000.0
home,medio,1,concreto,0.046046767249769346,0.859237264544864,0.859237264544864,1.0,15,15,148.70170000358485,0.025,1,prm,PRM,True,703.5289999912493,True,8.184573209619904,1.0099541556828735,0.25,0.38936906223652445,97.84329617265671,0.0,10.0,0.7789229318725366,8.184573209619904,8.184573209619904,True,8.184573209619904,0.0,True,0.30000000000000004,602.0
home,medio,1,concreto,0.046046767249769346,0.859237264544864,0.859237264544864,1.0,15,15,148.70170000358485,0.025,1,potential,APF,False,1780.6914000102552,,,,,,,,,,,,,,,,,11877.0
home,medio,1,concreto,0.046046767249769346,0.859237264544864,0.859237264544864,1.0,15,15,148.70170000358485,0.025,1,hybrid_astar,Hybrid A*,True,36.239900000509806,True,8.12447976551085,1.0025387875197662,0.24449083089385934,0.3699803045390452,27.86157138314349,0.0,6.0,2.35536674580081,8.12447976551085,8.12447976551085,True,8.12447976551085,0.0,True,0.30000000000000004,54.0
home,medio,1,concreto,0.046046767249769346,0.859237264544864,0.859237264544864,1.0,15,15,148.70170000358485,0.025,1,aco,ACO,True,350.9992000035709,True,8.68961775418881,1.0722752839235992,0.28750000000000003,0.3799719888345229,1213.6677801461306,19.0,22.0,0.35353218728355973,8.68961775418881,8.68961775418881,False,inf,0.0,True,0.30000000000000004,40.0
home,medio,1,concreto,0.046046767249769346,0.859237264544864,0.859237264544864,1.0,15,15,148.70170000358485,0.025,1,topological,Homotopy planner,True,329.50150000397116,True,8.103876235421692,0.9999963677377763,0.23808459643615054,0.355122213123747,0.0,0.0,2.0,26.108890380072207,8.103876235421692,8.103876235421692,True,8.103876235421692,0.0,True,0.30000000000000004,12874.0
home,medio,1,concreto,0.046046767249769346,0.859237264544864,0.859237264544864,1.0,15,15,148.70170000358485,0.025,1,slam,SLAM-based,True,404.7996000008425,True,8.168287439255426,1.0079445357507346,0.2820843486119188,0.36270165650384595,120.60112257360028,0.0,8.0,0.44134824006132967,8.168287439255426,8.168287439255426,False,inf,0.0,True,0.30000000000000004,54.0
home,medio,1,concreto,0.046046767249769346,0.859237264544864,0.859237264544864,1.0,15,15,148.70170000358485,0.025,1,drl,DRL (D3QN),True,10.126300010597333,True,18.7659442890497,2.3156666737078653,0.30000000000000004,0.8082259085521282,4030.346172526851,46.0,48.0,0.07957747154594769,18.7659442890497,42.65984066009038,False,inf,0.0,True,0.30000000000000004,60.0
home,medio,2,concreto,0.05673703543066639,0.8136310566258027,0.8136310566258027,1.0,17,17,150.77590000873897,0.025,0,tve,TVE (proposed),True,41.79420000582468,True,8.214199526022316,1.0060095861855158,0.3652389329305479,0.7160926500814995,24.68080198601285,0.0,4.0,1.171643722160369,8.214199526022316,8.214199526022316,True,8.214199526022316,0.0,True,0.4,
home,medio,2,concreto,0.05673703543066639,0.8136310566258027,0.8136310566258027,1.0,17,17,150.77590000873897,0.025,0,teselado,WDT,True,31.02529999159742,True,8.260677927026519,1.0117018897158447,0.4,0.7832961756736506,31.928956574513077,0.0,6.0,2.1370900817222207,8.260677927026519,8.260677927026519,True,8.260677927026519,0.0,True,0.4,
home,medio,2,concreto,0.05673703543066639,0.8136310566258027,0.8136310566258027,1.0,17,17,150.77590000873897,0.025,0,dijkstra,Dijkstra,True,16.085200011730194,True,8.404594154601838,1.0293276004244496,0.28750000000000003,0.7361246233309492,136.41586063287198,2.0,5.0,0.5592077345055259,8.404594154601838,8.404594154601838,False,inf,0.0,True,0.3375,11285.0
home,medio,2,concreto,0.05673703543066639,0.8136310566258027,0.8136310566258027,1.0,17,17,150.77590000873897,0.025,0,astar,A*,True,7.078900001943111,True,8.404594154601838,1.0293276004244496,0.2625,0.7046398832801516,226.76776175534388,5.0,7.0,0.5613668338097092,8.404594154601838,8.404594154601838,False,inf,0.0,True,0.3375,1558.0
home,medio,2,concreto,0.05673703543066639,0.8136310566258027,0.8136310566258027,1.0,17,17,150.77590000873897,0.025,0,theta,Theta*,True,496.3112999976147,True,8.230807073700804,1.008043546051558,0.2743095238095236,0.6777710150392671,19.32841186130397,0.0,3.0,1.0545567953443846,8.230807073700804,8.230807073700804,True,8.230807073700804,0.0,True,0.338866149902344,1816.0
home,medio,2,concreto,0.05673703543066639,0.8136310566258027,0.8136310566258027,1.0,17,17,150.77590000873897,0.025,0,visibility,Visibility graph,True,1947.8452999901492,True,8.165130470742408,1.0,0.24334776817689976,0.66386380378434,18.247291515637176,0.0,3.0,1.331655823344465,8.165130470742408,8.165130470742408,True,8.165130470742408,0.0,True,0.29899987083982466,141.0
home,medio,2,concreto,0.05673703543066639,0.8136310566258027,0.8136310566258027,1.0,17,17,150.77590000873897,0.025,0,rrt,RRT,True,10.24679999682121,True,9.860815057235648,1.2076739119563709,0.4,1.2017247193253304,550.4957524261563,4.0,18.0,0.18170405920706523,9.860815057235648,11.465994726538042,False,inf,0.0,True,0.4,65.0
home,medio,2,concreto,0.05673703543066639,0.8136310566258027,0.8136310566258027,1.0,17,17,150.77590000873897,0.025,0,rrt_star,RRT*,True,1928.6489999940386,True,8.189120345203253,1.0029380883192016,0.25197634142044695,0.7205726019307375,25.314363487618134,0.0,6.0,0.9616935947505119,8.189120345203253,8.189120345203253,True,8.189120345203253,0.0,True,0.30689882677200947,4000.0
home,medio,2,concreto,0.05673703543066639,0.8136310566258027,0.8136310566258027,1.0,17,17,150.77590000873897,0.025,0,prm,PRM,True,722.0749000116484,True,8.356311758871481,1.0234143580208694,0.3046946207682293,0.6953346801460871,139.43301690020746,0.0,13.0,0.6796930556006727,8.356311758871481,8.356311758871481,False,inf,0.0,True,0.3593892415364586,602.0
home,medio,2,concreto,0.05673703543066639,0.8136310566258027,0.8136310566258027,1.0,17,17,150.77590000873897,0.025,0,potential,APF,False,2020.2993999992032,,,,,,,,,,,,,,,,,12349.0
home,medio,2,concreto,0.05673703543066639,0.8136310566258027,0.8136310566258027,1.0,17,17,150.77590000873897,0.025,0,hybrid_astar,Hybrid A*,True,62.73950000468176,True,8.260711546708109,1.011706007186069,0.26675759597081744,0.7118685917388821,101.37246103588315,0.0,12.0,0.933829435211115,8.260711546708109,8.260711546708109,True,8.260711546708109,0.0,True,0.3250896344898635,81.0
home,medio,2,concreto,0.05673703543066639,0.8136310566258027,0.8136310566258027,1.0,17,17,150.77590000873897,0.025,0,aco,ACO,True,305.23149999498855,True,9.057716446627536,1.1093168050508777,0.30588184595108037,0.572689326688334,1350.0,25.0,27.0,0.10918519720646552,9.057716446627536,11.28421089233857,False,inf,0.0,True,0.3596512198448181,40.0
home,medio,2,concreto,0.05673703543066639,0.8136310566258027,0.8136310566258027,1.0,17,17,150.77590000873897,0.025,0,topological,Homotopy planner,True,538.3931000105804,True,8.169758787294858,1.0005668392647287,0.23792872601581128,0.6607458791525045,19.26229631199253,0.0,3.0,1.056939676102524,8.169758787294858,8.169758787294858,True,8.169758787294858,0.0,True,0.29963457419102896,24730.0
home,medio,2,concreto,0.05673703543066639,0.8136310566258027,0.8136310566258027,1.0,17,17,150.77590000873897,0.025,0,slam,SLAM-based,True,440.5193999991752,True,8.477896808294105,1.0383051242931651,0.30572225506144407,0.635435058787011,364.36395519923445,1.0,11.0,0.3757454542563556,8.477896808294105,8.477896808294105,False,inf,0.0,True,0.3705612852203558,56.0
home,medio,2,concreto,0.05673703543066639,0.8136310566258027,0.8136310566258027,1.0,17,17,150.77590000873897,0.025,0,drl,DRL (D3QN),True,7.683599993470125,True,12.899361915329752,1.5798108752274338,0.36250000000000004,0.9826322115738512,2583.43494370028,25.0,27.0,0.07957747154594769,12.899361915329752,33.61377662827779,False,inf,0.0,True,0.36250000000000004,41.0
home,medio,2,concreto,0.05673703543066639,0.8136310566258027,0.8136310566258027,1.0,17,17,150.77590000873897,0.025,1,tve,TVE (proposed),True,41.34350000822451,True,12.441156837608714,1.004694002567909,0.2799067206976657,0.6790628253904961,105.26555704863141,0.0,9.0,0.5373613000269678,12.441156837608714,12.441156837608714,False,inf,0.0,True,0.325,
home,medio,2,concreto,0.05673703543066639,0.8136310566258027,0.8136310566258027,1.0,17,17,150.77590000873897,0.025,1,teselado,WDT,True,344.4739999977173,True,12.723905481947424,1.0275275598415032,0.2407136706552934,0.6986246665977217,133.1171768550196,0.0,16.0,0.7647367967836245,12.723905481947424,12.723905481947424,False,inf,0.0,True,0.30305569632499174,
home,medio,2,concreto,0.05673703543066639,0.8136310566258027,0.8136310566258027,1.0,17,17,150.77590000873897,0.025,1,dijkstra,Dijkstra,True,25.359599996590987,True,13.155813485483819,1.0624065816622348,0.2547287464141846,0.5451486865139292,676.1233027140757,12.0,17.0,0.48826088917264543,13.155813485483819,13.155813485483819,False,inf,0.0,True,0.3125,20716.0
home,medio,2,concreto,0.05673703543066639,0.8136310566258027,0.8136310566258027,1.0,17,17,150.77590000873897,0.025,1,astar,A*,True,9.017399992444552,True,13.155813485483819,1.0624065816622348,0.2547287464141846,0.5466580682232456,630.0000000000001,12.0,16.0,0.35643647257160677,13.155813485483819,13.155813485483819,False,inf,0.0,True,0.3125,5267.0
home,medio,2,concreto,0.05673703543066639,0.8136310566258027,0.8136310566258027,1.0,17,17,150.77590000873897,0.025,1,theta,Theta*,True,789.5137000014074,True,12.470512521477154,1.007064640596902,0.23852706961504785,0.684360224154851,100.97643735351701,1.0,5.0,0.4915943553003751,12.470512521477154,12.470512521477154,False,inf,0.0,True,0.3125,3200.0
home,medio,2,concreto,0.05673703543066639,0.8136310566258027,0.8136310566258027,1.0,17,17,150.77590000873897,0.025,1,visibility,Visibility graph,True,1940.5333000031533,True,12.383030858958268,1.0,0.2402685748364169,0.6818877896497455,112.05036587374177,0.0,8.0,0.40023402715315837,12.383030858958268,12.383030858958268,False,inf,0.0,True,0.29669220694322884,141.0
home,medio,2,concreto,0.05673703543066639,0.8136310566258027,0.8136310566258027,1.0,17,17,150.77590000873897,0.025,1,rrt,RRT,True,34.32690000045113,True,17.97613652335978,1.4516750162465508,0.23861425262455713,0.5965842232421757,1224.6010857513827,10.0,33.0,0.15714561006849914,17.97613652335978,22.432639114067896,False,inf,0.0,True,0.28861425262455714,389.0
home,medio,2,concreto,0.05673703543066639,0.8136310566258027,0.8136310566258027,1.0,17,17,150.77590000873897,0.025,1,rrt_star,RRT*,True,1774.0365999925416,True,12.390090271311884,1.0005700876008485,0.24761479843193795,0.6858325758165004,109.00589494029398,0.0,10.0,0.37219490917655296,12.390090271311884,12.390090271311884,False,inf,0.0,True,0.3148819903839065,4000.0
home,medio,2,concreto,0.05673703543066639,0.8136310566258027,0.8136310566258027,1.0,17,17,150.77590000873897,0.025,1,prm,PRM,True,620.6786000111606,True,12.76649222707766,1.0309666811370322,0.23838725506638792,0.6378139266498906,267.43248368655065,1.0,17.0,0.3349227779868304,12.76649222707766,12.76649222707766,False,inf,0.0,True,0.305919293701082,602.0
home,medio,2,concreto,0.05673703543066639,0.8136310566258027,0.8136310566258027,1.0,17,17,150.77590000873897,0.025,1,potential,APF,False,1737.3954999929992,,,,,,,,,,,,,,,,,11883.0
home,medio,2,concreto,0.05673703543066639,0.8136310566258027,0.8136310566258027,1.0,17,17,150.77590000873897,0.025,1,hybrid_astar,Hybrid A*,False,4.036199999973178,,,,,,,,,,,,,,,,,5.0
home,medio,2,concreto,0.05673703543066639,0.8136310566258027,0.8136310566258027,1.0,17,17,150.77590000873897,0.025,1,aco,ACO,True,1434.1368999885162,True,14.008703397132377,1.1312822811063292,0.28750000000000003,0.6743444597270044,2393.130102354156,36.0,52.0,0.2228181763740673,14.008703397132377,14.722985084927478,False,inf,0.0,True,0.325,40.0
home,medio,2,concreto,0.05673703543066639,0.8136310566258027,0.8136310566258027,1.0,17,17,150.77590000873897,0.025,1,topological,Homotopy planner,True,511.31940000050236,True,12.399744635819182,1.0013497323111993,0.23647549127402204,0.6840249024520568,99.0269819162356,1.0,5.0,0.32229348012579234,12.399744635819182,12.399744635819182,False,inf,0.0,True,0.2954655349241179,21608.0
home,medio,2,concreto,0.05673703543066639,0.8136310566258027,0.8136310566258027,1.0,17,17,150.77590000873897,0.025,1,slam,SLAM-based,True,868.3442000037758,True,14.97758517375703,1.2095249817553173,0.2703137798207013,0.5762570455961679,803.8627833549887,2.0,32.0,0.2688683483778888,14.97758517375703,14.97758517375703,False,inf,0.0,True,0.325,97.0
home,medio,2,concreto,0.05673703543066639,0.8136310566258027,0.8136310566258027,1.0,17,17,150.77590000873897,0.025,1,drl,DRL (D3QN),False,61.11220001184847,,,,,,,,,,,,,,,,,321.0
home,dificil,2,concreto,0.1443099887689315,0.27635450067766354,0.2763773410251748,0.9997010463378176,17,17,182.37699999008328,0.025,0,tve,TVE (proposed),True,22.294700000202283,True,6.534424824990609,1.002485850765959,0.30402491710060686,0.6717149888719568,13.807420931660616,0.0,3.0,1.7849794731151751,6.534424824990609,6.534424824990609,True,6.534424824990609,0.0,True,0.375,
home,dificil,2,concreto,0.1443099887689315,0.27635450067766354,0.2763773410251748,0.9997010463378176,17,17,182.37699999008328,0.025,0,teselado,WDT,True,28.040399993187748,True,6.550658915973296,1.004976421389398,0.3035551870499067,0.6550049450737749,18.8174558097163,0.0,6.0,8.488463798237982,6.550658915973296,6.550658915973296,True,6.550658915973296,0.0,True,0.375,
home,dificil,2,concreto,0.1443099887689315,0.27635450067766354,0.2763773410251748,0.9997010463378176,17,17,182.37699999008328,0.025,0,dijkstra,Dijkstra,True,18.22349999565631,True,7.018807716974933,1.076797975944946,0.2625,0.745315431362189,582.510447078001,5.0,15.0,0.0893009843759197,7.018807716974933,8.801038273604856,False,inf,0.0,True,0.3125,14926.0
home,dificil,2,concreto,0.1443099887689315,0.27635450067766354,0.2763773410251748,0.9997010463378176,17,17,182.37699999008328,0.025,0,astar,A*,True,2.676799995242618,True,7.018807716974933,1.076797975944946,0.29488372802734375,0.6856336425352788,582.510447078001,6.0,15.0,0.09737957019552416,7.018807716974933,8.653184853496846,False,inf,0.0,True,0.36250000000000004,1019.0
home,dificil,2,concreto,0.1443099887689315,0.27635450067766354,0.2763773410251748,0.9997010463378176,17,17,182.37699999008328,0.025,0,theta,Theta*,True,165.8601999952225,True,6.573706980394926,1.0085123651165122,0.24545802317578552,0.667429156126853,10.86497679267862,0.0,3.0,1.0536767106740705,6.573706980394926,6.573706980394926,True,6.573706980394926,0.0,True,0.3348330823060508,565.0
home,dificil,2,concreto,0.1443099887689315,0.27635450067766354,0.2763773410251748,0.9997010463378176,17,17,182.37699999008328,0.025,0,visibility,Visibility graph,True,710.5182000086643,True,6.518221499084419,1.0,0.2544740039225976,0.6752535359544298,11.316650346265511,0.0,3.0,1.4087870990430822,6.518221499084419,6.518221499084419,True,6.518221499084419,0.0,True,0.3321477747848867,86.0
home,dificil,2,concreto,0.1443099887689315,0.27635450067766354,0.2763773410251748,0.9997010463378176,17,17,182.37699999008328,0.025,0,rrt,RRT,True,9.241099993232638,True,7.3492951742886055,1.12750006659346,0.3007719468222313,0.668798503688361,464.2905032203976,6.0,13.0,0.23085014019064737,7.3492951742886055,7.3492951742886055,False,inf,0.0,True,0.375,63.0
home,dificil,2,concreto,0.1443099887689315,0.27635450067766354,0.2763773410251748,0.9997010463378176,17,17,182.37699999008328,0.025,0,rrt_star,RRT*,True,1940.7853000011528,True,6.519874470787892,1.0002535924413898,0.23797389150409903,0.6692349190235243,11.067155448620706,0.0,3.0,2.7197776779140295,6.519874470787892,6.519874470787892,True,6.519874470787892,0.0,True,0.32670784825582383,4000.0
home,dificil,2,concreto,0.1443099887689315,0.27635450067766354,0.2763773410251748,0.9997010463378176,17,17,182.37699999008328,0.025,0,prm,PRM,True,651.4809999935096,True,6.659334227524775,1.0216489618311033,0.30238793414572,0.6097399520174724,154.98222271929302,0.0,13.0,0.7413698131282714,6.659334227524775,6.659334227524775,False,inf,0.0,True,0.375,602.0
home,dificil,2,concreto,0.1443099887689315,0.27635450067766354,0.2763773410251748,0.9997010463378176,17,17,182.37699999008328,0.025,0,potential,APF,False,1880.0278999988222,,,,,,,,,,,,,,,,,12140.0
home,dificil,2,concreto,0.1443099887689315,0.27635450067766354,0.2763773410251748,0.9997010463378176,17,17,182.37699999008328,0.025,0,hybrid_astar,Hybrid A*,True,21.328999995603226,True,6.572944287527095,1.0083953557654282,0.24236066774864753,0.5909779488370879,41.92154269871031,0.0,9.0,1.7833159821796454,6.572944287527095,6.572944287527095,True,6.572944287527095,0.0,True,0.3345182708458936,28.0
home,dificil,2,concreto,0.1443099887689315,0.27635450067766354,0.2763773410251748,0.9997010463378176,17,17,182.37699999008328,0.025,0,aco,ACO,True,282.8070000105072,True,7.207484066250401,1.1057439621011342,0.3049224853515625,0.6280589878235234,1469.7448812969426,28.0,32.0,0.27960386725276304,7.207484066250401,7.207484066250401,False,inf,0.0,True,0.375,40.0
home,dificil,2,concreto,0.1443099887689315,0.27635450067766354,0.2763773410251748,0.9997010463378176,17,17,182.37699999008328,0.025,0,topological,Homotopy planner,True,382.8642000007676,True,6.575747026054734,1.00882534092749,0.23764432427973814,0.5913849697610805,20.21180367349732,0.0,3.0,0.7920784404320371,6.575747026054734,6.575747026054734,True,6.575747026054734,0.0,True,0.32692218538412665,21848.0
home,dificil,2,concreto,0.1443099887689315,0.27635450067766354,0.2763773410251748,0.9997010463378176,17,17,182.37699999008328,0.025,0,slam,SLAM-based,True,366.2556999915978,True,6.892579410149603,1.057432523751727,0.3049224853515625,0.579966717651099,220.7789711914358,0.0,13.0,0.5624834222106009,6.892579410149603,6.892579410149603,False,inf,0.0,True,0.375,46.0
home,dificil,2,concreto,0.1443099887689315,0.27635450067766354,0.2763773410251748,0.9997010463378176,17,17,182.37699999008328,0.025,0,drl,DRL (D3QN),True,5.128300006617792,True,7.978400870700328,1.2240149973149905,0.3049224853515625,0.9116489596404753,733.0821474636102,14.0,17.0,0.25364020179062047,7.978400870700328,7.978400870700328,False,inf,0.0,True,0.375,26.0
home,dificil,2,concreto,0.1443099887689315,0.27635450067766354,0.2763773410251748,0.9997010463378176,17,17,182.37699999008328,0.025,1,tve,TVE (proposed),True,15.664500009734184,True,6.921795287351397,1.0,0.25,1.0848366978692137,0.0,0.0,2.0,16777216.0,6.921795287351397,6.921795287351397,True,6.921795287351397,0.0,True,0.25,
home,dificil,2,concreto,0.1443099887689315,0.27635450067766354,0.2763773410251748,0.9997010463378176,17,17,182.37699999008328,0.025,1,teselado,WDT,True,20.368099998449907,True,6.9217952873513955,0.9999999999999998,0.25,1.0848366978692137,0.0,0.0,2.0,9686330.173852496,6.9217952873513955,6.9217952873513955,True,6.9217952873513955,0.0,True,0.25,
home,dificil,2,concreto,0.1443099887689315,0.27635450067766354,0.2763773410251748,0.9997010463378176,17,17,182.37699999008328,0.025,1,dijkstra,Dijkstra,True,14.607100005378015,True,7.512310601229375,1.0853124499300149,0.25,0.8361822501280841,301.24880780965736,6.0,9.0,0.25365643304226143,7.512310601229375,7.512310601229375,False,inf,0.0,True,0.25,12632.0
home,dificil,2,concreto,0.1443099887689315,0.27635450067766354,0.2763773410251748,0.9997010463378176,17,17,182.37699999008328,0.025,1,astar,A*,True,2.2308000043267384,True,7.512310601229373,1.0853124499300146,0.25,1.0919520589784468,301.42211299007397,5.0,9.0,0.25365643304226143,7.512310601229373,7.512310601229373,False,inf,0.0,True,0.25,707.0
home,dificil,2,concreto,0.1443099887689315,0.27635450067766354,0.2763773410251748,0.9997010463378176,17,17,182.37699999008328,0.025,1,theta,Theta*,True,181.47330000647344,True,6.943321754727545,1.0031099543517972,0.25,1.0859248646839867,0.0,0.0,2.0,2.8092940935505415,6.943321754727545,6.943321754727545,True,6.943321754727545,0.0,True,0.25,491.0
home,dificil,2,concreto,0.1443099887689315,0.27635450067766354,0.2763773410251748,0.9997010463378176,17,17,182.37699999008328,0.025,1,visibility,Visibility graph,True,675.3667000011774,True,6.921795287351397,1.0,0.25,1.0848366978692137,0.0,0.0,2.0,16777216.0,6.921795287351397,6.921795287351397,True,6.921795287351397,0.0,True,0.25,86.0
home,dificil,2,concreto,0.1443099887689315,0.27635450067766354,0.2763773410251748,0.9997010463378176,17,17,182.37699999008328,0.025,1,rrt,RRT,True,1.3174999912735075,True,6.921795287351397,1.0,0.25,1.0848366978692137,0.0,0.0,2.0,16777216.0,6.921795287351397,6.921795287351397,True,6.921795287351397,0.0,True,0.25,0.0
home,dificil,2,concreto,0.1443099887689315,0.27635450067766354,0.2763773410251748,0.9997010463378176,17,17,182.37699999008328,0.025,1,rrt_star,RRT*,True,2152.2889000043506,True,6.923511576015656,1.0002479542651883,0.25,1.0733532720184833,3.055792847961482,0.0,4.0,5.837140229728227,6.923511576015656,6.923511576015656,True,6.923511576015656,0.0,True,0.25,4000.0
home,dificil,2,concreto,0.1443099887689315,0.27635450067766354,0.2763773410251748,0.9997010463378176,17,17,182.37699999008328,0.025,1,prm,PRM,True,681.5063999965787,True,7.175639803824324,1.0366732192928028,0.25,0.9826127017830546,230.785118837066,0.0,13.0,0.38038815289696,7.175639803824324,7.175639803824324,False,inf,0.0,True,0.25,602.0
home,dificil,2,concreto,0.1443099887689315,0.27635450067766354,0.2763773410251748,0.9997010463378176,17,17,182.37699999008328,0.025,1,potential,APF,True,55.398099997546524,True,7.06513046016874,1.0207078029422898,0.25,1.0989193553860657,105.26281844614942,0.0,9.0,0.4705652373675788,7.06513046016874,7.06513046016874,False,inf,0.0,True,0.25,283.0
home,dificil,2,concreto,0.1443099887689315,0.27635450067766354,0.2763773410251748,0.9997010463378176,17,17,182.37699999008328,0.025,1,hybrid_astar,Hybrid A*,True,25.5674999934854,True,6.990570481497297,1.009936034119873,0.25,1.1457678150673538,69.82921334502011,0.0,13.0,1.5988530477710245,6.990570481497297,6.990570481497297,True,6.990570481497297,0.0,True,0.25,33.0
home,dificil,2,concreto,0.1443099887689315,0.27635450067766354,0.2763773410251748,0.9997010463378176,17,17,182.37699999008328,0.025,1,aco,ACO,True,258.59460000356194,True,7.594523609220069,1.0971898610029667,0.25,1.1592031500676858,1731.562013472032,35.0,39.0,0.31601569192960705,7.594523609220069,7.594523609220069,False,inf,0.0,True,0.25,40.0
home,dificil,2,concreto,0.1443099887689315,0.27635450067766354,0.2763773410251748,0.9997010463378176,17,17,182.37699999008328,0.025,1,topological,Homotopy planner,True,432.219599999371,True,6.921795287351397,1.0,0.25,1.0848366978692137,0.0,0.0,2.0,16777216.0,6.921795287351397,6.921795287351397,True,6.921795287351397,0.0,True,0.25,21676.0
home,dificil,2,concreto,0.1443099887689315,0.27635450067766354,0.2763773410251748,0.9997010463378176,17,17,182.37699999008328,0.025,1,slam,SLAM-based,True,389.75240000581834,True,7.365060843586787,1.0640391022608535,0.25,1.002513315627583,261.444723337018,0.0,15.0,0.43497512031934593,7.365060843586787,7.365060843586787,False,inf,0.0,True,0.25,49.0
home,dificil,2,concreto,0.1443099887689315,0.27635450067766354,0.2763773410251748,0.9997010463378176,17,17,182.37699999008328,0.025,1,drl,DRL (D3QN),True,5.280600002151914,True,8.62435328451937,1.2459705793783238,0.25,1.1924013857209779,957.5954565114046,13.0,16.0,0.15953958601544113,8.62435328451937,12.255828584797358,False,inf,0.0,True,0.25,26.0
home,dificil,0,madera,0.1974757031574802,0.7578135331716994,0.7578135331716994,1.0,16,16,186.24170000839513,0.025,0,tve,TVE (proposed),True,42.030199998407625,True,7.665450560598853,1.0056135730208833,0.2739773091282398,0.6034666951113256,64.32855855337849,0.0,7.0,1.0032998716809254,7.665450560598853,7.665450560598853,True,7.665450560598853,0.0,True,0.325,
home,dificil,0,madera,0.1974757031574802,0.7578135331716994,0.7578135331716994,1.0,16,16,186.24170000839513,0.025,0,teselado,WDT,True,278.7802999955602,True,8.68259193660978,1.1390501095051542,0.2547326000008287,0.6682345530328618,186.52354198835138,1.0,15.0,0.2977791765216874,8.68259193660978,8.68259193660978,False,inf,0.0,True,0.325,
home,dificil,0,madera,0.1974757031574802,0.7578135331716994,0.7578135331716994,1.0,16,16,186.24170000839513,0.025,0,dijkstra,Dijkstra,True,20.770300005096942,True,8.08302127934803,1.0603937557577805,0.2625,0.6061503642869952,588.3320771827398,9.0,15.0,0.3337386086409426,8.08302127934803,8.08302127934803,False,inf,0.0,True,0.3125,17605.0
home,dificil,0,madera,0.1974757031574802,0.7578135331716994,0.7578135331716994,1.0,16,16,186.24170000839513,0.025,0,astar,A*,True,3.8912000018171966,True,8.08302127934803,1.0603937557577805,0.2625,0.5776529069366245,720.8425242607404,10.0,18.0,0.3337386086409426,8.08302127934803,8.08302127934803,False,inf,0.0,True,0.3125,1645.0
home,dificil,0,madera,0.1974757031574802,0.7578135331716994,0.7578135331716994,1.0,16,16,186.24170000839513,0.025,0,theta,Theta*,True,380.37420000182465,True,7.675122772873573,1.0068824492425357,0.24099241626483736,0.5996172158237194,56.981912722504,0.0,5.0,0.5352045189985292,7.675122772873573,7.675122772873573,False,inf,0.0,True,0.3125,1486.0
home,dificil,0,madera,0.1974757031574802,0.7578135331716994,0.7578135331716994,1.0,16,16,186.24170000839513,0.025,0,visibility,Visibility graph,True,2317.057599997497,True,7.622660200947455,1.0,0.2438441025482855,0.5985271900251259,59.941075977121564,0.0,5.0,0.529136108153806,7.622660200947455,7.622660200947455,False,inf,0.0,True,0.325,152.0
home,dificil,0,madera,0.1974757031574802,0.7578135331716994,0.7578135331716994,1.0,16,16,186.24170000839513,0.025,0,rrt,RRT,True,21.137100004125386,True,9.807364486727073,1.2866065426224915,0.23915858615157648,0.587650680939118,656.6155923049608,6.0,17.0,0.1620431350979084,9.807364486727073,14.340653133539172,False,inf,0.0,True,0.324997900741381,206.0
home,dificil,0,madera,0.1974757031574802,0.7578135331716994,0.7578135331716994,1.0,16,16,186.24170000839513,0.025,0,rrt_star,RRT*,True,1909.8003999970388,True,7.643526012936589,1.0027373399100934,0.24169698417503227,0.6042827405001163,85.47213877308903,0.0,10.0,0.9025463221501108,7.643526012936589,7.643526012936589,True,7.643526012936589,0.0,True,0.325,4000.0
home,dificil,0,madera,0.1974757031574802,0.7578135331716994,0.7578135331716994,1.0,16,16,186.24170000839513,0.025,0,prm,PRM,False,682.1854000008898,,,,,,,,,,,,,,,,,602.0
home,dificil,0,madera,0.1974757031574802,0.7578135331716994,0.7578135331716994,1.0,16,16,186.24170000839513,0.025,0,potential,APF,False,1786.1893999943277,,,,,,,,,,,,,,,,,11764.0
home,dificil,0,madera,0.1974757031574802,0.7578135331716994,0.7578135331716994,1.0,16,16,186.24170000839513,0.025,0,hybrid_astar,Hybrid A*,True,136.16900000488386,True,7.6721376717757925,1.0064908404053203,0.24797450331970292,0.6164659823746045,100.21841833142467,0.0,13.0,0.8806133908148625,7.6721376717757925,7.6721376717757925,True,7.6721376717757925,0.0,True,0.325,213.0
home,dificil,0,madera,0.1974757031574802,0.7578135331716994,0.7578135331716994,1.0,16,16,186.24170000839513,0.025,0,aco,ACO,True,869.9448000115808,True,8.465532252350291,1.1105745276823533,0.28750000000000003,0.6252573093079986,1286.5650511770782,23.0,29.0,0.3345315217099115,8.465532252350291,8.465532252350291,False,inf,0.0,True,0.325,40.0
home,dificil,0,madera,0.1974757031574802,0.7578135331716994,0.7578135331716994,1.0,16,16,186.24170000839513,0.025,0,topological,Homotopy planner,True,679.5820000115782,True,7.6423885480491895,1.0025881183972076,0.23841240001107497,0.5986666166422148,65.4127931769357,0.0,5.0,0.5539738918179937,7.6423885480491895,7.6423885480491895,False,inf,0.0,True,0.325,36072.0
home,dificil,0,madera,0.1974757031574802,0.7578135331716994,0.7578135331716994,1.0,16,16,186.24170000839513,0.025,0,slam,SLAM-based,True,446.12000000779517,True,8.067683037999577,1.058381565663495,0.2935524947860106,0.6441607825230722,369.0900497666698,2.0,16.0,0.32852036729790224,8.067683037999577,8.067683037999577,False,inf,0.0,True,0.325,53.0
home,dificil,0,madera,0.1974757031574802,0.7578135331716994,0.7578135331716994,1.0,16,16,186.24170000839513,0.025,0,drl,DRL (D3QN),False,62.83199999597855,,,,,,,,,,,,,,,,,321.0
home,dificil,0,madera,0.1974757031574802,0.7578135331716994,0.7578135331716994,1.0,16,16,186.24170000839513,0.025,1,tve,TVE (proposed),True,37.019499999587424,True,4.954259200827219,1.002125915186365,0.32431527725480147,0.8722905802305194,9.794564917849796,0.0,3.0,1.981180601082128,4.954259200827219,4.954259200827219,True,4.954259200827219,0.0,True,0.4,
home,dificil,0,madera,0.1974757031574802,0.7578135331716994,0.7578135331716994,1.0,16,16,186.24170000839513,0.025,1,teselado,WDT,True,40.63309999764897,True,4.99235074181707,1.0098309057465966,0.32175117224923255,0.8607262594837728,22.680189958719048,0.0,5.0,2.320261715869344,4.99235074181707,4.99235074181707,True,4.99235074181707,0.0,True,0.4,
home,dificil,0,madera,0.1974757031574802,0.7578135331716994,0.7578135331716994,1.0,16,16,186.24170000839513,0.025,1,dijkstra,Dijkstra,True,16.037699999287724,True,5.33951839509359,1.080054462520684,0.3496124744415283,0.7515811286906087,44.7540968767293,0.0,3.0,0.46887708023661223,5.33951839509359,5.33951839509359,False,inf,0.0,True,0.4,6453.0
home,dificil,0,madera,0.1974757031574802,0.7578135331716994,0.7578135331716994,1.0,16,16,186.24170000839513,0.025,1,astar,A*,True,2.9168000037316233,True,5.339518395093589,1.0800544625206838,0.2748062491416931,0.8247672865960844,540.0,5.0,14.0,0.32997679249746514,5.339518395093589,5.339518395093589,False,inf,0.0,True,0.39449620246887207,275.0
home,dificil,0,madera,0.1974757031574802,0.7578135331716994,0.7578135331716994,1.0,16,16,186.24170000839513,0.025,1,theta,Theta*,True,122.21619999036193,True,4.9469836706333155,1.000654252712021,0.2466977405548102,0.8649585232671401,6.305964685772662,0.0,3.0,2.3769674840000667,4.9469836706333155,4.9469836706333155,True,4.9469836706333155,0.0,True,0.3712712207370341,316.0
home,dificil,0,madera,0.1974757031574802,0.7578135331716994,0.7578135331716994,1.0,16,16,186.24170000839513,0.025,1,visibility,Visibility graph,True,2363.458499996341,True,4.943749209305576,1.0,0.24774401365238777,0.8619245335000584,6.479686744639363,0.0,3.0,2.9575346783520846,4.943749209305576,4.943749209305576,True,4.943749209305576,0.0,True,0.3812044586740956,152.0
home,dificil,0,madera,0.1974757031574802,0.7578135331716994,0.7578135331716994,1.0,16,16,186.24170000839513,0.025,1,rrt,RRT,True,7.518099999288097,True,6.775599960931039,1.3705387700851386,0.3496124744415283,0.8027177587859988,674.655381787907,8.0,14.0,0.16932414580740826,6.775599960931039,12.13642180338104,False,inf,0.0,True,0.4,28.0
home,dificil,0,madera,0.1974757031574802,0.7578135331716994,0.7578135331716994,1.0,16,16,186.24170000839513,0.025,1,rrt_star,RRT*,True,1849.6711999905529,True,4.945606615565122,1.000375708026623,0.2539423814058221,0.8650913432119591,16.074314813899356,0.0,6.0,2.5829834186117018,4.945606615565122,4.945606615565122,True,4.945606615565122,0.0,True,0.3809389505223368,4000.0
home,dificil,0,madera,0.1974757031574802,0.7578135331716994,0.7578135331716994,1.0,16,16,186.24170000839513,0.025,1,prm,PRM,True,660.1689999952214,True,5.051814111051409,1.021858896390299,0.3496124744415283,0.881859930528648,65.11068409338121,0.0,8.0,1.3286582773633044,5.051814111051409,5.051814111051409,True,5.051814111051409,0.0,True,0.4,602.0
home,dificil,0,madera,0.1974757031574802,0.7578135331716994,0.7578135331716994,1.0,16,16,186.24170000839513,0.025,1,potential,APF,True,61.732599991955794,True,7.190969916780375,1.4545579907744666,0.3496124744415283,0.848414612583286,10349.61881396935,75.0,83.0,0.518320680184897,7.190969916780375,7.190969916780375,False,inf,0.0,True,0.4,288.0
home,dificil,0,madera,0.1974757031574802,0.7578135331716994,0.7578135331716994,1.0,16,16,186.24170000839513,0.025,1,hybrid_astar,Hybrid A*,True,26.48139999655541,True,5.024836369858927,1.0164019567175295,0.3496124744415283,0.908013457438215,48.665425520310386,0.0,9.0,1.7833301301829616,5.024836369858927,5.024836369858927,True,5.024836369858927,0.0,True,0.4,20.0
home,dificil,0,madera,0.1974757031574802,0.7578135331716994,0.7578135331716994,1.0,16,16,186.24170000839513,0.025,1,aco,ACO,True,179.3115000036778,True,5.46606271001309,1.1056512939055179,0.33734495639801027,0.8900453212727863,1296.8698976458443,25.0,29.0,0.5456480969328928,5.46606271001309,5.46606271001309,False,inf,0.0,True,0.4,40.0
home,dificil,0,madera,0.1974757031574802,0.7578135331716994,0.7578135331716994,1.0,16,16,186.24170000839513,0.025,1,topological,Homotopy planner,True,400.41039999050554,True,4.954559259318719,1.0021866097076275,0.23685990710858795,0.8669917461784147,10.909173036079233,0.0,3.0,1.5224443862717445,4.954559259318719,4.954559259318719,True,4.954559259318719,0.0,True,0.36192171657463323,19233.0
home,dificil,0,madera,0.1974757031574802,0.7578135331716994,0.7578135331716994,1.0,16,16,186.24170000839513,0.025,1,slam,SLAM-based,True,288.6568999965675,True,5.420709814755263,1.0964775083153304,0.3496124744415283,0.8793550040507757,239.19589758539226,1.0,7.0,0.19571279342590164,5.420709814755263,6.233916454474258,False,inf,0.0,True,0.4,36.0
home,dificil,0,madera,0.1974757031574802,0.7578135331716994,0.7578135331716994,1.0,16,16,186.24170000839513,0.025,1,drl,DRL (D3QN),True,3.980499997851439,True,5.852726991385802,1.1838640561234914,0.3496124744415283,0.8703678512261885,607.4569389999422,10.0,12.0,0.14563952208171485,5.852726991385802,8.71470379560251,False,inf,0.0,True,0.36250000000000004,20.0
workshop,facil,0,alfombra,0.0,0.8659719206831669,0.8659719206831669,1.0,15,15,154.15230000508018,0.03,0,tve,TVE (proposed),True,19.605900000897236,True,5.983853273602219,1.0,0.4270126501354335,1.0696554858953748,0.0,0.0,2.0,inf,5.983853273602219,5.983853273602219,True,5.983853273602219,0.0,True,0.51,
workshop,facil,0,alfombra,0.0,0.8659719206831669,0.8659719206831669,1.0,15,15,154.15230000508018,0.03,0,teselado,WDT,True,35.1888000004692,True,5.983853273602219,1.0,0.42700933434963184,1.069654899506438,0.0,0.0,2.0,11863283.203031443,5.983853273602219,5.983853273602219,True,5.983853273602219,0.0,True,0.51,
workshop,facil,0,alfombra,0.0,0.8659719206831669,0.8659719206831669,1.0,15,15,154.15230000508018,0.03,0,dijkstra,Dijkstra,True,14.23590000194963,True,6.531686142824235,1.091551855330207,0.285,0.9185047427725104,135.3845296595845,2.0,5.0,0.0795774719233985,6.531686142824235,8.53168613333786,False,inf,0.0,True,0.375,12357.0
workshop,facil,0,alfombra,0.0,0.8659719206831669,0.8659719206831669,1.0,15,15,154.15230000508018,0.03,0,astar,A*,True,1.5316000062739477,True,6.531686142824236,1.091551855330207,0.44999999999999996,1.0823742644837937,352.8749836510982,1.0,10.0,0.09679790887310691,6.531686142824236,8.175884296944824,False,inf,0.0,True,0.51,272.0
workshop,facil,0,alfombra,0.0,0.8659719206831669,0.8659719206831669,1.0,15,15,154.15230000508018,0.03,0,theta,Theta*,True,110.57650001021102,True,6.03792471810438,1.0090362249924638,0.42556926267242484,1.0638916023691813,0.0,0.0,2.0,0.12978723257068933,6.03792471810438,7.264200523046986,False,inf,0.0,True,0.51,316.0
workshop,facil,0,alfombra,0.0,0.8659719206831669,0.8659719206831669,1.0,15,15,154.15230000508018,0.03,0,visibility,Visibility graph,True,2807.5299999909475,True,5.983853273602219,1.0,0.4270126501354335,1.0696554858953748,0.0,0.0,2.0,inf,5.983853273602219,5.983853273602219,True,5.983853273602219,0.0,True,0.51,163.0
workshop,facil,0,alfombra,0.0,0.8659719206831669,0.8659719206831669,1.0,15,15,154.15230000508018,0.03,0,rrt,RRT,True,1.73200000426732,True,5.983853273602219,1.0,0.4270126501354335,1.0696554858953748,0.0,0.0,2.0,inf,5.983853273602219,5.983853273602219,True,5.983853273602219,0.0,True,0.51,0.0
workshop,facil,0,alfombra,0.0,0.8659719206831669,0.8659719206831669,1.0,15,15,154.15230000508018,0.03,0,rrt_star,RRT*,True,1767.147600010503,True,5.985874953700105,1.000337855894095,0.4315386679368617,1.0682055638040218,5.553534128210209,0.0,4.0,6.123456756751629,5.985874953700105,5.985874953700105,True,5.985874953700105,0.0,True,0.51,4000.0
workshop,facil,0,alfombra,0.0,0.8659719206831669,0.8659719206831669,1.0,15,15,154.15230000508018,0.03,0,prm,PRM,True,675.2823999995599,True,6.036838350230494,1.0088546751074292,0.44421480597991747,1.0798877272330674,98.91962050008053,0.0,9.0,0.9459365576401462,6.036838350230494,6.036838350230494,True,6.036838350230494,0.0,True,0.51,602.0
workshop,facil,0,alfombra,0.0,0.8659719206831669,0.8659719206831669,1.0,15,15,154.15230000508018,0.03,0,potential,APF,True,412.9615999991074,True,102.40625013153232,17.113763564908535,0.3696291412978208,0.8780191414559037,151103.06023307602,1146.0,1202.0,0.07957747154594767,102.40625013153232,422.5196263050979,False,inf,0.0,True,0.4421539727444855,2309.0
workshop,facil,0,alfombra,0.0,0.8659719206831669,0.8659719206831669,1.0,15,15,154.15230000508018,0.03,0,hybrid_astar,Hybrid A*,True,18.720399995800108,True,5.983853273602219,1.0,0.4270501035244431,1.065466961048662,0.0,0.0,2.0,inf,5.983853273602219,5.983853273602219,True,5.983853273602219,0.0,True,0.51,20.0
workshop,facil,0,alfombra,0.0,0.8659719206831669,0.8659719206831669,1.0,15,15,154.15230000508018,0.03,0,aco,ACO,True,210.05249999871012,True,6.60898087950048,1.1044690732401499,0.435,1.1694162240922235,1170.0000000000002,23.0,25.0,0.3528490216660319,6.60898087950048,6.60898087950048,False,inf,0.0,True,0.495,40.0
workshop,facil,0,alfombra,0.0,0.8659719206831669,0.8659719206831669,1.0,15,15,154.15230000508018,0.03,0,topological,Homotopy planner,True,292.5829000014346,True,5.983853273602219,1.0,0.4270126501354335,1.0696554858953748,0.0,0.0,2.0,inf,5.983853273602219,5.983853273602219,True,5.983853273602219,0.0,True,0.51,15257.0
workshop,facil,0,alfombra,0.0,0.8659719206831669,0.8659719206831669,1.0,15,15,154.15230000508018,0.03,0,slam,SLAM-based,True,358.3414000022458,True,6.4903391282859815,1.0846420912287615,0.44443638570066235,1.0477467591439025,354.429888573469,1.0,12.0,0.27775517554199736,6.4903391282859815,6.4903391282859815,False,inf,0.0,True,0.51,43.0
workshop,facil,0,alfombra,0.0,0.8659719206831669,0.8659719206831669,1.0,15,15,154.15230000508018,0.03,0,drl,DRL (D3QN),True,7.576599993626587,True,10.35792703647334,1.7309794480034053,0.375,0.9645272118818107,1590.2551187030579,19.0,24.0,0.1103699379982303,10.35792703647334,17.28055497495056,False,inf,0.0,True,0.435,35.0
workshop,facil,0,alfombra,0.0,0.8659719206831669,0.8659719206831669,1.0,15,15,154.15230000508018,0.03,1,tve,TVE (proposed),True,24.274099996546283,True,11.9505530586199,1.0033357190880579,0.29009508291879693,1.0910549790538615,27.313194926094482,0.0,5.0,1.0235209334355582,11.9505530586199,11.9505530586199,True,11.9505530586199,0.0,True,0.3571554204965762,
workshop,facil,0,alfombra,0.0,0.8659719206831669,0.8659719206831669,1.0,15,15,154.15230000508018,0.03,1,teselado,WDT,True,52.2828999964986,True,12.42094713077317,1.042828717639973,0.4144720746666667,1.2450089246574676,56.95814723259835,0.0,8.0,1.803867660665262,12.42094713077317,12.42094713077317,True,12.42094713077317,0.0,True,0.47584846912482026,
workshop,facil,0,alfombra,0.0,0.8659719206831669,0.8659719206831669,1.0,15,15,154.15230000508018,0.03,1,dijkstra,Dijkstra,True,27.802600001450628,True,12.564032457428292,1.0548417699569883,0.44245343685150146,1.2521053371108268,125.04192940153902,0.0,5.0,0.37170147319421265,12.564032457428292,12.564032457428292,False,inf,0.0,True,0.5049689197540282,23933.0
workshop,facil,0,alfombra,0.0,0.8659719206831669,0.8659719206831669,1.0,15,15,154.15230000508018,0.03,1,astar,A*,True,9.112200001254678,True,12.564032457428292,1.0548417699569883,0.44245343685150146,1.2717339049798064,265.5546649207252,1.0,8.0,0.37170147319421265,12.564032457428292,12.564032457428292,False,inf,0.0,True,0.5049689197540282,3741.0
workshop,facil,0,alfombra,0.0,0.8659719206831669,0.8659719206831669,1.0,15,15,154.15230000508018,0.03,1,theta,Theta*,True,935.4809000069508,True,11.98150955031502,1.0059347413846003,0.282872030672295,1.0971679558239817,26.875138639581387,0.0,3.0,0.7837614092738925,11.98150955031502,11.98150955031502,True,11.98150955031502,0.0,True,0.3491179407458256,3545.0
workshop,facil,0,alfombra,0.0,0.8659719206831669,0.8659719206831669,1.0,15,15,154.15230000508018,0.03,1,visibility,Visibility graph,True,2754.455100002815,True,11.91082190264479,1.0,0.26137941286246075,0.8163195043690871,60.48754664314083,0.0,5.0,0.6028753304236202,11.91082190264479,11.91082190264479,False,inf,0.0,True,0.3272863952843357,163.0
workshop,facil,0,alfombra,0.0,0.8659719206831669,0.8659719206831669,1.0,15,15,154.15230000508018,0.03,1,rrt,RRT,True,10.695400007534772,True,14.867380363714743,1.2482245545467734,0.6,1.4102651123674974,715.2454795878663,6.0,25.0,0.20981999101085744,14.867380363714743,16.98687261211474,False,inf,0.0,True,0.6,69.0
workshop,facil,0,alfombra,0.0,0.8659719206831669,0.8659719206831669,1.0,15,15,154.15230000508018,0.03,1,rrt_star,RRT*,True,1845.0894999987213,True,11.958733765610981,1.004022548851608,0.25264659269774825,1.096231965002915,59.408612617184815,0.0,8.0,0.6509003173393884,11.958733765610981,11.958733765610981,False,inf,0.0,True,0.33318795213475283,4000.0
workshop,facil,0,alfombra,0.0,0.8659719206831669,0.8659719206831669,1.0,15,15,154.15230000508018,0.03,1,prm,PRM,True,668.0216999957338,True,12.316147453562158,1.034030023639877,0.3426086956521741,1.082915289897829,204.3723036931003,0.0,16.0,0.48346582171079583,12.316147453562158,12.316147453562158,False,inf,0.0,True,0.406771824048913,602.0
workshop,facil,0,alfombra,0.0,0.8659719206831669,0.8659719206831669,1.0,15,15,154.15230000508018,0.03,1,potential,APF,True,91.07150000636466,True,13.114145274427758,1.101027736088957,0.6,1.0896361629731952,530.1619080695982,4.0,19.0,0.32582736091633097,13.114145274427758,13.114145274427758,False,inf,0.0,True,0.6,438.0
workshop,facil,0,alfombra,0.0,0.8659719206831669,0.8659719206831669,1.0,15,15,154.15230000508018,0.03,1,hybrid_astar,Hybrid A*,True,156.78639999532606,True,12.141950789567353,1.019404948609906,0.30012556646063054,1.1187482432094908,141.18758551821418,0.0,14.0,0.8001994389042721,12.141950789567353,12.141950789567353,True,12.141950789567353,0.0,True,0.36603254888250547,177.0
workshop,facil,0,alfombra,0.0,0.8659719206831669,0.8659719206831669,1.0,15,15,154.15230000508018,0.03,1,aco,ACO,True,363.0964000039967,True,13.152210311650222,1.104223572407693,0.315,1.1037766684705972,1575.5670372725674,30.0,35.0,0.23286862899438016,13.152210311650222,13.835664084617367,False,inf,0.0,True,0.40499999999999997,40.0
workshop,facil,0,alfombra,0.0,0.8659719206831669,0.8659719206831669,1.0,15,15,154.15230000508018,0.03,1,topological,Homotopy planner,True,346.3493000017479,True,11.985847386507404,1.0062989342360964,0.24724568084796653,0.8291317764384856,66.45448669322494,0.0,4.0,0.6420530401843936,11.985847386507404,11.985847386507404,False,inf,0.0,True,0.3188348027774669,16538.0
workshop,facil,0,alfombra,0.0,0.8659719206831669,0.8659719206831669,1.0,15,15,154.15230000508018,0.03,1,slam,SLAM-based,True,652.1780000039143,True,13.609248513817674,1.1425952486784938,0.32573677935738204,0.8189300581277931,699.0473445997461,2.0,27.0,0.18505117612729166,13.609248513817674,14.469307587327247,False,inf,0.0,True,0.415736779357382,86.0
workshop,facil,0,alfombra,0.0,0.8659719206831669,0.8659719206831669,1.0,15,15,154.15230000508018,0.03,1,drl,DRL (D3QN),True,11.13199999963399,True,13.918638947070027,1.168570822470228,0.43296519756317137,1.1410027437963541,1379.7448812969421,20.0,26.0,0.1715141060708515,13.918638947070027,16.57355288982623,False,inf,0.0,True,0.5033954429626465,45.0
home,dificil,3,concreto,0.10931997558987683,0.8219165478216865,0.8622586872586873,0.9461420325160197,15,15,163.12669999024365,0.025,0,tve,TVE (proposed),True,38.537900007213466,True,5.508990897218798,1.0072481655944896,0.2751740110941725,0.6131697588844273,65.62074509240188,0.0,7.0,1.0079281848565904,5.508990897218798,5.508990897218798,True,5.508990897218798,0.0,True,0.3459917902430846,
home,dificil,3,concreto,0.10931997558987683,0.8219165478216865,0.8622586872586873,0.9461420325160197,15,15,163.12669999024365,0.025,0,teselado,WDT,True,34.05190000194125,True,5.590049100323466,1.0220686160012566,0.24917874790593453,0.6685517095862494,53.45805572827484,0.0,6.0,0.6849497083958411,5.590049100323466,5.590049100323466,False,inf,0.0,True,0.39922231663628543,
home,dificil,3,concreto,0.10931997558987683,0.8219165478216865,0.8622586872586873,0.9461420325160197,15,15,163.12669999024365,0.025,0,dijkstra,Dijkstra,True,13.479799992637709,True,5.840990257669732,1.0679499806876263,0.2609206080436707,0.5471715414965596,298.87651663227325,2.0,9.0,0.3844370392158843,5.840990257669732,5.840990257669732,False,inf,0.0,True,0.2748062372207642,11492.0
home,dificil,3,concreto,0.10931997558987683,0.8219165478216865,0.8622586872586873,0.9461420325160197,15,15,163.12669999024365,0.025,0,astar,A*,True,1.9523999944794923,True,5.840990257669732,1.0679499806876263,0.2609206080436707,0.6289607466530639,484.6995803085962,6.0,13.0,0.3065063506223984,5.840990257669732,5.840990257669732,False,inf,0.0,True,0.2748062372207642,600.0
home,dificil,3,concreto,0.10931997558987683,0.8219165478216865,0.8622586872586873,0.9461420325160197,15,15,163.12669999024365,0.025,0,theta,Theta*,True,108.186299999943,True,5.531777550498074,1.0114144122163846,0.23935185185185193,0.6304732481625274,33.46184740478475,0.0,4.0,0.19044087858268618,5.531777550498074,6.367495933422846,False,inf,0.0,True,0.2991836547851563,394.0
home,dificil,3,concreto,0.10931997558987683,0.8219165478216865,0.8622586872586873,0.9461420325160197,15,15,163.12669999024365,0.025,0,visibility,Visibility graph,True,2201.4168000023346,True,5.469348156089544,1.0,0.24383275258684878,0.630622625821635,35.0108428329633,0.0,5.0,0.9231422694394722,5.469348156089544,5.469348156089544,True,5.469348156089544,0.0,True,0.3146657705740921,146.0
home,dificil,3,concreto,0.10931997558987683,0.8219165478216865,0.8622586872586873,0.9461420325160197,15,15,163.12669999024365,0.025,0,rrt,RRT,True,9.991000013542362,True,7.832002396904541,1.431980955204768,0.35000000000000003,0.9326348958937427,287.8229754390945,3.0,11.0,0.23484506936689625,7.832002396904541,7.832002396904541,False,inf,0.0,True,0.530938691276131,89.0
home,dificil,3,concreto,0.10931997558987683,0.8219165478216865,0.8622586872586873,0.9461420325160197,15,15,163.12669999024365,0.025,0,rrt_star,RRT*,True,1951.3486000068951,True,5.475930251151439,1.0012034514669845,0.2390856457937899,0.6266323388318638,50.95982315449079,0.0,8.0,1.2639811746369183,5.475930251151439,5.475930251151439,True,5.475930251151439,0.0,True,0.30031062041727097,4000.0
home,dificil,3,concreto,0.10931997558987683,0.8219165478216865,0.8622586872586873,0.9461420325160197,15,15,163.12669999024365,0.025,0,prm,PRM,True,632.1296999958577,True,5.709631860761194,1.0439327864700145,0.35000000000000003,0.6125212742438475,131.41459429844542,1.0,8.0,0.5233414570117804,5.709631860761194,5.709631860761194,False,inf,0.0,True,0.42761194029850746,602.0
home,dificil,3,concreto,0.10931997558987683,0.8219165478216865,0.8622586872586873,0.9461420325160197,15,15,163.12669999024365,0.025,0,potential,APF,False,1746.5675000130432,,,,,,,,,,,,,,,,,11848.0
home,dificil,3,concreto,0.10931997558987683,0.8219165478216865,0.8622586872586873,0.9461420325160197,15,15,163.12669999024365,0.025,0,hybrid_astar,Hybrid A*,True,22.250300011364743,True,5.613196368039256,1.0263007963370465,0.25904544955945,0.5920472904149391,135.2991762068741,0.0,14.0,0.7994146097486414,5.613196368039256,5.613196368039256,True,5.613196368039256,0.0,True,0.33404544955945004,32.0
home,dificil,3,concreto,0.10931997558987683,0.8219165478216865,0.8622586872586873,0.9461420325160197,15,15,163.12669999024365,0.025,0,aco,ACO,True,459.4080000097165,True,6.131039110426119,1.1209816847369376,0.33465123176574707,0.6605009874974588,1196.5650511770782,20.0,24.0,0.3044568119318083,6.131039110426119,6.131039110426119,False,inf,0.0,True,0.3547287106513977,40.0
home,dificil,3,concreto,0.10931997558987683,0.8219165478216865,0.8622586872586873,0.9461420325160197,15,15,163.12669999024365,0.025,0,topological,Homotopy planner,True,337.39640000567306,True,5.476120972968996,1.0012383224995305,0.23774544671355602,0.6317922066897392,33.90222890273869,0.0,4.0,1.0727754291672629,5.476120972968996,5.476120972968996,True,5.476120972968996,0.0,True,0.30330173359351137,14145.0
home,dificil,3,concreto,0.10931997558987683,0.8219165478216865,0.8622586872586873,0.9461420325160197,15,15,163.12669999024365,0.025,0,slam,SLAM-based,True,298.27029998705257,True,5.682743700012543,1.0390166319336256,0.2952886933280851,0.6792956755246335,275.91511757624073,0.0,16.0,0.4153247364705608,5.682743700012543,5.682743700012543,False,inf,0.0,True,0.3242978038919762,38.0
home,dificil,3,concreto,0.10931997558987683,0.8219165478216865,0.8622586872586873,0.9461420325160197,15,15,163.12669999024365,0.025,0,drl,DRL (D3QN),True,11.67639999766834,True,19.433238685460328,3.5531178727072734,0.35000000000000003,0.8297950404702107,5730.32690849641,44.0,47.0,0.07957747154594769,19.433238685460328,74.28781879592233,False,inf,0.0,True,0.41250000000000003,62.0
home,dificil,3,concreto,0.10931997558987683,0.8219165478216865,0.8622586872586873,0.9461420325160197,15,15,163.12669999024365,0.025,1,tve,TVE (proposed),True,33.09719999379013,True,5.314608413995454,1.0022461030281966,0.26958686255745845,0.5372179493800798,53.558758711775596,0.0,6.0,0.6023537075483998,5.314608413995454,5.314608413995454,False,inf,0.0,True,0.325,
home,dificil,3,concreto,0.10931997558987683,0.8219165478216865,0.8622586872586873,0.9461420325160197,15,15,163.12669999024365,0.025,1,teselado,WDT,True,96.03519999654964,True,5.412430086721611,1.0206936315466308,0.23772586422952158,0.5144722634931277,63.64945840492035,0.0,6.0,0.5558240239852212,5.412430086721611,5.412430086721611,False,inf,0.05143705142000421,True,0.2487140737144999,
home,dificil,3,concreto,0.10931997558987683,0.8219165478216865,0.8622586872586873,0.9461420325160197,15,15,163.12669999024365,0.025,1,dijkstra,Dijkstra,True,8.864000003086403,True,5.713782463805519,1.0775236408423803,0.2609206080436707,0.3816039135415761,315.9509618360446,7.0,9.0,0.34042088406441084,5.713782463805519,5.713782463805519,False,inf,0.0,True,0.3096512317657471,7319.0
home,dificil,3,concreto,0.10931997558987683,0.8219165478216865,0.8622586872586873,0.9461420325160197,15,15,163.12669999024365,0.025,1,astar,A*,True,1.830100009101443,True,5.713782463805519,1.0775236408423803,0.2698837399482727,0.5936559213448332,630.0000000000001,8.0,16.0,0.37348478236060806,5.713782463805519,5.713782463805519,False,inf,0.0,True,0.3125,501.0
home,dificil,3,concreto,0.10931997558987683,0.8219165478216865,0.8622586872586873,0.9461420325160197,15,15,163.12669999024365,0.025,1,theta,Theta*,True,121.55880000500474,True,5.351960150532452,1.009290014727685,0.2521816932991758,0.5346680134578564,51.57310013583043,1.0,3.0,0.43626465234030376,5.351960150532452,5.351960150532452,False,inf,0.0,True,0.31212729872489514,409.0
home,dificil,3,concreto,0.10931997558987683,0.8219165478216865,0.8622586872586873,0.9461420325160197,15,15,163.12669999024365,0.025,1,visibility,Visibility graph,True,2343.23040000163,True,5.302698007942202,1.0,0.24609510697275583,0.5393961584896937,51.47242820739464,0.0,4.0,0.41859799817311,5.302698007942202,5.302698007942202,False,inf,0.0,True,0.311215284436717,146.0
home,dificil,3,concreto,0.10931997558987683,0.8219165478216865,0.8622586872586873,0.9461420325160197,15,15,163.12669999024365,0.025,1,rrt,RRT,True,16.345199997886084,True,5.629776347434866,1.0616814947792195,0.3151373819892558,0.596875736744844,177.0438328091983,1.0,11.0,0.3819459537592138,5.629776347434866,5.629776347434866,False,inf,0.0,True,0.3151373819892558,112.0
home,dificil,3,concreto,0.10931997558987683,0.8219165478216865,0.8622586872586873,0.9461420325160197,15,15,163.12669999024365,0.025,1,rrt_star,RRT*,True,1982.6759999996284,True,5.309453278451977,1.0012739308366527,0.24898188305000885,0.551064681495107,59.007990150235905,0.0,7.0,0.6598939667476028,5.309453278451977,5.309453278451977,False,inf,0.0,True,0.30443287824595444,4000.0
home,dificil,3,concreto,0.10931997558987683,0.8219165478216865,0.8622586872586873,0.9461420325160197,15,15,163.12669999024365,0.025,1,prm,PRM,True,651.0223000077531,True,5.534613436487234,1.0437353641858687,0.325,0.6176673941223804,111.72211440615574,1.0,8.0,0.3737822898598587,5.534613436487234,5.534613436487234,False,inf,0.0,True,0.325,602.0
home,dificil,3,concreto,0.10931997558987683,0.8219165478216865,0.8622586872586873,0.9461420325160197,15,15,163.12669999024365,0.025,1,potential,APF,False,2654.1004000027897,,,,,,,,,,,,,,,,,16495.0
home,dificil,3,concreto,0.10931997558987683,0.8219165478216865,0.8622586872586873,0.9461420325160197,15,15,163.12669999024365,0.025,1,hybrid_astar,Hybrid A*,True,19.545200004358776,True,5.42949865026001,1.0239124766539391,0.2666670868856822,0.5966141712776553,118.44051108744414,0.0,12.0,0.7981025539780099,5.42949865026001,5.42949865026001,True,5.42949865026001,0.0,True,0.325,22.0
home,dificil,3,concreto,0.10931997558987683,0.8219165478216865,0.8622586872586873,0.9461420325160197,15,15,163.12669999024365,0.025,1,aco,ACO,True,358.6136000085389,True,5.80279055255334,1.0943090750900986,0.28750000000000003,0.608124713285482,840.1413855520753,14.0,20.0,0.22849194597773437,5.80279055255334,5.80279055255334,False,inf,0.0,True,0.325,40.0
home,dificil,3,concreto,0.10931997558987683,0.8219165478216865,0.8622586872586873,0.9461420325160197,15,15,163.12669999024365,0.025,1,topological,Homotopy planner,True,2145.2202000073157,True,5.336689651126204,1.0064102543899522,0.23966963085847912,0.5487182765888522,51.896690205186204,1.0,3.0,0.45925184866076246,5.336689651126204,5.336689651126204,False,inf,0.0,True,0.325,275940.0
home,dificil,3,concreto,0.10931997558987683,0.8219165478216865,0.8622586872586873,0.9461420325160197,15,15,163.12669999024365,0.025,1,slam,SLAM-based,True,316.8140000052517,True,5.756149364286523,1.0855133284349132,0.2948122246859818,0.5259878620743285,324.9841016649929,1.0,13.0,0.20159860002478927,5.756149364286523,6.545613889696547,False,inf,0.0,True,0.325,38.0
home,dificil,3,concreto,0.10931997558987683,0.8219165478216865,0.8622586872586873,0.9461420325160197,15,15,163.12669999024365,0.025,1,drl,DRL (D3QN),True,7.292300011613406,True,6.378798123856928,1.2029344522925838,0.325,0.5435663367042551,358.172031755695,4.0,8.0,0.3183098861837905,6.378798123856928,6.378798123856928,False,inf,0.0,True,0.325,22.0
workshop,facil,1,alfombra,0.0,0.9331439656366911,0.9331439656366911,1.0,17,17,136.0045000037644,0.03,0,tve,TVE (proposed),True,24.08859999559354,True,9.471612523003992,1.039806726092886,0.2991695618413027,0.5848947570570688,201.73618165110784,0.0,10.0,0.2779838429874466,9.471612523003992,9.471612523003992,False,inf,0.0,True,0.36570486187759993,
workshop,facil,1,alfombra,0.0,0.9331439656366911,0.9331439656366911,1.0,17,17,136.0045000037644,0.03,0,teselado,WDT,True,44.14820000238251,True,9.794363206816625,1.0752387426649719,0.3139479667979213,0.852525171100056,55.935578415211374,0.0,8.0,1.609914995098152,9.794363206816625,9.794363206816625,True,9.794363206816625,0.0,True,0.37972464860717015,
workshop,facil,1,alfombra,0.0,0.9331439656366911,0.9331439656366911,1.0,17,17,136.0045000037644,0.03,0,dijkstra,Dijkstra,True,30.31360000022687,True,9.593452377915607,1.0531824739220528,0.27567449569702146,0.5746451148447231,626.082760450843,8.0,16.0,0.3240471903816846,9.593452377915607,9.593452377915607,False,inf,0.0,True,0.3415814781188965,21814.0
workshop,facil,1,alfombra,0.0,0.9331439656366911,0.9331439656366911,1.0,17,17,136.0045000037644,0.03,0,astar,A*,True,6.393700008629821,True,9.593452377915607,1.0531824739220528,0.27567449569702146,0.5569525819391211,585.4814658058383,9.0,15.0,0.3240471903816846,9.593452377915607,9.593452377915607,False,inf,0.0,True,0.3415814781188965,1331.0
workshop,facil,1,alfombra,0.0,0.9331439656366911,0.9331439656366911,1.0,17,17,136.0045000037644,0.03,0,theta,Theta*,True,330.4585000005318,True,9.145335554941223,1.003987589157451,0.2559670823816834,0.5378085918167677,100.72206177562866,0.0,7.0,0.7884613916826158,9.145335554941223,9.145335554941223,True,9.145335554941223,0.0,True,0.3192857142857142,1017.0
workshop,facil,1,alfombra,0.0,0.9331439656366911,0.9331439656366911,1.0,17,17,136.0045000037644,0.03,0,visibility,Visibility graph,True,2373.928699991666,True,9.10901255524086,1.0,0.251166292359595,0.5520910143133154,78.20331000283926,0.0,7.0,0.9632998273730101,9.10901255524086,9.10901255524086,True,9.10901255524086,0.0,True,0.31707327601480645,153.0
workshop,facil,1,alfombra,0.0,0.9331439656366911,0.9331439656366911,1.0,17,17,136.0045000037644,0.03,0,rrt,RRT,True,17.171600004076026,True,13.02729088746196,1.4301540159769268,0.3305921443520661,0.9182821369313531,796.1821972670667,8.0,23.0,0.1547967122459663,13.02729088746196,17.292062579750947,False,inf,0.0,True,0.3934311426950023,93.0
workshop,facil,1,alfombra,0.0,0.9331439656366911,0.9331439656366911,1.0,17,17,136.0045000037644,0.03,0,rrt_star,RRT*,True,1935.954499989748,True,9.170578719108608,1.0067588186419094,0.24924243939832566,0.5719671573728686,95.23243440695182,0.0,9.0,0.7554807558247925,9.170578719108608,9.170578719108608,False,inf,0.0,True,0.31514942302322163,4000.0
workshop,facil,1,alfombra,0.0,0.9331439656366911,0.9331439656366911,1.0,17,17,136.0045000037644,0.03,0,prm,PRM,True,650.1036999979988,True,10.117204370042986,1.110680692192269,0.27336721670432135,0.6595213374011998,319.3010683207198,2.0,13.0,0.4027872124532626,10.117204370042986,10.117204370042986,False,inf,0.0,True,0.33927419912619633,602.0
workshop,facil,1,alfombra,0.0,0.9331439656366911,0.9331439656366911,1.0,17,17,136.0045000037644,0.03,0,potential,APF,True,298.5679999983404,True,65.48403819471982,7.18892830563107,0.24084677813218006,0.7465106060247129,74270.1702153394,574.0,619.0,0.07957747154594767,65.48403819471982,248.01797822314404,False,inf,0.0,True,0.33469391717295915,1598.0
workshop,facil,1,alfombra,0.0,0.9331439656366911,0.9331439656366911,1.0,17,17,136.0045000037644,0.03,0,hybrid_astar,Hybrid A*,True,58.33369999891147,True,9.367928853276467,1.0284241893910488,0.25785443164157523,0.6368365141347052,171.33523860098995,0.0,16.0,0.8435844177052582,9.367928853276467,9.367928853276467,True,9.367928853276467,0.0,True,0.3257184165247104,85.0
workshop,facil,1,alfombra,0.0,0.9331439656366911,0.9331439656366911,1.0,17,17,136.0045000037644,0.03,0,aco,ACO,True,379.3008000066038,True,10.167803389439564,1.1162355225418512,0.315,0.5858190023061022,1440.0,23.0,29.0,0.20041421448263394,10.167803389439564,10.96193340413314,False,inf,0.0,True,0.375,40.0
workshop,facil,1,alfombra,0.0,0.9331439656366911,0.9331439656366911,1.0,17,17,136.0045000037644,0.03,0,topological,Homotopy planner,True,259.04089999676216,True,9.10134984301094,0.9991587768505699,0.24679225617737008,0.5448847332862725,75.30843240918261,0.0,6.0,0.8174763686893054,9.10134984301094,9.10134984301094,True,9.10134984301094,0.0,True,0.3126992403105554,5987.0
workshop,facil,1,alfombra,0.0,0.9331439656366911,0.9331439656366911,1.0,17,17,136.0045000037644,0.03,0,slam,SLAM-based,True,465.47280000231694,True,9.756864040198252,1.0711220322761168,0.2697190266867069,0.6098574107496586,556.468007947708,1.0,22.0,0.21017120423592586,9.756864040198252,10.514127356409912,False,inf,0.0,True,0.36119006512743057,63.0
workshop,facil,1,alfombra,0.0,0.9331439656366911,0.9331439656366911,1.0,17,17,136.0045000037644,0.03,0,drl,DRL (D3QN),True,9.379399998579174,True,14.299529324406027,1.5698221116380844,0.5844419002532959,0.9628631536357535,2626.504360174337,25.0,30.0,0.07957747154594767,14.299529324406027,33.71914476125336,False,inf,0.0,True,0.6503488826751709,48.0
workshop,facil,1,alfombra,0.0,0.9331439656366911,0.9331439656366911,1.0,17,17,136.0045000037644,0.03,1,tve,TVE (proposed),True,21.479299990460277,True,8.915414137724353,1.0081142879085334,0.3321668896049479,0.7996610097456969,61.92219372981812,0.0,7.0,0.9999597759014895,8.915414137724353,8.915414137724353,True,8.915414137724353,0.0,True,0.4097048361865211,
workshop,facil,1,alfombra,0.0,0.9331439656366911,0.9331439656366911,1.0,17,17,136.0045000037644,0.03,1,teselado,WDT,True,46.11490000388585,True,9.678657884305675,1.094418402804296,0.3875330285169045,1.1173390073192162,88.53957673845376,0.0,12.0,1.5372919588028453,9.678657884305675,9.678657884305675,True,9.678657884305675,0.0,True,0.4652540330029884,
workshop,facil,1,alfombra,0.0,0.9331439656366911,0.9331439656366911,1.0,17,17,136.0045000037644,0.03,1,dijkstra,Dijkstra,True,34.5454000052996,True,9.519625535217635,1.0764357515355316,0.27567449569702146,0.7961840644465147,572.6906529918587,9.0,15.0,0.18084653175326157,9.519625535217635,10.399680803897262,False,inf,0.0,True,0.35205821514129637,21352.0
workshop,facil,1,alfombra,0.0,0.9331439656366911,0.9331439656366911,1.0,17,17,136.0045000037644,0.03,1,astar,A*,True,8.406100008869544,True,9.519625535217633,1.0764357515355314,0.27567449569702146,0.7855332594973441,985.03025927189,18.0,24.0,0.1808465317532634,9.519625535217633,10.399680803897251,False,inf,0.0,True,0.345,4462.0
workshop,facil,1,alfombra,0.0,0.9331439656366911,0.9331439656366911,1.0,17,17,136.0045000037644,0.03,1,theta,Theta*,True,834.2520000005607,True,8.891829064664224,1.005447395628939,0.25562369852180955,0.7972531319263282,56.33958867194799,0.0,4.0,0.7042941707266422,8.891829064664224,8.891829064664224,False,inf,0.0,True,0.32153068094368453,3800.0
workshop,facil,1,alfombra,0.0,0.9331439656366911,0.9331439656366911,1.0,17,17,136.0045000037644,0.03,1,visibility,Visibility graph,True,2430.590200005099,True,8.8436541815319,1.0,0.24932302204430945,0.7949044339098249,57.229527962204244,0.0,5.0,0.7536293037319494,8.8436541815319,8.8436541815319,False,inf,0.0,True,0.31523000576128796,153.0
workshop,facil,1,alfombra,0.0,0.9331439656366911,0.9331439656366911,1.0,17,17,136.0045000037644,0.03,1,rrt,RRT,True,67.58339999942109,True,13.058347636519064,1.4765782750515801,0.3402192846385142,1.1190298664774798,1120.511987463677,12.0,27.0,0.17617771965065346,13.058347636519064,17.20364659194638,False,inf,0.0,True,0.4061262670603891,359.0
workshop,facil,1,alfombra,0.0,0.9331439656366911,0.9331439656366911,1.0,17,17,136.0045000037644,0.03,1,rrt_star,RRT*,True,1772.6422999985516,True,8.861765338908066,1.0020479269094429,0.25684779472122266,0.7916711983115275,76.2747078195259,0.0,8.0,0.6593339830405659,8.861765338908066,8.861765338908066,False,inf,0.0,True,0.32108608089921997,4000.0
workshop,facil,1,alfombra,0.0,0.9331439656366911,0.9331439656366911,1.0,17,17,136.0045000037644,0.03,1,prm,PRM,True,683.9041000057478,True,9.563459644655065,1.0813923123120674,0.34181396484375,1.0364671185881738,170.62769022585306,1.0,10.0,0.4281518379103205,9.563459644655065,9.563459644655065,False,inf,0.0,True,0.42544195175170896,602.0
workshop,facil,1,alfombra,0.0,0.9331439656366911,0.9331439656366911,1.0,17,17,136.0045000037644,0.03,1,potential,APF,False,1966.7378000012832,,,,,,,,,,,,,,,,,12397.0
workshop,facil,1,alfombra,0.0,0.9331439656366911,0.9331439656366911,1.0,17,17,136.0045000037644,0.03,1,hybrid_astar,Hybrid A*,True,42.58850000042003,True,9.114637703094017,1.0306415782435285,0.271716298344521,0.8587548794045332,129.04104321091842,0.0,15.0,1.596818867326337,9.114637703094017,9.114637703094017,True,9.114637703094017,0.0,True,0.3638372601567932,46.0
workshop,facil,1,alfombra,0.0,0.9331439656366911,0.9331439656366911,1.0,17,17,136.0045000037644,0.03,1,aco,ACO,True,390.86510000925045,True,10.03863870282035,1.1351233886761338,0.315,0.8330468354922692,1232.24145939894,19.0,28.0,0.13458485715818633,10.03863870282035,11.221200741763782,False,inf,0.0,True,0.375,40.0
workshop,facil,1,alfombra,0.0,0.9331439656366911,0.9331439656366911,1.0,17,17,136.0045000037644,0.03,1,topological,Homotopy planner,True,248.54879999475088,True,8.904632879277845,1.0068951924729586,0.2517744175445026,0.7987285316940167,64.31427543660894,0.0,4.0,0.5498392866031783,8.904632879277845,8.904632879277845,False,inf,0.0,True,0.32054714146623736,7487.0
workshop,facil,1,alfombra,0.0,0.9331439656366911,0.9331439656366911,1.0,17,17,136.0045000037644,0.03,1,slam,SLAM-based,True,477.8622000012547,True,9.397448248338264,1.0626205022764061,0.31784174719172664,0.8199028379096035,476.55628467933184,2.0,20.0,0.4304288331717711,9.397448248338264,9.397448248338264,False,inf,0.0,True,0.40988589826773897,62.0
workshop,facil,1,alfombra,0.0,0.9331439656366911,0.9331439656366911,1.0,17,17,136.0045000037644,0.03,1,drl,DRL (D3QN),True,11.60469999013003,True,18.841553331549154,2.130516746221913,0.42,1.059487029599528,4217.471180216664,37.0,41.0,0.07957747154594767,18.841553331549154,53.88311320996854,False,inf,0.0,True,0.48,66.0
home,medio,3,uniforme,0.030313153654095645,0.857889237199582,0.857889237199582,1.0,15,15,145.15739999478683,0.025,0,tve,TVE (proposed),True,36.150899992208,True,6.951613918202298,1.0117358252054425,0.2950764299710343,0.7264603114891004,76.6741751246358,0.0,7.0,0.4614611292194042,6.951613918202298,6.951613918202298,False,inf,0.0,True,0.33118345874275,
home,medio,3,uniforme,0.030313153654095645,0.857889237199582,0.857889237199582,1.0,15,15,145.15739999478683,0.025,0,teselado,WDT,True,83.92570000432897,True,7.397629875032085,1.0766488551072344,0.22875473381496225,0.7158950252762367,153.40364807843383,1.0,5.0,0.18189097550407388,7.397629875032085,8.272631741676815,False,inf,0.0,True,0.2637112259864807,
home,medio,3,uniforme,0.030313153654095645,0.857889237199582,0.857889237199582,1.0,15,15,145.15739999478683,0.025,0,dijkstra,Dijkstra,True,25.510000006761402,True,7.3359650045003155,1.0676741681629138,0.2547287464141846,0.7070229016547079,494.7359660187409,4.0,13.0,0.3410100096070784,7.3359650045003155,7.3359650045003155,False,inf,0.0,True,0.3125,16967.0
home,medio,3,uniforme,0.030313153654095645,0.857889237199582,0.857889237199582,1.0,15,15,145.15739999478683,0.025,0,astar,A*,True,13.694599998416379,True,7.3359650045003155,1.0676741681629138,0.2609206080436707,0.7411500728344834,810.0000000000001,13.0,20.0,0.3410100096070784,7.3359650045003155,7.3359650045003155,False,inf,0.0,True,0.2998062252998352,4332.0
home,medio,3,uniforme,0.030313153654095645,0.857889237199582,0.857889237199582,1.0,15,15,145.15739999478683,0.025,0,theta,Theta*,True,876.0669000039343,True,6.908477412532742,1.0054577509807228,0.23829403791898562,0.7126190137438054,72.26805752660451,1.0,5.0,0.5120052075688027,6.908477412532742,6.908477412532742,False,inf,0.0,True,0.2822405808931821,4056.0
home,medio,3,uniforme,0.030313153654095645,0.857889237199582,0.857889237199582,1.0,15,15,145.15739999478683,0.025,0,visibility,Visibility graph,True,2205.664199995226,True,6.870977329275366,1.0,0.24046630861756949,0.7153215492257123,71.05463605876295,0.0,5.0,0.4867807422933095,6.870977329275366,6.870977329275366,False,inf,0.0,True,0.2781810854175379,141.0
home,medio,3,uniforme,0.030313153654095645,0.857889237199582,0.857889237199582,1.0,15,15,145.15739999478683,0.025,0,rrt,RRT,True,43.82029999396764,True,9.204081166944055,1.3395592396627434,0.26175693945910583,0.5506329040738602,708.2308031373699,7.0,19.0,0.2005784975035148,9.204081166944055,11.497767108785958,False,inf,0.0,True,0.307133056536248,332.0
home,medio,3,uniforme,0.030313153654095645,0.857889237199582,0.857889237199582,1.0,15,15,145.15739999478683,0.025,0,rrt_star,RRT*,True,1909.2221000028076,True,6.896786619600175,1.0037562764491805,0.24712410985073388,0.7132715078314733,93.52998131501786,0.0,8.0,0.41354565801165316,6.896786619600175,6.896786619600175,False,inf,0.0,True,0.28942095409409635,4000.0
home,medio,3,uniforme,0.030313153654095645,0.857889237199582,0.857889237199582,1.0,15,15,145.15739999478683,0.025,0,prm,PRM,True,756.9808000116609,True,7.202502437611455,1.048250065812843,0.28988993142047026,0.7902859683836343,124.97751298754457,0.0,11.0,0.3452801220719872,7.202502437611455,7.202502437611455,False,inf,0.0,True,0.31853987600557715,602.0
home,medio,3,uniforme,0.030313153654095645,0.857889237199582,0.857889237199582,1.0,15,15,145.15739999478683,0.025,0,potential,APF,False,1828.5690000047907,,,,,,,,,,,,,,,,,12051.0
home,medio,3,uniforme,0.030313153654095645,0.857889237199582,0.857889237199582,1.0,15,15,145.15739999478683,0.025,0,hybrid_astar,Hybrid A*,True,151.9436999951722,True,7.170325937871263,1.0435671075962447,0.27080284698274615,0.6673019557772877,162.06493992538861,0.0,16.0,0.8007160719384232,7.170325937871263,7.170325937871263,True,7.170325937871263,0.0,True,0.30719484891158166,201.0
home,medio,3,uniforme,0.030313153654095645,0.857889237199582,0.857889237199582,1.0,15,15,145.15739999478683,0.025,0,aco,ACO,True,5404.161499987822,True,8.028095385273833,1.1684066182358515,0.3125,0.6024891452526798,1233.434948822922,18.0,26.0,0.1100648493074731,8.028095385273833,9.474106024395192,False,inf,0.0,True,0.36250000000000004,40.0
home,medio,3,uniforme,0.030313153654095645,0.857889237199582,0.857889237199582,1.0,15,15,145.15739999478683,0.025,0,topological,Homotopy planner,True,655.3641999926185,True,6.890593261126573,1.0028548968961999,0.23540128731423593,0.7107364209498983,72.30681265506804,1.0,5.0,0.33112604725318934,6.890593261126573,6.890593261126573,False,inf,0.0,True,0.27467463611393933,43965.0
home,medio,3,uniforme,0.030313153654095645,0.857889237199582,0.857889237199582,1.0,15,15,145.15739999478683,0.025,0,slam,SLAM-based,True,416.5424999955576,True,8.004111491208535,1.164916009416185,0.282127939817236,0.5165057733736188,492.4530028896704,2.0,21.0,0.22184043179763013,8.004111491208535,8.72154132039802,False,inf,0.0,True,0.3317728418447139,53.0
home,medio,3,uniforme,0.030313153654095645,0.857889237199582,0.857889237199582,1.0,15,15,145.15739999478683,0.025,0,drl,DRL (D3QN),False,68.92550000338815,,,,,,,,,,,,,,,,,321.0
home,medio,3,uniforme,0.030313153654095645,0.857889237199582,0.857889237199582,1.0,15,15,145.15739999478683,0.025,1,tve,TVE (proposed),True,43.9765999908559,True,8.01603732674455,1.0125489072758602,0.2621399951086369,0.502578734879661,127.7983183921586,0.0,9.0,0.5867968272444086,8.01603732674455,8.01603732674455,False,inf,0.0,True,0.30995055810298666,
home,medio,3,uniforme,0.030313153654095645,0.857889237199582,0.857889237199582,1.0,15,15,145.15739999478683,0.025,1,teselado,WDT,True,101.16479999851435,True,8.727932389355649,1.1024722120659953,0.2293963500160878,0.45978113640179163,137.08707444320376,1.0,4.0,0.12772426580156948,8.727932389355649,9.974014659573244,False,inf,0.0,True,0.2981789143267223,
home,medio,3,uniforme,0.030313153654095645,0.857889237199582,0.857889237199582,1.0,15,15,145.15739999478683,0.025,1,dijkstra,Dijkstra,True,23.049999988870695,True,8.2809397513309,1.0460101612117332,0.2547287464141846,0.4213617024859164,565.7693276243388,8.0,15.0,0.31830988618379025,8.2809397513309,8.2809397513309,False,inf,0.0,True,0.2998062252998352,19734.0
home,medio,3,uniforme,0.030313153654095645,0.857889237199582,0.857889237199582,1.0,15,15,145.15739999478683,0.025,1,astar,A*,True,5.13669999781996,True,8.2809397513309,1.0460101612117332,0.2547287464141846,0.5376935133553679,655.7693276243389,9.0,17.0,0.4408669043385718,8.2809397513309,8.2809397513309,False,inf,0.0,True,0.2998062252998352,2630.0
home,medio,3,uniforme,0.030313153654095645,0.857889237199582,0.857889237199582,1.0,15,15,145.15739999478683,0.025,1,theta,Theta*,True,604.864599998109,True,7.965856561925079,1.0062103042338437,0.23957046758933176,0.4525511904287151,122.48934249815825,2.0,5.0,0.3104803163235839,7.965856561925079,7.965856561925079,False,inf,0.0,True,0.2779146669756984,2628.0
home,medio,3,uniforme,0.030313153654095645,0.857889237199582,0.857889237199582,1.0,15,15,145.15739999478683,0.025,1,visibility,Visibility graph,True,2156.3460000033956,True,7.9166914991896284,1.0,0.24414593110867033,0.44593144623044756,123.09907101870003,0.0,6.0,0.35764916996262286,7.9166914991896284,7.9166914991896284,False,inf,0.0,True,0.28589942549773484,141.0
home,medio,3,uniforme,0.030313153654095645,0.857889237199582,0.857889237199582,1.0,15,15,145.15739999478683,0.025,1,rrt,RRT,True,44.39999999885913,True,11.468682097976057,1.4486710893243748,0.24701461152862764,0.8267749814446079,820.5870614198742,8.0,19.0,0.13531978115866214,11.468682097976057,15.023961156276346,False,inf,0.0,True,0.34701461152862767,481.0
home,medio,3,uniforme,0.030313153654095645,0.857889237199582,0.857889237199582,1.0,15,15,145.15739999478683,0.025,1,rrt_star,RRT*,True,1945.9676999977091,True,7.958508967635277,1.0052821899716478,0.24536182694740494,0.489478295994305,133.53670166750499,2.0,9.0,0.36949512374016474,7.958508967635277,7.958508967635277,False,inf,0.0,True,0.287583752371299,4000.0
home,medio,3,uniforme,0.030313153654095645,0.857889237199582,0.857889237199582,1.0,15,15,145.15739999478683,0.025,1,prm,PRM,True,672.1028000029037,True,8.311102769304936,1.0498202146888862,0.28988993142047026,0.6335396265078757,214.62118256422215,1.0,13.0,0.3003955963016941,8.311102769304936,8.311102769304936,False,inf,0.0,True,0.31853987600557715,602.0
home,medio,3,uniforme,0.030313153654095645,0.857889237199582,0.857889237199582,1.0,15,15,145.15739999478683,0.025,1,potential,APF,False,1799.25350000849,,,,,,,,,,,,,,,,,11532.0
home,medio,3,uniforme,0.030313153654095645,0.857889237199582,0.857889237199582,1.0,15,15,145.15739999478683,0.025,1,hybrid_astar,Hybrid A*,False,3.0138000001898035,,,,,,,,,,,,,,,,,1.0
home,medio,3,uniforme,0.030313153654095645,0.857889237199582,0.857889237199582,1.0,15,15,145.15739999478683,0.025,1,aco,ACO,True,3190.783800004283,True,8.917004114926435,1.1263548814349027,0.28750000000000003,0.5491126130876087,1847.092122095738,32.0,35.0,0.23193057048663723,8.917004114926435,8.917004114926435,False,inf,0.0,True,0.3375,40.0
home,medio,3,uniforme,0.030313153654095645,0.857889237199582,0.857889237199582,1.0,15,15,145.15739999478683,0.025,1,topological,Homotopy planner,True,471.1204000050202,True,7.9469815252793925,1.0038260965572379,0.2372968866482179,0.4433754196021781,121.86908987868561,2.0,4.0,0.27466392230851394,7.9469815252793925,7.9469815252793925,False,inf,0.0,True,0.2670927993844073,16304.0
home,medio,3,uniforme,0.030313153654095645,0.857889237199582,0.857889237199582,1.0,15,15,145.15739999478683,0.025,1,slam,SLAM-based,True,608.6509000015212,True,10.884936778637687,1.3749350697512839,0.26936542866602103,0.426704272823638,664.6400288126125,2.0,22.0,0.11324335323109086,10.884936778637687,12.290360925405178,False,inf,0.0,True,0.31583908306138603,72.0
home,medio,3,uniforme,0.030313153654095645,0.857889237199582,0.857889237199582,1.0,15,15,145.15739999478683,0.025,1,drl,DRL (D3QN),False,60.23599999025464,,,,,,,,,,,,,,,,,321.0
workshop,facil,3,uniforme,0.0,0.9215643750451818,0.9215643750451818,1.0,16,16,146.90910000354052,0.03,0,tve,TVE (proposed),True,18.151700001908466,True,6.138354828453631,1.0,0.4168525795820287,1.215055036058966,0.0,0.0,2.0,11863283.203031443,6.138354828453631,6.138354828453631,True,6.138354828453631,0.0,True,0.5001750113324419,
workshop,facil,3,uniforme,0.0,0.9215643750451818,0.9215643750451818,1.0,16,16,146.90910000354052,0.03,0,teselado,WDT,True,33.53630000492558,True,6.138354828453632,1.0000000000000002,0.4168525795820281,1.215055036058966,0.0,0.0,2.0,11863283.203031443,6.138354828453632,6.138354828453632,True,6.138354828453632,0.0,True,0.5001750113324419,
workshop,facil,3,uniforme,0.0,0.9215643750451818,0.9215643750451818,1.0,16,16,146.90910000354052,0.03,0,dijkstra,Dijkstra,True,17.884000000776723,True,6.478448045156721,1.055404620001214,0.2937907290458679,1.2405704411080467,406.3357687887664,5.0,11.0,0.576614879525411,6.478448045156721,6.478448045156721,False,inf,0.0,True,0.37901171207427975,13659.0
workshop,facil,3,uniforme,0.0,0.9215643750451818,0.9215643750451818,1.0,16,16,146.90910000354052,0.03,0,astar,A*,True,1.7829999997047707,True,6.478448045156722,1.0554046200012142,0.3368074655532834,1.2094196465705338,171.2838433799036,2.0,6.0,0.3660998168193939,6.478448045156722,6.478448045156722,False,inf,0.0,True,0.4209689426422116,291.0
workshop,facil,3,uniforme,0.0,0.9215643750451818,0.9215643750451818,1.0,16,16,146.90910000354052,0.03,0,theta,Theta*,True,105.13009999704082,True,6.174473373423226,1.0058840757790952,0.42802582279102747,1.2199338052284894,0.0,0.0,2.0,1.8734075963414674,6.174473373423226,6.174473373423226,True,6.174473373423226,0.0,True,0.5117455527609714,208.0
workshop,facil,3,uniforme,0.0,0.9215643750451818,0.9215643750451818,1.0,16,16,146.90910000354052,0.03,0,visibility,Visibility graph,True,2104.323799998383,True,6.138354828453631,1.0,0.4168525795820287,1.215055036058966,0.0,0.0,2.0,11863283.203031443,6.138354828453631,6.138354828453631,True,6.138354828453631,0.0,True,0.5001750113324419,143.0
workshop,facil,3,uniforme,0.0,0.9215643750451818,0.9215643750451818,1.0,16,16,146.90910000354052,0.03,0,rrt,RRT,True,2.371200011111796,True,6.138354828453631,1.0,0.4168525795820287,1.215055036058966,0.0,0.0,2.0,11863283.203031443,6.138354828453631,6.138354828453631,True,6.138354828453631,0.0,True,0.5001750113324419,0.0
workshop,facil,3,uniforme,0.0,0.9215643750451818,0.9215643750451818,1.0,16,16,146.90910000354052,0.03,0,rrt_star,RRT*,True,1781.3718999968842,True,6.142811781777499,1.000726082712457,0.396952503654773,1.222981589592978,11.169479677011543,0.0,5.0,3.6541973697257477,6.142811781777499,6.142811781777499,True,6.142811781777499,0.0,True,0.4809524807665895,4000.0
workshop,facil,3,uniforme,0.0,0.9215643750451818,0.9215643750451818,1.0,16,16,146.90910000354052,0.03,0,prm,PRM,True,660.3739999991376,True,6.372120638605694,1.0380828115488647,0.26090390643557954,1.1445736442835832,175.75763668226668,0.0,10.0,0.421926947237238,6.372120638605694,6.372120638605694,False,inf,0.0,True,0.3529942351732048,602.0
workshop,facil,3,uniforme,0.0,0.9215643750451818,0.9215643750451818,1.0,16,16,146.90910000354052,0.03,0,potential,APF,True,43.331900000339374,True,6.319744565504577,1.0295502202333002,0.7401779061525192,1.2765911478362388,156.9973581526811,1.0,9.0,0.39373087702380616,6.319744565504577,6.319744565504577,False,inf,0.0,True,0.8354654426279923,211.0
workshop,facil,3,uniforme,0.0,0.9215643750451818,0.9215643750451818,1.0,16,16,146.90910000354052,0.03,0,hybrid_astar,Hybrid A*,True,24.731400000746362,True,6.160154820100076,1.00355143882289,0.2744819801333185,1.16110977482691,26.495755649920056,0.0,5.0,1.7842158703538689,6.160154820100076,6.160154820100076,True,6.160154820100076,0.0,True,0.3584819572451349,23.0
workshop,facil,3,uniforme,0.0,0.9215643750451818,0.9215643750451818,1.0,16,16,146.90910000354052,0.03,0,aco,ACO,True,160.9041000047,True,6.571948227237228,1.070636744030131,0.47653492927551266,1.2591792861290307,693.4349488229221,9.0,15.0,0.13494321811443225,6.571948227237228,7.75136980407358,False,inf,0.0,True,0.5605349063873291,40.0
workshop,facil,3,uniforme,0.0,0.9215643750451818,0.9215643750451818,1.0,16,16,146.90910000354052,0.03,0,topological,Homotopy planner,True,299.66430000786204,True,6.138354828453631,1.0,0.4168525795820287,1.215055036058966,0.0,0.0,2.0,11863283.203031443,6.138354828453631,6.138354828453631,True,6.138354828453631,0.0,True,0.5001750113324419,12779.0
workshop,facil,3,uniforme,0.0,0.9215643750451818,0.9215643750451818,1.0,16,16,146.90910000354052,0.03,0,slam,SLAM-based,True,288.08179999759886,True,6.4300420779602065,1.0475187990362653,0.3032266503762928,1.1689577005146197,132.90793627160795,0.0,7.0,0.42670639957774975,6.4300420779602065,6.4300420779602065,False,inf,0.0,True,0.3872266274881092,43.0
workshop,facil,3,uniforme,0.0,0.9215643750451818,0.9215643750451818,1.0,16,16,146.90910000354052,0.03,0,drl,DRL (D3QN),True,5.950399994617328,True,6.556763734276062,1.0681630367607533,0.735,1.3240195648229576,251.86191784440268,3.0,7.0,0.21258451487716865,6.556763734276062,7.305430414837697,False,inf,0.0,True,0.8156744384765625,21.0
workshop,facil,3,uniforme,0.0,0.9215643750451818,0.9215643750451818,1.0,16,16,146.90910000354052,0.03,1,tve,TVE (proposed),True,23.731799999950454,True,8.647703699774471,1.0262935323195757,0.27,0.8952180595941146,47.95824449145974,0.0,6.0,1.0010652774699615,8.647703699774471,8.647703699774471,True,8.647703699774471,0.0,True,0.27,
workshop,facil,3,uniforme,0.0,0.9215643750451818,0.9215643750451818,1.0,16,16,146.90910000354052,0.03,1,teselado,WDT,True,39.66460000083316,True,8.869848115464682,1.0526572220317614,0.27,0.7809550006607077,46.71622478745926,0.0,6.0,0.6841154524212751,8.869848115464682,8.869848115464682,False,inf,0.0,True,0.27,
workshop,facil,3,uniforme,0.0,0.9215643750451818,0.9215643750451818,1.0,16,16,146.90910000354052,0.03,1,dijkstra,Dijkstra,True,20.454399986192584,True,8.690556456928222,1.031379218535918,0.27,0.7562027841458971,224.85194921965567,2.0,7.0,0.3187260016834546,8.690556456928222,8.690556456928222,False,inf,0.0,True,0.27,17148.0
workshop,facil,3,uniforme,0.0,0.9215643750451818,0.9215643750451818,1.0,16,16,146.90910000354052,0.03,1,astar,A*,True,3.8004999951226637,True,8.690556456928222,1.031379218535918,0.27,0.7553139106068291,314.8519492196557,5.0,9.0,0.3187260016834546,8.690556456928222,8.690556456928222,False,inf,0.0,True,0.27,1657.0
workshop,facil,3,uniforme,0.0,0.9215643750451818,0.9215643750451818,1.0,16,16,146.90910000354052,0.03,1,theta,Theta*,True,526.1107999976957,True,8.473379300097294,1.0056050339475924,0.255,0.7835247064633499,29.931366323844493,0.0,3.0,0.7108370634426711,8.473379300097294,8.473379300097294,False,inf,0.0,True,0.27,2068.0
workshop,facil,3,uniforme,0.0,0.9215643750451818,0.9215643750451818,1.0,16,16,146.90910000354052,0.03,1,visibility,Visibility graph,True,2036.2617999926442,True,8.426150440828929,1.0,0.2683789670537444,0.7855084622254294,29.74984366055043,0.0,4.0,0.9011448855077794,8.426150440828929,8.426150440828929,True,8.426150440828929,0.0,True,0.27,143.0
workshop,facil,3,uniforme,0.0,0.9215643750451818,0.9215643750451818,1.0,16,16,146.90910000354052,0.03,1,rrt,RRT,True,14.262299999245442,True,9.716401224927246,1.1531245843708657,0.27,0.9673812790019868,597.3250374730901,6.0,19.0,0.1498344941150211,9.716401224927246,11.705625386268553,False,inf,0.0,True,0.27,53.0
workshop,facil,3,uniforme,0.0,0.9215643750451818,0.9215643750451818,1.0,16,16,146.90910000354052,0.03,1,rrt_star,RRT*,True,1869.505399998161,True,8.479748481546885,1.0063609166599075,0.27,0.7999983048292469,60.19801496587031,0.0,7.0,0.4384703758232697,8.479748481546885,8.479748481546885,False,inf,0.0,True,0.27,4000.0
workshop,facil,3,uniforme,0.0,0.9215643750451818,0.9215643750451818,1.0,16,16,146.90910000354052,0.03,1,prm,PRM,True,701.1635000089882,True,8.713138026328926,1.0340591575613696,0.27,0.6363692849497544,140.21998430362626,0.0,9.0,0.3564085479471359,8.713138026328926,8.713138026328926,False,inf,0.0,True,0.27,602.0
workshop,facil,3,uniforme,0.0,0.9215643750451818,0.9215643750451818,1.0,16,16,146.90910000354052,0.03,1,potential,APF,True,75.54639999580104,True,9.69179420383274,1.1502042684724842,0.27,0.908128119988299,1107.9169838146336,9.0,24.0,0.22420854279140065,9.69179420383274,10.401646474002348,False,inf,0.0,True,0.27,324.0
workshop,facil,3,uniforme,0.0,0.9215643750451818,0.9215643750451818,1.0,16,16,146.90910000354052,0.03,1,hybrid_astar,Hybrid A*,True,103.03050000220537,True,8.556294979788092,1.0154453139512614,0.27,0.8771691104400072,78.08744570948068,0.0,11.0,1.600501525896263,8.556294979788092,8.556294979788092,True,8.556294979788092,0.0,True,0.27,102.0
workshop,facil,3,uniforme,0.0,0.9215643750451818,0.9215643750451818,1.0,16,16,146.90910000354052,0.03,1,aco,ACO,True,345.24739999324083,True,9.538288419618423,1.1319864850027632,0.27,0.6894331537732263,1495.0079798014417,29.0,33.0,0.11014692312822252,9.538288419618423,10.983221592255687,False,inf,0.0,True,0.27,40.0
workshop,facil,3,uniforme,0.0,0.9215643750451818,0.9215643750451818,1.0,16,16,146.90910000354052,0.03,1,topological,Homotopy planner,True,343.29419999266975,True,8.444221087058613,1.0021445909797817,0.2551135938309235,0.7838005925030495,31.3303500373766,0.0,3.0,0.49489975081306625,8.444221087058613,8.444221087058613,False,inf,0.0,True,0.27,21830.0
workshop,facil,3,uniforme,0.0,0.9215643750451818,0.9215643750451818,1.0,16,16,146.90910000354052,0.03,1,slam,SLAM-based,True,455.65599999099504,True,8.8437474822581,1.0495596470015185,0.27,0.8409045266631385,342.7028340372343,1.0,13.0,0.12368389690991696,8.8437474822581,10.130535391340663,False,inf,0.0,True,0.27,58.0
workshop,facil,3,uniforme,0.0,0.9215643750451818,0.9215643750451818,1.0,16,16,146.90910000354052,0.03,1,drl,DRL (D3QN),True,7.4354999960632995,True,11.405741525856058,1.3536123768440587,0.27,1.001790864084213,1000.304846468766,14.0,19.0,0.14418339376283887,11.405741525856058,15.185291927712987,False,inf,0.0,True,0.27,38.0
workshop,facil,2,uniforme,0.0,0.8620934526345689,0.8620934526345689,1.0,15,15,155.6235000025481,0.03,0,tve,TVE (proposed),True,20.678699991549365,True,8.068785082772928,1.036006779732713,0.26460456954940087,1.039719504759559,57.023917852002064,0.0,5.0,0.6210546169478609,8.068785082772928,8.068785082772928,False,inf,0.0,True,0.3135192215042375,
workshop,facil,2,uniforme,0.0,0.8620934526345689,0.8620934526345689,1.0,15,15,155.6235000025481,0.03,0,teselado,WDT,True,38.439299998572096,True,8.203390466326024,1.053289690173253,0.32999999999999996,1.0379555214100837,73.84819874338831,0.0,8.0,0.6192981056517598,8.203390466326024,8.203390466326024,False,inf,0.0,True,0.36233504168223446,
workshop,facil,2,uniforme,0.0,0.8620934526345689,0.8620934526345689,1.0,15,15,155.6235000025481,0.03,0,dijkstra,Dijkstra,True,17.87859998876229,True,7.960660171779821,1.0221238791847709,0.315,1.0566019937815982,46.06866221513317,1.0,3.0,0.4590056018123239,7.960660171779821,7.960660171779821,False,inf,0.0,True,0.35845345973968507,15592.0
workshop,facil,2,uniforme,0.0,0.8620934526345689,0.8620934526345689,1.0,15,15,155.6235000025481,0.03,0,astar,A*,True,2.9577999957837164,True,7.960660171779821,1.0221238791847709,0.315,1.0566019937815982,46.06866221513317,1.0,3.0,0.4590056018123239,7.960660171779821,7.960660171779821,False,inf,0.0,True,0.35845345973968507,1137.0
workshop,facil,2,uniforme,0.0,0.8620934526345689,0.8620934526345689,1.0,15,15,155.6235000025481,0.03,0,theta,Theta*,True,605.323399999179,True,7.852253937592285,1.0082048576181457,0.25810588235294174,1.0524725646759219,47.185181688558046,0.0,4.0,0.9317124264335304,7.852253937592285,7.852253937592285,True,7.852253937592285,0.0,True,0.3255558851761262,2295.0
workshop,facil,2,uniforme,0.0,0.8620934526345689,0.8620934526345689,1.0,15,15,155.6235000025481,0.03,0,visibility,Visibility graph,True,2184.8009999957867,True,7.788351621458166,1.0,0.2586951678069709,1.0493634047744345,44.26804982292661,0.0,4.0,0.6375304180782702,7.788351621458166,7.788351621458166,False,inf,0.0,True,0.32794289608263955,143.0
workshop,facil,2,uniforme,0.0,0.8620934526345689,0.8620934526345689,1.0,15,15,155.6235000025481,0.03,0,rrt,RRT,True,14.697799997520633,True,9.514544094982849,1.2216377171221626,0.3345650758947675,1.108657056740574,600.2683934557548,7.0,15.0,0.1793510053827634,9.514544094982849,14.078493675205092,False,inf,0.0,True,0.3765650644506757,69.0
workshop,facil,2,uniforme,0.0,0.8620934526345689,0.8620934526345689,1.0,15,15,155.6235000025481,0.03,0,rrt_star,RRT*,True,1897.8604000003543,True,7.7811560196144836,0.999076107218393,0.25693254298582247,1.0437830580294054,44.09084106657884,0.0,7.0,0.8154810864348643,7.7811560196144836,7.7811560196144836,True,7.7811560196144836,0.0,True,0.3040455005181582,4000.0
workshop,facil,2,uniforme,0.0,0.8620934526345689,0.8620934526345689,1.0,15,15,155.6235000025481,0.03,0,prm,PRM,True,654.8718999983976,True,8.178380464458566,1.0500784841205433,0.25876278686523396,0.9169504525419188,99.74823080792756,0.0,8.0,0.5918465390653322,8.178380464458566,8.178380464458566,False,inf,0.0,True,0.32128886985778843,602.0
workshop,facil,2,uniforme,0.0,0.8620934526345689,0.8620934526345689,1.0,15,15,155.6235000025481,0.03,0,potential,APF,False,1964.3455000041286,,,,,,,,,,,,,,,,,12688.0
workshop,facil,2,uniforme,0.0,0.8620934526345689,0.8620934526345689,1.0,15,15,155.6235000025481,0.03,0,hybrid_astar,Hybrid A*,True,81.44150000589434,True,7.810445950600833,1.0028368427899164,0.26018116157136906,1.046376224105174,96.58151754911857,0.0,11.0,1.7842275546922732,7.810445950600833,7.810445950600833,True,7.810445950600833,0.0,True,0.31022301577821115,88.0
workshop,facil,2,uniforme,0.0,0.8620934526345689,0.8620934526345689,1.0,15,15,155.6235000025481,0.03,0,aco,ACO,True,510.38989999506157,True,8.954891952389515,1.149780131615699,0.3415814781188965,1.1347311420482094,1826.565051177078,30.0,35.0,0.26305479545972194,8.954891952389515,8.954891952389515,False,inf,0.0,True,0.4106279468536377,40.0
workshop,facil,2,uniforme,0.0,0.8620934526345689,0.8620934526345689,1.0,15,15,155.6235000025481,0.03,0,topological,Homotopy planner,True,295.34419999981765,True,7.796840370582278,1.0010899288497357,0.24590600312469435,1.055147897307136,46.907409549706976,0.0,4.0,0.5732436269908366,7.796840370582278,7.796840370582278,False,inf,0.0,True,0.2995518196128545,14535.0
workshop,facil,2,uniforme,0.0,0.8620934526345689,0.8620934526345689,1.0,15,15,155.6235000025481,0.03,0,slam,SLAM-based,True,366.5748000057647,True,8.168647618237472,1.0488288170928914,0.30059646643946447,1.0966378324257346,386.0966518859893,1.0,12.0,0.33876933919744245,8.168647618237472,8.168647618237472,False,inf,0.0,True,0.3867705910578046,54.0
workshop,facil,2,uniforme,0.0,0.8620934526345689,0.8620934526345689,1.0,15,15,155.6235000025481,0.03,0,drl,DRL (D3QN),True,12.474699993617833,True,10.564352146484506,1.3564297889912944,0.4449186944961548,1.0556167725313703,1204.0688770775885,14.0,20.0,0.17541360965158928,10.564352146484506,14.644724121754617,False,inf,0.0,True,0.5228489255905151,36.0
workshop,facil,2,uniforme,0.0,0.8620934526345689,0.8620934526345689,1.0,15,15,155.6235000025481,0.03,1,tve,TVE (proposed),True,23.808900004951283,True,9.413965474018863,1.0023030299621747,0.34329040527061816,0.9821583146750054,21.065118061040078,0.0,4.0,1.2259672059794369,9.413965474018863,9.413965474018863,True,9.413965474018863,0.0,True,0.39922305940808817,
workshop,facil,2,uniforme,0.0,0.8620934526345689,0.8620934526345689,1.0,15,15,155.6235000025481,0.03,1,teselado,WDT,True,46.22490001202095,True,9.424119720666843,1.0033841505813592,0.3324268657419773,0.9753132329014362,25.52515603171496,0.0,6.0,1.9276005710153947,9.424119720666843,9.424119720666843,True,9.424119720666843,0.0,True,0.38865343107890815,
workshop,facil,2,uniforme,0.0,0.8620934526345689,0.8620934526345689,1.0,15,15,155.6235000025481,0.03,1,dijkstra,Dijkstra,True,45.220800006063655,True,10.14447834896002,1.0800805903325255,0.435,1.0802675450492396,90.63863735554351,2.0,4.0,0.3634748007747886,10.14447834896002,10.14447834896002,False,inf,0.0,True,0.495,23670.0
workshop,facil,2,uniforme,0.0,0.8620934526345689,0.8620934526345689,1.0,15,15,155.6235000025481,0.03,1,astar,A*,True,4.359999991720542,True,10.14447834896002,1.0800805903325255,0.31645347118377687,1.0375795155561238,270.8280015198475,4.0,8.0,0.3191927015973164,10.14447834896002,10.14447834896002,False,inf,0.0,True,0.3788074541091916,696.0
workshop,facil,2,uniforme,0.0,0.8620934526345689,0.8620934526345689,1.0,15,15,155.6235000025481,0.03,1,theta,Theta*,True,603.2103000034112,True,9.444603188374463,1.0055650213105054,0.25734909630221825,1.0078629636432237,18.729387950226617,0.0,3.0,0.8547119625149445,9.444603188374463,9.444603188374463,True,9.444603188374463,0.0,True,0.31294079670835084,1995.0
workshop,facil,2,uniforme,0.0,0.8620934526345689,0.8620934526345689,1.0,15,15,155.6235000025481,0.03,1,visibility,Visibility graph,True,2333.4697999962373,True,9.39233464591455,1.0,0.25946162874269163,1.0012435726145303,18.268842087554816,0.0,3.0,1.1377722500300032,9.39233464591455,9.39233464591455,True,9.39233464591455,0.0,True,0.3150941715037246,143.0
workshop,facil,2,uniforme,0.0,0.8620934526345689,0.8620934526345689,1.0,15,15,155.6235000025481,0.03,1,rrt,RRT,True,26.65849999175407,True,13.483490195521496,1.4355845169322734,0.2828835178758145,1.0584054275086423,848.570977595836,9.0,23.0,0.16739107500856257,13.483490195521496,16.62651531334059,False,inf,0.0,True,0.36565658126861167,161.0
workshop,facil,2,uniforme,0.0,0.8620934526345689,0.8620934526345689,1.0,15,15,155.6235000025481,0.03,1,rrt_star,RRT*,True,1860.3599999914877,True,9.395096247374589,1.0002940271576928,0.25863500907728904,0.997825589844744,34.5528934048883,0.0,7.0,1.793612884990283,9.395096247374589,9.395096247374589,True,9.395096247374589,0.0,True,0.31813933923318005,4000.0
workshop,facil,2,uniforme,0.0,0.8620934526345689,0.8620934526345689,1.0,15,15,155.6235000025481,0.03,1,prm,PRM,True,732.6185999991139,True,9.990947916911187,1.0637342357958912,0.48,1.1048053612110735,279.511704719465,2.0,12.0,0.2685380068807054,9.990947916911187,9.990947916911187,False,inf,0.0,True,0.57,602.0
workshop,facil,2,uniforme,0.0,0.8620934526345689,0.8620934526345689,1.0,15,15,155.6235000025481,0.03,1,potential,APF,True,74.19099999242462,True,9.985949861793248,1.063202093862457,0.48,1.1489807408053387,165.98609983821675,0.0,12.0,0.3501815101419021,9.985949861793248,9.985949861793248,False,inf,0.0,True,0.57,333.0
workshop,facil,2,uniforme,0.0,0.8620934526345689,0.8620934526345689,1.0,15,15,155.6235000025481,0.03,1,hybrid_astar,Hybrid A*,True,35.932600003434345,True,9.449833823969731,1.0061219260410605,0.2553592967209344,1.0208792458906002,75.82227385479065,0.0,10.0,0.8919981285911924,9.449833823969731,9.449833823969731,True,9.449833823969731,0.0,True,0.3126910778060749,45.0
workshop,facil,2,uniforme,0.0,0.8620934526345689,0.8620934526345689,1.0,15,15,155.6235000025481,0.03,1,aco,ACO,True,305.5936000018846,True,10.312536972267687,1.0979737585003322,0.3670582151412964,0.8923987875938416,1798.3153156821038,32.0,38.0,0.10624499092819635,10.312536972267687,11.810536470422448,False,inf,0.0,True,0.41796519756317135,40.0
workshop,facil,2,uniforme,0.0,0.8620934526345689,0.8620934526345689,1.0,15,15,155.6235000025481,0.03,1,topological,Homotopy planner,True,322.5400999945123,True,9.389474748980255,0.9996955073427308,0.2468213668569557,1.0030382740450516,18.03957703181003,0.0,3.0,0.9566795910445932,9.389474748980255,9.389474748980255,True,9.389474748980255,0.0,True,0.3017581804763161,18177.0
workshop,facil,2,uniforme,0.0,0.8620934526345689,0.8620934526345689,1.0,15,15,155.6235000025481,0.03,1,slam,SLAM-based,True,481.1468999978388,True,10.349865419074685,1.1019481108008262,0.3461036260930308,1.029812607070248,272.73507566490775,1.0,10.0,0.17764535912599397,10.349865419074685,11.24577929982524,False,inf,0.0,True,0.40614690090071626,67.0
workshop,facil,2,uniforme,0.0,0.8620934526345689,0.8620934526345689,1.0,15,15,155.6235000025481,0.03,1,drl,DRL (D3QN),True,13.035600000876002,True,19.065340082380818,2.0298829631963553,0.48,1.1162321445713335,4344.203668066975,41.0,45.0,0.07957747154594767,19.065340082380818,54.614364306481434,False,inf,0.0,True,0.57,62.0
workshop,medio,0,madera,0.05063447541575923,0.7516331658291457,0.7516331658291457,1.0,15,15,138.83849998819642,0.03,0,tve,TVE (proposed),True,19.233600003644824,True,5.43323108288245,1.0,0.30562797546386716,0.9485924496015348,0.0,0.0,2.0,inf,5.43323108288245,5.43323108288245,True,5.43323108288245,0.0,True,0.38953496932983395,
workshop,medio,0,madera,0.05063447541575923,0.7516331658291457,0.7516331658291457,1.0,15,15,138.83849998819642,0.03,0,teselado,WDT,True,33.049399993615225,True,5.4332310828824495,0.9999999999999999,0.30562797546386716,0.9485935881657975,0.0,0.0,2.0,inf,5.4332310828824495,5.4332310828824495,True,5.4332310828824495,0.0,True,0.38953496932983395,
workshop,medio,0,madera,0.05063447541575923,0.7516331658291457,0.7516331658291457,1.0,15,15,138.83849998819642,0.03,0,dijkstra,Dijkstra,True,8.237899994128384,True,5.6909545442950495,1.0474346585818086,0.30562797546386716,1.011597387004208,45.17961000574708,1.0,3.0,0.4393050134554633,5.6909545442950495,5.6909545442950495,False,inf,0.0,True,0.38953496932983395,6557.0
workshop,medio,0,madera,0.05063447541575923,0.7516331658291457,0.7516331658291457,1.0,15,15,138.83849998819642,0.03,0,astar,A*,True,1.790199996321462,True,5.69095454429505,1.0474346585818086,0.30562797546386716,0.9044477099670476,225.465809082765,3.0,7.0,0.31836349584539475,5.69095454429505,5.69095454429505,False,inf,0.0,True,0.38953496932983395,510.0
workshop,medio,0,madera,0.05063447541575923,0.7516331658291457,0.7516331658291457,1.0,15,15,138.83849998819642,0.03,0,theta,Theta*,True,91.96700000029523,True,5.475657489753643,1.0078086880944304,0.30562797546386716,0.9449155151075644,0.0,0.0,2.0,4.008849345331213,5.475657489753643,5.475657489753643,True,5.475657489753643,0.0,True,0.38953496932983395,153.0
workshop,medio,0,madera,0.05063447541575923,0.7516331658291457,0.7516331658291457,1.0,15,15,138.83849998819642,0.03,0,visibility,Visibility graph,True,3325.436000013724,True,5.43323108288245,1.0,0.30562797546386716,0.9485924496015348,0.0,0.0,2.0,inf,5.43323108288245,5.43323108288245,True,5.43323108288245,0.0,True,0.38953496932983395,175.0
workshop,medio,0,madera,0.05063447541575923,0.7516331658291457,0.7516331658291457,1.0,15,15,138.83849998819642,0.03,0,rrt,RRT,True,1.8841999990399927,True,5.43323108288245,1.0,0.30562797546386716,0.9485924496015348,0.0,0.0,2.0,inf,5.43323108288245,5.43323108288245,True,5.43323108288245,0.0,True,0.38953496932983395,0.0
workshop,medio,0,madera,0.05063447541575923,0.7516331658291457,0.7516331658291457,1.0,15,15,138.83849998819642,0.03,0,rrt_star,RRT*,True,2048.248399994918,True,5.435897346290481,1.0004907325617773,0.30562797546386716,0.9505363651929968,2.978212778874284,0.0,3.0,3.7328824319875595,5.435897346290481,5.435897346290481,True,5.435897346290481,0.0,True,0.38953496932983395,4000.0
workshop,medio,0,madera,0.05063447541575923,0.7516331658291457,0.7516331658291457,1.0,15,15,138.83849998819642,0.03,0,prm,PRM,True,690.8584000047995,True,5.498954593077304,1.0120965792163559,0.30562797546386716,0.9219509686660564,76.98382488499303,0.0,8.0,0.5346125858737546,5.498954593077304,5.498954593077304,False,inf,0.0,True,0.38953496932983395,602.0
workshop,medio,0,madera,0.05063447541575923,0.7516331658291457,0.7516331658291457,1.0,15,15,138.83849998819642,0.03,0,potential,APF,False,1962.8354000014951,,,,,,,,,,,,,,,,,12354.0
workshop,medio,0,madera,0.05063447541575923,0.7516331658291457,0.7516331658291457,1.0,15,15,138.83849998819642,0.03,0,hybrid_astar,Hybrid A*,True,30.481399997370318,True,5.440787747375906,1.00139082332008,0.30562797546386716,0.9233432679674715,17.70000653363332,0.0,5.0,1.955895648830362,5.440787747375906,5.440787747375906,True,5.440787747375906,0.0,True,0.38953496932983395,30.0
workshop,medio,0,madera,0.05063447541575923,0.7516331658291457,0.7516331658291457,1.0,15,15,138.83849998819642,0.03,0,aco,ACO,True,171.86750000109896,True,5.825512985522207,1.0722004819334212,0.30562797546386716,0.9243082137183927,593.1301023541558,9.0,13.0,0.1589307091145732,5.825512985522207,6.8269238769639635,False,inf,0.0,True,0.38953496932983395,40.0
workshop,medio,0,madera,0.05063447541575923,0.7516331658291457,0.7516331658291457,1.0,15,15,138.83849998819642,0.03,0,topological,Homotopy planner,True,233.44199999701232,True,5.43323108288245,1.0,0.30562797546386716,0.9485924496015348,0.0,0.0,2.0,inf,5.43323108288245,5.43323108288245,True,5.43323108288245,0.0,True,0.38953496932983395,10233.0
workshop,medio,0,madera,0.05063447541575923,0.7516331658291457,0.7516331658291457,1.0,15,15,138.83849998819642,0.03,0,slam,SLAM-based,True,287.93389999191277,True,5.552743892115684,1.0219966365151967,0.30562797546386716,0.9781460194443283,228.27847418324706,0.0,10.0,0.4586313873639169,5.552743892115684,5.552743892115684,False,inf,0.0,True,0.38953496932983395,37.0
workshop,medio,0,madera,0.05063447541575923,0.7516331658291457,0.7516331658291457,1.0,15,15,138.83849998819642,0.03,0,drl,DRL (D3QN),True,5.170200005522929,True,7.327893181639321,1.3487173782698214,0.30562797546386716,0.9447516008333952,1005.7086378290159,11.0,16.0,0.1614579122155476,7.327893181639321,13.327048256257232,False,inf,0.0,True,0.38953496932983395,23.0
workshop,medio,0,madera,0.05063447541575923,0.7516331658291457,0.7516331658291457,1.0,15,15,138.83849998819642,0.03,1,tve,TVE (proposed),True,17.917699995450675,True,9.258876821731672,1.0,0.6591841748548312,1.3943278997109299,0.0,0.0,2.0,8388608.0,9.258876821731672,9.258876821731672,True,9.258876821731672,0.0,True,0.6828398265617488,
workshop,medio,0,madera,0.05063447541575923,0.7516331658291457,0.7516331658291457,1.0,15,15,138.83849998819642,0.03,1,teselado,WDT,True,41.80719998839777,True,9.258876821731674,1.0000000000000002,0.6591841748548312,1.3943278997109299,0.0,0.0,2.0,8388608.0,9.258876821731674,9.258876821731674,True,9.258876821731674,0.0,True,0.6828398265617486,
workshop,medio,0,madera,0.05063447541575923,0.7516331658291457,0.7516331658291457,1.0,15,15,138.83849998819642,0.03,1,dijkstra,Dijkstra,True,29.284200005349703,True,10.063889603929562,1.086944971587529,0.285,1.2085531873666304,90.06808526445211,1.0,4.0,0.3337697109533959,10.063889603929562,10.063889603929562,False,inf,0.0,True,0.40499999999999997,19960.0
workshop,medio,0,madera,0.05063447541575923,0.7516331658291457,0.7516331658291457,1.0,15,15,138.83849998819642,0.03,1,astar,A*,True,6.626300004427321,True,10.063889603929566,1.0869449715875292,0.40499999999999997,1.3129916675323587,446.4513180260955,6.0,12.0,0.3516089131130109,10.063889603929566,10.063889603929566,False,inf,0.0,True,0.525,1394.0
workshop,medio,0,madera,0.05063447541575923,0.7516331658291457,0.7516331658291457,1.0,15,15,138.83849998819642,0.03,1,theta,Theta*,True,248.94659999699797,True,9.301303228602865,1.0045822412035565,0.679440120512651,1.3921643037681255,0.0,0.0,2.0,0.530598050358333,9.301303228602865,9.301303228602865,False,inf,0.0,True,0.702523613203953,574.0
workshop,medio,0,madera,0.05063447541575923,0.7516331658291457,0.7516331658291457,1.0,15,15,138.83849998819642,0.03,1,visibility,Visibility graph,True,3269.256100000348,True,9.258876821731672,1.0,0.6591841748548312,1.3943278997109299,0.0,0.0,2.0,8388608.0,9.258876821731672,9.258876821731672,True,9.258876821731672,0.0,True,0.6828398265617488,175.0
workshop,medio,0,madera,0.05063447541575923,0.7516331658291457,0.7516331658291457,1.0,15,15,138.83849998819642,0.03,1,rrt,RRT,True,1.9180000090273097,True,9.258876821731672,1.0,0.6591841748548312,1.3943278997109299,0.0,0.0,2.0,8388608.0,9.258876821731672,9.258876821731672,True,9.258876821731672,0.0,True,0.6828398265617488,0.0
workshop,medio,0,madera,0.05063447541575923,0.7516331658291457,0.7516331658291457,1.0,15,15,138.83849998819642,0.03,1,rrt_star,RRT*,True,2053.786200005561,True,9.262371897558165,1.0003774837805692,0.6284515464692484,1.378733322805654,14.406829926582109,0.0,6.0,3.808760202776291,9.262371897558165,9.262371897558165,True,9.262371897558165,0.0,True,0.6509934476775975,4000.0
workshop,medio,0,madera,0.05063447541575923,0.7516331658291457,0.7516331658291457,1.0,15,15,138.83849998819642,0.03,1,prm,PRM,True,718.4403999999631,True,9.449167932594648,1.020552288849587,0.5459999084472656,1.3567779403234328,172.25507846124748,0.0,14.0,0.43346466895364455,9.449167932594648,9.449167932594648,False,inf,0.0,True,0.5879998970031738,602.0
workshop,medio,0,madera,0.05063447541575923,0.7516331658291457,0.7516331658291457,1.0,15,15,138.83849998819642,0.03,1,potential,APF,True,75.71809999353718,True,12.925374004154623,1.395998051709388,0.4160129018051913,1.2132372744776898,11680.988712752514,73.0,83.0,0.07957749110067383,12.925374004154623,25.38200672286597,False,inf,0.0,True,0.5230514529482463,406.0
workshop,medio,0,madera,0.05063447541575923,0.7516331658291457,0.7516331658291457,1.0,15,15,138.83849998819642,0.03,1,hybrid_astar,Hybrid A*,True,38.79170000436716,True,9.33482560417887,1.0082028073069227,0.4562400966186396,1.332922910626983,84.23825833382192,0.0,13.0,0.9462603664455619,9.33482560417887,9.33482560417887,True,9.33482560417887,0.0,True,0.4844818951309577,47.0
workshop,medio,0,madera,0.05063447541575923,0.7516331658291457,0.7516331658291457,1.0,15,15,138.83849998819642,0.03,1,aco,ACO,True,290.677400000277,True,10.291948227237226,1.111576320259582,0.4015814781188965,1.1857356565660826,2043.4349488229218,38.0,43.0,0.13361029251692144,10.291948227237226,11.483135972535656,False,inf,0.0,True,0.5097674560546874,40.0
workshop,medio,0,madera,0.05063447541575923,0.7516331658291457,0.7516331658291457,1.0,15,15,138.83849998819642,0.03,1,topological,Homotopy planner,True,238.6557999998331,True,9.258876821731672,1.0,0.6591841748548312,1.3943278997109299,0.0,0.0,2.0,8388608.0,9.258876821731672,9.258876821731672,True,9.258876821731672,0.0,True,0.6828398265617488,10305.0
workshop,medio,0,madera,0.05063447541575923,0.7516331658291457,0.7516331658291457,1.0,15,15,138.83849998819642,0.03,1,slam,SLAM-based,True,479.8953999998048,True,10.080037310300332,1.08868899590945,0.5260521639636665,1.3771931374985575,407.05060833107376,1.0,16.0,0.2332868646146056,10.080037310300332,10.76226579047997,False,inf,0.0,True,0.5680521525195746,66.0
workshop,medio,0,madera,0.05063447541575923,0.7516331658291457,0.7516331658291457,1.0,15,15,138.83849998819642,0.03,1,drl,DRL (D3QN),True,9.373099994263612,True,15.264818710667273,1.6486685161248662,0.6503488826751709,1.2036909234999584,1863.434948822922,23.0,27.0,0.17114790389903767,15.264818710667273,25.276284550603847,False,inf,0.0,True,0.6652094078063965,47.0
home,dificil,1,alfombra,0.21251298394233642,0.6664027922708791,0.6664027922708791,1.0,15,15,146.0776000021724,0.025,0,tve,TVE (proposed),True,45.85370000859257,True,9.797885319059112,1.0081305557549056,0.2906228141753408,0.595761771094998,124.72771426203946,0.0,9.0,0.4655203680666901,9.797885319059112,9.797885319059112,False,inf,0.0,True,0.30858400812335457,
home,dificil,1,alfombra,0.21251298394233642,0.6664027922708791,0.6664027922708791,1.0,15,15,146.0776000021724,0.025,0,teselado,WDT,True,289.5273000031011,True,10.303150320690317,1.0601186195371102,0.2770082796812262,0.6237153738978214,129.98395292695133,0.0,11.0,0.4170471419746042,10.303150320690317,10.303150320690317,False,inf,0.0,True,0.3070885278596989,
home,dificil,1,alfombra,0.21251298394233642,0.6664027922708791,0.6664027922708791,1.0,15,15,146.0776000021724,0.025,0,dijkstra,Dijkstra,True,21.80909999879077,True,10.049316369738257,1.034000967236671,0.259748113155365,0.531759832927419,490.6012946450046,6.0,13.0,0.3514769980521041,10.049316369738257,10.049316369738257,False,inf,0.0,True,0.29338184595108036,15607.0
home,dificil,1,alfombra,0.21251298394233642,0.6664027922708791,0.6664027922708791,1.0,15,15,146.0776000021724,0.025,0,astar,A*,True,14.490300003672019,True,10.049316369738257,1.034000967236671,0.259748113155365,0.531759832927419,490.6012946450046,6.0,13.0,0.3514769980521041,10.049316369738257,10.049316369738257,False,inf,0.0,True,0.29338184595108036,8384.0
home,dificil,1,alfombra,0.21251298394233642,0.6664027922708791,0.6664027922708791,1.0,15,15,146.0776000021724,0.025,0,theta,Theta*,True,1813.4751000034157,True,9.719348816492051,1.0000497255143266,0.23801511672972492,0.595799177438202,122.88281590910077,2.0,5.0,0.33075226649407335,9.719348816492051,9.719348816492051,False,inf,0.0,True,0.25657266706037224,8007.0
home,dificil,1,alfombra,0.21251298394233642,0.6664027922708791,0.6664027922708791,1.0,15,15,146.0776000021724,0.025,0,visibility,Visibility graph,True,4241.388700000243,True,9.718865540904357,1.0,0.2536712213297742,0.5968932029798213,123.05595628721021,0.0,6.0,0.39045417340774763,9.718865540904357,9.718865540904357,False,inf,0.0,True,0.2808267313281705,201.0
home,dificil,1,alfombra,0.21251298394233642,0.6664027922708791,0.6664027922708791,1.0,15,15,146.0776000021724,0.025,0,rrt,RRT,True,21.604699999443255,True,12.528824789475012,1.289124202484767,0.2325007864147156,0.6353014917358684,1100.522723460299,13.0,25.0,0.17519954587203668,12.528824789475012,16.038473945070677,False,inf,0.0,True,0.3058122982690185,187.0
home,dificil,1,alfombra,0.21251298394233642,0.6664027922708791,0.6664027922708791,1.0,15,15,146.0776000021724,0.025,0,rrt_star,RRT*,True,1863.639500006684,True,9.735107176561995,1.0016711452164124,0.23699360331733535,0.5991474383681438,127.30896828543175,1.0,8.0,0.37362765772707207,9.735107176561995,9.735107176561995,False,inf,0.0,True,0.25548461571377384,4000.0
home,dificil,1,alfombra,0.21251298394233642,0.6664027922708791,0.6664027922708791,1.0,15,15,146.0776000021724,0.025,0,prm,PRM,True,706.5820999996504,True,10.069475537170835,1.0360751977471903,0.2478073017937793,0.6235958238127526,283.34358838699654,2.0,17.0,0.24523593007582323,10.069475537170835,10.069475537170835,False,inf,0.0,True,0.2852374443641068,602.0
home,dificil,1,alfombra,0.21251298394233642,0.6664027922708791,0.6664027922708791,1.0,15,15,146.0776000021724,0.025,0,potential,APF,False,1855.7711000030395,,,,,,,,,,,,,,,,,11982.0
home,dificil,1,alfombra,0.21251298394233642,0.6664027922708791,0.6664027922708791,1.0,15,15,146.0776000021724,0.025,0,hybrid_astar,Hybrid A*,True,375.78909999865573,True,10.058800433385386,1.0349768078435002,0.283388294940859,0.593062975144488,205.88057125711018,0.0,18.0,0.7993751751981569,10.058800433385386,10.058800433385386,True,10.058800433385386,0.0,True,0.31890949529705215,525.0
home,dificil,1,alfombra,0.21251298394233642,0.6664027922708791,0.6664027922708791,1.0,15,15,146.0776000021724,0.025,0,aco,ACO,True,6307.587500006775,True,11.183199846221441,1.150669262698826,0.28750000000000003,0.6053554915784938,2385.806929455103,38.0,44.0,0.2571361538322993,11.183199846221441,11.183199846221441,False,inf,0.0,True,0.3375,40.0
home,dificil,1,alfombra,0.21251298394233642,0.6664027922708791,0.6664027922708791,1.0,15,15,146.0776000021724,0.025,0,topological,Homotopy planner,True,401.00060000258964,True,9.778025921201488,1.006087169335571,0.2324708838724098,0.6020172617533598,123.35321775467726,2.0,4.0,0.26148142631005183,9.778025921201488,9.778025921201488,False,inf,0.0,True,0.25076105313045427,9993.0
home,dificil,1,alfombra,0.21251298394233642,0.6664027922708791,0.6664027922708791,1.0,15,15,146.0776000021724,0.025,0,slam,SLAM-based,True,892.6589000038803,True,15.443491646967013,1.5890220501527765,0.2654426159799564,0.5485566845737873,1168.3534345641278,3.0,42.0,0.08284333357934666,15.443491646967013,18.143800559269454,False,inf,0.0,True,0.3308605320158984,101.0
home,dificil,1,alfombra,0.21251298394233642,0.6664027922708791,0.6664027922708791,1.0,15,15,146.0776000021724,0.025,0,drl,DRL (D3QN),False,61.09870001091622,,,,,,,,,,,,,,,,,321.0
home,dificil,1,alfombra,0.21251298394233642,0.6664027922708791,0.6664027922708791,1.0,15,15,146.0776000021724,0.025,1,tve,TVE (proposed),True,39.73509999923408,True,7.533803476267512,1.0091656311393413,0.267457667628708,0.6064755517869846,112.52289886519334,0.0,8.0,0.4243846823516713,7.533803476267512,7.533803476267512,False,inf,0.0,True,0.37968759065108104,
home,dificil,1,alfombra,0.21251298394233642,0.6664027922708791,0.6664027922708791,1.0,15,15,146.0776000021724,0.025,1,teselado,WDT,True,40.788400001474656,True,7.959705057032946,1.0662158633242311,0.24046091007515003,0.6127778437637681,137.71189126125375,0.0,12.0,0.2718767584180985,7.959705057032946,7.959705057032946,False,inf,0.0,True,0.36546091007515,
home,dificil,1,alfombra,0.21251298394233642,0.6664027922708791,0.6664027922708791,1.0,15,15,146.0776000021724,0.025,1,dijkstra,Dijkstra,True,24.534399999538437,True,8.045153313703995,1.077661800843684,0.2547287464141846,0.4959603922488596,531.3884318400056,7.0,14.0,0.3404208840644112,8.045153313703995,8.045153313703995,False,inf,0.0,True,0.3596512198448181,13429.0
home,dificil,1,alfombra,0.21251298394233642,0.6664027922708791,0.6664027922708791,1.0,15,15,146.0776000021724,0.025,1,astar,A*,True,8.868699995218776,True,8.045153313703995,1.077661800843684,0.2547287464141846,0.5225256128538223,763.9949139947458,10.0,19.0,0.41100497840999906,8.045153313703995,8.045153313703995,False,inf,0.0,True,0.3596512198448181,4793.0
home,dificil,1,alfombra,0.21251298394233642,0.6664027922708791,0.6664027922708791,1.0,15,15,146.0776000021724,0.025,1,theta,Theta*,True,1063.89869999839,True,7.53053317855506,1.0087275692672208,0.24052332242329869,0.6139006479164598,92.90592099965335,0.0,5.0,0.27277558208469066,7.53053317855506,7.53053317855506,False,inf,0.0,True,0.34643531659503046,4235.0
home,dificil,1,alfombra,0.21251298394233642,0.6664027922708791,0.6664027922708791,1.0,15,15,146.0776000021724,0.025,1,visibility,Visibility graph,True,4433.06890000531,True,7.465378569979537,1.0,0.24478334730557588,0.6163504932472946,78.75780623713867,0.0,6.0,0.6389905919975225,7.465378569979537,7.465378569979537,False,inf,0.0,True,0.35828075034103923,201.0
home,dificil,1,alfombra,0.21251298394233642,0.6664027922708791,0.6664027922708791,1.0,15,15,146.0776000021724,0.025,1,rrt,RRT,True,27.83540000382345,True,10.14243724524892,1.358596506550199,0.23075772021455304,0.5677742459583167,1022.3902666155293,11.0,22.0,0.23238888664018054,10.14243724524892,10.14243724524892,False,inf,0.0,True,0.3691506627306107,238.0
home,dificil,1,alfombra,0.21251298394233642,0.6664027922708791,0.6664027922708791,1.0,15,15,146.0776000021724,0.025,1,rrt_star,RRT*,True,1962.031000002753,True,7.475690799231346,1.0013813404310503,0.23784954032141625,0.6212110238435229,76.58273718638318,0.0,6.0,0.726637169129205,7.475690799231346,7.475690799231346,False,inf,0.0,True,0.34422593116047406,4000.0
home,dificil,1,alfombra,0.21251298394233642,0.6664027922708791,0.6664027922708791,1.0,15,15,146.0776000021724,0.025,1,prm,PRM,True,709.1151000058744,True,7.568040172569941,1.0137516941208096,0.22872950306449488,0.5886908206930519,123.30306383032496,0.0,9.0,0.7349982597139327,7.568040172569941,7.568040172569941,False,inf,0.0,True,0.375,602.0
home,dificil,1,alfombra,0.21251298394233642,0.6664027922708791,0.6664027922708791,1.0,15,15,146.0776000021724,0.025,1,potential,APF,False,1918.0579999956535,,,,,,,,,,,,,,,,,12388.0
home,dificil,1,alfombra,0.21251298394233642,0.6664027922708791,0.6664027922708791,1.0,15,15,146.0776000021724,0.025,1,hybrid_astar,Hybrid A*,True,38.187600002856925,True,7.986093119560102,1.0697505886271474,0.23994415878542708,0.5249747924713414,179.91054053050894,0.0,15.0,0.8814007149997947,7.986093119560102,7.986093119560102,True,7.986093119560102,0.0,True,0.2770526032681643,46.0
home,dificil,1,alfombra,0.21251298394233642,0.6664027922708791,0.6664027922708791,1.0,15,15,146.0776000021724,0.025,1,aco,ACO,True,392.2714000073029,True,8.708941186622587,1.1665773014705212,0.26968998908996583,0.5376636207154531,1778.8387401831715,30.0,37.0,0.194090563220787,8.708941186622587,9.528944696586382,False,inf,0.0,True,0.4,40.0
home,dificil,1,alfombra,0.21251298394233642,0.6664027922708791,0.6664027922708791,1.0,15,15,146.0776000021724,0.025,1,topological,Homotopy planner,True,271.59830000891816,True,7.491527729962712,1.003502723905835,0.23759110952799728,0.607788897044777,103.93339209201228,1.0,5.0,0.5285062086905427,7.491527729962712,7.491527729962712,False,inf,0.0,True,0.32551903742840116,5985.0
home,dificil,1,alfombra,0.21251298394233642,0.6664027922708791,0.6664027922708791,1.0,15,15,146.0776000021724,0.025,1,slam,SLAM-based,True,502.7357000071788,True,8.320145203344508,1.1144974264000806,0.26968998908996583,0.5104437093878902,583.0133868869257,1.0,24.0,0.32184622272241153,8.320145203344508,8.320145203344508,False,inf,0.0,True,0.3250029464152334,55.0
home,dificil,1,alfombra,0.21251298394233642,0.6664027922708791,0.6664027922708791,1.0,15,15,146.0776000021724,0.025,1,drl,DRL (D3QN),True,10.008299999753945,True,16.456139883380498,2.2043275808617975,0.26968998908996583,0.7391757685839884,2608.210089391754,34.0,36.0,0.10610329539459673,16.456139883380498,28.597795616557754,False,inf,0.0,True,0.5249999046325684,56.0
workshop,medio,2,concreto,0.07455003596677658,0.8207693867892637,0.8207693867892637,1.0,15,15,176.74080000142567,0.03,0,tve,TVE (proposed),True,18.856899987440556,True,6.03619085185351,1.0,0.9276007127880168,1.4771510228370295,0.0,0.0,2.0,11863283.203031443,6.03619085185351,6.03619085185351,True,6.03619085185351,0.0,True,1.02866448376374,
workshop,medio,2,concreto,0.07455003596677658,0.8207693867892637,0.8207693867892637,1.0,15,15,176.74080000142567,0.03,0,teselado,WDT,True,34.51709999353625,True,6.036190851853509,0.9999999999999999,0.9276235819335025,1.4771571347809616,0.0,0.0,2.0,11863283.203031443,6.036190851853509,6.036190851853509,True,6.036190851853509,0.0,True,1.0286343893674332,
workshop,medio,2,concreto,0.07455003596677658,0.8207693867892637,0.8207693867892637,1.0,15,15,176.74080000142567,0.03,0,dijkstra,Dijkstra,True,27.791599990450777,True,6.358448045156721,1.0533875089791531,1.3811397171020507,1.5877408698741222,222.70938995736148,2.0,7.0,0.47439116194085085,6.358448045156721,6.358448045156721,False,inf,0.0,True,1.433523473739624,23308.0
workshop,medio,2,concreto,0.07455003596677658,0.8207693867892637,0.8207693867892637,1.0,15,15,176.74080000142567,0.03,0,astar,A*,True,1.4656999992439523,True,6.358448045156722,1.0533875089791533,1.344807682037353,1.6352619256233651,180.00000000000003,3.0,6.0,0.3660998168193941,6.358448045156722,6.358448045156722,False,inf,0.0,True,1.4289692687988276,234.0
workshop,medio,2,concreto,0.07455003596677658,0.8207693867892637,0.8207693867892637,1.0,15,15,176.74080000142567,0.03,0,theta,Theta*,True,109.84299999836367,True,6.078617258724703,1.0070286722061093,0.9247477432279371,1.4767879300426012,0.0,0.0,2.0,3.2170316776384893,6.078617258724703,6.078617258724703,True,6.078617258724703,0.0,True,1.0258115124288325,182.0
workshop,medio,2,concreto,0.07455003596677658,0.8207693867892637,0.8207693867892637,1.0,15,15,176.74080000142567,0.03,0,visibility,Visibility graph,True,2539.247599997907,True,6.03619085185351,1.0,0.9276007127880168,1.4771510228370295,0.0,0.0,2.0,11863283.203031443,6.03619085185351,6.03619085185351,True,6.03619085185351,0.0,True,1.02866448376374,152.0
workshop,medio,2,concreto,0.07455003596677658,0.8207693867892637,0.8207693867892637,1.0,15,15,176.74080000142567,0.03,0,rrt,RRT,True,1.8554999987827614,True,6.03619085185351,1.0,0.9276007127880168,1.4771510228370295,0.0,0.0,2.0,11863283.203031443,6.03619085185351,6.03619085185351,True,6.03619085185351,0.0,True,1.02866448376374,0.0
workshop,medio,2,concreto,0.07455003596677658,0.8207693867892637,0.8207693867892637,1.0,15,15,176.74080000142567,0.03,0,rrt_star,RRT*,True,1724.1531000036048,True,6.0399970177095925,1.0006305575733931,0.9250943332808207,1.48509790373891,15.885313368566523,0.0,5.0,3.5690243291588826,6.0399970177095925,6.0399970177095925,True,6.0399970177095925,0.0,True,1.0336733294917657,4000.0
workshop,medio,2,concreto,0.07455003596677658,0.8207693867892637,0.8207693867892637,1.0,15,15,176.74080000142567,0.03,0,prm,PRM,True,645.4167000047164,True,6.1422960439457635,1.0175781705211777,1.3549437606405226,1.5891134503565107,70.14810625214683,0.0,9.0,1.104483980227402,6.1422960439457635,6.1422960439457635,True,6.1422960439457635,0.0,True,1.4718045409614522,602.0
workshop,medio,2,concreto,0.07455003596677658,0.8207693867892637,0.8207693867892637,1.0,15,15,176.74080000142567,0.03,0,potential,APF,True,53.16789999778848,True,6.0361908526375085,1.0000000001298832,0.9276108216329594,1.5011028762542125,0.0,0.0,2.0,11585.812069735772,6.0361908526375085,6.0361908526375085,True,6.0361908526375085,0.0,True,1.0286565118463356,202.0
workshop,medio,2,concreto,0.07455003596677658,0.8207693867892637,0.8207693867892637,1.0,15,15,176.74080000142567,0.03,0,hybrid_astar,Hybrid A*,True,42.36479999963194,True,6.058425957922246,1.003683632047835,0.9276194760055166,1.4812138969227058,27.152523545586142,0.0,6.0,1.7842392391888915,6.058425957922246,6.058425957922246,True,6.058425957922246,0.0,True,1.0286406049333396,32.0
workshop,medio,2,concreto,0.07455003596677658,0.8207693867892637,0.8207693867892637,1.0,15,15,176.74080000142567,0.03,0,aco,ACO,True,172.06970001279842,True,6.451948227237228,1.0688774403572832,0.7227208614349365,1.4443945874186166,1053.4349488229223,16.0,22.0,0.6646601815289764,6.451948227237228,6.451948227237228,False,inf,0.0,True,0.8241628360748291,40.0
workshop,medio,2,concreto,0.07455003596677658,0.8207693867892637,0.8207693867892637,1.0,15,15,176.74080000142567,0.03,0,topological,Homotopy planner,True,269.0288000012515,True,6.03619085185351,1.0,0.9276007127880168,1.4771510228370295,0.0,0.0,2.0,11863283.203031443,6.03619085185351,6.03619085185351,True,6.03619085185351,0.0,True,1.02866448376374,15712.0
workshop,medio,2,concreto,0.07455003596677658,0.8207693867892637,0.8207693867892637,1.0,15,15,176.74080000142567,0.03,0,slam,SLAM-based,True,279.18230000068434,True,6.287806652200302,1.041684533594482,1.078785825835344,1.5275647897679603,277.8213443957846,1.0,12.0,0.1544664846689086,6.287806652200302,7.318159245729159,False,inf,0.0,True,1.1630084950236266,42.0
workshop,medio,2,concreto,0.07455003596677658,0.8207693867892637,0.8207693867892637,1.0,15,15,176.74080000142567,0.03,0,drl,DRL (D3QN),True,4.237600005581044,True,6.502837016879331,1.0773080534527053,0.8900698184967041,1.4941463732091969,483.6900675259798,8.0,10.0,0.23009735722968175,6.502837016879331,7.194522245289095,False,inf,0.0,True,1.0508846010918427,20.0
workshop,medio,2,concreto,0.07455003596677658,0.8207693867892637,0.8207693867892637,1.0,15,15,176.74080000142567,0.03,1,tve,TVE (proposed),True,19.698000003700145,True,7.883054911773128,1.0025905131740311,0.32776769404906153,1.0608133665414856,21.535609724897142,0.0,4.0,1.1797059523118993,7.883054911773128,7.883054911773128,True,7.883054911773128,0.0,True,0.4088029159547965,
workshop,medio,2,concreto,0.07455003596677658,0.8207693867892637,0.8207693867892637,1.0,15,15,176.74080000142567,0.03,1,teselado,WDT,True,42.75860000052489,True,9.190347838600246,1.1688559395912588,0.2651859012529092,1.030909883864395,80.51870825667521,0.0,8.0,0.509791704856799,9.190347838600246,9.190347838600246,False,inf,0.0,True,0.3604406769029009,
workshop,medio,2,concreto,0.07455003596677658,0.8207693867892637,0.8207693867892637,1.0,15,15,176.74080000142567,0.03,1,dijkstra,Dijkstra,True,29.407699999865144,True,8.348010819142765,1.0617249968215854,0.285,1.0626306033427768,448.7834770980576,4.0,12.0,0.4215370845545991,8.348010819142765,8.348010819142765,False,inf,0.0,True,0.375,18641.0
workshop,medio,2,concreto,0.07455003596677658,0.8207693867892637,0.8207693867892637,1.0,15,15,176.74080000142567,0.03,1,astar,A*,True,2.450400002999231,True,8.348010819142765,1.0617249968215854,0.5048074197769159,1.1140161680351173,355.26392755026563,4.0,10.0,0.37962298672376654,8.348010819142765,8.348010819142765,False,inf,0.0,True,0.5889688968658443,685.0
workshop,medio,2,concreto,0.07455003596677658,0.8207693867892637,0.8207693867892637,1.0,15,15,176.74080000142567,0.03,1,theta,Theta*,True,176.06379999779165,True,7.892468475127509,1.0037877583308763,0.2472546819516659,1.0559413364210608,18.44572001623662,0.0,3.0,1.3957394739846836,7.892468475127509,7.892468475127509,True,7.892468475127509,0.0,True,0.3260137752386234,509.0
workshop,medio,2,concreto,0.07455003596677658,0.8207693867892637,0.8207693867892637,1.0,15,15,176.74080000142567,0.03,1,visibility,Visibility graph,True,2482.4376000033226,True,7.862686518762996,1.0,0.26557546868539417,1.0577210478926597,19.19947684474476,0.0,3.0,0.999492072661904,7.862686518762996,7.862686518762996,True,7.862686518762996,0.0,True,0.34665007305504153,152.0
workshop,medio,2,concreto,0.07455003596677658,0.8207693867892637,0.8207693867892637,1.0,15,15,176.74080000142567,0.03,1,rrt,RRT,True,14.054899991606362,True,9.336280451942994,1.187416086049407,0.5174262274238652,1.2666274373717128,696.1571549140734,8.0,16.0,0.18171902990572858,9.336280451942994,14.241329640173092,False,inf,0.0,True,0.6142459637640812,65.0
workshop,medio,2,concreto,0.07455003596677658,0.8207693867892637,0.8207693867892637,1.0,15,15,176.74080000142567,0.03,1,rrt_star,RRT*,True,1861.697100001038,True,7.887573719018699,1.0031652286017398,0.25559332674868795,1.0816812476972346,28.63238034216068,0.0,6.0,1.2618172636891118,7.887573719018699,7.887573719018699,True,7.887573719018699,0.0,True,0.3404702428015936,4000.0
workshop,medio,2,concreto,0.07455003596677658,0.8207693867892637,0.8207693867892637,1.0,15,15,176.74080000142567,0.03,1,prm,PRM,True,663.09660000843,True,8.123091921687994,1.033119138389097,0.29701726913452164,1.0736992053229433,173.02581588003486,0.0,11.0,0.42273402051406384,8.123091921687994,8.123091921687994,False,inf,0.0,True,0.3759654015761156,602.0
workshop,medio,2,concreto,0.07455003596677658,0.8207693867892637,0.8207693867892637,1.0,15,15,176.74080000142567,0.03,1,potential,APF,True,74.72219999181107,True,8.304044106204723,1.0561331787027881,0.7256419425086447,1.1616131931309772,122.25321863315295,0.0,9.0,0.3317841538508736,8.304044106204723,8.304044106204723,False,inf,0.0,True,0.8325883729144375,277.0
workshop,medio,2,concreto,0.07455003596677658,0.8207693867892637,0.8207693867892637,1.0,15,15,176.74080000142567,0.03,1,hybrid_astar,Hybrid A*,True,31.6156999906525,True,7.94476869212032,1.0104394564327916,0.2569950225027069,1.0537026826587765,87.81798509655353,0.0,11.0,0.9224179533567298,7.94476869212032,7.94476869212032,True,7.94476869212032,0.0,True,0.33967525535542786,38.0
workshop,medio,2,concreto,0.07455003596677658,0.8207693867892637,0.8207693867892637,1.0,15,15,176.74080000142567,0.03,1,aco,ACO,True,299.65050000464544,True,8.698686506985249,1.106324980174051,0.42080744266509945,1.100512088139852,1416.6147789427864,27.0,29.0,0.29142177719577,8.698686506985249,8.698686506985249,False,inf,0.0,True,0.5049689197540278,40.0
workshop,medio,2,concreto,0.07455003596677658,0.8207693867892637,0.8207693867892637,1.0,15,15,176.74080000142567,0.03,1,topological,Homotopy planner,True,264.42320000205655,True,7.8646693926014235,1.0002521878283834,0.2459979487191073,1.0598140900329949,18.99687527437504,0.0,3.0,0.7682583459121445,7.8646693926014235,7.8646693926014235,False,inf,0.0,True,0.3249393918042432,17091.0
workshop,medio,2,concreto,0.07455003596677658,0.8207693867892637,0.8207693867892637,1.0,15,15,176.74080000142567,0.03,1,slam,SLAM-based,True,349.79210000892635,True,8.33948128697755,1.0606401853967804,0.3998871888464868,1.1831679148529004,220.36034909823476,1.0,9.0,0.21783610268155626,8.33948128697755,9.070099128247673,False,inf,0.0,True,0.49070570474474834,55.0
workshop,medio,2,concreto,0.07455003596677658,0.8207693867892637,0.8207693867892637,1.0,15,15,176.74080000142567,0.03,1,drl,DRL (D3QN),True,7.5991999910911545,True,11.538946988682705,1.4675578075187055,0.5933954143524169,1.27590529003946,1158.1113419603719,14.0,19.0,0.1024928344795246,11.538946988682705,18.423280002199252,False,inf,0.0,True,0.6833953857421875,40.0
workshop,medio,3,concreto,0.05452877005910484,0.8084728564180619,0.8084728564180619,1.0,16,16,166.67610000877175,0.03,0,tve,TVE (proposed),True,28.782300010789186,True,5.527852092829608,1.0067222875460453,0.27,0.7350413171188765,41.58194328548265,0.0,5.0,0.8420282704765765,5.527852092829608,5.527852092829608,True,5.527852092829608,0.0,True,0.27,
workshop,medio,3,concreto,0.05452877005910484,0.8084728564180619,0.8084728564180619,1.0,16,16,166.67610000877175,0.03,0,teselado,WDT,True,38.21159999642987,True,5.589739900523031,1.0179931816087047,0.27,0.8757606496256839,34.64839323914847,0.0,7.0,3.35069012056021,5.589739900523031,5.589739900523031,True,5.589739900523031,0.0,True,0.27,
workshop,medio,3,concreto,0.05452877005910484,0.8084728564180619,0.8084728564180619,1.0,16,16,166.67610000877175,0.03,0,dijkstra,Dijkstra,True,19.422700002905913,True,5.682028319504364,1.0348005792580397,0.27,0.6686121629244322,224.48383577023515,1.0,7.0,0.3251128212128596,5.682028319504364,5.682028319504364,False,inf,0.0,True,0.27,15242.0
workshop,medio,3,concreto,0.05452877005910484,0.8084728564180619,0.8084728564180619,1.0,16,16,166.67610000877175,0.03,0,astar,A*,True,1.7103999998653308,True,5.682028319504365,1.0348005792580397,0.27,0.7236088231487192,170.53767779197443,3.0,6.0,0.3660998168193941,5.682028319504365,5.682028319504365,False,inf,0.0,True,0.27,241.0
workshop,medio,3,concreto,0.05452877005910484,0.8084728564180619,0.8084728564180619,1.0,16,16,166.67610000877175,0.03,0,theta,Theta*,True,65.55630000366364,True,5.526288865607157,1.0064375954705496,0.2514102172851565,0.7029898377925029,22.047551149075765,0.0,3.0,0.9318655927966354,5.526288865607157,5.526288865607157,True,5.526288865607157,0.0,True,0.27,203.0
workshop,medio,3,concreto,0.05452877005910484,0.8084728564180619,0.8084728564180619,1.0,16,16,166.67610000877175,0.03,0,visibility,Visibility graph,True,3192.82199999725,True,5.490940412478726,1.0,0.27,0.714971059309265,23.297377066605897,0.0,3.0,0.6902715286650027,5.490940412478726,5.490940412478726,False,inf,0.0,True,0.27,173.0
workshop,medio,3,concreto,0.05452877005910484,0.8084728564180619,0.8084728564180619,1.0,16,16,166.67610000877175,0.03,0,rrt,RRT,True,15.224000002490357,True,8.955332677272304,1.6309287671234587,0.24692608441142422,0.8447922652462531,453.6646284909648,4.0,13.0,0.19149786139577551,8.955332677272304,11.315305047445491,False,inf,0.0,True,0.27,112.0
workshop,medio,3,concreto,0.05452877005910484,0.8084728564180619,0.8084728564180619,1.0,16,16,166.67610000877175,0.03,0,rrt_star,RRT*,True,1909.1293000092264,True,5.537789962765669,1.0085321541972068,0.27,0.7939625165656753,32.84189642508014,0.0,5.0,1.3069680570509556,5.537789962765669,5.537789962765669,True,5.537789962765669,0.0,True,0.27,4000.0
workshop,medio,3,concreto,0.05452877005910484,0.8084728564180619,0.8084728564180619,1.0,16,16,166.67610000877175,0.03,0,prm,PRM,True,718.6828999983845,True,5.940777044908238,1.0819234226995456,0.27,0.671448315121529,216.20571621897315,3.0,8.0,0.32401722298819463,5.940777044908238,5.940777044908238,False,inf,0.0,True,0.27,602.0
workshop,medio,3,concreto,0.05452877005910484,0.8084728564180619,0.8084728564180619,1.0,16,16,166.67610000877175,0.03,0,potential,APF,False,1772.427300005802,,,,,,,,,,,,,,,,,12085.0
workshop,medio,3,concreto,0.05452877005910484,0.8084728564180619,0.8084728564180619,1.0,16,16,166.67610000877175,0.03,0,hybrid_astar,Hybrid A*,True,22.993699996732175,True,5.52344046091739,1.0059188492311453,0.2566601456891554,0.7651506816451668,56.74960207752962,0.0,8.0,0.891992286428949,5.52344046091739,5.52344046091739,True,5.52344046091739,0.0,True,0.27,25.0
workshop,medio,3,concreto,0.05452877005910484,0.8084728564180619,0.8084728564180619,1.0,16,16,166.67610000877175,0.03,0,aco,ACO,True,223.31689999555238,True,5.917087306973045,1.0776090910631368,0.27,0.7665497936181433,720.0000000000003,13.0,17.0,0.23157975225209562,5.917087306973045,6.6043448998503385,False,inf,0.0,True,0.27,40.0
workshop,medio,3,concreto,0.05452877005910484,0.8084728564180619,0.8084728564180619,1.0,16,16,166.67610000877175,0.03,0,topological,Homotopy planner,True,352.88789999322034,True,5.486905015330834,0.9992650808705335,0.2466992774490726,0.7153013099685019,22.097143285638584,0.0,3.0,1.221353729811524,5.486905015330834,5.486905015330834,True,5.486905015330834,0.0,True,0.27,22685.0
workshop,medio,3,concreto,0.05452877005910484,0.8084728564180619,0.8084728564180619,1.0,16,16,166.67610000877175,0.03,0,slam,SLAM-based,True,284.72450000117533,True,5.629362749326705,1.0252092221823061,0.27,0.7388868241351834,67.81457141481391,1.0,5.0,0.3702432857274104,5.629362749326705,5.629362749326705,False,inf,0.0,True,0.27,37.0
workshop,medio,3,concreto,0.05452877005910484,0.8084728564180619,0.8084728564180619,1.0,16,16,166.67610000877175,0.03,0,drl,DRL (D3QN),True,7.132099999580532,True,10.532499228759916,1.9181594476646895,0.27,1.1256048550626085,1811.794047209452,19.0,22.0,0.0871568415252752,10.532499228759916,22.21382008652995,False,inf,0.0,True,0.27,36.0
workshop,medio,3,concreto,0.05452877005910484,0.8084728564180619,0.8084728564180619,1.0,16,16,166.67610000877175,0.03,1,tve,TVE (proposed),True,18.907699995907024,True,6.194279792277287,1.0020893733697989,0.3462066081524678,0.7237842384218407,12.375854517710787,0.0,3.0,1.4170096375512913,6.194279792277287,6.194279792277287,True,6.194279792277287,0.0,True,0.38513180932044633,
workshop,medio,3,concreto,0.05452877005910484,0.8084728564180619,0.8084728564180619,1.0,16,16,166.67610000877175,0.03,1,teselado,WDT,True,40.02159999799915,True,6.225820926642142,1.0071919900792439,0.30471437239948723,0.6373574437208012,18.44976318221844,0.0,5.0,8.192449491485188,6.225820926642142,6.225820926642142,True,6.225820926642142,0.0,True,0.34594446243994476,
workshop,medio,3,concreto,0.05452877005910484,0.8084728564180619,0.8084728564180619,1.0,16,16,166.67610000877175,0.03,1,dijkstra,Dijkstra,True,12.45579999522306,True,6.701391770309008,1.0841282126433638,0.2861512327194214,0.7588544039626702,296.28492350833636,1.0,9.0,0.3591893000303759,6.701391770309008,6.701391770309008,False,inf,0.0,True,0.33567449569702146,10570.0
workshop,medio,3,concreto,0.05452877005910484,0.8084728564180619,0.8084728564180619,1.0,16,16,166.67610000877175,0.03,1,astar,A*,True,1.6822000034153461,True,6.701391770309006,1.0841282126433633,0.3368074655532836,0.578495683227193,351.85195346243034,4.0,10.0,0.3314189959704119,6.701391770309006,6.701391770309006,False,inf,0.0,True,0.4629689311981201,372.0
workshop,medio,3,concreto,0.05452877005910484,0.8084728564180619,0.8084728564180619,1.0,16,16,166.67610000877175,0.03,1,theta,Theta*,True,114.98339999525342,True,6.2106282888373325,1.004734177160196,0.26959578695206515,0.7208266984533339,8.957646282095618,0.0,3.0,2.1930384031547927,6.2106282888373325,6.2106282888373325,True,6.2106282888373325,0.0,True,0.3105290167382417,285.0
workshop,medio,3,concreto,0.05452877005910484,0.8084728564180619,0.8084728564180619,1.0,16,16,166.67610000877175,0.03,1,visibility,Visibility graph,True,2971.713799997815,True,6.181364613664479,1.0,0.27154287578320124,0.7302308232354857,9.410556461716586,0.0,3.0,2.5801928709810165,6.181364613664479,6.181364613664479,True,6.181364613664479,0.0,True,0.31708847607888185,173.0
workshop,medio,3,concreto,0.05452877005910484,0.8084728564180619,0.8084728564180619,1.0,16,16,166.67610000877175,0.03,1,rrt,RRT,True,5.290799992508255,True,7.200360648656839,1.1648496891349487,0.3400848312981519,0.6282537631320201,455.03365633363364,5.0,14.0,0.19712844648375544,7.200360648656839,9.357251721288069,False,inf,0.0,True,0.3820848198540601,28.0
workshop,medio,3,concreto,0.05452877005910484,0.8084728564180619,0.8084728564180619,1.0,16,16,166.67610000877175,0.03,1,rrt_star,RRT*,True,1763.1726999970851,True,6.188139893135545,1.001096081511854,0.2588187497544229,0.7431836560906354,31.690606235842605,0.0,7.0,2.562154798593825,6.188139893135545,6.188139893135545,True,6.188139893135545,0.0,True,0.3017626462899849,4000.0
workshop,medio,3,concreto,0.05452877005910484,0.8084728564180619,0.8084728564180619,1.0,16,16,166.67610000877175,0.03,1,prm,PRM,True,641.8227999965893,True,6.517758982956503,1.05442072912968,0.5136421482379617,0.7399036700850333,204.79046408926504,1.0,10.0,0.31198468043545724,6.517758982956503,6.517758982956503,False,inf,0.0,True,0.560471088138558,602.0
workshop,medio,3,concreto,0.05452877005910484,0.8084728564180619,0.8084728564180619,1.0,16,16,166.67610000877175,0.03,1,potential,APF,False,1762.8887000028044,,,,,,,,,,,,,,,,,12344.0
workshop,medio,3,concreto,0.05452877005910484,0.8084728564180619,0.8084728564180619,1.0,16,16,166.67610000877175,0.03,1,hybrid_astar,Hybrid A*,True,19.719000003533438,True,6.198443534047898,1.0027629692553104,0.2733381889817037,0.6933798909683792,34.59263560283729,0.0,5.0,0.9143796108777035,6.198443534047898,6.198443534047898,True,6.198443534047898,0.0,True,0.3167930110886088,21.0
workshop,medio,3,concreto,0.05452877005910484,0.8084728564180619,0.8084728564180619,1.0,16,16,166.67610000877175,0.03,1,aco,ACO,True,185.3661000059219,True,6.702759918033551,1.0843495468972142,0.41796519756317135,0.6326195117944945,941.5954817005115,16.0,23.0,0.3404250617996207,6.702759918033551,6.702759918033551,False,inf,0.0,True,0.4629689311981199,40.0
workshop,medio,3,concreto,0.05452877005910484,0.8084728564180619,0.8084728564180619,1.0,16,16,166.67610000877175,0.03,1,topological,Homotopy planner,True,252.97440000576898,True,6.179352144602338,0.9996744296465392,0.24807055891935473,0.724986370731184,7.678833812729526,0.0,3.0,2.8227101594941537,6.179352144602338,6.179352144602338,True,6.179352144602338,0.0,True,0.2889986831801063,9317.0
workshop,medio,3,concreto,0.05452877005910484,0.8084728564180619,0.8084728564180619,1.0,16,16,166.67610000877175,0.03,1,slam,SLAM-based,True,308.37509999400936,True,6.682480281272057,1.081068776706654,0.40157888983333745,0.6654521456073536,227.61411749876146,1.0,10.0,0.24853750936269484,6.682480281272057,6.682480281272057,False,inf,0.0,True,0.4621569971635772,44.0
workshop,medio,3,concreto,0.05452877005910484,0.8084728564180619,0.8084728564180619,1.0,16,16,166.67610000877175,0.03,1,drl,DRL (D3QN),True,6.443999998737127,True,9.434529650639258,1.5262858996836,0.375,0.846167201923823,1572.273689006094,21.0,25.0,0.0900403485268057,9.434529650639258,14.777630412801518,False,inf,0.0,True,0.495,33.0
workshop,dificil,0,baldosa,0.21757960926610703,0.7726480273778007,0.7726480273778007,1.0,15,15,180.29769998975098,0.03,0,tve,TVE (proposed),True,20.949199999449775,True,10.978650433112596,1.0037350031484034,0.2832947261278096,0.8564128185631017,65.14747006428776,0.0,8.0,0.9827850830408199,10.978650433112596,10.978650433112596,True,10.978650433112596,0.0,True,0.37715752491592336,
workshop,dificil,0,baldosa,0.21757960926610703,0.7726480273778007,0.7726480273778007,1.0,15,15,180.29769998975098,0.03,0,teselado,WDT,True,42.33340000791941,True,11.191457454717904,1.0231911155187146,0.24859478591277673,0.9014200473873556,65.08208463125345,0.0,11.0,1.6329191739109092,11.191457454717904,11.191457454717904,True,11.191457454717904,0.0,True,0.36232760647144435,
workshop,dificil,0,baldosa,0.21757960926610703,0.7726480273778007,0.7726480273778007,1.0,15,15,180.29769998975098,0.03,0,dijkstra,Dijkstra,True,29.62420000403654,True,11.465941546018394,1.0482861207676952,0.285,0.8554525266710523,319.3987053549955,1.0,9.0,0.3347220119775478,11.465941546018394,11.465941546018394,False,inf,0.0,True,0.35845345973968507,25718.0
workshop,dificil,0,baldosa,0.21757960926610703,0.7726480273778007,0.7726480273778007,1.0,15,15,180.29769998975098,0.03,0,astar,A*,True,4.845999996177852,True,11.465941546018394,1.0482861207676952,0.27567449569702146,0.8600751667230024,539.104826289789,6.0,14.0,0.4448216897690157,11.465941546018394,11.465941546018394,False,inf,0.0,True,0.3056744956970215,2357.0
workshop,dificil,0,baldosa,0.21757960926610703,0.7726480273778007,0.7726480273778007,1.0,15,15,180.29769998975098,0.03,0,theta,Theta*,True,453.2459000038216,True,11.004766471879083,1.0061226902701683,0.2553167054125379,0.8555333366990006,55.17778714981035,0.0,5.0,0.08127924861879955,11.004766471879083,12.962891648925607,False,inf,0.0,True,0.2933759773050554,1551.0
workshop,dificil,0,baldosa,0.21757960926610703,0.7726480273778007,0.7726480273778007,1.0,15,15,180.29769998975098,0.03,0,visibility,Visibility graph,True,3450.009299995145,True,10.9377977241762,1.0,0.2482776305779393,0.8553279348424737,43.95385960856501,0.0,5.0,0.9329150613297318,10.9377977241762,10.9377977241762,True,10.9377977241762,0.0,True,0.33037646674533955,182.0
workshop,dificil,0,baldosa,0.21757960926610703,0.7726480273778007,0.7726480273778007,1.0,15,15,180.29769998975098,0.03,0,rrt,RRT,True,33.745799999451265,True,16.79972428106556,1.535932982553932,0.2663184589366601,0.8972729389662717,1337.5456033086182,15.0,32.0,0.14266382525256435,16.79972428106556,22.902036444393786,False,inf,0.0,True,0.3225992446269172,249.0
workshop,dificil,0,baldosa,0.21757960926610703,0.7726480273778007,0.7726480273778007,1.0,15,15,180.29769998975098,0.03,0,rrt_star,RRT*,True,1801.8416999984765,True,10.967151443378444,1.002683695561252,0.25245071648021156,0.8723141784408078,60.86784557880939,0.0,9.0,0.9158490140434369,10.967151443378444,10.967151443378444,True,10.967151443378444,0.0,True,0.3087401348847316,4000.0
workshop,dificil,0,baldosa,0.21757960926610703,0.7726480273778007,0.7726480273778007,1.0,15,15,180.29769998975098,0.03,0,prm,PRM,True,635.49270000658,True,11.721495182111854,1.0716503886521342,0.28828639984130844,0.870203657560655,333.99002600596793,3.0,16.0,0.26584765315631964,11.721495182111854,11.721495182111854,False,inf,0.0,True,0.5054099408318006,602.0
workshop,dificil,0,baldosa,0.21757960926610703,0.7726480273778007,0.7726480273778007,1.0,15,15,180.29769998975098,0.03,0,potential,APF,False,1772.2499999945285,,,,,,,,,,,,,,,,,12004.0
workshop,dificil,0,baldosa,0.21757960926610703,0.7726480273778007,0.7726480273778007,1.0,15,15,180.29769998975098,0.03,0,hybrid_astar,Hybrid A*,True,77.46499999484513,True,11.354881871029658,1.0381323697302942,0.30256833794735105,0.8921176570469279,116.39779356031454,0.0,12.0,0.9779390864263778,11.354881871029658,11.354881871029658,True,11.354881871029658,0.0,True,0.3268428164045343,96.0
workshop,dificil,0,baldosa,0.21757960926610703,0.7726480273778007,0.7726480273778007,1.0,15,15,180.29769998975098,0.03,0,aco,ACO,True,391.4121000125306,True,12.29576640441743,1.1241537569523399,0.315,0.8733576828153353,1646.5650511770782,30.0,35.0,0.19738926406840798,12.29576640441743,14.592088074361419,False,inf,0.0,True,0.375,40.0
workshop,dificil,0,baldosa,0.21757960926610703,0.7726480273778007,0.7726480273778007,1.0,15,15,180.29769998975098,0.03,0,topological,Homotopy planner,True,362.19400000118185,True,11.146584450828506,1.0190885525511975,0.24891361949056467,0.8064055703081482,49.85164734305906,0.0,4.0,0.8146167333626438,11.146584450828506,11.146584450828506,True,11.146584450828506,0.0,True,0.29208525542123315,25876.0
workshop,dificil,0,baldosa,0.21757960926610703,0.7726480273778007,0.7726480273778007,1.0,15,15,180.29769998975098,0.03,0,slam,SLAM-based,True,587.1290000068257,True,12.448500553454862,1.138117641903315,0.30597346525072616,0.7934131137908814,598.1490775912467,1.0,25.0,0.12649867795920589,12.448500553454862,13.706655544949877,False,inf,0.0,True,0.4425957426171206,81.0
workshop,dificil,0,baldosa,0.21757960926610703,0.7726480273778007,0.7726480273778007,1.0,15,15,180.29769998975098,0.03,0,drl,DRL (D3QN),True,27.57170000404585,True,24.775041579484398,2.2650850019582327,0.39253495216369627,0.9385485751511969,5747.63093485182,58.0,61.0,0.07957747154594767,24.775041579484398,61.91566112387636,False,inf,0.0,True,0.49748844623565674,89.0
workshop,dificil,0,baldosa,0.21757960926610703,0.7726480273778007,0.7726480273778007,1.0,15,15,180.29769998975098,0.03,1,tve,TVE (proposed),True,18.136700004106387,True,8.180488982939835,1.0,0.32999999999999996,1.1947662971130721,0.0,0.0,2.0,11863283.203031443,8.180488982939835,8.180488982939835,True,8.180488982939835,0.0,True,0.32999999999999996,
workshop,dificil,0,baldosa,0.21757960926610703,0.7726480273778007,0.7726480273778007,1.0,15,15,180.29769998975098,0.03,1,teselado,WDT,True,34.4145999988541,True,8.180488982939833,0.9999999999999998,0.32999999999999996,1.1947662971130721,0.0,0.0,2.0,11863283.203031443,8.180488982939833,8.180488982939833,True,8.180488982939833,0.0,True,0.32999999999999996,
workshop,dificil,0,baldosa,0.21757960926610703,0.7726480273778007,0.7726480273778007,1.0,15,15,180.29769998975098,0.03,1,dijkstra,Dijkstra,True,18.527100008213893,True,8.802123368838192,1.0759898811910582,0.315,1.042580923258837,361.65923743574115,1.0,10.0,0.33149895654600564,8.802123368838192,8.802123368838192,False,inf,0.0,True,0.315,11801.0
workshop,dificil,0,baldosa,0.21757960926610703,0.7726480273778007,0.7726480273778007,1.0,15,15,180.29769998975098,0.03,1,astar,A*,True,2.6935000059893355,True,8.802123368838194,1.0759898811910582,0.315,1.2970993310514516,677.4895529219995,11.0,17.0,0.4006730682244476,8.802123368838194,8.802123368838194,False,inf,0.0,True,0.315,1046.0
workshop,dificil,0,baldosa,0.21757960926610703,0.7726480273778007,0.7726480273778007,1.0,15,15,180.29769998975098,0.03,1,theta,Theta*,True,170.1184999983525,True,8.222915389811028,1.0051862922815094,0.315,1.1848509639078022,0.0,0.0,2.0,10.068782358811966,8.222915389811028,8.222915389811028,True,8.222915389811028,0.0,True,0.315,372.0
workshop,dificil,0,baldosa,0.21757960926610703,0.7726480273778007,0.7726480273778007,1.0,15,15,180.29769998975098,0.03,1,visibility,Visibility graph,True,3309.9969000031706,True,8.180488982939835,1.0,0.32999999999999996,1.1947662971130721,0.0,0.0,2.0,11863283.203031443,8.180488982939835,8.180488982939835,True,8.180488982939835,0.0,True,0.32999999999999996,182.0
workshop,dificil,0,baldosa,0.21757960926610703,0.7726480273778007,0.7726480273778007,1.0,15,15,180.29769998975098,0.03,1,rrt,RRT,True,2.13199999416247,True,8.180488982939835,1.0,0.32999999999999996,1.1947662971130721,0.0,0.0,2.0,11863283.203031443,8.180488982939835,8.180488982939835,True,8.180488982939835,0.0,True,0.32999999999999996,0.0
workshop,dificil,0,baldosa,0.21757960926610703,0.7726480273778007,0.7726480273778007,1.0,15,15,180.29769998975098,0.03,1,rrt_star,RRT*,True,1793.7138999986928,True,8.187712506988515,1.0008830186146263,0.32999999999999996,1.1418380800186794,10.930469436763833,0.0,6.0,4.159845849469477,8.187712506988515,8.187712506988515,True,8.187712506988515,0.0,True,0.32999999999999996,4000.0
workshop,dificil,0,baldosa,0.21757960926610703,0.7726480273778007,0.7726480273778007,1.0,15,15,180.29769998975098,0.03,1,prm,PRM,True,647.3629999964032,True,8.299785122452969,1.0145830083949656,0.32999999999999996,1.1973094460564655,154.07586276492893,0.0,11.0,0.42794098154958005,8.299785122452969,8.299785122452969,False,inf,0.0,True,0.32999999999999996,602.0
workshop,dificil,0,baldosa,0.21757960926610703,0.7726480273778007,0.7726480273778007,1.0,15,15,180.29769998975098,0.03,1,potential,APF,True,53.22760000126436,True,8.306795414328747,1.0154399610649585,0.32999999999999996,1.3035350973480624,59.94743841811435,1.0,4.0,0.3326009637317405,8.306795414328747,8.306795414328747,False,inf,0.0,True,0.32999999999999996,277.0
workshop,dificil,0,baldosa,0.21757960926610703,0.7726480273778007,0.7726480273778007,1.0,15,15,180.29769998975098,0.03,1,hybrid_astar,Hybrid A*,True,26.087699996423908,True,8.22091492001498,1.0049417506898979,0.32999999999999996,1.0295573475936357,28.52557118137057,0.0,6.0,1.7842509238436548,8.22091492001498,8.22091492001498,True,8.22091492001498,0.0,True,0.32999999999999996,27.0
workshop,dificil,0,baldosa,0.21757960926610703,0.7726480273778007,0.7726480273778007,1.0,15,15,180.29769998975098,0.03,1,aco,ACO,True,221.88019999885,True,8.904889777807432,1.0885522609196485,0.32999999999999996,1.4623177283164561,1579.3987053549956,24.0,35.0,0.37638407341290503,8.904889777807432,8.904889777807432,False,inf,0.0,True,0.32999999999999996,40.0
workshop,dificil,0,baldosa,0.21757960926610703,0.7726480273778007,0.7726480273778007,1.0,15,15,180.29769998975098,0.03,1,topological,Homotopy planner,True,291.27169999992475,True,8.180488982939835,1.0,0.32999999999999996,1.1947662971130721,0.0,0.0,2.0,11863283.203031443,8.180488982939835,8.180488982939835,True,8.180488982939835,0.0,True,0.32999999999999996,12197.0
workshop,dificil,0,baldosa,0.21757960926610703,0.7726480273778007,0.7726480273778007,1.0,15,15,180.29769998975098,0.03,1,slam,SLAM-based,True,415.1397999958135,True,8.786620498197252,1.0740947780165082,0.32999526812088276,0.9213966761510751,335.1411696786853,2.0,10.0,0.11519997253928499,8.786620498197252,10.168174152974565,False,inf,0.0,True,0.32999526812088276,58.0
workshop,dificil,0,baldosa,0.21757960926610703,0.7726480273778007,0.7726480273778007,1.0,15,15,180.29769998975098,0.03,1,drl,DRL (D3QN),True,5.965400006971322,True,9.849822064930674,1.2040627504629837,0.32999999999999996,1.3633834321308897,709.2021313653978,9.0,13.0,0.1606770932414485,9.849822064930674,13.3918499641169,False,inf,0.0,True,0.32999999999999996,30.0
workshop,medio,1,baldosa,0.10230066285679912,0.7731029732522099,0.7731029732522099,1.0,17,17,175.37680000532418,0.03,0,tve,TVE (proposed),True,33.475499993073754,True,9.984129753017156,1.0069677422717938,0.23972099304199218,0.932550342196788,41.3833422534854,0.0,5.0,0.7929340881177931,9.984129753017156,9.984129753017156,True,9.984129753017156,0.0,True,0.32999999999999996,
workshop,medio,1,baldosa,0.10230066285679912,0.7731029732522099,0.7731029732522099,1.0,17,17,175.37680000532418,0.03,0,teselado,WDT,True,57.00049998995382,True,9.945704506928704,1.0030922935088975,0.23972099304199218,0.9723112152973753,14.935373055128741,0.0,6.0,16.70458137077263,9.945704506928704,9.945704506928704,True,9.945704506928704,0.0,True,0.32999999999999996,
workshop,medio,1,baldosa,0.10230066285679912,0.7731029732522099,0.7731029732522099,1.0,17,17,175.37680000532418,0.03,0,dijkstra,Dijkstra,True,25.28149999852758,True,10.756140869199792,1.0848303412064912,0.23972099304199218,1.0405413842402071,342.04651698291633,4.0,9.0,0.23273096019116665,10.756140869199792,11.439998929859897,False,inf,0.0,True,0.315,21833.0
workshop,medio,1,baldosa,0.10230066285679912,0.7731029732522099,0.7731029732522099,1.0,17,17,175.37680000532418,0.03,0,astar,A*,True,4.065599991008639,True,10.756140869199793,1.0848303412064915,0.23972099304199218,1.0177877178192407,746.565051177078,9.0,18.0,0.1826469298294463,10.756140869199793,11.627521205242193,False,inf,0.0,True,0.315,1657.0
workshop,medio,1,baldosa,0.10230066285679912,0.7731029732522099,0.7731029732522099,1.0,17,17,175.37680000532418,0.03,0,theta,Theta*,True,235.55040000064764,True,9.99675210150787,1.0082407924099914,0.23972099304199218,0.9176126616880762,94.40960430474296,1.0,4.0,1.087399234273069,9.99675210150787,9.99675210150787,True,9.99675210150787,0.0,True,0.3097574685612542,775.0
workshop,medio,1,baldosa,0.10230066285679912,0.7731029732522099,0.7731029732522099,1.0,17,17,175.37680000532418,0.03,0,visibility,Visibility graph,True,5909.812900004908,True,9.915044279861657,1.0,0.23972099304199218,0.9176391843268953,9.041874138226069,0.0,3.0,1.9475287089064197,9.915044279861657,9.915044279861657,True,9.915044279861657,0.0,True,0.32999999999999996,234.0
workshop,medio,1,baldosa,0.10230066285679912,0.7731029732522099,0.7731029732522099,1.0,17,17,175.37680000532418,0.03,0,rrt,RRT,True,16.35750000423286,True,11.791675493266345,1.1892710874944143,0.23972099304199218,0.9809836317320579,849.3189853241589,8.0,21.0,0.12230895337632877,11.791675493266345,16.95315308267234,False,inf,0.0,True,0.32461021341923696,118.0
workshop,medio,1,baldosa,0.10230066285679912,0.7731029732522099,0.7731029732522099,1.0,17,17,175.37680000532418,0.03,0,rrt_star,RRT*,True,1932.690100002219,True,9.92403198824535,1.000906471835123,0.23972099304199218,0.8973986954747131,18.077820195121674,0.0,5.0,1.9288539188882032,9.92403198824535,9.92403198824535,True,9.92403198824535,0.0,True,0.3116534364522083,4000.0
workshop,medio,1,baldosa,0.10230066285679912,0.7731029732522099,0.7731029732522099,1.0,17,17,175.37680000532418,0.03,0,prm,PRM,True,733.3682999887969,True,10.209814002848653,1.029729541761674,0.23972099304199218,0.9855304867119236,167.4765435061258,1.0,12.0,0.42532761740793323,10.209814002848653,10.209814002848653,False,inf,0.0,True,0.32999999999999996,602.0
workshop,medio,1,baldosa,0.10230066285679912,0.7731029732522099,0.7731029732522099,1.0,17,17,175.37680000532418,0.03,0,potential,APF,False,1862.9166000027908,,,,,,,,,,,,,,,,,12042.0
workshop,medio,1,baldosa,0.10230066285679912,0.7731029732522099,0.7731029732522099,1.0,17,17,175.37680000532418,0.03,0,hybrid_astar,Hybrid A*,True,74.71600000280887,True,10.15113604979155,1.0238114690429991,0.23972099304199218,0.996326022360309,92.9934078859059,0.0,12.0,0.9030409184833115,10.15113604979155,10.15113604979155,True,10.15113604979155,0.0,True,0.32094286838650815,82.0
workshop,medio,1,baldosa,0.10230066285679912,0.7731029732522099,0.7731029732522099,1.0,17,17,175.37680000532418,0.03,0,aco,ACO,True,619.3650999921374,True,11.53077640927273,1.1629576312324463,0.23972099304199218,0.8513478084096922,2150.158868240365,44.0,49.0,0.2076520672471491,11.53077640927273,13.028089625431276,False,inf,0.0,True,0.32999999999999996,40.0
workshop,medio,1,baldosa,0.10230066285679912,0.7731029732522099,0.7731029732522099,1.0,17,17,175.37680000532418,0.03,0,topological,Homotopy planner,True,341.2448000017321,True,10.616685186639494,1.0707652822290397,0.23972099304199218,0.7328782137535452,144.14585892394442,2.0,6.0,0.20024410637344534,10.616685186639494,11.411489817718518,False,inf,0.0,True,0.30235675405158907,17600.0
workshop,medio,1,baldosa,0.10230066285679912,0.7731029732522099,0.7731029732522099,1.0,17,17,175.37680000532418,0.03,0,slam,SLAM-based,True,509.3564000126207,True,10.666670848237308,1.0758066779290407,0.2470880096049969,1.0399832798515676,214.43914340239297,0.0,12.0,0.42282827883763396,10.666670848237308,10.666670848237308,False,inf,0.0,True,0.32999999999999996,71.0
workshop,medio,1,baldosa,0.10230066285679912,0.7731029732522099,0.7731029732522099,1.0,17,17,175.37680000532418,0.03,0,drl,DRL (D3QN),True,11.461300004157238,True,19.74513168716565,1.9914315185933944,0.23972099304199218,0.9316505598442936,3978.1380737036693,39.0,44.0,0.07957747154594767,19.74513168716565,44.57654326435109,False,inf,0.0,True,0.32999999999999996,63.0
workshop,medio,1,baldosa,0.10230066285679912,0.7731029732522099,0.7731029732522099,1.0,17,17,175.37680000532418,0.03,1,tve,TVE (proposed),True,24.45469998929184,True,11.822034605542314,1.001372132482976,0.3399990985358977,0.8193225213410815,13.267098465038053,0.0,4.0,2.9369340222918843,11.822034605542314,11.822034605542314,True,11.822034605542314,0.0,True,0.39742141812628945,
workshop,medio,1,baldosa,0.10230066285679912,0.7731029732522099,0.7731029732522099,1.0,17,17,175.37680000532418,0.03,1,teselado,WDT,True,45.008000000962056,True,13.180741330623691,1.1164598560526438,0.27977241154325555,1.0273975781608966,199.62635022193396,0.0,14.0,0.3194296453323148,13.180741330623691,13.180741330623691,False,inf,0.0,True,0.34567939396513053,
workshop,medio,1,baldosa,0.10230066285679912,0.7731029732522099,0.7731029732522099,1.0,17,17,175.37680000532418,0.03,1,dijkstra,Dijkstra,True,40.99220001080539,True,12.653149339882608,1.071770770419139,0.27567449569702146,0.8819211975963991,669.8851346995343,11.0,17.0,0.3240367791348179,12.653149339882608,12.653149339882608,False,inf,0.0,True,0.3447209644317627,25686.0
workshop,medio,1,baldosa,0.10230066285679912,0.7731029732522099,0.7731029732522099,1.0,17,17,175.37680000532418,0.03,1,astar,A*,True,8.742799996980466,True,12.653149339882608,1.071770770419139,0.33680746555328306,0.9069025467076806,269.31793960682734,1.0,8.0,0.4396595014511547,12.653149339882608,12.653149339882608,False,inf,0.0,True,0.40045344829559326,4704.0
workshop,medio,1,baldosa,0.10230066285679912,0.7731029732522099,0.7731029732522099,1.0,17,17,175.37680000532418,0.03,1,theta,Theta*,True,285.427199996775,True,11.817615290867055,1.0009977994084982,0.2502705692348619,0.8051139690566135,10.599613251655931,0.0,4.0,0.7038296959379335,11.817615290867055,11.817615290867055,False,inf,0.0,True,0.3037494203779431,936.0
workshop,medio,1,baldosa,0.10230066285679912,0.7731029732522099,0.7731029732522099,1.0,17,17,175.37680000532418,0.03,1,visibility,Visibility graph,True,5676.402299999609,True,11.805835435252934,1.0,0.2656661081074749,0.808066716620047,10.880090852067744,0.0,4.0,3.7410877864874874,11.805835435252934,11.805835435252934,True,11.805835435252934,0.0,True,0.30685447788333364,234.0
workshop,medio,1,baldosa,0.10230066285679912,0.7731029732522099,0.7731029732522099,1.0,17,17,175.37680000532418,0.03,1,rrt,RRT,True,10.904100010520779,True,13.926854944551293,1.1796585697751527,0.2936089388169048,0.8806252580982808,786.9002135514497,8.0,22.0,0.17553165907966276,13.926854944551293,17.091841308260193,False,inf,0.0,True,0.36307440399210666,69.0
workshop,medio,1,baldosa,0.10230066285679912,0.7731029732522099,0.7731029732522099,1.0,17,17,175.37680000532418,0.03,1,rrt_star,RRT*,True,1968.4649000118952,True,11.830511574024493,1.002090164555223,0.3047648433831064,0.8125407492705813,29.285781410405544,0.0,8.0,1.9510585081643446,11.830511574024493,11.830511574024493,True,11.830511574024493,0.0,True,0.34628338301452544,4000.0
workshop,medio,1,baldosa,0.10230066285679912,0.7731029732522099,0.7731029732522099,1.0,17,17,175.37680000532418,0.03,1,prm,PRM,True,654.2685000022175,True,12.211123756625495,1.034329491004283,0.3252527655929812,0.816365948785686,327.6073662762799,2.0,16.0,0.32973922378721027,12.211123756625495,12.211123756625495,False,inf,0.0,True,0.395441951751709,602.0
workshop,medio,1,baldosa,0.10230066285679912,0.7731029732522099,0.7731029732522099,1.0,17,17,175.37680000532418,0.03,1,potential,APF,False,1844.7774999949615,,,,,,,,,,,,,,,,,12469.0
workshop,medio,1,baldosa,0.10230066285679912,0.7731029732522099,0.7731029732522099,1.0,17,17,175.37680000532418,0.03,1,hybrid_astar,Hybrid A*,True,77.36609999847133,True,11.933951755317045,1.0108519486627392,0.2682140034203988,0.8246277927322692,132.3658944263791,0.0,13.0,0.8800933679305546,11.933951755317045,11.933951755317045,True,11.933951755317045,0.0,True,0.3099933757346307,94.0
workshop,medio,1,baldosa,0.10230066285679912,0.7731029732522099,0.7731029732522099,1.0,17,17,175.37680000532418,0.03,1,aco,ACO,True,320.774399995571,True,12.73044407655885,1.0783179340739395,0.315,0.8225125063349072,1836.8698976458447,34.0,41.0,0.41252903602890073,12.73044407655885,12.73044407655885,False,inf,0.0,True,0.40499999999999997,40.0
workshop,medio,1,baldosa,0.10230066285679912,0.7731029732522099,0.7731029732522099,1.0,17,17,175.37680000532418,0.03,1,topological,Homotopy planner,True,283.8132000033511,True,11.81806227725518,1.0010356608873046,0.24758815025924485,0.7988221876191824,13.865012801080127,0.0,4.0,1.910853032514943,11.81806227725518,11.81806227725518,True,11.81806227725518,0.0,True,0.31489958069004426,10563.0
workshop,medio,1,baldosa,0.10230066285679912,0.7731029732522099,0.7731029732522099,1.0,17,17,175.37680000532418,0.03,1,slam,SLAM-based,True,595.6684999982826,True,12.642224130934446,1.0708453628943537,0.3116026474937236,0.9511297377918833,468.8521118575185,1.0,17.0,0.16852442070157328,12.642224130934446,13.586626980262322,False,inf,0.0,True,0.39560262460553997,83.0
workshop,medio,1,baldosa,0.10230066285679912,0.7731029732522099,0.7731029732522099,1.0,17,17,175.37680000532418,0.03,1,drl,DRL (D3QN),True,18.938399996841326,True,28.086197869710336,2.3790097722219015,0.375,0.7442382318281953,6222.339087278326,54.0,60.0,0.07957747154594767,28.086197869710336,85.70002718088793,False,inf,0.0,True,0.4526279354095459,105.0
workshop,dificil,1,alfombra,0.18099333197706297,0.7454615895505867,0.7454615895505867,1.0,17,17,193.85500000498723,0.03,0,tve,TVE (proposed),True,24.05659999931231,True,9.034744692279391,1.0082091634486,0.479992841415398,1.0321250857220112,19.26987355030078,0.0,3.0,1.373113566001382,9.034744692279391,9.034744692279391,True,9.034744692279391,0.0,True,0.5431556965568793,
workshop,dificil,1,alfombra,0.18099333197706297,0.7454615895505867,0.7454615895505867,1.0,17,17,193.85500000498723,0.03,0,teselado,WDT,True,44.44570001214743,True,9.014636797185588,1.0059652744642704,0.38890879297948355,1.0232965698319365,21.532054270679744,0.0,6.0,4.724825894795692,9.014636797185588,9.014636797185588,True,9.014636797185588,0.0,True,0.4529591697546604,
workshop,dificil,1,alfombra,0.18099333197706297,0.7454615895505867,0.7454615895505867,1.0,17,17,193.85500000498723,0.03,0,dijkstra,Dijkstra,True,33.26559999550227,True,9.243443712397838,1.0314983953696713,0.27567449569702146,1.0033793111819216,236.30993247402026,3.0,7.0,0.4672174529545054,9.243443712397838,9.243443712397838,False,inf,0.0,True,0.35205821514129637,26252.0
workshop,dificil,1,alfombra,0.18099333197706297,0.7454615895505867,0.7454615895505867,1.0,17,17,193.85500000498723,0.03,0,astar,A*,True,3.5512000031303614,True,9.243443712397838,1.0314983953696713,0.3368074655532837,1.001967536842768,269.68169338854864,0.0,8.0,0.4672174529545054,9.243443712397838,9.243443712397838,False,inf,0.0,True,0.40045344829559326,1462.0
workshop,dificil,1,alfombra,0.18099333197706297,0.7454615895505867,0.7454615895505867,1.0,17,17,193.85500000498723,0.03,0,theta,Theta*,True,292.872999998508,True,8.978612819951374,1.0019452711118308,0.25395640444107215,0.9372688428309753,11.301634828288117,0.0,3.0,1.878541975511995,8.978612819951374,8.978612819951374,True,8.978612819951374,0.0,True,0.3196646771493777,1004.0
workshop,dificil,1,alfombra,0.18099333197706297,0.7454615895505867,0.7454615895505867,1.0,17,17,193.85500000498723,0.03,0,visibility,Visibility graph,True,4010.52530000743,True,8.961180893631102,1.0,0.2886472096926785,0.9444344703317848,11.781265909190756,0.0,3.0,2.0348295860326466,8.961180893631102,8.961180893631102,True,8.961180893631102,0.0,True,0.3522599478929694,196.0
workshop,dificil,1,alfombra,0.18099333197706297,0.7454615895505867,0.7454615895505867,1.0,17,17,193.85500000498723,0.03,0,rrt,RRT,True,22.124399998574518,True,14.86777727903835,1.6591314755854543,0.37323848392227243,1.0004450677882084,815.5403223710239,8.0,21.0,0.16772736814913616,14.86777727903835,19.553005303025895,False,inf,0.0,True,0.4925627458883005,161.0
workshop,dificil,1,alfombra,0.18099333197706297,0.7454615895505867,0.7454615895505867,1.0,17,17,193.85500000498723,0.03,0,rrt_star,RRT*,True,1870.920000001206,True,8.962755492853436,1.0001757133620026,0.2844395010789448,0.9512254011132406,12.09798674902512,0.0,4.0,2.2454202366013307,8.962755492853436,8.962755492853436,True,8.962755492853436,0.0,True,0.3629421798645691,4000.0
workshop,dificil,1,alfombra,0.18099333197706297,0.7454615895505867,0.7454615895505867,1.0,17,17,193.85500000498723,0.03,0,prm,PRM,True,633.2503000012366,True,9.259629742034774,1.033304633836349,0.39642786941528346,1.0556600819080222,145.7180428320188,0.0,13.0,0.6174712655595183,9.259629742034774,9.259629742034774,False,inf,0.0,True,0.4598101671752928,602.0
workshop,dificil,1,alfombra,0.18099333197706297,0.7454615895505867,0.7454615895505867,1.0,17,17,193.85500000498723,0.03,0,potential,APF,True,539.8163000063505,True,154.54921461910956,17.24652324884446,0.2517540684599991,0.8580405380244089,256748.63210129173,1914.0,1999.0,0.07957747154594767,154.54921461910956,608.4717729544384,False,inf,0.0,True,0.2860843649418774,3374.0
workshop,dificil,1,alfombra,0.18099333197706297,0.7454615895505867,0.7454615895505867,1.0,17,17,193.85500000498723,0.03,0,hybrid_astar,Hybrid A*,True,107.9118999914499,True,9.042736362420973,1.0091009733826302,0.2649665021562502,0.9727343301338138,72.19844895465933,0.0,11.0,1.6005094241360294,9.042736362420973,9.042736362420973,True,9.042736362420973,0.0,True,0.327968947411483,134.0
workshop,dificil,1,alfombra,0.18099333197706297,0.7454615895505867,0.7454615895505867,1.0,17,17,193.85500000498723,0.03,0,aco,ACO,True,239.43480000889394,True,9.401606050557099,1.0491481158737703,0.3686279582977295,0.974674130410859,989.2042764472611,20.0,24.0,0.4321173472056879,9.401606050557099,9.401606050557099,False,inf,0.0,True,0.45841868877410885,40.0
workshop,dificil,1,alfombra,0.18099333197706297,0.7454615895505867,0.7454615895505867,1.0,17,17,193.85500000498723,0.03,0,topological,Homotopy planner,True,262.78049999382347,True,9.095639717689599,1.015004587638004,0.25238861247467154,0.9989412240337537,34.202807791301844,0.0,3.0,0.6402572488795493,9.095639717689599,9.095639717689599,False,inf,0.0,True,0.31757832211974535,12021.0
workshop,dificil,1,alfombra,0.18099333197706297,0.7454615895505867,0.7454615895505867,1.0,17,17,193.85500000498723,0.03,0,slam,SLAM-based,True,413.76429999945685,True,9.253356100216662,1.032604542867025,0.31441107519536254,0.988297125830593,206.61253492940233,0.0,10.0,0.2870431777392225,9.253356100216662,9.253356100216662,False,inf,0.0,True,0.3759885753642275,61.0
workshop,dificil,1,alfombra,0.18099333197706297,0.7454615895505867,0.7454615895505867,1.0,17,17,193.85500000498723,0.03,0,drl,DRL (D3QN),True,7.658700007596053,True,11.023762786988453,1.2301685366962372,0.5097674560546874,1.1307525590181176,1150.0168934781002,16.0,21.0,0.15711643071079157,11.023762786988453,15.49265554035624,False,inf,0.0,True,0.5638604736328124,38.0
workshop,dificil,1,alfombra,0.18099333197706297,0.7454615895505867,0.7454615895505867,1.0,17,17,193.85500000498723,0.03,1,tve,TVE (proposed),True,21.656199998687953,True,9.721421575596008,1.023731254830344,0.2812471869033641,0.6331684364543637,110.85529675247655,0.0,10.0,0.9983531023261762,9.721421575596008,9.721421575596008,True,9.721421575596008,0.0,True,0.328226213465963,
workshop,dificil,1,alfombra,0.18099333197706297,0.7454615895505867,0.7454615895505867,1.0,17,17,193.85500000498723,0.03,1,teselado,WDT,True,51.819999993313104,True,10.786315034079065,1.135871717831163,0.37742954911004445,1.0558720986334011,109.67398455654393,0.0,14.0,1.1586186296462921,10.786315034079065,10.786315034079065,True,10.786315034079065,0.0,True,0.4152271247470496,
workshop,dificil,1,alfombra,0.18099333197706297,0.7454615895505867,0.7454615895505867,1.0,17,17,193.85500000498723,0.03,1,dijkstra,Dijkstra,True,32.53309999126941,True,10.16080302527855,1.0700010847451227,0.27567449569702146,0.537883629116223,608.7440625835627,10.0,16.0,0.38134506741197205,10.16080302527855,10.16080302527855,False,inf,0.0,True,0.315,22694.0
workshop,dificil,1,alfombra,0.18099333197706297,0.7454615895505867,0.7454615895505867,1.0,17,17,193.85500000498723,0.03,1,astar,A*,True,5.341199997928925,True,10.16080302527855,1.0700010847451227,0.285,0.5781316091642676,751.9423335902803,10.0,19.0,0.37962298672376504,10.16080302527855,10.16080302527855,False,inf,0.0,True,0.3538604736328125,2607.0
workshop,dificil,1,alfombra,0.18099333197706297,0.7454615895505867,0.7454615895505867,1.0,17,17,193.85500000498723,0.03,1,theta,Theta*,True,410.0678999966476,True,9.570156861332078,1.0078020602633992,0.25387474973996516,0.5024512457594164,126.48362371393883,1.0,6.0,0.4385569061198797,9.570156861332078,9.570156861332078,False,inf,0.0,True,0.3329197030697234,1619.0
workshop,dificil,1,alfombra,0.18099333197706297,0.7454615895505867,0.7454615895505867,1.0,17,17,193.85500000498723,0.03,1,visibility,Visibility graph,True,3942.435499993735,True,9.49606796678985,1.0,0.2513721045760562,0.5112336813292709,127.67072338367024,0.0,8.0,0.49776469358425046,9.49606796678985,9.49606796678985,False,inf,0.0,True,0.3583434068216288,196.0
workshop,dificil,1,alfombra,0.18099333197706297,0.7454615895505867,0.7454615895505867,1.0,17,17,193.85500000498723,0.03,1,rrt,RRT,True,8.499699993990362,True,12.90192281192705,1.3586594848571365,0.27209387645676353,0.8820697337458663,871.7631473378572,9.0,23.0,0.14555356885821794,12.90192281192705,17.291027602928153,False,inf,0.0,True,0.3016563792580972,65.0
workshop,dificil,1,alfombra,0.18099333197706297,0.7454615895505867,0.7454615895505867,1.0,17,17,193.85500000498723,0.03,1,rrt_star,RRT*,True,1835.3680000000168,True,9.596046228318329,1.0105283852093445,0.25052026835876234,0.5289032305519688,181.4172314859546,0.0,13.0,0.3247499607783804,9.596046228318329,9.596046228318329,False,inf,0.0,True,0.3522159055766986,4000.0
workshop,dificil,1,alfombra,0.18099333197706297,0.7454615895505867,0.7454615895505867,1.0,17,17,193.85500000498723,0.03,1,prm,PRM,True,656.6394999972545,True,10.028776616992621,1.056097813544068,0.28396732216927056,0.8662812392407605,218.82615296726726,1.0,13.0,0.32229694842511675,10.028776616992621,10.028776616992621,False,inf,0.0,True,0.3233284538269043,602.0
workshop,dificil,1,alfombra,0.18099333197706297,0.7454615895505867,0.7454615895505867,1.0,17,17,193.85500000498723,0.03,1,potential,APF,True,271.496199988178,True,68.3742386096785,7.200268453090321,0.26986931146447174,0.706182273236268,100483.90970137401,733.0,776.0,0.07957747154594767,68.3742386096785,244.12924818809466,False,inf,0.0,True,0.3818912001964086,1697.0
workshop,dificil,1,alfombra,0.18099333197706297,0.7454615895505867,0.7454615895505867,1.0,17,17,193.85500000498723,0.03,1,hybrid_astar,Hybrid A*,False,6.3741000049049035,,,,,,,,,,,,,,,,,6.0
workshop,dificil,1,alfombra,0.18099333197706297,0.7454615895505867,0.7454615895505867,1.0,17,17,193.85500000498723,0.03,1,aco,ACO,True,335.12030000565574,True,10.791288055457409,1.1363954105212042,0.315,0.5411963375034395,2065.5900314685205,39.0,44.0,0.32532640660389167,10.791288055457409,10.791288055457409,False,inf,0.0,True,0.435,40.0
workshop,dificil,1,alfombra,0.18099333197706297,0.7454615895505867,0.7454615895505867,1.0,17,17,193.85500000498723,0.03,1,topological,Homotopy planner,True,293.66480000317097,True,9.542815976801712,1.0049228807307775,0.24825700318187302,0.5008840343868584,138.3210837044431,1.0,7.0,0.45615725248744177,9.542815976801712,9.542815976801712,False,inf,0.0,True,0.3313023608737489,5473.0
workshop,dificil,1,alfombra,0.18099333197706297,0.7454615895505867,0.7454615895505867,1.0,17,17,193.85500000498723,0.03,1,slam,SLAM-based,True,465.294299996458,True,10.084343182673841,1.0619493476606674,0.3181757422151372,0.553847689440097,646.9542603812706,3.0,26.0,0.31284046338464794,10.084343182673841,10.084343182673841,False,inf,0.0,True,0.4014397239998641,66.0
workshop,dificil,1,alfombra,0.18099333197706297,0.7454615895505867,0.7454615895505867,1.0,17,17,193.85500000498723,0.03,1,drl,DRL (D3QN),True,10.927000010269694,True,14.58080260101149,1.535456849298493,0.5097674560546874,0.9713617467638103,2001.8014094863518,18.0,23.0,0.07957747207974375,14.58080260101149,29.887310434885784,False,inf,0.0,True,0.645,49.0
workshop,dificil,2,madera,0.15593727850021236,0.5601897284919856,0.6235965284942647,0.8463756177924218,13,15,194.534999987809,0.03,0,tve,TVE (proposed),True,26.378599999588914,True,8.194766920366854,1.0025381737851748,0.2827774841029317,0.9853152971335392,28.380131186905803,0.0,4.0,1.00921025728383,8.194766920366854,8.194766920366854,True,8.194766920366854,0.0,True,0.2753548395770378,
workshop,dificil,2,madera,0.15593727850021236,0.5601897284919856,0.6235965284942647,0.8463756177924218,13,15,194.534999987809,0.03,0,teselado,WDT,True,46.844100012094714,True,8.950945976467352,1.095048232622047,0.250290909185206,0.9399292187062958,100.54434459261172,0.0,6.0,0.5944351245397844,8.950945976467352,8.950945976467352,False,inf,0.0,True,0.3380584783102693,
workshop,dificil,2,madera,0.15593727850021236,0.5601897284919856,0.6235965284942647,0.8463756177924218,13,15,194.534999987809,0.03,0,dijkstra,Dijkstra,True,26.28269999695476,True,8.594041122946063,1.0513849114389864,0.2861512327194214,0.951991385494797,227.01637496058729,4.0,7.0,0.3645507967030359,8.594041122946063,8.594041122946063,False,inf,0.0,True,0.35845345973968507,19929.0
workshop,dificil,2,madera,0.15593727850021236,0.5601897284919856,0.6235965284942647,0.8463756177924218,13,15,194.534999987809,0.03,0,astar,A*,True,9.62450000224635,True,8.594041122946063,1.0513849114389864,0.27567449569702146,0.9238854626712287,407.2482670662465,4.0,11.0,0.5290294219921292,8.594041122946063,8.594041122946063,False,inf,0.0,True,0.35060471534729004,2410.0
workshop,dificil,2,madera,0.15593727850021236,0.5601897284919856,0.6235965284942647,0.8463756177924218,13,15,194.534999987809,0.03,0,theta,Theta*,True,450.665200012736,True,8.207261561727083,1.0040667535548145,0.2501598100193211,0.9957872478722152,34.11081991556782,0.0,4.0,0.990339752312154,8.207261561727083,8.207261561727083,True,8.207261561727083,0.0,True,0.2771117835748388,1732.0
workshop,dificil,2,madera,0.15593727850021236,0.5601897284919856,0.6235965284942647,0.8463756177924218,13,15,194.534999987809,0.03,0,visibility,Visibility graph,True,3257.3828999884427,True,8.174019837495823,1.0,0.2731574365607982,0.9987328847305686,27.09843165693312,0.0,4.0,0.9232245598671128,8.174019837495823,8.174019837495823,True,8.174019837495823,0.037911609007628,True,0.264339092375738,169.0
workshop,dificil,2,madera,0.15593727850021236,0.5601897284919856,0.6235965284942647,0.8463756177924218,13,15,194.534999987809,0.03,0,rrt,RRT,True,10.544399992795661,True,11.439735868336156,1.39952386900994,0.31322053592718146,0.946492077958032,703.0341042479935,5.0,20.0,0.1599932766705434,11.439735868336156,14.940428484896795,False,inf,0.0,True,0.4462805879485201,65.0
workshop,dificil,2,madera,0.15593727850021236,0.5601897284919856,0.6235965284942647,0.8463756177924218,13,15,194.534999987809,0.03,0,rrt_star,RRT*,True,1753.3582000032766,True,8.192705413349673,1.0022859714345367,0.2717284266777882,0.9861085295810295,48.65896177496744,0.0,8.0,1.1563903009387493,8.192705413349673,8.192705413349673,True,8.192705413349673,0.02872910045190129,True,0.26555165847113,4000.0
workshop,dificil,2,madera,0.15593727850021236,0.5601897284919856,0.6235965284942647,0.8463756177924218,13,15,194.534999987809,0.03,0,prm,PRM,True,611.2890000076732,True,8.577572002955526,1.0493700986151917,0.3895414801172194,0.9960307586665542,253.14273077221392,1.0,15.0,0.46842125547807156,8.577572002955526,8.577572002955526,False,inf,0.0,True,0.41213934511902056,602.0
workshop,dificil,2,madera,0.15593727850021236,0.5601897284919856,0.6235965284942647,0.8463756177924218,13,15,194.534999987809,0.03,0,potential,APF,False,1841.6272000031313,,,,,,,,,,,,,,,,,12331.0
workshop,dificil,2,madera,0.15593727850021236,0.5601897284919856,0.6235965284942647,0.8463756177924218,13,15,194.534999987809,0.03,0,hybrid_astar,Hybrid A*,True,69.60139999864623,True,8.230506797047077,1.0069105483806313,0.2605387515297937,1.0715345467764634,66.58172203586454,0.0,10.0,1.7841925021508847,8.230506797047077,8.230506797047077,True,8.230506797047077,0.0,True,0.2670777249340066,86.0
workshop,dificil,2,madera,0.15593727850021236,0.5601897284919856,0.6235965284942647,0.8463756177924218,13,15,194.534999987809,0.03,0,aco,ACO,True,457.25779999338556,True,9.268082245892128,1.1338463118694215,0.32976748466491695,1.0531587463787768,1566.8698976458445,26.0,33.0,0.1289215115064503,9.268082245892128,10.502592617607188,False,inf,0.0,True,0.3415814781188965,40.0
workshop,dificil,2,madera,0.15593727850021236,0.5601897284919856,0.6235965284942647,0.8463756177924218,13,15,194.534999987809,0.03,0,topological,Homotopy planner,True,307.84330000460614,True,8.17127430174442,0.9996641143762818,0.246821900240881,1.001032310273163,34.42146146368841,0.0,4.0,0.9658349958309075,8.17127430174442,8.17127430174442,True,8.17127430174442,0.0,True,0.2786142742704606,15691.0
workshop,dificil,2,madera,0.15593727850021236,0.5601897284919856,0.6235965284942647,0.8463756177924218,13,15,194.534999987809,0.03,0,slam,SLAM-based,True,395.29319999564905,True,8.602269839393246,1.0523916029580644,0.3276208242771495,1.0232161698073003,296.40598698709437,1.0,8.0,0.3102568672453677,8.602269839393246,8.602269839393246,False,inf,0.0,True,0.32899154793063967,57.0
workshop,dificil,2,madera,0.15593727850021236,0.5601897284919856,0.6235965284942647,0.8463756177924218,13,15,194.534999987809,0.03,0,drl,DRL (D3QN),True,8.784599995124154,True,14.740538324121442,1.8033401700964462,0.413627986907959,0.9288782940568397,2393.972625407478,31.0,34.0,0.07957747154594767,14.740538324121442,28.72893237710195,False,inf,0.0,True,0.48,49.0
workshop,dificil,2,madera,0.15593727850021236,0.5601897284919856,0.6235965284942647,0.8463756177924218,13,15,194.534999987809,0.03,1,tve,TVE (proposed),True,18.875000008847564,True,6.602365007938828,1.0000071540174271,0.2518139934539795,1.1115714331171993,0.0,0.0,2.0,20.89642041221754,6.602365007938828,6.602365007938828,True,6.602365007938828,0.0,True,0.3,
workshop,dificil,2,madera,0.15593727850021236,0.5601897284919856,0.6235965284942647,0.8463756177924218,13,15,194.534999987809,0.03,1,teselado,WDT,True,33.97920000134036,True,6.602317774842408,1.0000000000000002,0.2518139934539795,1.1100226970649627,0.0,0.0,2.0,11863283.203031443,6.602317774842408,6.602317774842408,True,6.602317774842408,0.0,True,0.3,
workshop,dificil,2,madera,0.15593727850021236,0.5601897284919856,0.6235965284942647,0.8463756177924218,13,15,194.534999987809,0.03,1,dijkstra,Dijkstra,True,50.92530000547413,True,7.172465545518322,1.0863556996375447,0.2518139934539795,0.9391671627959619,469.2539885539969,3.0,13.0,0.3281769667300446,7.172465545518322,7.172465545518322,False,inf,0.0,True,0.3,26066.0
workshop,dificil,2,madera,0.15593727850021236,0.5601897284919856,0.6235965284942647,0.8463756177924218,13,15,194.534999987809,0.03,1,astar,A*,True,1.8985999922733754,True,7.172465545518322,1.0863556996375447,0.2518139934539795,1.1452232615573439,666.7998539405014,7.0,17.0,0.41230570763393926,7.172465545518322,7.172465545518322,False,inf,0.0,True,0.3,396.0
workshop,dificil,2,madera,0.15593727850021236,0.5601897284919856,0.6235965284942647,0.8463756177924218,13,15,194.534999987809,0.03,1,theta,Theta*,True,134.9608000018634,True,6.631725914264568,1.0044542144781667,0.2518139934539795,1.1239170341771931,0.0,0.0,2.0,2.820997581125118,6.631725914264568,6.631725914264568,True,6.631725914264568,0.0,True,0.3,356.0
workshop,dificil,2,madera,0.15593727850021236,0.5601897284919856,0.6235965284942647,0.8463756177924218,13,15,194.534999987809,0.03,1,visibility,Visibility graph,True,3081.8843000015477,True,6.602317774842407,1.0,0.2518139934539795,1.1100250164447436,0.0,0.0,2.0,11863283.203031443,6.602317774842407,6.602317774842407,True,6.602317774842407,0.0,True,0.3,169.0
workshop,dificil,2,madera,0.15593727850021236,0.5601897284919856,0.6235965284942647,0.8463756177924218,13,15,194.534999987809,0.03,1,rrt,RRT,True,2.4080000002868474,True,6.602317774842407,1.0,0.2518139934539795,1.1100250164447436,0.0,0.0,2.0,11863283.203031443,6.602317774842407,6.602317774842407,True,6.602317774842407,0.0,True,0.3,0.0
workshop,dificil,2,madera,0.15593727850021236,0.5601897284919856,0.6235965284942647,0.8463756177924218,13,15,194.534999987809,0.03,1,rrt_star,RRT*,True,1673.6611999949673,True,6.605598786424658,1.000496948449642,0.2518139934539795,1.146226442930739,4.792768633574938,0.0,4.0,7.183689999022554,6.605598786424658,6.605598786424658,True,6.605598786424658,0.0,True,0.3,4000.0
workshop,dificil,2,madera,0.15593727850021236,0.5601897284919856,0.6235965284942647,0.8463756177924218,13,15,194.534999987809,0.03,1,prm,PRM,True,664.1273999994155,True,6.678397012422426,1.0115231105461042,0.2518139934539795,1.07515546747714,92.92117950940978,0.0,10.0,1.0796013253532786,6.678397012422426,6.678397012422426,True,6.678397012422426,0.0,True,0.3,602.0
workshop,dificil,2,madera,0.15593727850021236,0.5601897284919856,0.6235965284942647,0.8463756177924218,13,15,194.534999987809,0.03,1,potential,APF,False,1780.7272999925772,,,,,,,,,,,,,,,,,12338.0
workshop,dificil,2,madera,0.15593727850021236,0.5601897284919856,0.6235965284942647,0.8463756177924218,13,15,194.534999987809,0.03,1,hybrid_astar,Hybrid A*,True,20.088799996301532,True,6.6853228988524585,1.0125721188892687,0.2518139934539795,1.1117841105853814,79.4499892226642,0.0,9.0,1.17959000025087,6.6853228988524585,6.6853228988524585,True,6.6853228988524585,0.0,True,0.3,23.0
workshop,dificil,2,madera,0.15593727850021236,0.5601897284919856,0.6235965284942647,0.8463756177924218,13,15,194.534999987809,0.03,1,aco,ACO,True,204.2038999934448,True,7.152495659038475,1.0833310214622622,0.2518139934539795,1.2975599416092976,1154.173845923828,24.0,28.0,0.32099822403207234,7.152495659038475,7.152495659038475,False,inf,0.0,True,0.3,40.0
workshop,dificil,2,madera,0.15593727850021236,0.5601897284919856,0.6235965284942647,0.8463756177924218,13,15,194.534999987809,0.03,1,topological,Homotopy planner,True,249.20000000565778,True,6.602317774842407,1.0,0.2518139934539795,1.1100250164447436,0.0,0.0,2.0,11863283.203031443,6.602317774842407,6.602317774842407,True,6.602317774842407,0.0,True,0.3,10088.0
workshop,dificil,2,madera,0.15593727850021236,0.5601897284919856,0.6235965284942647,0.8463756177924218,13,15,194.534999987809,0.03,1,slam,SLAM-based,True,325.1882000040496,True,7.156673344960485,1.0839637819661458,0.2518139934539795,1.2680206293735787,370.3441361987847,2.0,12.0,0.22539424835443683,7.156673344960485,7.86279137704807,False,inf,0.0,True,0.3,47.0
workshop,dificil,2,madera,0.15593727850021236,0.5601897284919856,0.6235965284942647,0.8463756177924218,13,15,194.534999987809,0.03,1,drl,DRL (D3QN),True,5.3007999958936125,True,7.80364233939189,1.1819549748312677,0.2518139934539795,1.4016048564121397,780.6422464572089,14.0,17.0,0.21418321582208558,7.80364233939189,8.546720841043017,False,inf,0.0,True,0.3,25.0
workshop,dificil,3,madera,0.125660487871519,0.7931461332985862,0.8239593908629441,0.9549733291496706,15,16,185.08070000098087,0.03,0,tve,TVE (proposed),True,18.706899994867854,True,6.670245615873714,1.0038849720443035,0.3217358132016794,0.9329553636873252,25.459161018159673,0.0,4.0,1.0726823062103172,6.670245615873714,6.670245615873714,True,6.670245615873714,0.0,True,0.36021526931914266,
workshop,dificil,3,madera,0.125660487871519,0.7931461332985862,0.8239593908629441,0.9549733291496706,15,16,185.08070000098087,0.03,0,teselado,WDT,True,38.33170000871178,True,6.84595377704373,1.0303293929280481,0.5443150993850874,1.0701377453949388,45.502575504498616,0.0,7.0,1.6208775573061756,6.84595377704373,6.84595377704373,True,6.84595377704373,0.0,True,0.5841290785255906,
workshop,dificil,3,madera,0.125660487871519,0.7931461332985862,0.8239593908629441,0.9549733291496706,15,16,185.08070000098087,0.03,0,dijkstra,Dijkstra,True,22.347599995555356,True,7.045067093990478,1.060296335395811,0.284697732925415,0.8209730707298922,492.70938995736157,7.0,13.0,0.4765254584409146,7.045067093990478,7.045067093990478,False,inf,0.0,True,0.31645347118377687,18926.0
workshop,dificil,3,madera,0.125660487871519,0.7931461332985862,0.8239593908629441,0.9549733291496706,15,16,185.08070000098087,0.03,0,astar,A*,True,1.9103000086033717,True,7.045067093990478,1.060296335395811,0.31645347118377687,0.8402813816078684,402.7093899573615,4.0,11.0,0.4897485079045085,7.045067093990478,7.045067093990478,False,inf,0.0,True,0.31645347118377687,575.0
workshop,dificil,3,madera,0.125660487871519,0.7931461332985862,0.8239593908629441,0.9549733291496706,15,16,185.08070000098087,0.03,0,theta,Theta*,True,295.96760000276845,True,6.655841959750582,1.0017171937109095,0.27598829888802995,0.9244990586993064,23.587932341982448,0.0,3.0,0.8244174793139956,6.655841959750582,6.655841959750582,True,6.655841959750582,0.0,True,0.31707679236433495,1097.0
workshop,dificil,3,madera,0.125660487871519,0.7931461332985862,0.8239593908629441,0.9549733291496706,15,16,185.08070000098087,0.03,0,visibility,Visibility graph,True,3083.447100012563,True,6.644432182594066,1.0,0.24815500097724846,0.9232368970002865,23.808291555810605,0.0,4.0,1.8224959277943213,6.644432182594066,6.644432182594066,True,6.644432182594066,0.0,True,0.28784153619917696,174.0
workshop,dificil,3,madera,0.125660487871519,0.7931461332985862,0.8239593908629441,0.9549733291496706,15,16,185.08070000098087,0.03,0,rrt,RRT,True,9.225700006936677,True,8.443483295841903,1.2707607006601227,0.2532715745077461,0.863909371431892,678.5374852095092,8.0,17.0,0.1754464511380778,8.443483295841903,12.408324082952044,False,inf,0.0,True,0.3593578567957854,31.0
workshop,dificil,3,madera,0.125660487871519,0.7931461332985862,0.8239593908629441,0.9549733291496706,15,16,185.08070000098087,0.03,0,rrt_star,RRT*,True,1732.0372000103816,True,6.659363384361682,1.0022471749815929,0.25509375701451537,0.9596118725357541,29.081426329911483,0.0,6.0,1.1360457041560577,6.659363384361682,6.659363384361682,True,6.659363384361682,0.0,True,0.2930711276876416,4000.0
workshop,dificil,3,madera,0.125660487871519,0.7931461332985862,0.8239593908629441,0.9549733291496706,15,16,185.08070000098087,0.03,0,prm,PRM,True,647.759400002542,True,6.876690633921824,1.0349553498245025,0.27452333450317384,1.1050790008010858,144.5182853060622,1.0,10.0,0.5749079225026417,6.876690633921824,6.876690633921824,False,inf,0.0,True,0.3131819470971823,602.0
workshop,dificil,3,madera,0.125660487871519,0.7931461332985862,0.8239593908629441,0.9549733291496706,15,16,185.08070000098087,0.03,0,potential,APF,True,167.71080000035,True,37.56500303949955,5.653606208504294,0.2761783522917447,0.7897316715488026,47137.507891381785,348.0,371.0,0.07957747207974375,37.56500303949955,146.44155455298306,False,inf,0.0,True,0.3904572036768426,955.0
workshop,dificil,3,madera,0.125660487871519,0.7931461332985862,0.8239593908629441,0.9549733291496706,15,16,185.08070000098087,0.03,0,hybrid_astar,Hybrid A*,True,98.73710000829305,True,6.7068683448778845,1.0093967641730737,0.2498542584183923,0.9083385134245081,80.60678777119695,0.0,10.0,0.9463688923961557,6.7068683448778845,6.7068683448778845,True,6.7068683448778845,0.0,True,0.2907027846600724,133.0
workshop,dificil,3,madera,0.125660487871519,0.7931461332985862,0.8239593908629441,0.9549733291496706,15,16,185.08070000098087,0.03,0,aco,ACO,True,204.19940000283532,True,7.1577878733769,1.0772610324968976,0.35205821514129637,0.9889113762445346,630.0000000000001,10.0,16.0,0.3638465374512025,7.1577878733769,7.1577878733769,False,inf,0.0,True,0.4074884605407715,40.0
workshop,dificil,3,madera,0.125660487871519,0.7931461332985862,0.8239593908629441,0.9549733291496706,15,16,185.08070000098087,0.03,0,topological,Homotopy planner,True,262.57279999845196,True,6.659194134858163,1.0022217026012799,0.25239991558817565,0.9234510186685418,25.082958608167903,0.0,3.0,1.1318187158734783,6.659194134858163,6.659194134858163,True,6.659194134858163,0.0,True,0.29439990414408385,11329.0
workshop,dificil,3,madera,0.125660487871519,0.7931461332985862,0.8239593908629441,0.9549733291496706,15,16,185.08070000098087,0.03,0,slam,SLAM-based,True,345.359599989024,True,7.1095661388186615,1.0700035674143944,0.3778875326792331,1.0124864437592198,333.02521812507825,1.0,13.0,0.11984187308110121,7.1095661388186615,8.437607323423558,False,inf,0.0,True,0.43732834981769086,47.0
workshop,dificil,3,madera,0.125660487871519,0.7931461332985862,0.8239593908629441,0.9549733291496706,15,16,185.08070000098087,0.03,0,drl,DRL (D3QN),True,9.16299999516923,True,8.469659416730693,1.2747002578968358,0.5338604736328125,1.1031528143425466,921.1612598168282,15.0,19.0,0.18012043300529715,8.469659416730693,11.062870089009186,False,inf,0.0,True,0.585,29.0
workshop,dificil,3,madera,0.125660487871519,0.7931461332985862,0.8239593908629441,0.9549733291496706,15,16,185.08070000098087,0.03,1,tve,TVE (proposed),True,19.831500001600944,True,12.91251338947427,1.0059729885044137,0.32805469037717044,1.1554777866394543,46.558933043026464,0.0,5.0,1.019812103332314,12.91251338947427,12.91251338947427,True,12.91251338947427,0.0,True,0.32999999999999996,
workshop,dificil,3,madera,0.125660487871519,0.7931461332985862,0.8239593908629441,0.9549733291496706,15,16,185.08070000098087,0.03,1,teselado,WDT,True,47.30580000614282,True,12.964684940252033,1.010037508653806,0.27164348979368325,1.1846701982413135,70.38550172292429,0.0,11.0,2.526921197926643,12.964684940252033,12.964684940252033,True,12.964684940252033,0.0,True,0.2918981840773343,
workshop,dificil,3,madera,0.125660487871519,0.7931461332985862,0.8239593908629441,0.9549733291496706,15,16,185.08070000098087,0.03,1,dijkstra,Dijkstra,True,31.29349999653641,True,13.564175310927023,1.056741903187804,0.27567449569702146,1.0215350770983813,856.2857243323589,9.0,21.0,0.32256592885004176,13.564175310927023,13.564175310927023,False,inf,0.0,True,0.27567449569702146,27384.0
workshop,dificil,3,madera,0.125660487871519,0.7931461332985862,0.8239593908629441,0.9549733291496706,15,16,185.08070000098087,0.03,1,astar,A*,True,9.01470000098925,True,13.564175310927022,1.056741903187804,0.27567449569702146,1.1363289625057638,903.5763343749975,18.0,22.0,0.3182813871878771,13.564175310927022,13.564175310927022,False,inf,0.0,True,0.27567449569702146,4170.0
workshop,dificil,3,madera,0.125660487871519,0.7931461332985862,0.8239593908629441,0.9549733291496706,15,16,185.08070000098087,0.03,1,theta,Theta*,True,781.7398000042886,True,12.863792896578671,1.0021773293355687,0.2553196811676028,1.1643486802532348,32.22722769171101,0.0,4.0,0.910097624169818,12.863792896578671,12.863792896578671,True,12.863792896578671,0.0,True,0.28957869573853035,3094.0
workshop,dificil,3,madera,0.125660487871519,0.7931461332985862,0.8239593908629441,0.9549733291496706,15,16,185.08070000098087,0.03,1,visibility,Visibility graph,True,3079.666500008898,True,12.835845034637941,1.0,0.258945892608531,1.1654656184506333,31.06619418765416,0.0,4.0,1.0529002571642623,12.835845034637941,12.835845034637941,True,12.835845034637941,0.0,True,0.2887356545420443,174.0
workshop,dificil,3,madera,0.125660487871519,0.7931461332985862,0.8239593908629441,0.9549733291496706,15,16,185.08070000098087,0.03,1,rrt,RRT,True,14.983199987909757,True,16.765784406967207,1.306169119502783,0.2514473886858775,0.9715499606591589,1149.3326870267567,12.0,30.0,0.1583218104599719,16.765784406967207,22.64110367231692,False,inf,0.0,True,0.32999999999999996,113.0
workshop,dificil,3,madera,0.125660487871519,0.7931461332985862,0.8239593908629441,0.9549733291496706,15,16,185.08070000098087,0.03,1,rrt_star,RRT*,True,1727.820400003111,True,12.86030649773413,1.0019057150526653,0.25995756427842825,1.1606014471187296,59.32852269491032,0.0,9.0,0.6493466856968775,12.86030649773413,12.86030649773413,False,inf,0.0,True,0.27094515150442433,4000.0
workshop,dificil,3,madera,0.125660487871519,0.7931461332985862,0.8239593908629441,0.9549733291496706,15,16,185.08070000098087,0.03,1,prm,PRM,True,639.6052000054624,True,13.229693293760104,1.0306834694606666,0.25132517366993173,1.174404425521192,246.8381463128063,0.0,15.0,0.5392020881582257,13.229693293760104,13.229693293760104,False,inf,0.029384756657485602,True,0.2686229844526809,602.0
workshop,dificil,3,madera,0.125660487871519,0.7931461332985862,0.8239593908629441,0.9549733291496706,15,16,185.08070000098087,0.03,1,potential,APF,False,1808.4309000114445,,,,,,,,,,,,,,,,,12072.0
workshop,dificil,3,madera,0.125660487871519,0.7931461332985862,0.8239593908629441,0.9549733291496706,15,16,185.08070000098087,0.03,1,hybrid_astar,Hybrid A*,True,171.75109998788685,True,13.00502293210998,1.01318011373739,0.27439749256830537,1.1034345698645405,185.67195081684605,0.0,20.0,0.8002094209987108,13.00502293210998,13.00502293210998,True,13.00502293210998,0.0,True,0.30023971174093345,241.0
workshop,dificil,3,madera,0.125660487871519,0.7931461332985862,0.8239593908629441,0.9549733291496706,15,16,185.08070000098087,0.03,1,aco,ACO,True,332.3767999972915,True,13.846941719896263,1.0787713378067314,0.315,1.129736223478886,859.3987053549955,9.0,20.0,0.27304253037642495,13.846941719896263,13.846941719896263,False,inf,0.0,True,0.32999999999999996,40.0
workshop,dificil,3,madera,0.125660487871519,0.7931461332985862,0.8239593908629441,0.9549733291496706,15,16,185.08070000098087,0.03,1,topological,Homotopy planner,True,339.65639999951236,True,12.85401233317559,1.0014153566429498,0.2516186178135096,1.1727229654336815,35.95991951713674,0.0,4.0,1.017199576782891,12.85401233317559,12.85401233317559,True,12.85401233317559,0.16049861397813922,True,0.25856589615682485,17481.0
workshop,dificil,3,madera,0.125660487871519,0.7931461332985862,0.8239593908629441,0.9549733291496706,15,16,185.08070000098087,0.03,1,slam,SLAM-based,True,661.3421000074595,True,13.334646044395024,1.0388600055867807,0.29643902194216765,1.2060086658179192,616.9553054858262,2.0,27.0,0.265573908098538,13.334646044395024,13.334646044395024,False,inf,0.0,True,0.29643902194216765,88.0
workshop,dificil,3,madera,0.125660487871519,0.7931461332985862,0.8239593908629441,0.9549733291496706,15,16,185.08070000098087,0.03,1,drl,DRL (D3QN),True,20.143599991570227,True,22.653430667669973,1.764856977202433,0.32999999999999996,1.1135915233799223,3720.4110812671256,39.0,44.0,0.07957747154594767,22.653430667669973,48.33567783582571,False,inf,0.0,True,0.32999999999999996,79.0
store,facil,0,alfombra,0.0,0.9314458969916523,0.9314458969916523,1.0,13,13,142.5468999950681,0.035,0,tve,TVE (proposed),True,25.253500003600493,True,12.122519531034794,1.0033109266122795,0.31078621776598603,0.8611419315730688,60.39944333768333,0.0,6.0,0.8015752360566594,12.122519531034794,12.122519531034794,True,12.122519531034794,0.0,True,0.3910322307911034,
store,facil,0,alfombra,0.0,0.9314458969916523,0.9314458969916523,1.0,13,13,142.5468999950681,0.035,0,teselado,WDT,True,37.830000001122244,True,12.478190253621745,1.0327477381046435,0.49578767364350657,1.0263734955636195,86.69880237578452,0.0,14.0,2.6595590000736946,12.478190253621745,12.478190253621745,True,12.478190253621745,0.0,True,0.5770329567941666,
store,facil,0,alfombra,0.0,0.9314458969916523,0.9314458969916523,1.0,13,13,142.5468999950681,0.035,0,dijkstra,Dijkstra,True,24.793000004137866,True,12.788290398693844,1.0584129360940857,0.29750000000000004,0.7539017192689362,217.4441964340896,1.0,7.0,0.2867181977821409,12.788290398693844,12.788290398693844,False,inf,0.0,True,0.3931304597854608,21232.0
store,facil,0,alfombra,0.0,0.9314458969916523,0.9314458969916523,1.0,13,13,142.5468999950681,0.035,0,astar,A*,True,10.414300006232224,True,12.788290398693844,1.0584129360940857,0.29750000000000004,0.8040627820850322,705.2803402825068,10.0,18.0,0.2867181977821409,12.788290398693844,12.788290398693844,False,inf,0.0,True,0.3931304597854608,5574.0
store,facil,0,alfombra,0.0,0.9314458969916523,0.9314458969916523,1.0,13,13,142.5468999950681,0.035,0,theta,Theta*,True,1279.4619999913266,True,12.100105362870101,1.0014558353688305,0.2656917866640098,0.8489818293173537,58.33971800677966,1.0,3.0,0.3438038863245956,12.100105362870101,12.100105362870101,False,inf,0.0,True,0.34450526963007394,4678.0
store,facil,0,alfombra,0.0,0.9314458969916523,0.9314458969916523,1.0,13,13,142.5468999950681,0.035,0,visibility,Visibility graph,True,2661.242399990442,True,12.082515209883121,1.0,0.26572288223146295,0.8559994433702587,59.03821211433595,0.0,4.0,0.532644132497667,12.082515209883121,12.082515209883121,False,inf,0.0,True,0.3504486104087556,158.0
store,facil,0,alfombra,0.0,0.9314458969916523,0.9314458969916523,1.0,13,13,142.5468999950681,0.035,0,rrt,RRT,True,46.88259999966249,True,16.21546108317981,1.3420600596402368,0.2871013966987616,0.8629837847144878,1234.5703732324378,13.0,30.0,0.15225510068094966,16.21546108317981,23.07233688254439,False,inf,0.0,True,0.3921013966987616,332.0
store,facil,0,alfombra,0.0,0.9314458969916523,0.9314458969916523,1.0,13,13,142.5468999950681,0.035,0,rrt_star,RRT*,True,1717.4254999990808,True,12.103782367169565,1.0017601597777464,0.26474454762298844,0.8903735251892234,73.48378658109246,0.0,8.0,0.8464385186419188,12.103782367169565,12.103782367169565,True,12.103782367169565,0.0,True,0.3351914764657157,4000.0
store,facil,0,alfombra,0.0,0.9314458969916523,0.9314458969916523,1.0,13,13,142.5468999950681,0.035,0,prm,PRM,True,642.7927000040654,True,12.613521845759006,1.0439483523630526,0.28,0.6497923237906407,244.4257462005299,1.0,14.0,0.4110641336507599,12.613521845759006,12.613521845759006,False,inf,0.0,True,0.35000000000000003,602.0
store,facil,0,alfombra,0.0,0.9314458969916523,0.9314458969916523,1.0,13,13,142.5468999950681,0.035,0,potential,APF,True,164.96399999596179,True,35.188054112299426,2.9123120063210592,0.309365626389741,0.7113842755052349,70306.02948423999,452.0,466.0,0.07957747579960264,35.188054112299426,113.9024243173498,False,inf,0.0,True,0.309365626389741,901.0
store,facil,0,alfombra,0.0,0.9314458969916523,0.9314458969916523,1.0,13,13,142.5468999950681,0.035,0,hybrid_astar,Hybrid A*,True,73.04410000506323,True,12.330429990177002,1.0205184745052995,0.303788812285207,0.9948744285856738,160.89722309343753,0.0,15.0,0.8033940224691674,12.330429990177002,12.330429990177002,True,12.330429990177002,0.0,True,0.3706699798716157,94.0
store,facil,0,alfombra,0.0,0.9314458969916523,0.9314458969916523,1.0,13,13,142.5468999950681,0.035,0,aco,ACO,True,321.89009999274276,True,13.255866368503609,1.0971114985777732,0.3325,0.6238530859051641,912.0947570770123,17.0,22.0,0.2932821754873933,13.255866368503609,13.255866368503609,False,inf,0.0,True,0.4025,40.0
store,facil,0,alfombra,0.0,0.9314458969916523,0.9314458969916523,1.0,13,13,142.5468999950681,0.035,0,topological,Homotopy planner,True,319.0389000083087,True,12.136161579285515,1.0044400001548115,0.25649199696884434,0.8666884667453536,58.90545636163172,1.0,3.0,0.28049465110484356,12.136161579285515,12.136161579285515,False,inf,0.0,True,0.31698341806169905,13495.0
store,facil,0,alfombra,0.0,0.9314458969916523,0.9314458969916523,1.0,13,13,142.5468999950681,0.035,0,slam,SLAM-based,True,610.7598999951733,True,13.19553950975874,1.0921185929040005,0.316612214955662,0.6301841252778052,656.4236814350958,2.0,24.0,0.2870164977880806,13.19553950975874,13.19553950975874,False,inf,0.0,True,0.3954324618518066,85.0
store,facil,0,alfombra,0.0,0.9314458969916523,0.9314458969916523,1.0,13,13,142.5468999950681,0.035,0,drl,DRL (D3QN),True,17.617699995753355,True,18.196393781925185,1.5060104180163665,0.385,0.7639089684668341,1539.6733554324037,14.0,22.0,0.07957747154594767,18.196393781925185,30.74937687030547,False,inf,0.0,True,0.45500000000000007,67.0
store,facil,0,alfombra,0.0,0.9314458969916523,0.9314458969916523,1.0,13,13,142.5468999950681,0.035,1,tve,TVE (proposed),True,19.02370000607334,True,9.74803234234048,1.0017833798052511,0.31294345060043005,0.5320344162880689,32.161876587831415,0.0,4.0,1.0001676956187677,9.74803234234048,9.74803234234048,True,9.74803234234048,0.0,True,0.37541736244755225,
store,facil,0,alfombra,0.0,0.9314458969916523,0.9314458969916523,1.0,13,13,142.5468999950681,0.035,1,teselado,WDT,True,35.48990000854246,True,9.898632214003406,1.0172601902152276,0.45500000000000007,0.7027862375366761,42.731729223757505,0.0,8.0,2.956584112121858,9.898632214003406,9.898632214003406,True,9.898632214003406,0.0,True,0.45500000000000007,
store,facil,0,alfombra,0.0,0.9314458969916523,0.9314458969916523,1.0,13,13,142.5468999950681,0.035,1,dijkstra,Dijkstra,True,22.009299995261244,True,9.980401512639276,1.0256634372988414,0.29556011915206915,0.5239223825221235,274.2579297672365,4.0,8.0,0.3072859756782699,9.980401512639276,9.980401512639276,False,inf,0.0,True,0.36750000000000005,16239.0
store,facil,0,alfombra,0.0,0.9314458969916523,0.9314458969916523,1.0,13,13,142.5468999950681,0.035,1,astar,A*,True,1.8093999970005825,True,9.980401512639276,1.0256634372988414,0.29556011915206915,0.5589607997834855,224.01670015150052,3.0,7.0,0.378752541392835,9.980401512639276,9.980401512639276,False,inf,0.0,True,0.36750000000000005,375.0
store,facil,0,alfombra,0.0,0.9314458969916523,0.9314458969916523,1.0,13,13,142.5468999950681,0.035,1,theta,Theta*,True,184.97580000257585,True,9.789077543680799,1.0060015029176348,0.26546574260132205,0.4997450956552159,30.567262948640344,0.0,3.0,0.14374289456567452,9.789077543680799,10.89629709406476,False,inf,0.0,True,0.33770174989017426,721.0
store,facil,0,alfombra,0.0,0.9314458969916523,0.9314458969916523,1.0,13,13,142.5468999950681,0.035,1,visibility,Visibility graph,True,2582.262099997024,True,9.730678846194794,1.0,0.2761557095678331,0.5093854580483274,30.583696069410596,0.0,3.0,0.6549985296321551,9.730678846194794,9.730678846194794,False,inf,0.0,True,0.33574750465681463,158.0
store,facil,0,alfombra,0.0,0.9314458969916523,0.9314458969916523,1.0,13,13,142.5468999950681,0.035,1,rrt,RRT,True,78.36840000527445,True,13.383413029068283,1.375383284209601,0.2905688442986479,0.7076882187344181,1106.2344924616464,12.0,25.0,0.11908311139752448,13.383413029068283,17.36253194753213,False,inf,0.0,True,0.3981967458860277,633.0
store,facil,0,alfombra,0.0,0.9314458969916523,0.9314458969916523,1.0,13,13,142.5468999950681,0.035,1,rrt_star,RRT*,True,1682.8848000004655,True,9.778520784005098,1.0049166084470063,0.27685064908530516,0.5913559438237339,55.75158467325842,0.0,8.0,0.6717128202569039,9.778520784005098,9.778520784005098,False,inf,0.0,True,0.3356835672696425,4000.0
store,facil,0,alfombra,0.0,0.9314458969916523,0.9314458969916523,1.0,13,13,142.5468999950681,0.035,1,prm,PRM,True,642.4403999990318,True,9.991020275274044,1.0267547036742517,0.43572463768115943,0.6928321656986708,129.69185214315678,0.0,10.0,0.607730052854479,9.991020275274044,9.991020275274044,False,inf,0.0,True,0.45500000000000007,602.0
store,facil,0,alfombra,0.0,0.9314458969916523,0.9314458969916523,1.0,13,13,142.5468999950681,0.035,1,potential,APF,False,1819.6853999979794,,,,,,,,,,,,,,,,,12316.0
store,facil,0,alfombra,0.0,0.9314458969916523,0.9314458969916523,1.0,13,13,142.5468999950681,0.035,1,hybrid_astar,Hybrid A*,True,124.7741999977734,True,9.815324053457816,1.0086987977510042,0.3403805652093279,0.6442282634550744,67.9177405346903,0.0,10.0,0.9826320968496863,9.815324053457816,9.815324053457816,True,9.815324053457816,0.0,True,0.4010018310098291,170.0
store,facil,0,alfombra,0.0,0.9314458969916523,0.9314458969916523,1.0,13,13,142.5468999950681,0.035,1,aco,ACO,True,304.5245999965118,True,10.94792697611021,1.125093855131333,0.3325,0.6243421518421759,1458.0398117804145,23.0,26.0,0.2645066317320242,10.94792697611021,10.94792697611021,False,inf,0.0,True,0.43750000000000006,40.0
store,facil,0,alfombra,0.0,0.9314458969916523,0.9314458969916523,1.0,13,13,142.5468999950681,0.035,1,topological,Homotopy planner,True,307.8525000018999,True,9.72933389552993,0.9998617824423022,0.2569914625284183,0.5135218294431076,30.215552603864424,0.0,3.0,0.48021656429231857,9.72933389552993,9.72933389552993,False,inf,0.0,True,0.3146545008813245,11287.0
store,facil,0,alfombra,0.0,0.9314458969916523,0.9314458969916523,1.0,13,13,142.5468999950681,0.035,1,slam,SLAM-based,True,509.56150000274647,True,10.272484584030254,1.0556801582293855,0.3148876285538847,0.549905491074367,275.36473770612326,1.0,10.0,0.1040015886562973,10.272484584030254,11.802797198944896,False,inf,0.0,True,0.3148876285538847,67.0
store,facil,0,alfombra,0.0,0.9314458969916523,0.9314458969916523,1.0,13,13,142.5468999950681,0.035,1,drl,DRL (D3QN),True,8.8333000021521,True,13.30576163071862,1.3674032244853989,0.45500000000000007,0.8757089905820972,1151.5650503233044,14.0,20.0,0.11113342794453789,13.30576163071862,16.430911674543115,False,inf,0.0,True,0.45500000000000007,47.0
store,facil,1,uniforme,0.0,0.9123858020068893,0.9123858020068893,1.0,11,11,140.1287000044249,0.035,0,tve,TVE (proposed),True,31.74120000039693,True,11.913489375583497,1.0018365140223948,0.27105514377823453,0.6861529264886729,104.70677785750327,0.0,7.0,0.6017380370963252,11.913489375583497,11.913489375583497,False,inf,0.0,True,0.3556218347268745,
store,facil,1,uniforme,0.0,0.9123858020068893,0.9123858020068893,1.0,11,11,140.1287000044249,0.035,0,teselado,WDT,True,45.075700007146224,True,12.461319448135578,1.0479049791764448,0.28,0.687929440823268,179.31463331511102,1.0,15.0,0.3982731598320337,12.461319448135578,12.461319448135578,False,inf,0.0,True,0.367085144317826,
store,facil,1,uniforme,0.0,0.9123858020068893,0.9123858020068893,1.0,11,11,140.1287000044249,0.035,0,dijkstra,Dijkstra,True,24.290799992741086,True,12.556330803764908,1.0558947328342867,0.28,0.7157515610860717,312.67941864966235,3.0,9.0,0.3203136905935495,12.556330803764908,12.556330803764908,False,inf,0.0,True,0.36750000000000005,20048.0
store,facil,1,uniforme,0.0,0.9123858020068893,0.9123858020068893,1.0,11,11,140.1287000044249,0.035,0,astar,A*,True,6.521999996039085,True,12.556330803764908,1.0558947328342867,0.28,0.7223968791575721,402.566074030924,2.0,11.0,0.32460564210486115,12.556330803764908,12.556330803764908,False,inf,0.0,True,0.36750000000000005,2861.0
store,facil,1,uniforme,0.0,0.9123858020068893,0.9123858020068893,1.0,11,11,140.1287000044249,0.035,0,theta,Theta*,True,352.58130000147503,True,11.971882052544995,1.0067469071144002,0.26597526625415996,0.675158638212823,100.07427899585372,1.0,5.0,0.2758241056059337,11.971882052544995,11.971882052544995,False,inf,0.0,True,0.33108370102368817,1370.0
store,facil,1,uniforme,0.0,0.9123858020068893,0.9123858020068893,1.0,11,11,140.1287000044249,0.035,0,visibility,Visibility graph,True,1988.554399998975,True,11.891650193254172,1.0,0.26572288223146356,0.6808724899704306,102.9169362438408,0.0,6.0,0.49985218505635887,11.891650193254172,11.891650193254172,False,inf,0.0,True,0.3504486104087556,138.0
store,facil,1,uniforme,0.0,0.9123858020068893,0.9123858020068893,1.0,11,11,140.1287000044249,0.035,0,rrt,RRT,True,10.066999995615333,True,13.384903823979599,1.1255716075110005,0.2636548924831272,0.8526428116423272,819.453808505095,8.0,24.0,0.16163638244944062,13.384903823979599,16.745714110624576,False,inf,0.0,True,0.34917894512412234,93.0
store,facil,1,uniforme,0.0,0.9123858020068893,0.9123858020068893,1.0,11,11,140.1287000044249,0.035,0,rrt_star,RRT*,True,2092.020500000217,True,11.89979999991462,1.0006853385802648,0.2584756315920628,0.6721215024991292,134.039196605244,0.0,11.0,0.38342151107513084,11.89979999991462,11.89979999991462,False,inf,0.0,True,0.32808228576872167,4000.0
store,facil,1,uniforme,0.0,0.9123858020068893,0.9123858020068893,1.0,11,11,140.1287000044249,0.035,0,prm,PRM,True,618.5601000033785,True,12.132858590917397,1.0202838457020924,0.28,0.6824983741034769,178.4058932246251,1.0,13.0,0.22480369783566306,12.132858590917397,12.840831567448422,False,inf,0.0,True,0.3724907894134516,602.0
store,facil,1,uniforme,0.0,0.9123858020068893,0.9123858020068893,1.0,11,11,140.1287000044249,0.035,0,potential,APF,False,1607.0868999959202,,,,,,,,,,,,,,,,,10433.0
store,facil,1,uniforme,0.0,0.9123858020068893,0.9123858020068893,1.0,11,11,140.1287000044249,0.035,0,hybrid_astar,Hybrid A*,False,15.886799999861978,,,,,,,,,,,,,,,,,1.0
store,facil,1,uniforme,0.0,0.9123858020068893,0.9123858020068893,1.0,11,11,140.1287000044249,0.035,0,aco,ACO,True,390.3855999960797,True,14.047328366438384,1.1812766216758608,0.2687580881243857,0.7658115416714979,2420.5091795205053,41.0,49.0,0.17681100548823545,14.047328366438384,18.008368798183053,False,inf,0.0,True,0.3737580871582022,40.0
store,facil,1,uniforme,0.0,0.9123858020068893,0.9123858020068893,1.0,11,11,140.1287000044249,0.035,0,topological,Homotopy planner,True,399.7079999971902,True,11.912518340954216,1.0017548571780126,0.25779478940274875,0.6949266279486669,100.18478950361931,1.0,5.0,0.3308545346005507,11.912518340954216,11.912518340954216,False,inf,0.0,True,0.32407497999894835,18380.0
store,facil,1,uniforme,0.0,0.9123858020068893,0.9123858020068893,1.0,11,11,140.1287000044249,0.035,0,slam,SLAM-based,True,658.809000000474,True,14.970274993719679,1.2588896200639952,0.28,0.6124285190856971,1059.9890733609313,4.0,32.0,0.08935839042562287,14.970274993719679,18.15503523609038,False,inf,0.0,True,0.3588617440274752,97.0
store,facil,1,uniforme,0.0,0.9123858020068893,0.9123858020068893,1.0,11,11,140.1287000044249,0.035,0,drl,DRL (D3QN),False,103.78330000094138,,,,,,,,,,,,,,,,,465.0
store,facil,1,uniforme,0.0,0.9123858020068893,0.9123858020068893,1.0,11,11,140.1287000044249,0.035,1,tve,TVE (proposed),True,19.27929998782929,True,8.716756851031237,1.0,0.3528608535430226,0.6426373413353985,0.0,0.0,2.0,inf,8.716756851031237,8.716756851031237,True,8.716756851031237,0.0,True,0.4221456401572674,
store,facil,1,uniforme,0.0,0.9123858020068893,0.9123858020068893,1.0,11,11,140.1287000044249,0.035,1,teselado,WDT,True,34.82190000067931,True,8.716756851031237,1.0,0.3529102636718744,0.6426382889478598,0.0,0.0,2.0,inf,8.716756851031237,8.716756851031237,True,8.716756851031237,0.0,True,0.4221826977539064,
store,facil,1,uniforme,0.0,0.9123858020068893,0.9123858020068893,1.0,11,11,140.1287000044249,0.035,1,dijkstra,Dijkstra,True,11.098899994976819,True,8.81648232278141,1.0114406623305516,0.35662024497985845,0.6189746442082524,40.3544937697283,0.0,3.0,0.3244837871910945,8.81648232278141,8.81648232278141,False,inf,0.0,True,0.4197287154197693,9408.0
store,facil,1,uniforme,0.0,0.9123858020068893,0.9123858020068893,1.0,11,11,140.1287000044249,0.035,1,astar,A*,True,1.4889000012772158,True,8.81648232278141,1.0114406623305516,0.35662024497985845,0.6569762448211158,151.9275130641471,2.0,6.0,0.8150270622082129,8.81648232278141,8.81648232278141,True,8.81648232278141,0.0,True,0.4197287154197693,257.0
store,facil,1,uniforme,0.0,0.9123858020068893,0.9123858020068893,1.0,11,11,140.1287000044249,0.035,1,theta,Theta*,True,106.12669998954516,True,8.732037425642112,1.001753011455065,0.3355062780245923,0.6351553665864246,0.0,0.0,2.0,3.136994812859065,8.732037425642112,8.732037425642112,True,8.732037425642112,0.0,True,0.40464734144613834,138.0
store,facil,1,uniforme,0.0,0.9123858020068893,0.9123858020068893,1.0,11,11,140.1287000044249,0.035,1,visibility,Visibility graph,True,1972.8698000108125,True,8.716756851031237,1.0,0.3528608535430226,0.6426373413353985,0.0,0.0,2.0,inf,8.716756851031237,8.716756851031237,True,8.716756851031237,0.0,True,0.4221456401572674,138.0
store,facil,1,uniforme,0.0,0.9123858020068893,0.9123858020068893,1.0,11,11,140.1287000044249,0.035,1,rrt,RRT,True,2.0921000104863197,True,8.716756851031237,1.0,0.3528608535430226,0.6426373413353985,0.0,0.0,2.0,inf,8.716756851031237,8.716756851031237,True,8.716756851031237,0.0,True,0.4221456401572674,0.0
store,facil,1,uniforme,0.0,0.9123858020068893,0.9123858020068893,1.0,11,11,140.1287000044249,0.035,1,rrt_star,RRT*,True,1832.8114000032656,True,8.72207728954499,1.0006103690403068,0.36038899874994684,0.6057662555219218,11.689747026530005,0.0,6.0,4.520048769864322,8.72207728954499,8.72207728954499,True,8.72207728954499,0.0,True,0.4277917490624612,4000.0
store,facil,1,uniforme,0.0,0.9123858020068893,0.9123858020068893,1.0,11,11,140.1287000044249,0.035,1,prm,PRM,True,647.7843000029679,True,8.78026195931725,1.0072854054978602,0.35000000000000003,0.5469981202806671,86.5964541560785,0.0,11.0,1.332081158312626,8.78026195931725,8.78026195931725,True,8.78026195931725,0.0,True,0.42000000000000004,602.0
store,facil,1,uniforme,0.0,0.9123858020068893,0.9123858020068893,1.0,11,11,140.1287000044249,0.035,1,potential,APF,True,637.8644000069471,True,177.49663753966308,20.362692291762656,0.22946814993420003,0.559383730863198,302945.23986136983,2084.0,2150.0,0.07957747154594767,177.49663753966308,876.9819376780446,False,inf,0.13574713040827646,True,0.27524885043571035,3705.0
store,facil,1,uniforme,0.0,0.9123858020068893,0.9123858020068893,1.0,11,11,140.1287000044249,0.035,1,hybrid_astar,Hybrid A*,True,21.020699990913272,True,8.716756851031237,0.9999999999999999,0.3528130696329473,0.6360620174002242,0.0,0.0,2.0,inf,8.716756851031237,8.716756851031237,True,8.716756851031237,0.0,True,0.42210980222471395,20.0
store,facil,1,uniforme,0.0,0.9123858020068893,0.9123858020068893,1.0,11,11,140.1287000044249,0.035,1,aco,ACO,True,272.9904000007082,True,9.819434552061036,1.1265009131118928,0.3147287487983704,0.6785610448826296,1593.434948822922,26.0,28.0,0.14840938047900673,9.819434552061036,12.934518218075825,False,inf,0.0,True,0.3778372192382813,40.0
store,facil,1,uniforme,0.0,0.9123858020068893,0.9123858020068893,1.0,11,11,140.1287000044249,0.035,1,topological,Homotopy planner,True,423.0986999900779,True,8.716756851031237,1.0,0.3528608535430226,0.6426373413353985,0.0,0.0,2.0,inf,8.716756851031237,8.716756851031237,True,8.716756851031237,0.0,True,0.4221456401572674,17944.0
store,facil,1,uniforme,0.0,0.9123858020068893,0.9123858020068893,1.0,11,11,140.1287000044249,0.035,1,slam,SLAM-based,True,796.324300012202,True,18.020717424423825,2.067364930833407,0.3006563434246221,0.6229868996884144,919.54759139,1.0,31.0,0.08876379272427873,18.020717424423825,19.813733903409442,False,inf,0.0,True,0.37450328366560903,119.0
store,facil,1,uniforme,0.0,0.9123858020068893,0.9123858020068893,1.0,11,11,140.1287000044249,0.035,1,drl,DRL (D3QN),True,71.07600000745151,True,101.84083191136472,11.683339761773487,0.3775659847259522,0.7647683414790495,32422.833654177914,265.0,276.0,0.07957747154594767,101.84083191136472,393.04650777497864,False,inf,0.0,True,0.385,363.0
store,facil,3,alfombra,0.0,0.8823043568036341,0.8823043568036341,1.0,12,12,133.5691999993287,0.035,0,tve,TVE (proposed),True,18.775099990307353,True,6.868298552043294,1.0,0.39740730266231383,1.155596080747308,0.0,0.0,2.0,16777216.0,6.868298552043294,6.868298552043294,True,6.868298552043294,0.0,True,0.4793208479941953,
store,facil,3,alfombra,0.0,0.8823043568036341,0.8823043568036341,1.0,12,12,133.5691999993287,0.035,0,teselado,WDT,True,33.531099994434044,True,6.868298552043294,1.0,0.39795949093581423,1.155597413905395,0.0,0.0,2.0,16777216.0,6.868298552043294,6.868298552043294,True,6.868298552043294,0.0,True,0.47989527203710064,
store,facil,3,alfombra,0.0,0.8823043568036341,0.8823043568036341,1.0,12,12,133.5691999993287,0.035,0,dijkstra,Dijkstra,True,14.938599997549318,True,7.2284419177103425,1.0524356014722025,0.29750000000000004,1.202977139533151,109.1988894782315,1.0,5.0,0.48654453794489816,7.2284419177103425,7.2284419177103425,False,inf,0.0,True,0.36750000000000005,10861.0
store,facil,3,alfombra,0.0,0.8823043568036341,0.8823043568036341,1.0,12,12,133.5691999993287,0.035,0,astar,A*,True,1.4021999959368259,True,7.2284419177103425,1.0524356014722025,0.304174485206604,1.2055712916540613,239.5177092737649,3.0,7.0,0.42517003071646364,7.2284419177103425,7.2284419177103425,False,inf,0.0,True,0.38106596469879156,221.0
store,facil,3,alfombra,0.0,0.8823043568036341,0.8823043568036341,1.0,12,12,133.5691999993287,0.035,0,theta,Theta*,True,90.89069999754429,True,6.952576497843666,1.0122705711118658,0.3803848498380629,1.1623626973556285,0.0,0.0,2.0,2.1087169857487864,6.952576497843666,6.952576497843666,True,6.952576497843666,0.0,True,0.4622380734214292,178.0
store,facil,3,alfombra,0.0,0.8823043568036341,0.8823043568036341,1.0,12,12,133.5691999993287,0.035,0,visibility,Visibility graph,True,2469.116499996744,True,6.868298552043294,1.0,0.39740730266231383,1.155596080747308,0.0,0.0,2.0,16777216.0,6.868298552043294,6.868298552043294,True,6.868298552043294,0.0,True,0.4793208479941953,154.0
store,facil,3,alfombra,0.0,0.8823043568036341,0.8823043568036341,1.0,12,12,133.5691999993287,0.035,0,rrt,RRT,True,1.538500000606291,True,6.868298552043294,1.0,0.39740730266231383,1.155596080747308,0.0,0.0,2.0,16777216.0,6.868298552043294,6.868298552043294,True,6.868298552043294,0.0,True,0.4793208479941953,0.0
store,facil,3,alfombra,0.0,0.8823043568036341,0.8823043568036341,1.0,12,12,133.5691999993287,0.035,0,rrt_star,RRT*,True,1752.6111000042874,True,6.8799828120235995,1.001701186966724,0.4729708801198247,1.1806833933579897,11.678212766587494,0.0,4.0,2.601322980149693,6.8799828120235995,6.8799828120235995,True,6.8799828120235995,0.0,True,0.5606520851016409,4000.0
store,facil,3,alfombra,0.0,0.8823043568036341,0.8823043568036341,1.0,12,12,133.5691999993287,0.035,0,prm,PRM,True,670.4888000094797,True,6.957651069544311,1.0130094108204475,0.35000000000000003,1.0857156650263264,60.14794189029785,0.0,6.0,1.0340724735200437,6.957651069544311,6.957651069544311,True,6.957651069544311,0.0,True,0.45500000000000007,602.0
store,facil,3,alfombra,0.0,0.8823043568036341,0.8823043568036341,1.0,12,12,133.5691999993287,0.035,0,potential,APF,True,501.9505999953253,True,157.93237330707248,22.99439549844381,0.2439808263001693,0.6994508600145224,185831.69990124783,1469.0,1536.0,0.07957747154594767,157.93237330707248,734.8336830494901,False,inf,0.0,True,0.3277638202830914,2940.0
store,facil,3,alfombra,0.0,0.8823043568036341,0.8823043568036341,1.0,12,12,133.5691999993287,0.035,0,hybrid_astar,Hybrid A*,True,28.378099988913164,True,6.952636185589769,1.0122792614367913,0.27564124469064044,1.1342631354746187,53.10611208208724,0.0,8.0,0.9826320968496626,6.952636185589769,6.952636185589769,True,6.952636185589769,0.0,True,0.38064124468353033,31.0
store,facil,3,alfombra,0.0,0.8823043568036341,0.8823043568036341,1.0,12,12,133.5691999993287,0.035,0,aco,ACO,True,214.92420000140555,True,7.492588806695994,1.0908944551437671,0.3325,1.1046114221141747,953.1301023541561,18.0,20.0,0.2359799310179918,7.492588806695994,8.16703151207911,False,inf,0.0,True,0.43750000000000006,40.0
store,facil,3,alfombra,0.0,0.8823043568036341,0.8823043568036341,1.0,12,12,133.5691999993287,0.035,0,topological,Homotopy planner,True,264.1596000030404,True,6.868298552043294,1.0,0.39740730266231383,1.155596080747308,0.0,0.0,2.0,16777216.0,6.868298552043294,6.868298552043294,True,6.868298552043294,0.0,True,0.4793208479941953,12990.0
store,facil,3,alfombra,0.0,0.8823043568036341,0.8823043568036341,1.0,12,12,133.5691999993287,0.035,0,slam,SLAM-based,True,314.49849999626167,True,7.491801634849105,1.090779845704337,0.3486991400745257,1.2621442832421501,250.1701627107615,1.0,11.0,0.15371475265250087,7.491801634849105,8.527193100830857,False,inf,0.0,True,0.42306829763801773,48.0
store,facil,3,alfombra,0.0,0.8823043568036341,0.8823043568036341,1.0,12,12,133.5691999993287,0.035,0,drl,DRL (D3QN),True,6.234500004211441,True,10.069358427488,1.466063006898907,0.39878295898437505,1.127293391774936,1623.1798301198644,17.0,22.0,0.07957747154594767,10.069358427488,17.734800016934745,False,inf,0.0,True,0.5037829589843751,33.0
store,facil,3,alfombra,0.0,0.8823043568036341,0.8823043568036341,1.0,12,12,133.5691999993287,0.035,1,tve,TVE (proposed),True,21.859000000404194,True,9.194547698820118,1.0063174594783615,0.37204245707187006,0.5121693908530834,50.54078935573707,0.0,5.0,0.693122432425742,9.194547698820118,9.194547698820118,False,inf,0.0,True,0.44507553810493367,
store,facil,3,alfombra,0.0,0.8823043568036341,0.8823043568036341,1.0,12,12,133.5691999993287,0.035,1,teselado,WDT,True,43.48829999798909,True,9.39141423520451,1.027863949772394,0.2984918151612227,0.7731767473118665,40.92313145890666,0.0,7.0,2.2431570032679424,9.39141423520451,9.39141423520451,True,9.39141423520451,0.0,True,0.38796828160855407,
store,facil,3,alfombra,0.0,0.8823043568036341,0.8823043568036341,1.0,12,12,133.5691999993287,0.035,1,dijkstra,Dijkstra,True,18.378099994151853,True,9.42743686707646,1.0318065258051181,0.2883973675966263,0.47115517796349704,275.83949231151746,4.0,8.0,0.3399230031029136,9.42743686707646,9.42743686707646,False,inf,0.0,True,0.3916202449798584,13113.0
store,facil,3,alfombra,0.0,0.8823043568036341,0.8823043568036341,1.0,12,12,133.5691999993287,0.035,1,astar,A*,True,1.436999998986721,True,9.42743686707646,1.0318065258051181,0.2883973675966263,0.48012076184156605,367.62307329324125,5.0,10.0,0.3186272801684582,9.42743686707646,9.42743686707646,False,inf,0.0,True,0.36750000000000005,210.0
store,facil,3,alfombra,0.0,0.8823043568036341,0.8823043568036341,1.0,12,12,133.5691999993287,0.035,1,theta,Theta*,True,134.00230000843294,True,9.187848832928207,1.0055842873934966,0.26732328687906287,0.4665812674585215,34.820758477217744,0.0,4.0,0.6765423408543991,9.187848832928207,9.187848832928207,False,inf,0.0,True,0.3613731888771061,417.0
store,facil,3,alfombra,0.0,0.8823043568036341,0.8823043568036341,1.0,12,12,133.5691999993287,0.035,1,visibility,Visibility graph,True,2415.195399997174,True,9.136826169732002,1.0,0.2879607973858614,0.4652096502644226,36.96276776299016,0.0,4.0,0.717338960704414,9.136826169732002,9.136826169732002,False,inf,0.0,True,0.37965942383707724,154.0
store,facil,3,alfombra,0.0,0.8823043568036341,0.8823043568036341,1.0,12,12,133.5691999993287,0.035,1,rrt,RRT,True,6.207600003108382,True,10.24641244670644,1.1214411061742882,0.32675139519554675,0.668902162082222,607.4294848289313,6.0,19.0,0.17887332155566024,10.24641244670644,14.043525102030497,False,inf,0.0,True,0.4159747264584482,37.0
store,facil,3,alfombra,0.0,0.8823043568036341,0.8823043568036341,1.0,12,12,133.5691999993287,0.035,1,rrt_star,RRT*,True,1776.5993999928469,True,9.146426466774413,1.001050725587208,0.2604853742214095,0.5188297889931371,43.875486311695354,0.0,7.0,0.814246289254169,9.146426466774413,9.146426466774413,True,9.146426466774413,0.0,True,0.3398677818545283,4000.0
store,facil,3,alfombra,0.0,0.8823043568036341,0.8823043568036341,1.0,12,12,133.5691999993287,0.035,1,prm,PRM,True,668.7619000003906,True,9.88578187181932,1.0819711011432416,0.28,0.6824192657578749,269.73394688720293,1.0,12.0,0.294351774219947,9.88578187181932,9.88578187181932,False,inf,0.0,True,0.35000000000000003,602.0
store,facil,3,alfombra,0.0,0.8823043568036341,0.8823043568036341,1.0,12,12,133.5691999993287,0.035,1,potential,APF,True,55.864499998278916,True,10.173876395791899,1.113502238829429,0.4894574642181397,0.8412966601270268,270.27385289384733,1.0,14.0,0.16531560494913627,10.173876395791899,11.136610332136646,False,inf,0.0,True,0.5594574642181397,291.0
store,facil,3,alfombra,0.0,0.8823043568036341,0.8823043568036341,1.0,12,12,133.5691999993287,0.035,1,hybrid_astar,Hybrid A*,False,7.529400012572296,,,,,,,,,,,,,,,,,1.0
store,facil,3,alfombra,0.0,0.8823043568036341,0.8823043568036341,1.0,12,12,133.5691999993287,0.035,1,aco,ACO,True,268.9731999998912,True,9.778893936688451,1.0702725164109457,0.3325,0.5529237685948284,855.9093804491993,15.0,18.0,0.1124784117192421,9.778893936688451,11.847495894662785,False,inf,0.0,True,0.4025,40.0
store,facil,3,alfombra,0.0,0.8823043568036341,0.8823043568036341,1.0,12,12,133.5691999993287,0.035,1,topological,Homotopy planner,True,259.0555999922799,True,9.126212254146889,0.9988383367059916,0.2554001716114944,0.45524832275338506,32.50327181634026,0.0,4.0,0.7215005283768505,9.126212254146889,9.126212254146889,False,inf,0.0,True,0.3328519354300686,11249.0
store,facil,3,alfombra,0.0,0.8823043568036341,0.8823043568036341,1.0,12,12,133.5691999993287,0.035,1,slam,SLAM-based,True,463.5658000042895,True,9.593420679020614,1.0499729885199298,0.2673486207432502,0.5246567430001213,526.0944965741664,2.0,16.0,0.11737400316735447,9.593420679020614,10.949384851640412,False,inf,0.0,True,0.32603426236660227,63.0
store,facil,3,alfombra,0.0,0.8823043568036341,0.8823043568036341,1.0,12,12,133.5691999993287,0.035,1,drl,DRL (D3QN),True,7.476999991922639,True,12.04119189219363,1.3178746830144432,0.4613489437103272,0.8436444796943071,1425.9637565320738,18.0,23.0,0.16184217719796257,12.04119189219363,19.52018959854113,False,inf,0.0,True,0.5313489437103271,40.0
store,facil,2,alfombra,0.0,0.8407267422584709,0.8407267422584709,1.0,12,12,139.20379999035504,0.035,0,tve,TVE (proposed),True,47.604000006685965,True,12.228854893104515,1.0026087102286518,0.2611434569221626,0.637775457680301,120.67171489654746,0.0,9.0,0.5333584217772454,12.228854893104515,12.228854893104515,False,inf,0.0,True,0.36180696619722097,
store,facil,2,alfombra,0.0,0.8407267422584709,0.8407267422584709,1.0,12,12,139.20379999035504,0.035,0,teselado,WDT,True,45.89449999912176,True,13.395409813938603,1.0982511996368673,0.3538071652580472,0.6655592377062428,196.06977930106194,0.0,18.0,0.5645530441068782,13.395409813938603,13.395409813938603,False,inf,0.0,True,0.46230185687401965,
store,facil,2,alfombra,0.0,0.8407267422584709,0.8407267422584709,1.0,12,12,139.20379999035504,0.035,0,dijkstra,Dijkstra,True,26.963399999658577,True,13.063315651863256,1.0710237525518116,0.29750000000000004,0.4587926000985878,324.9165261209073,6.0,9.0,0.3213125689491437,13.063315651863256,13.063315651863256,False,inf,0.0,True,0.36528885126113897,13683.0
store,facil,2,alfombra,0.0,0.8407267422584709,0.8407267422584709,1.0,12,12,139.20379999035504,0.035,0,astar,A*,True,10.625100010656752,True,13.06331565186326,1.0710237525518118,0.29750000000000004,0.4679788578614857,414.69975156013976,4.0,12.0,0.3213125689491437,13.06331565186326,13.06331565186326,False,inf,0.0,True,0.36528885126113897,5536.0
store,facil,2,alfombra,0.0,0.8407267422584709,0.8407267422584709,1.0,12,12,139.20379999035504,0.035,0,theta,Theta*,True,1314.9817000085022,True,12.326953012414295,1.0106514934439874,0.27011384999258314,0.6406188653788516,121.8533051420013,2.0,5.0,0.37317204124485703,12.326953012414295,12.326953012414295,False,inf,0.0,True,0.35151173293943255,4954.0
store,facil,2,alfombra,0.0,0.8407267422584709,0.8407267422584709,1.0,12,12,139.20379999035504,0.035,0,visibility,Visibility graph,True,3611.9118000060553,True,12.197036359594003,1.0,0.2657228822314617,0.6411157141628957,121.183647631359,0.0,7.0,0.4879153851230783,12.197036359594003,12.197036359594003,False,inf,0.0,True,0.35044861040875624,187.0
store,facil,2,alfombra,0.0,0.8407267422584709,0.8407267422584709,1.0,12,12,139.20379999035504,0.035,0,rrt,RRT,True,10.370699994382448,True,15.234214629608548,1.2490095282552425,0.2880077240992893,0.5991482959002459,763.7041759745672,5.0,25.0,0.15076765470625217,15.234214629608548,18.233225522892297,False,inf,0.0,True,0.3546289461627474,113.0
store,facil,2,alfombra,0.0,0.8407267422584709,0.8407267422584709,1.0,12,12,139.20379999035504,0.035,0,rrt_star,RRT*,True,1736.483100001351,True,12.26192972004983,1.0053204203498813,0.25942881998351014,0.644256417548872,152.55978213848542,0.0,12.0,0.37664155476001804,12.26192972004983,12.26192972004983,False,inf,0.0,True,0.33715389356340897,4000.0
store,facil,2,alfombra,0.0,0.8407267422584709,0.8407267422584709,1.0,12,12,139.20379999035504,0.035,0,prm,PRM,True,651.8180999992182,True,12.890162761150677,1.056827444070991,0.3031355932203394,0.6581446295164152,237.0016469709227,2.0,12.0,0.27387645125713445,12.890162761150677,12.890162761150677,False,inf,0.0,True,0.3731355932203394,602.0
store,facil,2,alfombra,0.0,0.8407267422584709,0.8407267422584709,1.0,12,12,139.20379999035504,0.035,0,potential,APF,False,1800.0468000100227,,,,,,,,,,,,,,,,,12183.0
store,facil,2,alfombra,0.0,0.8407267422584709,0.8407267422584709,1.0,12,12,139.20379999035504,0.035,0,hybrid_astar,Hybrid A*,True,180.54529999790248,True,12.460678123013228,1.0216152314092142,0.2685916500779472,0.7143270329357482,152.19611742958836,0.0,12.0,0.8033972387341348,12.460678123013228,12.460678123013228,True,12.460678123013228,0.0,True,0.3240732456602976,294.0
store,facil,2,alfombra,0.0,0.8407267422584709,0.8407267422584709,1.0,12,12,139.20379999035504,0.035,0,aco,ACO,True,885.3286999947159,True,14.8271719190991,1.2156372648209968,0.3325,0.5712463193628886,2636.5650511770773,43.0,49.0,0.20280326627846965,14.8271719190991,17.820281746156084,False,inf,0.0,True,0.4025,40.0
store,facil,2,alfombra,0.0,0.8407267422584709,0.8407267422584709,1.0,12,12,139.20379999035504,0.035,0,topological,Homotopy planner,True,386.31139999779407,True,12.393995093016011,1.0161480811908117,0.25661455010159157,0.6096670471247697,84.98777888047762,1.0,4.0,0.2785804308007443,12.393995093016011,12.393995093016011,False,inf,0.0,True,0.31677117785537956,13180.0
store,facil,2,alfombra,0.0,0.8407267422584709,0.8407267422584709,1.0,12,12,139.20379999035504,0.035,0,slam,SLAM-based,True,649.7799000062514,True,13.255050229155986,1.0867435201773228,0.3302869854112544,0.5625931775031595,717.8170130034887,4.0,23.0,0.14991852736668945,13.255050229155986,14.316659797282375,False,inf,0.0,True,0.40485560354462796,86.0
store,facil,2,alfombra,0.0,0.8407267422584709,0.8407267422584709,1.0,12,12,139.20379999035504,0.035,0,drl,DRL (D3QN),False,78.10229998722207,,,,,,,,,,,,,,,,,465.0
store,facil,2,alfombra,0.0,0.8407267422584709,0.8407267422584709,1.0,12,12,139.20379999035504,0.035,1,tve,TVE (proposed),True,49.33549999259412,True,17.77197230589466,1.0118343004819028,0.3236889382309496,0.7566553980113804,123.33551972220805,0.0,9.0,0.5515210862595138,17.77197230589466,17.77197230589466,False,inf,0.0,True,0.40609300973090784,
store,facil,2,alfombra,0.0,0.8407267422584709,0.8407267422584709,1.0,12,12,139.20379999035504,0.035,1,teselado,WDT,True,40.32299999380484,True,19.57891789447497,1.114711431627532,0.39970560940580874,0.7767498375894091,268.6308583062584,0.0,23.0,0.35899481523433924,19.57891789447497,19.57891789447497,False,inf,0.0,True,0.5047056094058088,
store,facil,2,alfombra,0.0,0.8407267422584709,0.8407267422584709,1.0,12,12,139.20379999035504,0.035,1,dijkstra,Dijkstra,True,23.306800008867867,True,18.7851237277757,1.0695173388411976,0.29750000000000004,0.6317557753167031,495.00940971900116,7.0,13.0,0.21297665355970655,18.7851237277757,19.53241194191452,False,inf,0.0,True,0.3985117244720459,19560.0
store,facil,2,alfombra,0.0,0.8407267422584709,0.8407267422584709,1.0,12,12,139.20379999035504,0.035,1,astar,A*,True,13.871400005882606,True,18.7851237277757,1.0695173388411976,0.29750000000000004,0.6053044595123119,540.3331112439213,8.0,14.0,0.21297665355970655,18.7851237277757,19.53241194191452,False,inf,0.0,True,0.36750000000000005,7322.0
store,facil,2,alfombra,0.0,0.8407267422584709,0.8407267422584709,1.0,12,12,139.20379999035504,0.035,1,theta,Theta*,True,1581.6986999998335,True,17.65817755508937,1.00535547921785,0.2567201597381512,0.7328166810137304,91.31310605018402,1.0,6.0,0.29022491100561343,17.65817755508937,17.65817755508937,False,inf,0.0,True,0.31671994182798646,6321.0
store,facil,2,alfombra,0.0,0.8407267422584709,0.8407267422584709,1.0,12,12,139.20379999035504,0.035,1,visibility,Visibility graph,True,3570.249700002023,True,17.564113311270894,1.0,0.2657228822314617,0.7572812265623282,121.21703254320381,0.0,7.0,0.5638521622835916,17.564113311270894,17.564113311270894,False,inf,0.0,True,0.35044861040875624,187.0
store,facil,2,alfombra,0.0,0.8407267422584709,0.8407267422584709,1.0,12,12,139.20379999035504,0.035,1,rrt,RRT,True,48.224799989839084,True,21.10544620825289,1.2016232094511439,0.2570367172942583,0.7739448687498139,1229.920555863385,10.0,38.0,0.14536239987367489,21.10544620825289,26.654496020740197,False,inf,0.0,True,0.33442504841326937,465.0
store,facil,2,alfombra,0.0,0.8407267422584709,0.8407267422584709,1.0,12,12,139.20379999035504,0.035,1,rrt_star,RRT*,True,1812.033900001552,True,17.645584576907048,1.0046385071760995,0.25942881998351014,0.7618372730188538,166.91885139390027,0.0,14.0,0.3857131208794682,17.645584576907048,17.645584576907048,False,inf,0.0,True,0.33715389356340897,4000.0
store,facil,2,alfombra,0.0,0.8407267422584709,0.8407267422584709,1.0,12,12,139.20379999035504,0.035,1,prm,PRM,True,661.6337000014028,True,18.306484880482905,1.0422663846478168,0.31500000000000006,0.7655149435356088,331.22469600988757,1.0,20.0,0.42868801749715113,18.306484880482905,18.306484880482905,False,inf,0.0,True,0.385,602.0
store,facil,2,alfombra,0.0,0.8407267422584709,0.8407267422584709,1.0,12,12,139.20379999035504,0.035,1,potential,APF,False,1967.9475000011735,,,,,,,,,,,,,,,,,12934.0
store,facil,2,alfombra,0.0,0.8407267422584709,0.8407267422584709,1.0,12,12,139.20379999035504,0.035,1,hybrid_astar,Hybrid A*,True,341.0366000025533,True,18.090417284650442,1.0299647334341562,0.2734696420846075,0.738935441030561,294.16476357876076,0.0,24.0,0.798031199564007,18.090417284650442,18.090417284650442,True,18.090417284650442,0.0,True,0.3434696420846075,502.0
store,facil,2,alfombra,0.0,0.8407267422584709,0.8407267422584709,1.0,12,12,139.20379999035504,0.035,1,aco,ACO,True,584.5810999890091,True,20.902033236968833,1.1900420400701923,0.3325,0.7099817582206431,3689.9999999999995,62.0,68.0,0.19027183980818835,20.902033236968833,29.928224710136064,False,inf,0.0,True,0.4025,40.0
store,facil,2,alfombra,0.0,0.8407267422584709,0.8407267422584709,1.0,12,12,139.20379999035504,0.035,1,topological,Homotopy planner,True,427.83570000028703,True,17.888601738763562,1.0184745123048393,0.262451358522472,0.7110725543542126,106.68631339607435,1.0,5.0,0.24885901648529027,17.888601738763562,17.888601738763562,False,inf,0.0,True,0.33089178072801784,13199.0
store,facil,2,alfombra,0.0,0.8407267422584709,0.8407267422584709,1.0,12,12,139.20379999035504,0.035,1,slam,SLAM-based,True,915.0688000081573,True,19.309828253970323,1.099391008914706,0.3228731111016847,0.7166671728576787,672.8601368956917,3.0,22.0,0.14629130244194585,19.309828253970323,20.397759938460275,False,inf,0.0,True,0.4057155666311684,125.0
store,facil,2,alfombra,0.0,0.8407267422584709,0.8407267422584709,1.0,12,12,139.20379999035504,0.035,1,drl,DRL (D3QN),False,75.6995999981882,,,,,,,,,,,,,,,,,465.0
store,medio,3,uniforme,0.0015240354332257987,0.8046777899137509,0.8046777899137509,1.0,12,12,156.0153999889735,0.035,0,tve,TVE (proposed),True,21.469300001626834,True,10.188068700154513,1.0046926772340472,0.3183510412889081,0.703397431001092,68.51814882795188,0.0,6.0,0.6118209426354261,10.188068700154513,10.188068700154513,False,inf,0.0,True,0.3246293674441708,
store,medio,3,uniforme,0.0015240354332257987,0.8046777899137509,0.8046777899137509,1.0,12,12,156.0153999889735,0.035,0,teselado,WDT,True,35.58120000525378,True,11.235458030147976,1.1079805938184286,0.5743653422671624,0.8901630240079516,111.28390430837756,0.0,14.0,2.1352921310826156,11.235458030147976,11.235458030147976,True,11.235458030147976,0.0,True,0.6644573974609376,
store,medio,3,uniforme,0.0015240354332257987,0.8046777899137509,0.8046777899137509,1.0,12,12,156.0153999889735,0.035,0,dijkstra,Dijkstra,True,14.885199998388998,True,10.743366158202093,1.0594531334310713,0.29750000000000004,0.6835780605265299,270.15986999763805,4.0,8.0,0.37230586934137533,10.743366158202093,10.743366158202093,False,inf,0.0,True,0.3216202449798584,12409.0
store,medio,3,uniforme,0.0015240354332257987,0.8046777899137509,0.8046777899137509,1.0,12,12,156.0153999889735,0.035,0,astar,A*,True,6.18419999955222,True,10.743366158202093,1.0594531334310713,0.304174485206604,0.9081182743593853,278.72075956880263,4.0,9.0,0.37359334140465106,10.743366158202093,10.743366158202093,False,inf,0.0,True,0.304174485206604,3047.0
store,medio,3,uniforme,0.0015240354332257987,0.8046777899137509,0.8046777899137509,1.0,12,12,156.0153999889735,0.035,0,theta,Theta*,True,691.8119999900227,True,10.18078788122021,1.0039746819316155,0.26189083066853663,0.6879846734320539,67.06855200557692,1.0,4.0,0.45925612126152376,10.18078788122021,10.18078788122021,False,inf,0.0,True,0.2876926136755748,3039.0
store,medio,3,uniforme,0.0015240354332257987,0.8046777899137509,0.8046777899137509,1.0,12,12,156.0153999889735,0.035,0,visibility,Visibility graph,True,2428.816400002688,True,10.140482687902743,1.0,0.2657228822314617,0.6867716473355945,66.85136620063311,0.0,4.0,0.44430010231982175,10.140482687902743,10.140482687902743,False,inf,0.002156241108122335,True,0.27355712721744496,157.0
store,medio,3,uniforme,0.0015240354332257987,0.8046777899137509,0.8046777899137509,1.0,12,12,156.0153999889735,0.035,0,rrt,RRT,True,8.929199990234338,True,11.980708616549595,1.1814732084540887,0.27935388264284144,0.7430576398656762,483.50882990766775,2.0,20.0,0.3027387795018112,11.980708616549595,11.980708616549595,False,inf,0.0,True,0.41935388264284146,65.0
store,medio,3,uniforme,0.0015240354332257987,0.8046777899137509,0.8046777899137509,1.0,12,12,156.0153999889735,0.035,0,rrt_star,RRT*,True,1742.2729000099935,True,10.173317968130654,1.0032380391780642,0.2669013971725427,0.6648329207466135,91.87329040043649,1.0,7.0,0.30419843116874634,10.173317968130654,10.173317968130654,False,inf,0.0,True,0.2886912011627323,4000.0
store,medio,3,uniforme,0.0015240354332257987,0.8046777899137509,0.8046777899137509,1.0,12,12,156.0153999889735,0.035,0,prm,PRM,True,629.1324999911012,True,10.873092159400482,1.0722460157021636,0.41193153370780644,0.7289834678394778,148.39817738730608,0.0,9.0,0.47847602742103,10.873092159400482,10.873092159400482,False,inf,0.0,True,0.41193153370780644,602.0
store,medio,3,uniforme,0.0015240354332257987,0.8046777899137509,0.8046777899137509,1.0,12,12,156.0153999889735,0.035,0,potential,APF,False,1888.2112999999663,,,,,,,,,,,,,,,,,12399.0
store,medio,3,uniforme,0.0015240354332257987,0.8046777899137509,0.8046777899137509,1.0,12,12,156.0153999889735,0.035,0,hybrid_astar,Hybrid A*,True,72.70119999884628,True,10.321825856199435,1.0178830903693596,0.2697322473905252,0.7990117883918079,139.32919578426592,0.0,11.0,0.803471225343921,10.321825856199435,10.321825856199435,True,10.321825856199435,0.0,True,0.27963896845752806,98.0
store,medio,3,uniforme,0.0015240354332257987,0.8046777899137509,0.8046777899137509,1.0,12,12,156.0153999889735,0.035,0,aco,ACO,True,292.35659999540076,True,11.195414349525501,1.1040317008658036,0.34283722758293156,0.5370823277892202,1016.5650511770782,19.0,24.0,0.28457775430573623,11.195414349525501,11.195414349525501,False,inf,0.0,True,0.47540320396423347,40.0
store,medio,3,uniforme,0.0015240354332257987,0.8046777899137509,0.8046777899137509,1.0,12,12,156.0153999889735,0.035,0,topological,Homotopy planner,True,365.9837000013795,True,10.18368175596637,1.0042600603337317,0.256498547866217,0.790793422247047,71.13399844839125,1.0,4.0,0.4957993991659893,10.18368175596637,10.18368175596637,False,inf,0.048280982043926716,True,0.2708947516059674,13081.0
store,medio,3,uniforme,0.0015240354332257987,0.8046777899137509,0.8046777899137509,1.0,12,12,156.0153999889735,0.035,0,slam,SLAM-based,True,530.2185000036843,True,10.889135725554755,1.0738281461241612,0.29156321224710635,0.5340973788252158,484.0592303451328,2.0,16.0,0.15984354837783535,10.889135725554755,11.884827730062112,False,inf,0.0,True,0.4719593318072961,71.0
store,medio,3,uniforme,0.0015240354332257987,0.8046777899137509,0.8046777899137509,1.0,12,12,156.0153999889735,0.035,0,drl,DRL (D3QN),True,9.21270000981167,True,13.41589125660824,1.323003220804563,0.56,0.8270543068659498,1158.6900675259797,14.0,20.0,0.16275206146905238,13.41589125660824,18.730945871867153,False,inf,0.0,True,0.6300000000000001,48.0
store,medio,3,uniforme,0.0015240354332257987,0.8046777899137509,0.8046777899137509,1.0,12,12,156.0153999889735,0.035,1,tve,TVE (proposed),True,57.32500000158325,True,12.819515928845487,1.0335123990828547,0.3102812024819837,0.7868054872098853,118.06898080311304,0.0,8.0,0.6016589463179755,12.819515928845487,12.819515928845487,False,inf,0.0,True,0.3102812024819837,
store,medio,3,uniforme,0.0015240354332257987,0.8046777899137509,0.8046777899137509,1.0,12,12,156.0153999889735,0.035,1,teselado,WDT,True,65.39870001142845,True,13.088215393761063,1.0551750133468074,0.33700394802866535,0.9238695690126215,109.59185573742565,0.0,15.0,0.9395834709785241,13.088215393761063,13.088215393761063,True,13.088215393761063,0.0,True,0.3800355014140542,
store,medio,3,uniforme,0.0015240354332257987,0.8046777899137509,0.8046777899137509,1.0,12,12,156.0153999889735,0.035,1,dijkstra,Dijkstra,True,38.92510000150651,True,12.99537625946986,1.0476903004338822,0.2883973675966263,0.6557598667145128,405.37447688672285,7.0,11.0,0.3426818052240955,12.99537625946986,12.99537625946986,False,inf,0.0,True,0.3147287487983704,21854.0
store,medio,3,uniforme,0.0015240354332257987,0.8046777899137509,0.8046777899137509,1.0,12,12,156.0153999889735,0.035,1,astar,A*,True,9.626900005969219,True,12.99537625946986,1.0476903004338822,0.2883973675966263,0.6581099313348905,609.2308352052141,7.0,16.0,0.34177797726778003,12.99537625946986,12.99537625946986,False,inf,0.0,True,0.3147287487983704,2209.0
store,medio,3,uniforme,0.0015240354332257987,0.8046777899137509,0.8046777899137509,1.0,12,12,156.0153999889735,0.035,1,theta,Theta*,True,489.5038999966346,True,12.468144395452818,1.0051847431509364,0.2541922052619021,0.6017037201823476,92.5901207978828,1.0,5.0,0.4896390059784459,12.468144395452818,12.468144395452818,False,inf,0.0813609467455647,True,0.26622547032212374,2171.0
store,medio,3,uniforme,0.0015240354332257987,0.8046777899137509,0.8046777899137509,1.0,12,12,156.0153999889735,0.035,1,visibility,Visibility graph,True,2493.2605999929365,True,12.403833703612657,1.0,0.2657228822314617,0.6180596853652224,89.80658163518082,0.0,7.0,0.42583098494678384,12.403833703612657,12.403833703612657,False,inf,0.002156241108122335,True,0.27355712721744496,157.0
store,medio,3,uniforme,0.0015240354332257987,0.8046777899137509,0.8046777899137509,1.0,12,12,156.0153999889735,0.035,1,rrt,RRT,True,57.401799989747815,True,25.527088925984945,2.05799993259746,0.27967716642605583,0.7689842178616044,1894.1549953263427,20.0,45.0,0.15284296779343545,25.527088925984945,35.77134024189079,False,inf,0.0,True,0.47334301979538357,492.0
store,medio,3,uniforme,0.0015240354332257987,0.8046777899137509,0.8046777899137509,1.0,12,12,156.0153999889735,0.035,1,rrt_star,RRT*,True,1797.5528999959351,True,12.466784993855255,1.005075147873376,0.2658820586370456,0.6189862940502554,100.16531069212795,1.0,8.0,0.2788913928031946,12.466784993855255,12.466784993855255,False,inf,0.08361178869064462,True,0.26659540989714925,4000.0
store,medio,3,uniforme,0.0015240354332257987,0.8046777899137509,0.8046777899137509,1.0,12,12,156.0153999889735,0.035,1,prm,PRM,True,653.3276000118349,True,13.100869990806546,1.056195229946599,0.2644681770371218,0.7833954465915834,368.71712395948765,2.0,17.0,0.2647725628990752,13.100869990806546,13.100869990806546,False,inf,0.008543965824139582,True,0.2752371491635558,602.0
store,medio,3,uniforme,0.0015240354332257987,0.8046777899137509,0.8046777899137509,1.0,12,12,156.0153999889735,0.035,1,potential,APF,True,507.88200000533834,True,167.9160344752281,13.537430320943598,0.25986551117682694,0.6975029656085607,183541.57340063696,1481.0,1564.0,0.07957747154594767,167.9160344752281,752.5004518934002,False,inf,0.43792963586258793,True,0.26467246274480943,3219.0
store,medio,3,uniforme,0.0015240354332257987,0.8046777899137509,0.8046777899137509,1.0,12,12,156.0153999889735,0.035,1,hybrid_astar,Hybrid A*,True,168.95069999736734,True,12.804056944012073,1.032266092077875,0.27830837138640196,0.6296463334876514,196.84429358064722,0.0,17.0,0.8034711901892477,12.804056944012073,12.804056944012073,True,12.804056944012073,0.0,True,0.31330837138640194,243.0
store,medio,3,uniforme,0.0015240354332257987,0.8046777899137509,0.8046777899137509,1.0,12,12,156.0153999889735,0.035,1,aco,ACO,True,374.47330000577495,True,13.749384045722204,1.1084785860775972,0.36750000000000005,0.6118867437695493,1413.4349488229225,21.0,25.0,0.23297805131066218,13.749384045722204,14.4325168223788,False,inf,0.0,True,0.4025,40.0
store,medio,3,uniforme,0.0015240354332257987,0.8046777899137509,0.8046777899137509,1.0,12,12,156.0153999889735,0.035,1,topological,Homotopy planner,True,505.03920001210645,True,12.427066807296509,1.0018730583010869,0.2625994952050931,0.5941573119386343,86.57776739286179,1.0,5.0,0.2541660863824509,12.427066807296509,12.427066807296509,False,inf,0.0,True,0.289312009977115,36707.0
store,medio,3,uniforme,0.0015240354332257987,0.8046777899137509,0.8046777899137509,1.0,12,12,156.0153999889735,0.035,1,slam,SLAM-based,True,626.417899999069,True,13.505415343017717,1.0888097716985854,0.28600121385715616,0.5293274767344337,798.755231626994,1.0,27.0,0.14853457550687688,13.505415343017717,14.576916322158608,False,inf,0.0,True,0.3192016861764597,87.0
store,medio,3,uniforme,0.0015240354332257987,0.8046777899137509,0.8046777899137509,1.0,12,12,156.0153999889735,0.035,1,drl,DRL (D3QN),True,10.077300001285039,True,16.60252492527858,1.3384994770159682,0.39199995994567877,0.8331285788976321,2438.130102354156,29.0,39.0,0.11257493341505648,16.60252492527858,27.41443830968338,False,inf,0.0,True,0.47567443847656254,57.0
store,medio,1,alfombra,0.07016582226762026,0.7745052337161503,0.7745052337161503,1.0,11,11,138.9911000005668,0.035,0,tve,TVE (proposed),True,18.431099990266375,True,7.5378859734064605,1.0042980271583082,0.3065734681462206,0.8313876101957824,52.040195892407915,0.0,5.0,0.7499293950460746,7.5378859734064605,7.5378859734064605,False,inf,0.0,True,0.4066758394588819,
store,medio,1,alfombra,0.07016582226762026,0.7745052337161503,0.7745052337161503,1.0,11,11,138.9911000005668,0.035,0,teselado,WDT,True,33.94819999812171,True,7.586835668031825,1.010819760428842,0.30688715018316987,0.8678723558817756,50.25997102114773,0.0,6.0,0.6436374832338673,7.586835668031825,7.586835668031825,False,inf,0.0,True,0.4083348859176084,
store,medio,1,alfombra,0.07016582226762026,0.7745052337161503,0.7745052337161503,1.0,11,11,138.9911000005668,0.035,0,dijkstra,Dijkstra,True,9.364899990032427,True,8.071356056934327,1.0753740495769515,0.2883973675966263,0.6352635085554731,225.20103699783462,3.0,7.0,0.32448378719109505,8.071356056934327,8.071356056934327,False,inf,0.0,True,0.4129185795783997,7995.0
store,medio,1,alfombra,0.07016582226762026,0.7745052337161503,0.7745052337161503,1.0,11,11,138.9911000005668,0.035,0,astar,A*,True,9.258899997803383,True,8.071356056934325,1.0753740495769513,0.29750000000000004,0.6982229342129074,315.4583564580005,4.0,9.0,0.40333147445939516,8.071356056934325,8.071356056934325,False,inf,0.0,True,0.36750000000000005,2218.0
store,medio,1,alfombra,0.07016582226762026,0.7745052337161503,0.7745052337161503,1.0,11,11,138.9911000005668,0.035,0,theta,Theta*,True,425.97440000099596,True,7.581083723792652,1.010053409455624,0.25634989586582424,0.8371599774566135,44.3795479974778,0.0,3.0,0.39660591657262934,7.581083723792652,7.581083723792652,False,inf,0.0,True,0.3799916373336781,1815.0
store,medio,1,alfombra,0.07016582226762026,0.7745052337161503,0.7745052337161503,1.0,11,11,138.9911000005668,0.035,0,visibility,Visibility graph,True,2167.396600008942,True,7.505626586497574,1.0,0.2610526536875342,0.8478196599771475,48.992382204144675,0.0,4.0,0.9625407288058434,7.505626586497574,7.505626586497574,True,7.505626586497574,0.0,True,0.36408258271653926,143.0
store,medio,1,alfombra,0.07016582226762026,0.7745052337161503,0.7745052337161503,1.0,11,11,138.9911000005668,0.035,0,rrt,RRT,True,17.58230000268668,True,9.88227881214451,1.316649409380753,0.2575787490008476,1.0364329919270245,504.841587479195,4.0,20.0,0.16752669808398418,9.88227881214451,12.22272328418072,False,inf,0.0,True,0.41547812842200965,135.0
store,medio,1,alfombra,0.07016582226762026,0.7745052337161503,0.7745052337161503,1.0,11,11,138.9911000005668,0.035,0,rrt_star,RRT*,True,1788.844099995913,True,7.589958627597638,1.0112358428877577,0.2838364302021963,0.8370480029008276,54.065323879859,1.0,3.0,0.26894787040020773,7.589958627597638,7.589958627597638,False,inf,0.0,True,0.33377941823406604,4000.0
store,medio,1,alfombra,0.07016582226762026,0.7745052337161503,0.7745052337161503,1.0,11,11,138.9911000005668,0.035,0,prm,PRM,True,657.1601999894483,True,9.027545378866565,1.202770384967843,0.3340161754021274,0.9136700912379911,232.5919929662613,1.0,10.0,0.29301120453833573,9.027545378866565,9.027545378866565,False,inf,0.0,True,0.3826283119495094,602.0
store,medio,1,alfombra,0.07016582226762026,0.7745052337161503,0.7745052337161503,1.0,11,11,138.9911000005668,0.035,0,potential,APF,False,1807.4483999953372,,,,,,,,,,,,,,,,,12026.0
store,medio,1,alfombra,0.07016582226762026,0.7745052337161503,0.7745052337161503,1.0,11,11,138.9911000005668,0.035,0,hybrid_astar,Hybrid A*,True,42.730900007882155,True,7.70551637576582,1.0266319922746812,0.31365169136151605,0.8363767019200542,110.68085651614933,0.0,9.0,1.0573815126137822,7.70551637576582,7.70551637576582,True,7.70551637576582,0.0,True,0.36488021230541595,47.0
store,medio,1,alfombra,0.07016582226762026,0.7745052337161503,0.7745052337161503,1.0,11,11,138.9911000005668,0.035,0,aco,ACO,True,1334.7917000064626,True,9.620702012600884,1.2817986482178947,0.3534457397460938,0.8281276417501044,1026.8698976458443,15.0,24.0,0.2837460585110746,9.620702012600884,9.620702012600884,False,inf,0.0,True,0.43750000000000006,40.0
store,medio,1,alfombra,0.07016582226762026,0.7745052337161503,0.7745052337161503,1.0,11,11,138.9911000005668,0.035,0,topological,Homotopy planner,True,282.7677000022959,True,7.539800983933247,1.0045531704837478,0.2639576120263117,0.8437222748952476,48.51071133516924,1.0,3.0,0.4603142790080663,7.539800983933247,7.539800983933247,False,inf,0.0,True,0.3641530700607583,11783.0
store,medio,1,alfombra,0.07016582226762026,0.7745052337161503,0.7745052337161503,1.0,11,11,138.9911000005668,0.035,0,slam,SLAM-based,True,402.863499999512,True,8.646498966954272,1.1520022835280797,0.31327613859285197,0.8452335523501303,591.2053860037043,3.0,15.0,0.08187574695421368,8.646498966954272,10.590358400455349,False,inf,0.0,True,0.4152541124900483,55.0
store,medio,1,alfombra,0.07016582226762026,0.7745052337161503,0.7745052337161503,1.0,11,11,138.9911000005668,0.035,0,drl,DRL (D3QN),False,81.79169999493752,,,,,,,,,,,,,,,,,465.0
store,medio,1,alfombra,0.07016582226762026,0.7745052337161503,0.7745052337161503,1.0,11,11,138.9911000005668,0.035,1,tve,TVE (proposed),True,21.932900010142475,True,12.62747040883148,1.002340758438294,0.2883184982632186,0.7770264195590946,60.36806264253635,0.0,6.0,0.9729522954267689,12.62747040883148,12.62747040883148,True,12.62747040883148,0.0,True,0.41172844949581555,
store,medio,1,alfombra,0.07016582226762026,0.7745052337161503,0.7745052337161503,1.0,11,11,138.9911000005668,0.035,1,teselado,WDT,True,49.05220000364352,True,17.2366797502868,1.3682096330059215,0.33591477667734226,1.0719462861102542,183.47160686682045,0.0,17.0,0.5908637008847347,17.2366797502868,17.2366797502868,False,inf,0.0,True,0.49000000000000005,
store,medio,1,alfombra,0.07016582226762026,0.7745052337161503,0.7745052337161503,1.0,11,11,138.9911000005668,0.035,1,dijkstra,Dijkstra,True,26.90650000295136,True,13.046330803764908,1.0355889730326995,0.2883973675966263,0.6513968962997247,404.87835309252245,6.0,11.0,0.32873568668062364,13.046330803764908,13.046330803764908,False,inf,0.0,True,0.36750000000000005,22465.0
store,medio,1,alfombra,0.07016582226762026,0.7745052337161503,0.7745052337161503,1.0,11,11,138.9911000005668,0.035,1,astar,A*,True,5.873000001884066,True,13.046330803764908,1.0355889730326995,0.2883973675966263,0.6505866424137949,494.87835309252245,9.0,13.0,0.3658719768220947,13.046330803764908,13.046330803764908,False,inf,0.0,True,0.36750000000000005,3172.0
store,medio,1,alfombra,0.07016582226762026,0.7745052337161503,0.7745052337161503,1.0,11,11,138.9911000005668,0.035,1,theta,Theta*,True,933.9674999937415,True,12.67070040431622,1.0057722601610106,0.2535117596423136,0.7834051700049048,61.10365153377014,0.0,4.0,0.4201627885490414,12.67070040431622,12.67070040431622,False,inf,0.0,True,0.36811382328970293,3732.0
store,medio,1,alfombra,0.07016582226762026,0.7745052337161503,0.7745052337161503,1.0,11,11,138.9911000005668,0.035,1,visibility,Visibility graph,True,2084.6830000082264,True,12.597981577149296,1.0,0.2610526536875342,0.7712930027368241,58.62250873815273,0.0,5.0,0.639602055737915,12.597981577149296,12.597981577149296,False,inf,0.0,True,0.36408258271653926,143.0
store,medio,1,alfombra,0.07016582226762026,0.7745052337161503,0.7745052337161503,1.0,11,11,138.9911000005668,0.035,1,rrt,RRT,True,24.683199997525662,True,17.580145049303397,1.3954731511269185,0.2657406933297228,1.0132177436739536,1148.399899823316,8.0,31.0,0.1413585587169533,17.580145049303397,21.986325762477552,False,inf,0.0,True,0.35855797031619707,207.0
store,medio,1,alfombra,0.07016582226762026,0.7745052337161503,0.7745052337161503,1.0,11,11,138.9911000005668,0.035,1,rrt_star,RRT*,True,1773.4964999981457,True,12.67191974221117,1.0058690485145643,0.26423410953889875,0.5303805564254488,199.27704243002339,1.0,13.0,0.41230344180237793,12.67191974221117,12.67191974221117,False,inf,0.0,True,0.3418957109499157,4000.0
store,medio,1,alfombra,0.07016582226762026,0.7745052337161503,0.7745052337161503,1.0,11,11,138.9911000005668,0.035,1,prm,PRM,True,651.7415999987861,True,14.211671373945835,1.1280911380060685,0.27967449522018456,0.8739705011251058,374.86474631628715,2.0,15.0,0.2295889172589165,14.211671373945835,14.904888385429059,False,inf,0.0,True,0.36814857079660984,602.0
store,medio,1,alfombra,0.07016582226762026,0.7745052337161503,0.7745052337161503,1.0,11,11,138.9911000005668,0.035,1,potential,APF,False,1780.2746999950614,,,,,,,,,,,,,,,,,12079.0
store,medio,1,alfombra,0.07016582226762026,0.7745052337161503,0.7745052337161503,1.0,11,11,138.9911000005668,0.035,1,hybrid_astar,Hybrid A*,True,105.7650000002468,True,12.659662927758733,1.004896129608676,0.2722942294066058,0.8761681781807137,114.61929338852167,0.0,12.0,0.8007574261399629,12.659662927758733,12.659662927758733,True,12.659662927758733,0.0,True,0.36750382942736826,132.0
store,medio,1,alfombra,0.07016582226762026,0.7745052337161503,0.7745052337161503,1.0,11,11,138.9911000005668,0.035,1,aco,ACO,True,4281.476300006034,True,13.993957279913513,1.1108094732648515,0.3534457397460938,0.5100151757146091,1060.0962504626923,21.0,24.0,0.30207439412566306,13.993957279913513,13.993957279913513,False,inf,0.0,True,0.43750000000000006,40.0
store,medio,1,alfombra,0.07016582226762026,0.7745052337161503,0.7745052337161503,1.0,11,11,138.9911000005668,0.035,1,topological,Homotopy planner,True,299.21810000087135,True,12.661172042710406,1.005015919826056,0.2633478972199673,0.7568791150601856,58.92816920028538,1.0,3.0,0.3431805027359848,12.661172042710406,12.661172042710406,False,inf,0.0,True,0.37431352095170467,11209.0
store,medio,1,alfombra,0.07016582226762026,0.7745052337161503,0.7745052337161503,1.0,11,11,138.9911000005668,0.035,1,slam,SLAM-based,False,448.59859999269247,,,,,,,,,,,,,,,,,65.0
store,medio,1,alfombra,0.07016582226762026,0.7745052337161503,0.7745052337161503,1.0,11,11,138.9911000005668,0.035,1,drl,DRL (D3QN),False,92.46660000644624,,,,,,,,,,,,,,,,,465.0
store,medio,0,alfombra,0.05749753122776788,0.8955817211221747,0.8955817211221747,1.0,13,13,147.50820001063403,0.035,0,tve,TVE (proposed),True,20.750199997564778,True,10.698600977934943,1.0023337792187808,0.35616335297076746,0.6961455580271868,20.13526173590575,0.0,4.0,1.2418137530506361,10.698600977934943,10.698600977934943,True,10.698600977934943,0.0,True,0.47420424020054547,
store,medio,0,alfombra,0.05749753122776788,0.8955817211221747,0.8955817211221747,1.0,13,13,147.50820001063403,0.035,0,teselado,WDT,True,42.095299999346025,True,10.69525433693716,1.0020202381000947,0.3151875024073221,0.6982257266800689,22.824985276140403,0.0,6.0,4.243511239974473,10.69525433693716,10.69525433693716,True,10.69525433693716,0.0,True,0.42473081588044337,
store,medio,0,alfombra,0.05749753122776788,0.8955817211221747,0.8955817211221747,1.0,13,13,147.50820001063403,0.035,0,dijkstra,Dijkstra,True,25.62430000398308,True,11.083416664540927,1.0383865081927794,0.2883973675966263,0.7120109126372155,447.03693901926596,3.0,12.0,0.3769846723165277,11.083416664540927,11.083416664540927,False,inf,0.0,True,0.4025,14767.0
store,medio,0,alfombra,0.05749753122776788,0.8955817211221747,0.8955817211221747,1.0,13,13,147.50820001063403,0.035,0,astar,A*,True,2.2277000098256394,True,11.083416664540927,1.0383865081927794,0.2883973675966263,0.5790329825850248,501.66665989090137,8.0,13.0,0.30842163212540674,11.083416664540927,11.083416664540927,False,inf,0.0,True,0.4025,707.0
store,medio,0,alfombra,0.05749753122776788,0.8955817211221747,0.8955817211221747,1.0,13,13,147.50820001063403,0.035,0,theta,Theta*,True,172.34950000420213,True,10.715076211319777,1.0038773158901821,0.26300304697110083,0.6739185138748669,17.363508649599854,0.0,3.0,0.9287383557775534,10.715076211319777,10.715076211319777,True,10.715076211319777,0.0,True,0.39876185304314465,554.0
store,medio,0,alfombra,0.05749753122776788,0.8955817211221747,0.8955817211221747,1.0,13,13,147.50820001063403,0.035,0,visibility,Visibility graph,True,2951.4790999965044,True,10.673690939831875,1.0,0.267225337432841,0.6763509688015635,18.23949433177271,0.0,4.0,1.7972858550177404,10.673690939831875,10.673690939831875,True,10.673690939831875,0.0,True,0.39069683728031174,167.0
store,medio,0,alfombra,0.05749753122776788,0.8955817211221747,0.8955817211221747,1.0,13,13,147.50820001063403,0.035,0,rrt,RRT,True,14.525199992931448,True,12.164885149277772,1.139707456197845,0.2527770406291718,0.8518292273084798,660.3881880407849,6.0,20.0,0.17159041577856127,12.164885149277772,15.477963176563286,False,inf,0.0,True,0.3218193649608028,93.0
store,medio,0,alfombra,0.05749753122776788,0.8955817211221747,0.8955817211221747,1.0,13,13,147.50820001063403,0.035,0,rrt_star,RRT*,True,1720.878599997377,True,10.708148765035565,1.003228295197784,0.30835563017675555,0.7573210734332585,35.28554149474479,0.0,7.0,0.9914284754389096,10.708148765035565,10.708148765035565,True,10.708148765035565,0.0,True,0.4272878008131829,4000.0
store,medio,0,alfombra,0.05749753122776788,0.8955817211221747,0.8955817211221747,1.0,13,13,147.50820001063403,0.035,0,prm,PRM,True,651.1022999911802,True,11.014754760692702,1.031953690881947,0.3331997968565739,0.8463224125916196,183.80094598814185,1.0,12.0,0.3459410626214784,11.014754760692702,11.014754760692702,False,inf,0.0,True,0.4627535492519162,602.0
store,medio,0,alfombra,0.05749753122776788,0.8955817211221747,0.8955817211221747,1.0,13,13,147.50820001063403,0.035,0,potential,APF,False,1792.1143999992637,,,,,,,,,,,,,,,,,12239.0
store,medio,0,alfombra,0.05749753122776788,0.8955817211221747,0.8955817211221747,1.0,13,13,147.50820001063403,0.035,0,hybrid_astar,Hybrid A*,True,140.88859999901615,True,10.7499593964077,1.0071454623340468,0.29651958818336016,0.7240241023784788,85.01579621710917,0.0,10.0,0.9826320968496642,10.7499593964077,10.7499593964077,True,10.7499593964077,0.0,True,0.42973069797022584,188.0
store,medio,0,alfombra,0.05749753122776788,0.8955817211221747,0.8955817211221747,1.0,13,13,147.50820001063403,0.035,0,aco,ACO,True,461.97589999064803,True,12.045363843186667,1.1285097077559187,0.3325,0.6842341698647596,1863.4349488229223,30.0,35.0,0.13494451609493954,12.045363843186667,15.419983519055064,False,inf,0.0,True,0.46162024497985843,40.0
store,medio,0,alfombra,0.05749753122776788,0.8955817211221747,0.8955817211221747,1.0,13,13,147.50820001063403,0.035,0,topological,Homotopy planner,True,323.34059999266174,True,10.67228270752444,0.9998680651036859,0.26179393898523173,0.6661517813137148,17.416676115395358,0.0,3.0,0.9658076058252427,10.67228270752444,10.67228270752444,True,10.67228270752444,0.0,True,0.39805881481766675,16789.0
store,medio,0,alfombra,0.05749753122776788,0.8955817211221747,0.8955817211221747,1.0,13,13,147.50820001063403,0.035,0,slam,SLAM-based,True,515.0142000056803,True,11.401836724452004,1.0682187435185,0.2852025276823838,0.5847833610618645,448.847620682564,1.0,13.0,0.10368543505276359,11.401836724452004,13.6052963703915,False,inf,0.0,True,0.4149597297154984,74.0
store,medio,0,alfombra,0.05749753122776788,0.8955817211221747,0.8955817211221747,1.0,13,13,147.50820001063403,0.035,0,drl,DRL (D3QN),True,10.533199994824827,True,17.927732062654748,1.6796188088744806,0.42000000000000004,0.7404140754780336,3446.565051177078,33.0,39.0,0.10258900526724564,17.927732062654748,39.85762175239253,False,inf,0.0,True,0.56,60.0
store,medio,0,alfombra,0.05749753122776788,0.8955817211221747,0.8955817211221747,1.0,13,13,147.50820001063403,0.035,1,tve,TVE (proposed),True,44.734900002367795,True,16.25042232349251,1.0380572724005201,0.28,0.4285809821968548,204.0390137666193,0.0,12.0,0.5143395903928872,16.25042232349251,16.25042232349251,False,inf,0.0,True,0.385,
store,medio,0,alfombra,0.05749753122776788,0.8955817211221747,0.8955817211221747,1.0,13,13,147.50820001063403,0.035,1,teselado,WDT,True,47.62739999569021,True,16.828977231986052,1.075014658386515,0.27816119509151666,0.4365540181571929,212.81081891412967,0.0,15.0,0.41397858305460544,16.828977231986052,16.828977231986052,False,inf,0.0,True,0.38316119509151664,
store,medio,0,alfombra,0.05749753122776788,0.8955817211221747,0.8955817211221747,1.0,13,13,147.50820001063403,0.035,1,dijkstra,Dijkstra,False,25.02079999248963,,,,,,,,,,,,,,,,,21962.0
store,medio,0,alfombra,0.05749753122776788,0.8955817211221747,0.8955817211221747,1.0,13,13,147.50820001063403,0.035,1,astar,A*,False,36.93360000033863,,,,,,,,,,,,,,,,,21962.0
store,medio,0,alfombra,0.05749753122776788,0.8955817211221747,0.8955817211221747,1.0,13,13,147.50820001063403,0.035,1,theta,Theta*,False,5152.556400003959,,,,,,,,,,,,,,,,,21962.0
store,medio,0,alfombra,0.05749753122776788,0.8955817211221747,0.8955817211221747,1.0,13,13,147.50820001063403,0.035,1,visibility,Visibility graph,True,2923.3946000022115,True,15.654649079152644,1.0,0.26256323120355235,0.40883480765325847,159.32737482992874,0.0,8.0,0.4332459854643838,15.654649079152644,15.654649079152644,False,inf,0.0,True,0.32358908449790397,167.0
store,medio,0,alfombra,0.05749753122776788,0.8955817211221747,0.8955817211221747,1.0,13,13,147.50820001063403,0.035,1,rrt,RRT,True,100.23850000288803,True,21.17343254181039,1.352533195394787,0.28,0.7570322277932859,1854.2379227396166,19.0,40.0,0.16560841312028834,21.17343254181039,30.131107832848095,False,inf,0.0,True,0.3755781008847299,658.0
store,medio,0,alfombra,0.05749753122776788,0.8955817211221747,0.8955817211221747,1.0,13,13,147.50820001063403,0.035,1,rrt_star,RRT*,True,1913.2265000080224,True,16.15645891107279,1.0320550035572758,0.2571898082411187,0.5610538880655913,382.45551515064994,4.0,18.0,0.29234253776026276,16.15645891107279,16.15645891107279,False,inf,0.0,True,0.3186238860340702,4000.0
store,medio,0,alfombra,0.05749753122776788,0.8955817211221747,0.8955817211221747,1.0,13,13,147.50820001063403,0.035,1,prm,PRM,True,664.7467000002507,True,17.016443183225615,1.0869897560263089,0.2740425531914895,0.4273945203058492,399.22289941802967,3.0,14.0,0.1031783574181904,17.016443183225615,18.558965734217846,False,inf,0.0,True,0.35000000000000003,602.0
store,medio,0,alfombra,0.05749753122776788,0.8955817211221747,0.8955817211221747,1.0,13,13,147.50820001063403,0.035,1,potential,APF,True,1594.397699998808,True,605.1215312718983,38.65442963379748,0.23349171770771518,0.6350497311531252,859736.6667338174,6759.0,7021.0,0.07957747154594767,605.1215312718983,2677.788162470088,False,inf,0.0,True,0.294089853294001,10434.0
store,medio,0,alfombra,0.05749753122776788,0.8955817211221747,0.8955817211221747,1.0,13,13,147.50820001063403,0.035,1,hybrid_astar,Hybrid A*,False,11.27200000337325,,,,,,,,,,,,,,,,,1.0
store,medio,0,alfombra,0.05749753122776788,0.8955817211221747,0.8955817211221747,1.0,13,13,147.50820001063403,0.035,1,aco,ACO,True,2854.9999999959255,True,18.015134946567862,1.150784974832728,0.28,0.4631877441052456,1165.6722019278943,19.0,27.0,0.24111226627899277,18.015134946567862,18.675221409807918,False,inf,0.0,True,0.36477638831505504,40.0
store,medio,0,alfombra,0.05749753122776788,0.8955817211221747,0.8955817211221747,1.0,13,13,147.50820001063403,0.035,1,topological,Homotopy planner,True,432.11609999707434,True,16.07267507164538,1.0267029934928034,0.25421738404847516,0.5451409688453166,294.1576062666576,4.0,9.0,0.2907122499271619,16.07267507164538,16.07267507164538,False,inf,0.0,True,0.3150175550269416,17501.0
store,medio,0,alfombra,0.05749753122776788,0.8955817211221747,0.8955817211221747,1.0,13,13,147.50820001063403,0.035,1,slam,SLAM-based,False,820.045200001914,,,,,,,,,,,,,,,,,108.0
store,medio,0,alfombra,0.05749753122776788,0.8955817211221747,0.8955817211221747,1.0,13,13,147.50820001063403,0.035,1,drl,DRL (D3QN),True,15.304899992770515,True,24.69124943912469,1.5772470730120753,0.2764059057120227,0.816574132281211,3566.9761324442034,37.0,45.0,0.10657985499122477,24.69124943912469,49.337050649062746,False,inf,0.0,True,0.34588882838978424,86.0
store,dificil,1,alfombra,0.19407288202569734,0.7141015121322236,0.7141015121322236,1.0,11,11,137.76230000075884,0.035,0,tve,TVE (proposed),True,22.57129999634344,True,8.2697637366774,1.0006744746210867,0.27391552163071126,0.9306924987906456,60.80425424290533,0.0,6.0,1.0000072142574563,8.2697637366774,8.2697637366774,True,8.2697637366774,0.0,True,0.3808640349520096,
store,dificil,1,alfombra,0.19407288202569734,0.7141015121322236,0.7141015121322236,1.0,11,11,137.76230000075884,0.035,0,teselado,WDT,True,40.5627000000095,True,9.322381948685777,1.128045486637601,0.5778316074599218,1.125433119051112,83.07373537290827,0.0,8.0,0.7738096708790054,9.322381948685777,9.322381948685777,False,inf,0.0,True,0.6547230869521091,
store,dificil,1,alfombra,0.19407288202569734,0.7141015121322236,0.7141015121322236,1.0,11,11,137.76230000075884,0.035,0,dijkstra,Dijkstra,True,14.41079999494832,True,8.762260094890543,1.0602685029633936,0.2883973675966263,0.9725539276692273,500.19442890773485,6.0,13.0,0.07957747154594767,8.762260094890543,10.762260094890543,False,inf,0.0,True,0.4025,12342.0
store,dificil,1,alfombra,0.19407288202569734,0.7141015121322236,0.7141015121322236,1.0,11,11,137.76230000075884,0.035,0,astar,A*,True,4.605299996910617,True,8.762260094890543,1.0602685029633938,0.2883973675966263,0.9699160256515453,900.0000000000002,15.0,22.0,0.09421709799399962,8.762260094890543,10.451496406351032,False,inf,0.0,True,0.4025,2072.0
store,dificil,1,alfombra,0.19407288202569734,0.7141015121322236,0.7141015121322236,1.0,11,11,137.76230000075884,0.035,0,theta,Theta*,True,459.24500000546686,True,8.371164637370429,1.0129443890053482,0.25758189576862395,0.9474149279878497,58.59242798706759,1.0,4.0,0.2860661537538509,8.371164637370429,8.371164637370429,False,inf,0.0,True,0.39965082884714637,2167.0
store,dificil,1,alfombra,0.19407288202569734,0.7141015121322236,0.7141015121322236,1.0,11,11,137.76230000075884,0.035,0,visibility,Visibility graph,True,2785.209699999541,True,8.264189750426892,1.0,0.2732877395275769,0.9559963877259255,59.640643507622386,0.0,5.0,0.45173935534051357,8.264189750426892,8.264189750426892,False,inf,0.0,True,0.39017390664550705,163.0
store,dificil,1,alfombra,0.19407288202569734,0.7141015121322236,0.7141015121322236,1.0,11,11,137.76230000075884,0.035,0,rrt,RRT,True,9.261299986974336,True,10.583214086680215,1.2806112161368914,0.28347902889829596,1.0345903428284382,658.566207238553,7.0,18.0,0.14481578585711466,10.583214086680215,14.809246030350328,False,inf,0.0,True,0.3552186498004433,65.0
store,dificil,1,alfombra,0.19407288202569734,0.7141015121322236,0.7141015121322236,1.0,11,11,137.76230000075884,0.035,0,rrt_star,RRT*,True,1671.3100000051782,True,8.277298319590574,1.0015861892768139,0.24790524896580277,0.9599518564682877,66.3810955079455,0.0,7.0,0.4239122808387434,8.277298319590574,8.277298319590574,False,inf,0.0,True,0.3709755834986936,4000.0
store,dificil,1,alfombra,0.19407288202569734,0.7141015121322236,0.7141015121322236,1.0,11,11,137.76230000075884,0.035,0,prm,PRM,True,667.91839999496,True,8.717034319465666,1.0547960033245103,0.25729618930816706,1.049550289819056,166.39946931881923,0.0,9.0,0.3710049842535847,8.717034319465666,8.717034319465666,False,inf,0.0,True,0.3678953354001048,602.0
store,dificil,1,alfombra,0.19407288202569734,0.7141015121322236,0.7141015121322236,1.0,11,11,137.76230000075884,0.035,0,potential,APF,False,1850.2001000015298,,,,,,,,,,,,,,,,,11884.0
store,dificil,1,alfombra,0.19407288202569734,0.7141015121322236,0.7141015121322236,1.0,11,11,137.76230000075884,0.035,0,hybrid_astar,Hybrid A*,True,63.5692000068957,True,8.916286381371172,1.0789062994240417,0.2569761831280094,0.9869341638483776,165.83632414587046,0.0,13.0,0.8809139847211295,8.916286381371172,8.916286381371172,True,8.916286381371172,0.0,True,0.33386767540981527,72.0
store,dificil,1,alfombra,0.19407288202569734,0.7141015121322236,0.7141015121322236,1.0,11,11,137.76230000075884,0.035,0,aco,ACO,True,1792.8027999878395,True,10.195765355825944,1.233728370685012,0.4021744585037232,1.1227666172194828,1867.750976342788,30.0,37.0,0.22158894449580077,10.195765355825944,12.34401860843089,False,inf,0.0,True,0.4790659379959107,40.0
store,dificil,1,alfombra,0.19407288202569734,0.7141015121322236,0.7141015121322236,1.0,11,11,137.76230000075884,0.035,0,topological,Homotopy planner,True,626.4231000095606,True,8.746717849922959,1.0583878291844815,0.2569511544881667,1.0180087151104165,71.88120617607947,0.0,4.0,0.4430079589513281,8.746717849922959,8.746717849922959,False,inf,0.0,True,0.33384264654934503,49569.0
store,dificil,1,alfombra,0.19407288202569734,0.7141015121322236,0.7141015121322236,1.0,11,11,137.76230000075884,0.035,0,slam,SLAM-based,True,405.0728000001982,True,8.608508509689162,1.0416639464557895,0.31373797625847927,0.9157268836982918,360.31233669554695,1.0,15.0,0.3069817677938947,8.608508509689162,8.608508509689162,False,inf,0.0,True,0.4374661285845973,57.0
store,dificil,1,alfombra,0.19407288202569734,0.7141015121322236,0.7141015121322236,1.0,11,11,137.76230000075884,0.035,0,drl,DRL (D3QN),True,115.83949999476317,True,107.47913927477147,13.005405553426407,0.42000000000000004,1.1588025924929513,20456.565050323305,188.0,207.0,0.07957747154594767,107.47913927477147,289.3198969282552,False,inf,0.0,True,0.525,403.0
store,dificil,1,alfombra,0.19407288202569734,0.7141015121322236,0.7141015121322236,1.0,11,11,137.76230000075884,0.035,1,tve,TVE (proposed),True,29.48330000799615,True,10.76190487933366,1.0298853821229397,0.4268516467171376,0.675642887155931,74.05882734106378,0.0,7.0,1.0003270309425099,10.76190487933366,10.76190487933366,True,10.76190487933366,0.0,True,0.531858161942397,
store,dificil,1,alfombra,0.19407288202569734,0.7141015121322236,0.7141015121322236,1.0,11,11,137.76230000075884,0.035,1,teselado,WDT,True,37.89199999300763,True,11.32106643696231,1.0833956408460679,0.3469778120183785,1.0882076347839122,76.781504259705,0.0,11.0,1.6296325039486084,11.32106643696231,11.32106643696231,True,11.32106643696231,0.0,True,0.425257384489469,
store,dificil,1,alfombra,0.19407288202569734,0.7141015121322236,0.7141015121322236,1.0,11,11,137.76230000075884,0.035,1,dijkstra,Dijkstra,True,21.239000008790754,True,10.791406563273158,1.032708614011529,0.2883973675966263,0.47871826730749345,589.6765540730274,9.0,15.0,0.25552747765912126,10.791406563273158,10.791406563273158,False,inf,0.0,True,0.34413047313690165,16348.0
store,dificil,1,alfombra,0.19407288202569734,0.7141015121322236,0.7141015121322236,1.0,11,11,137.76230000075884,0.035,1,astar,A*,True,2.405100007308647,True,10.791406563273158,1.032708614011529,0.2883973675966263,0.4794898541677264,538.8096096553916,11.0,14.0,0.25552747765912126,10.791406563273158,10.791406563273158,False,inf,0.0,True,0.34413047313690165,844.0
store,dificil,1,alfombra,0.19407288202569734,0.7141015121322236,0.7141015121322236,1.0,11,11,137.76230000075884,0.035,1,theta,Theta*,True,326.7171000043163,True,10.51226948547611,1.005995945645193,0.2756558165931508,0.46676227728726244,57.54096467470512,0.0,5.0,0.156737863964263,10.51226948547611,11.527690641963119,False,inf,0.0,True,0.35881347575523825,1339.0
store,dificil,1,alfombra,0.19407288202569734,0.7141015121322236,0.7141015121322236,1.0,11,11,137.76230000075884,0.035,1,visibility,Visibility graph,True,2759.279100006097,True,10.449614166918032,1.0,0.2754318864906094,0.4605746495065229,53.53130884619688,0.0,5.0,0.44319547389415687,10.449614166918032,10.449614166918032,False,inf,0.0,True,0.38924720313971267,163.0
store,dificil,1,alfombra,0.19407288202569734,0.7141015121322236,0.7141015121322236,1.0,11,11,137.76230000075884,0.035,1,rrt,RRT,True,14.447800000198185,True,12.90630666042079,1.23509887104543,0.26541916630778656,1.2139093565723578,994.610150545531,10.0,21.0,0.17025285471053672,12.90630666042079,18.794876975274434,False,inf,0.0,True,0.38706033543548235,69.0
store,dificil,1,alfombra,0.19407288202569734,0.7141015121322236,0.7141015121322236,1.0,11,11,137.76230000075884,0.035,1,rrt_star,RRT*,True,1758.1105000135722,True,10.449620084903401,1.0000005663352998,0.27264449814281133,0.46643675231432963,72.86010824179657,0.0,8.0,0.4056679377878994,10.449620084903401,10.449620084903401,False,inf,0.0,True,0.37252637372592906,4000.0
store,dificil,1,alfombra,0.19407288202569734,0.7141015121322236,0.7141015121322236,1.0,11,11,137.76230000075884,0.035,1,prm,PRM,True,654.8103999957675,True,10.730211537497604,1.0268524144621438,0.2607082699083481,0.5638518503634127,228.25111938473708,1.0,14.0,0.24927232557281884,10.730211537497604,10.730211537497604,False,inf,0.0,True,0.3832594771262926,602.0
store,dificil,1,alfombra,0.19407288202569734,0.7141015121322236,0.7141015121322236,1.0,11,11,137.76230000075884,0.035,1,potential,APF,False,1914.5270999870263,,,,,,,,,,,,,,,,,12595.0
store,dificil,1,alfombra,0.19407288202569734,0.7141015121322236,0.7141015121322236,1.0,11,11,137.76230000075884,0.035,1,hybrid_astar,Hybrid A*,True,176.95809999713674,True,10.632790515684265,1.0175294844230844,0.28830205875204457,0.5655303183249712,155.28858589206365,0.0,15.0,0.9220825089444441,10.632790515684265,10.632790515684265,True,10.632790515684265,0.0,True,0.4283020587520446,241.0
store,dificil,1,alfombra,0.19407288202569734,0.7141015121322236,0.7141015121322236,1.0,11,11,137.76230000075884,0.035,1,aco,ACO,True,366.9902999972692,True,11.277424450793267,1.0792192200259378,0.3325,0.49930034273905116,1034.0289780689209,16.0,20.0,0.18596988268302594,11.277424450793267,13.625528573259242,False,inf,0.0,True,0.4911304330825804,40.0
store,dificil,1,alfombra,0.19407288202569734,0.7141015121322236,0.7141015121322236,1.0,11,11,137.76230000075884,0.035,1,topological,Homotopy planner,True,513.0959999951301,True,10.500083918828283,1.0048298196568857,0.2610807166906407,0.45666228962229,62.58795386085773,1.0,4.0,0.42743535052589665,10.500083918828283,10.500083918828283,False,inf,0.0,True,0.3463380324305857,30997.0
store,dificil,1,alfombra,0.19407288202569734,0.7141015121322236,0.7141015121322236,1.0,11,11,137.76230000075884,0.035,1,slam,SLAM-based,True,495.7211000000825,True,10.884317514793242,1.041599942441073,0.33560211358360825,0.49827311253969137,413.9147104254381,1.0,15.0,0.17066500211523664,10.884317514793242,11.816875104921946,False,inf,0.0,True,0.43984789422159365,71.0
store,dificil,1,alfombra,0.19407288202569734,0.7141015121322236,0.7141015121322236,1.0,11,11,137.76230000075884,0.035,1,drl,DRL (D3QN),True,14.640800000051968,True,15.592106230165147,1.4921226737277538,0.4056745052337647,1.1927355585766781,1035.0,12.0,19.0,0.11555986247578573,15.592106230165147,19.763733950828044,False,inf,0.0,True,0.538782958984375,56.0
store,medio,2,concreto,0.03504697765080531,0.8751380452788514,0.8751380452788514,1.0,12,12,149.6841000043787,0.035,0,tve,TVE (proposed),True,24.10300000337884,True,10.736904681132685,0.9803030972471912,0.2517829823493958,0.41013071803792145,153.76902179247853,2.0,7.0,0.1797722621195734,10.736904681132685,11.622218918242497,False,inf,0.0,True,0.385,
store,medio,2,concreto,0.03504697765080531,0.8751380452788514,0.8751380452788514,1.0,12,12,149.6841000043787,0.035,0,teselado,WDT,True,37.4463000043761,True,11.289272501256029,1.0307354984808648,0.2517829823493958,0.5247128069071808,198.34025218397224,2.0,11.0,0.15148306317219826,11.289272501256029,12.3399176345075,False,inf,0.0,True,0.385,
store,medio,2,concreto,0.03504697765080531,0.8751380452788514,0.8751380452788514,1.0,12,12,149.6841000043787,0.035,0,dijkstra,Dijkstra,True,17.890300005092286,True,10.853053241957294,0.9909077172283343,0.2517829823493958,0.374657889332268,414.32687144496407,8.0,11.0,0.23610917260197573,10.853053241957294,11.527126770477903,False,inf,0.0,True,0.385,13928.0
store,medio,2,concreto,0.03504697765080531,0.8751380452788514,0.8751380452788514,1.0,12,12,149.6841000043787,0.035,0,astar,A*,True,3.6069000052521005,True,10.853053241957294,0.9909077172283343,0.2517829823493958,0.3652508827684456,414.32687144496407,6.0,11.0,0.23610917260197573,10.853053241957294,11.527126770477903,False,inf,0.0,True,0.385,1255.0
store,medio,2,concreto,0.03504697765080531,0.8751380452788514,0.8751380452788514,1.0,12,12,149.6841000043787,0.035,0,theta,Theta*,True,617.4518000043463,True,10.723437264828135,0.9790734924115938,0.2517829823493958,0.36582971800969355,144.5871494168747,2.0,5.0,0.25273414827746,10.723437264828135,10.723437264828135,False,inf,0.0,True,0.3325,2390.0
store,medio,2,concreto,0.03504697765080531,0.8751380452788514,0.8751380452788514,1.0,12,12,149.6841000043787,0.035,0,visibility,Visibility graph,True,3043.3221999992384,True,10.952637721214186,1.0,0.2517829823493958,0.37743547322405546,274.33562980380924,1.0,7.0,0.0875883024147408,10.952637721214186,12.769717613210245,False,inf,0.0,True,0.37902284003278675,174.0
store,medio,2,concreto,0.03504697765080531,0.8751380452788514,0.8751380452788514,1.0,12,12,149.6841000043787,0.035,0,rrt,RRT,True,79.79069999419153,True,13.153876427344226,1.2009779527233386,0.2517829823493958,0.6649553986072804,1196.0390817537507,12.0,24.0,0.10030063798861728,13.153876427344226,21.705190961123876,False,inf,0.0,True,0.385,675.0
store,medio,2,concreto,0.03504697765080531,0.8751380452788514,0.8751380452788514,1.0,12,12,149.6841000043787,0.035,0,rrt_star,RRT*,True,1870.7100999890827,True,10.723255333379592,0.9790568816687598,0.2517829823493958,0.4184356300046,271.4396799701599,2.0,10.0,0.26509815598383196,10.723255333379592,10.723255333379592,False,inf,0.0,True,0.34913987337557023,4000.0
store,medio,2,concreto,0.03504697765080531,0.8751380452788514,0.8751380452788514,1.0,12,12,149.6841000043787,0.035,0,prm,PRM,True,655.1102000084938,True,11.594041273098721,1.0585615600744465,0.2517829823493958,0.6773791291511333,387.4956082858147,2.0,16.0,0.21825878130682197,11.594041273098721,13.009537883854914,False,inf,0.0,True,0.385,602.0
store,medio,2,concreto,0.03504697765080531,0.8751380452788514,0.8751380452788514,1.0,12,12,149.6841000043787,0.035,0,potential,APF,True,678.8780999922892,True,242.21218514599715,22.114507145329554,0.22946760485070036,0.6387523199163124,322509.41185663786,2490.0,2604.0,0.07957747154594767,242.21218514599715,1090.3357972052595,False,inf,0.49717333836878197,True,0.26259893315709265,4380.0
store,medio,2,concreto,0.03504697765080531,0.8751380452788514,0.8751380452788514,1.0,12,12,149.6841000043787,0.035,0,hybrid_astar,Hybrid A*,True,2883.689800000866,True,12.732338398119426,1.162490600182834,0.2517829823493958,0.5554877529126053,237.90396948387146,0.0,21.0,0.8034140676969516,12.732338398119426,12.732338398119426,True,12.732338398119426,0.0,True,0.3383074884500633,4282.0
store,medio,2,concreto,0.03504697765080531,0.8751380452788514,0.8751380452788514,1.0,12,12,149.6841000043787,0.035,0,aco,ACO,True,645.8725999982562,True,11.91169798502492,1.0875643190455508,0.2517829823493958,0.39957141828925447,1145.2248594311684,20.0,24.0,0.11729146620369958,11.91169798502492,13.268616337597065,False,inf,0.0,True,0.385,40.0
store,medio,2,concreto,0.03504697765080531,0.8751380452788514,0.8751380452788514,1.0,12,12,149.6841000043787,0.035,0,topological,Homotopy planner,True,380.90650000958703,True,10.691380761836147,0.9761466629292402,0.2517829823493958,0.362673469612004,198.56886243481136,2.0,5.0,0.2186746973444954,10.691380761836147,11.419196759867075,False,inf,0.0,True,0.3329422134211247,8950.0
store,medio,2,concreto,0.03504697765080531,0.8751380452788514,0.8751380452788514,1.0,12,12,149.6841000043787,0.035,0,slam,SLAM-based,True,512.4243999889586,True,10.681229583952359,0.9752198379814812,0.2517829823493958,0.4244677799996645,169.43967039745132,1.0,7.0,0.2174552454249311,10.681229583952359,11.41312704993847,False,inf,0.0,True,0.385,70.0
store,medio,2,concreto,0.03504697765080531,0.8751380452788514,0.8751380452788514,1.0,12,12,149.6841000043787,0.035,0,drl,DRL (D3QN),True,14.183099992806092,True,17.017620431401912,1.5537463088403305,0.2517829823493958,0.865811188279358,2576.30993247402,30.0,35.0,0.11241754832252612,17.017620431401912,32.183798560446554,False,inf,0.0,True,0.385,55.0
store,medio,2,concreto,0.03504697765080531,0.8751380452788514,0.8751380452788514,1.0,12,12,149.6841000043787,0.035,1,tve,TVE (proposed),True,25.609699994674884,True,13.207401942314322,1.0678996543269528,0.28,0.5441865695881988,176.08738549242443,0.0,13.0,0.4340139077146347,13.207401942314322,13.207401942314322,False,inf,0.0,True,0.3787602266987508,
store,medio,2,concreto,0.03504697765080531,0.8751380452788514,0.8751380452788514,1.0,12,12,149.6841000043787,0.035,1,teselado,WDT,True,51.19479999120813,True,14.560689331378336,1.1773212605821832,0.27604018554416315,0.713225186239338,265.1246853205361,1.0,16.0,0.3436882492627455,14.560689331378336,14.560689331378336,False,inf,0.0,True,0.4166852533437677,
store,medio,2,concreto,0.03504697765080531,0.8751380452788514,0.8751380452788514,1.0,12,12,149.6841000043787,0.035,1,dijkstra,Dijkstra,True,23.65809999173507,True,13.000351006300443,1.051158313072781,0.28,0.6663994929974706,562.2038409021167,6.0,15.0,0.07957747192339848,13.000351006300443,15.000350996814069,False,inf,0.0,True,0.35662024497985845,19324.0
store,medio,2,concreto,0.03504697765080531,0.8751380452788514,0.8751380452788514,1.0,12,12,149.6841000043787,0.035,1,astar,A*,True,17.40119999158196,True,13.000351006300443,1.051158313072781,0.28,0.4821723212025638,787.3801350519597,15.0,20.0,0.07957747192339848,13.000351006300443,15.000350996814069,False,inf,0.0,True,0.35662024497985845,5481.0
store,medio,2,concreto,0.03504697765080531,0.8751380452788514,0.8751380452788514,1.0,12,12,149.6841000043787,0.035,1,theta,Theta*,True,1279.313999999431,True,12.442572154666452,1.0060584633481766,0.2557738319499154,0.49567576690943393,143.91147146777394,1.0,7.0,0.3013360747000188,12.442572154666452,12.442572154666452,False,inf,0.0,True,0.34934847160066884,5588.0
store,medio,2,concreto,0.03504697765080531,0.8751380452788514,0.8751380452788514,1.0,12,12,149.6841000043787,0.035,1,visibility,Visibility graph,True,3055.325100009213,True,12.367643241385194,1.0,0.26168182775046483,0.4994312977697671,146.85396621800763,1.0,7.0,0.41884016152003695,12.367643241385194,12.367643241385194,False,inf,0.0,True,0.34981149951622187,174.0
store,medio,2,concreto,0.03504697765080531,0.8751380452788514,0.8751380452788514,1.0,12,12,149.6841000043787,0.035,1,rrt,RRT,True,46.903999987989664,True,15.840244435069613,1.280781158213251,0.27606603158669485,0.6691262601376455,1189.4240819860215,11.0,29.0,0.17980465964070308,15.840244435069613,16.725399154696618,False,inf,0.0,True,0.3717476417028163,422.0
store,medio,2,concreto,0.03504697765080531,0.8751380452788514,0.8751380452788514,1.0,12,12,149.6841000043787,0.035,1,rrt_star,RRT*,True,1780.8125000010477,True,13.299577568238382,1.075352620435776,0.25682106345107025,0.5579316980858285,250.40656109100595,3.0,12.0,0.3181776991741368,13.299577568238382,13.299577568238382,False,inf,0.0,True,0.336156939501966,4000.0
store,medio,2,concreto,0.03504697765080531,0.8751380452788514,0.8751380452788514,1.0,12,12,149.6841000043787,0.035,1,prm,PRM,True,591.5646000066772,True,13.402373781174884,1.0836643263065047,0.27922068539762357,0.5591640496571352,360.25996360754897,3.0,14.0,0.202665688562726,13.402373781174884,14.839007067018148,False,inf,0.0,True,0.3981952063459903,602.0
store,medio,2,concreto,0.03504697765080531,0.8751380452788514,0.8751380452788514,1.0,12,12,149.6841000043787,0.035,1,potential,APF,False,1688.0887000006624,,,,,,,,,,,,,,,,,11841.0
store,medio,2,concreto,0.03504697765080531,0.8751380452788514,0.8751380452788514,1.0,12,12,149.6841000043787,0.035,1,hybrid_astar,Hybrid A*,True,196.59259999752976,True,16.218574551509573,1.311371474335402,0.2925768316825587,0.6605699353753479,236.90401597578963,0.0,18.0,0.7953189729756777,16.218574551509573,16.218574551509573,True,16.218574551509573,0.0,True,0.40079466950665854,262.0
store,medio,2,concreto,0.03504697765080531,0.8751380452788514,0.8751380452788514,1.0,12,12,149.6841000043787,0.035,1,aco,ACO,True,3982.1512999915285,True,14.79586636850361,1.1963367700479086,0.3198702383041382,0.4963588640039701,1452.094757077012,23.0,26.0,0.28794470066916367,14.79586636850361,14.79586636850361,False,inf,0.0,True,0.3847287321090699,40.0
store,medio,2,concreto,0.03504697765080531,0.8751380452788514,0.8751380452788514,1.0,12,12,149.6841000043787,0.035,1,topological,Homotopy planner,True,545.4679999966174,True,18.675797933392523,1.510053093292559,0.2542425008337974,0.4139785055455072,344.2002085565896,4.0,9.0,0.20932553855235433,18.675797933392523,19.43612055906244,False,inf,0.0,True,0.35844570717109303,13925.0
store,medio,2,concreto,0.03504697765080531,0.8751380452788514,0.8751380452788514,1.0,12,12,149.6841000043787,0.035,1,slam,SLAM-based,True,843.194000000949,True,17.084395707756915,1.3813784384229568,0.27733631225606936,0.509722319208687,459.6036329877329,0.0,20.0,0.34489538264906533,17.084395707756915,17.084395707756915,False,inf,0.0,True,0.414583725652484,111.0
store,medio,2,concreto,0.03504697765080531,0.8751380452788514,0.8751380452788514,1.0,12,12,149.6841000043787,0.035,1,drl,DRL (D3QN),False,81.02860000508372,,,,,,,,,,,,,,,,,465.0
store,dificil,0,alfombra,0.12327639477239585,0.8397231096911608,0.8397231096911608,1.0,13,13,147.23159999994095,0.035,0,tve,TVE (proposed),True,31.169299996690825,True,14.515733621562795,1.1415115745491464,0.3448723842070602,0.6237917780323828,132.67008514391583,0.0,8.0,0.22285459876377883,14.515733621562795,15.229898570254727,False,inf,0.0,True,0.4324481639708082,
store,dificil,0,alfombra,0.12327639477239585,0.8397231096911608,0.8397231096911608,1.0,13,13,147.23159999994095,0.035,0,teselado,WDT,True,46.4161999989301,True,13.77477244438023,1.0832426794249608,0.3024007709798344,0.6812494220181791,131.96930442742374,0.0,16.0,1.0080532410120984,13.77477244438023,13.77477244438023,True,13.77477244438023,0.0,True,0.4133097251238129,
store,dificil,0,alfombra,0.12327639477239585,0.8397231096911608,0.8397231096911608,1.0,13,13,147.23159999994095,0.035,0,dijkstra,Dijkstra,True,22.50540000386536,True,13.338340905032675,1.048921875072125,0.2883973675966263,0.5831151799913804,677.4895529219992,6.0,17.0,0.41623185736002677,13.338340905032675,13.338340905032675,False,inf,0.0,True,0.3985117244720459,17323.0
store,dificil,0,alfombra,0.12327639477239585,0.8397231096911608,0.8397231096911608,1.0,13,13,147.23159999994095,0.035,0,astar,A*,True,12.400100007653236,True,13.338340905032675,1.048921875072125,0.2883973675966263,0.37850052275939655,947.4895529219993,12.0,23.0,0.43713469315337783,13.338340905032675,13.338340905032675,False,inf,0.0,True,0.3985117244720459,3758.0
store,dificil,0,alfombra,0.12327639477239585,0.8397231096911608,0.8397231096911608,1.0,13,13,147.23159999994095,0.035,0,theta,Theta*,True,903.9369000092847,True,12.795888017222836,1.0062635936358557,0.2623530658088153,0.5259880489754756,108.97280131585892,0.0,5.0,0.43587786593038164,12.795888017222836,12.795888017222836,False,inf,0.0,True,0.369440539512062,3801.0
store,dificil,0,alfombra,0.12327639477239585,0.8397231096911608,0.8397231096911608,1.0,13,13,147.23159999994095,0.035,0,visibility,Visibility graph,True,3720.8138999994844,True,12.716238665644681,1.0,0.2771228890043039,0.5184026214227828,107.5885668823605,0.0,6.0,0.4956665111291439,12.716238665644681,12.716238665644681,False,inf,0.0,True,0.37031732476871604,188.0
store,dificil,0,alfombra,0.12327639477239585,0.8397231096911608,0.8397231096911608,1.0,13,13,147.23159999994095,0.035,0,rrt,RRT,True,107.35060001024976,True,14.64723551780693,1.151852831873878,0.278246715779649,0.7134956473487423,921.0624873166541,9.0,24.0,0.17233841206211556,14.64723551780693,17.13964785976824,False,inf,0.0,True,0.4522276073979253,840.0
store,dificil,0,alfombra,0.12327639477239585,0.8397231096911608,0.8397231096911608,1.0,13,13,147.23159999994095,0.035,0,rrt_star,RRT*,True,1794.1025999898557,True,12.81779176193711,1.0079860954927493,0.2680991553794367,0.5908518847661851,114.73103615459026,1.0,8.0,0.30651146749286673,12.81779176193711,12.81779176193711,False,inf,0.0,True,0.3889299001434599,4000.0
store,dificil,0,alfombra,0.12327639477239585,0.8397231096911608,0.8397231096911608,1.0,13,13,147.23159999994095,0.035,0,prm,PRM,True,643.7799999985145,True,13.486303672858924,1.0605576088544735,0.3157303598764779,0.5750415990996358,315.57778223926493,2.0,16.0,0.33856023731385126,13.486303672858924,13.486303672858924,False,inf,0.0,True,0.4597003998627539,602.0
store,dificil,0,alfombra,0.12327639477239585,0.8397231096911608,0.8397231096911608,1.0,13,13,147.23159999994095,0.035,0,potential,APF,False,1785.8601000043564,,,,,,,,,,,,,,,,,11572.0
store,dificil,0,alfombra,0.12327639477239585,0.8397231096911608,0.8397231096911608,1.0,13,13,147.23159999994095,0.035,0,hybrid_astar,Hybrid A*,True,135.95080000231974,True,13.217644042582473,1.0394303213490663,0.2693998713640812,0.40005872342599946,278.8283276981133,0.0,21.0,0.8007616855776436,13.217644042582473,13.217644042582473,True,13.217644042582473,0.0,True,0.308815483750594,207.0
store,dificil,0,alfombra,0.12327639477239585,0.8397231096911608,0.8397231096911608,1.0,13,13,147.23159999994095,0.035,0,aco,ACO,True,1154.7379000112414,True,13.631947178645744,1.0720109567835512,0.36750000000000005,0.47114434867071664,792.2235943546416,12.0,18.0,0.26186076271851905,13.631947178645744,13.631947178645744,False,inf,0.0,True,0.43750000000000006,40.0
store,dificil,0,alfombra,0.12327639477239585,0.8397231096911608,0.8397231096911608,1.0,13,13,147.23159999994095,0.035,0,topological,Homotopy planner,True,463.2962000032421,True,12.72659455667155,1.0008143831913794,0.25546614812328505,0.5066750281516759,107.77073530406801,1.0,5.0,0.35361930423610055,12.72659455667155,12.72659455667155,False,inf,0.0,True,0.3640957949745841,18727.0
store,dificil,0,alfombra,0.12327639477239585,0.8397231096911608,0.8397231096911608,1.0,13,13,147.23159999994095,0.035,0,slam,SLAM-based,True,822.1363000047859,True,16.225342321587522,1.2759545293391943,0.3297276598233313,0.507735262038132,971.863450008516,4.0,29.0,0.08028138243285654,16.225342321587522,19.029397051501697,False,inf,0.0,True,0.41112810919388504,106.0
store,dificil,0,alfombra,0.12327639477239585,0.8397231096911608,0.8397231096911608,1.0,13,13,147.23159999994095,0.035,0,drl,DRL (D3QN),False,84.9854999978561,,,,,,,,,,,,,,,,,465.0
store,dificil,0,alfombra,0.12327639477239585,0.8397231096911608,0.8397231096911608,1.0,13,13,147.23159999994095,0.035,1,tve,TVE (proposed),True,25.260599999455735,True,14.261760290202997,1.0341950277204017,0.30228242990764903,0.5737715078941892,52.22414933402587,0.0,5.0,0.9526179501399695,14.261760290202997,14.261760290202997,True,14.261760290202997,0.0,True,0.31500000000000006,
store,dificil,0,alfombra,0.12327639477239585,0.8397231096911608,0.8397231096911608,1.0,13,13,147.23159999994095,0.035,1,teselado,WDT,True,44.95689999021124,True,14.353072932598518,1.0408165862666023,0.25728005293091827,0.582386015001742,194.7097881427089,1.0,11.0,0.25745632017283926,14.353072932598518,14.353072932598518,False,inf,0.0,True,0.31500000000000006,
store,dificil,0,alfombra,0.12327639477239585,0.8397231096911608,0.8397231096911608,1.0,13,13,147.23159999994095,0.035,1,dijkstra,Dijkstra,True,24.98149999883026,True,14.550300499961612,1.0551185914430894,0.29750000000000004,0.5291253743777043,494.31084284200404,8.0,13.0,0.32491375192106103,14.550300499961612,14.550300499961612,False,inf,0.0,True,0.29750000000000004,19368.0
store,dificil,0,alfombra,0.12327639477239585,0.8397231096911608,0.8397231096911608,1.0,13,13,147.23159999994095,0.035,1,astar,A*,True,10.042200010502711,True,14.550300499961612,1.0551185914430894,0.2883973675966263,0.5269506635049596,674.3108428420043,12.0,17.0,0.32491375192106103,14.550300499961612,14.550300499961612,False,inf,0.0,True,0.29750000000000004,2327.0
store,dificil,0,alfombra,0.12327639477239585,0.8397231096911608,0.8397231096911608,1.0,13,13,147.23159999994095,0.035,1,theta,Theta*,True,930.7376999931876,True,14.282479587267746,1.0356974926031515,0.2600142536878584,0.5822757577105401,52.32969009217913,0.0,4.0,0.21194016483089873,14.282479587267746,15.033422398031721,False,inf,0.0,True,0.29750000000000004,3800.0
store,dificil,0,alfombra,0.12327639477239585,0.8397231096911608,0.8397231096911608,1.0,13,13,147.23159999994095,0.035,1,visibility,Visibility graph,True,3626.765199995134,True,13.790203886049541,1.0,0.26286035055280604,0.5139772453338308,92.9246173784087,0.0,6.0,0.33567400230569666,13.790203886049541,13.790203886049541,False,inf,0.0,True,0.31500000000000006,188.0
store,dificil,0,alfombra,0.12327639477239585,0.8397231096911608,0.8397231096911608,1.0,13,13,147.23159999994095,0.035,1,rrt,RRT,True,38.68959999817889,True,18.85303289333107,1.3671322809377162,0.2603695671961107,0.8050705094750914,1258.4954601322345,12.0,34.0,0.18069467733316813,18.85303289333107,22.74151427806497,False,inf,0.0,True,0.31500000000000006,332.0
store,dificil,0,alfombra,0.12327639477239585,0.8397231096911608,0.8397231096911608,1.0,13,13,147.23159999994095,0.035,1,rrt_star,RRT*,True,1748.858899998595,True,14.263837865131256,1.034345683573312,0.2791883818552752,0.5888722068133264,90.2835641753459,0.0,11.0,0.7193034627423273,14.263837865131256,14.263837865131256,False,inf,0.0,True,0.31500000000000006,4000.0
store,dificil,0,alfombra,0.12327639477239585,0.8397231096911608,0.8397231096911608,1.0,13,13,147.23159999994095,0.035,1,prm,PRM,True,675.1539999968372,True,14.678451223614962,1.0644114724412443,0.26934927454351953,0.6794774862086207,204.60432508558486,1.0,13.0,0.499724101793354,14.678451223614962,14.678451223614962,False,inf,0.0,True,0.31500000000000006,602.0
store,dificil,0,alfombra,0.12327639477239585,0.8397231096911608,0.8397231096911608,1.0,13,13,147.23159999994095,0.035,1,potential,APF,False,1733.3386999962386,,,,,,,,,,,,,,,,,11887.0
store,dificil,0,alfombra,0.12327639477239585,0.8397231096911608,0.8397231096911608,1.0,13,13,147.23159999994095,0.035,1,hybrid_astar,Hybrid A*,True,216.3211000006413,True,14.280501250338693,1.0355540330179704,0.2740172307460709,0.5450706583314558,112.22925251536326,0.0,13.0,0.8034454784486368,14.280501250338693,14.280501250338693,True,14.280501250338693,0.0,True,0.31500000000000006,301.0
store,dificil,0,alfombra,0.12327639477239585,0.8397231096911608,0.8397231096911608,1.0,13,13,147.23159999994095,0.035,1,aco,ACO,True,739.7304999904009,True,15.33934595566656,1.1123364152131328,0.31500000000000006,0.5906475916142435,719.2233176809507,12.0,18.0,0.3246056421048611,15.33934595566656,15.33934595566656,False,inf,0.0,True,0.31500000000000006,40.0
store,dificil,0,alfombra,0.12327639477239585,0.8397231096911608,0.8397231096911608,1.0,13,13,147.23159999994095,0.035,1,topological,Homotopy planner,True,334.3299999978626,True,14.266536067924557,1.0345413444073066,0.26284622004251834,0.5580130391674406,50.97478912129721,1.0,3.0,0.4737783465482651,14.266536067924557,14.266536067924557,False,inf,0.0,True,0.31500000000000006,10505.0
store,dificil,0,alfombra,0.12327639477239585,0.8397231096911608,0.8397231096911608,1.0,13,13,147.23159999994095,0.035,1,slam,SLAM-based,True,5855.109399999492,True,17.640860073642394,1.2792312731132465,0.295373986220948,0.4325405581999053,2154.6583511577596,13.0,30.0,0.08051935046347555,17.640860073642394,30.03334208573834,False,inf,0.0,True,0.295373986220948,601.0
store,dificil,0,alfombra,0.12327639477239585,0.8397231096911608,0.8397231096911608,1.0,13,13,147.23159999994095,0.035,1,drl,DRL (D3QN),False,76.51379999879282,,,,,,,,,,,,,,,,,465.0
store,dificil,2,madera,0.20690188329045223,0.7797902764537655,0.7797902764537655,1.0,12,12,161.26079999958165,0.035,0,tve,TVE (proposed),True,24.298199990880676,True,7.4124827503662285,1.0289859794819542,0.25189149618148804,0.5409303050438513,93.98098057566219,1.0,6.0,0.24456812100264402,7.4124827503662285,8.06324190261966,False,inf,0.0,True,0.42000000000000004,
store,dificil,2,madera,0.20690188329045223,0.7797902764537655,0.7797902764537655,1.0,12,12,161.26079999958165,0.035,0,teselado,WDT,True,35.0895000010496,True,7.736707252808539,1.073994174233054,0.25189149618148804,0.709589036505461,68.2778736137597,0.0,7.0,0.816149515766786,7.736707252808539,7.736707252808539,True,7.736707252808539,0.0,True,0.42000000000000004,
store,dificil,2,madera,0.20690188329045223,0.7797902764537655,0.7797902764537655,1.0,12,12,161.26079999958165,0.035,0,dijkstra,Dijkstra,True,11.585400003241375,True,7.394058292591176,1.0264283332291992,0.25189149618148804,0.42078551984923085,206.565051177078,4.0,6.0,0.633066326775648,7.394058292591176,7.394058292591176,False,inf,0.0,True,0.42000000000000004,9352.0
store,dificil,2,madera,0.20690188329045223,0.7797902764537655,0.7797902764537655,1.0,12,12,161.26079999958165,0.035,0,astar,A*,True,1.624000011361204,True,7.394058292591176,1.0264283332291992,0.25189149618148804,0.4006379616265279,386.565051177078,5.0,10.0,0.45871533071655896,7.394058292591176,7.394058292591176,False,inf,0.0,True,0.42000000000000004,197.0
store,dificil,2,madera,0.20690188329045223,0.7797902764537655,0.7797902764537655,1.0,12,12,161.26079999958165,0.035,0,theta,Theta*,True,91.57079999567941,True,7.245336180644331,1.0057830281153777,0.25189149618148804,0.36069485027581144,82.37892869070295,1.0,4.0,1.0305812666678016,7.245336180644331,7.245336180644331,True,7.245336180644331,0.0,True,0.42000000000000004,300.0
store,dificil,2,madera,0.20690188329045223,0.7797902764537655,0.7797902764537655,1.0,12,12,161.26079999958165,0.035,0,visibility,Visibility graph,True,3507.5685999909183,True,7.2036771133636455,1.0,0.25189149618148804,0.3762903195714149,11.719474875551676,0.0,4.0,2.1561350552483964,7.2036771133636455,7.2036771133636455,True,7.2036771133636455,0.0,True,0.42000000000000004,187.0
store,dificil,2,madera,0.20690188329045223,0.7797902764537655,0.7797902764537655,1.0,12,12,161.26079999958165,0.035,0,rrt,RRT,True,7.970999999088235,True,8.339364440102482,1.1576538355157544,0.25189149618148804,0.6054304922512813,451.00417481213407,1.0,16.0,0.16484880674526087,8.339364440102482,9.30482452582719,False,inf,0.0,True,0.42000000000000004,65.0
store,dificil,2,madera,0.20690188329045223,0.7797902764537655,0.7797902764537655,1.0,12,12,161.26079999958165,0.035,0,rrt_star,RRT*,True,1728.407899994636,True,7.215448152712342,1.0016340320593853,0.25189149618148804,0.38822908714425636,17.756957313773057,0.0,5.0,1.6537858716619191,7.215448152712342,7.215448152712342,True,7.215448152712342,0.0,True,0.42000000000000004,4000.0
store,dificil,2,madera,0.20690188329045223,0.7797902764537655,0.7797902764537655,1.0,12,12,161.26079999958165,0.035,0,prm,PRM,True,644.4621999980882,True,7.362698645145321,1.0220750499056477,0.25189149618148804,0.5284658107816013,104.75268905085606,0.0,8.0,0.6569053953759295,7.362698645145321,7.362698645145321,False,inf,0.0,True,0.42000000000000004,602.0
store,dificil,2,madera,0.20690188329045223,0.7797902764537655,0.7797902764537655,1.0,12,12,161.26079999958165,0.035,0,potential,APF,False,1821.4006999915,,,,,,,,,,,,,,,,,12200.0
store,dificil,2,madera,0.20690188329045223,0.7797902764537655,0.7797902764537655,1.0,12,12,161.26079999958165,0.035,0,hybrid_astar,Hybrid A*,True,52.74309999367688,True,7.238383215315645,1.0048178314221796,0.25189149618148804,0.3910775574950238,41.69196957864076,0.0,7.0,1.7834941003559528,7.238383215315645,7.238383215315645,True,7.238383215315645,0.0,True,0.42000000000000004,76.0
store,dificil,2,madera,0.20690188329045223,0.7797902764537655,0.7797902764537655,1.0,12,12,161.26079999958165,0.035,0,aco,ACO,True,215.02799999143463,True,7.651418445905861,1.0621545532227707,0.25189149618148804,0.44514414566321986,686.3099324740206,9.0,16.0,0.396819813156273,7.651418445905861,7.651418445905861,False,inf,0.0,True,0.42000000000000004,40.0
store,dificil,2,madera,0.20690188329045223,0.7797902764537655,0.7797902764537655,1.0,12,12,161.26079999958165,0.035,0,topological,Homotopy planner,True,441.5704999992158,True,7.210199826484004,1.0009054699451005,0.25189149618148804,0.3801225783787504,22.730043315001872,0.0,4.0,1.4346702160780866,7.210199826484004,7.210199826484004,True,7.210199826484004,0.0,True,0.42000000000000004,15514.0
store,dificil,2,madera,0.20690188329045223,0.7797902764537655,0.7797902764537655,1.0,12,12,161.26079999958165,0.035,0,slam,SLAM-based,True,350.6367000081809,True,7.390497373660471,1.0259340136095567,0.25189149618148804,0.4601564976816512,259.08049950916717,1.0,10.0,0.313889025621184,7.390497373660471,7.390497373660471,False,inf,0.0,True,0.4160785856384429,49.0
store,dificil,2,madera,0.20690188329045223,0.7797902764537655,0.7797902764537655,1.0,12,12,161.26079999958165,0.035,0,drl,DRL (D3QN),True,6.321799999568611,True,8.619942909688069,1.1966031755778017,0.25189149618148804,0.6482256419271195,647.5432577154002,6.0,10.0,0.11635383699701528,8.619942909688069,12.8264335883509,False,inf,0.0,True,0.42000000000000004,32.0
store,dificil,2,madera,0.20690188329045223,0.7797902764537655,0.7797902764537655,1.0,12,12,161.26079999958165,0.035,1,tve,TVE (proposed),True,33.5583999985829,True,16.346927421371714,1.0216547261858424,0.29457292858208783,0.4675811392583839,269.84051739927565,0.0,15.0,0.7102995475800904,16.346927421371714,16.346927421371714,False,inf,0.0,True,0.3461052975980202,
store,dificil,2,madera,0.20690188329045223,0.7797902764537655,0.7797902764537655,1.0,12,12,161.26079999958165,0.035,1,teselado,WDT,True,56.85249999805819,True,24.182961858632698,1.5113933425643644,0.35000000000000003,0.7107431997538366,249.73244920284583,0.0,26.0,1.1391519195061586,24.182961858632698,24.182961858632698,True,24.182961858632698,0.0,True,0.45500000000000007,
store,dificil,2,madera,0.20690188329045223,0.7797902764537655,0.7797902764537655,1.0,12,12,161.26079999958165,0.035,1,dijkstra,Dijkstra,True,38.77699999429751,True,16.63537625946986,1.039682280301028,0.2883973675966263,0.41969700241532687,764.1094955026075,9.0,20.0,0.3319731545365921,16.63537625946986,16.63537625946986,False,inf,0.0,True,0.29750000000000004,18965.0
store,dificil,2,madera,0.20690188329045223,0.7797902764537655,0.7797902764537655,1.0,12,12,161.26079999958165,0.035,1,astar,A*,True,14.21969999501016,True,16.635376259469858,1.0396822803010277,0.2883973675966263,0.42797282653525326,620.0983118413693,9.0,17.0,0.26155221377434523,16.635376259469858,16.635376259469858,False,inf,0.0,True,0.3325,8245.0
store,dificil,2,madera,0.20690188329045223,0.7797902764537655,0.7797902764537655,1.0,12,12,161.26079999958165,0.035,1,theta,Theta*,True,2133.135600000969,True,16.20091693248931,1.01252932284892,0.2451149316272044,0.4258561966316886,206.11754114719926,2.0,9.0,0.3525146953028578,16.20091693248931,16.20091693248931,False,inf,0.16757587780203306,True,0.2616478073993053,9024.0
store,dificil,2,madera,0.20690188329045223,0.7797902764537655,0.7797902764537655,1.0,12,12,161.26079999958165,0.035,1,visibility,Visibility graph,True,3404.2878999898676,True,16.00044222611285,1.0,0.25681092434536773,0.4292063168094436,222.93261711742733,0.0,12.0,0.4382417421210296,16.00044222611285,16.00044222611285,False,inf,0.0,True,0.2833106252124775,187.0
store,dificil,2,madera,0.20690188329045223,0.7797902764537655,0.7797902764537655,1.0,12,12,161.26079999958165,0.035,1,rrt,RRT,True,87.80879998812452,True,20.80938891608022,1.3005508611580208,0.28517269263603107,0.5918538143231874,1039.2170661522853,7.0,34.0,0.1578961933226255,20.80938891608022,23.372239504497433,False,inf,0.0,True,0.29735544100877065,726.0
store,dificil,2,madera,0.20690188329045223,0.7797902764537655,0.7797902764537655,1.0,12,12,161.26079999958165,0.035,1,rrt_star,RRT*,True,1782.8650000010384,True,16.09216459698934,1.0057324897387399,0.2590810731080588,0.4509175192878473,248.3662568859726,2.0,17.0,0.26895961706014565,16.09216459698934,16.09216459698934,False,inf,0.0,True,0.28468156938787526,4000.0
store,dificil,2,madera,0.20690188329045223,0.7797902764537655,0.7797902764537655,1.0,12,12,161.26079999958165,0.035,1,prm,PRM,True,690.3094000008423,True,18.202134165711684,1.1376019430266533,0.26627450980392214,0.5626133066967053,455.7757478464809,4.0,19.0,0.15025387710053323,18.202134165711684,19.26137434082814,False,inf,0.0,True,0.28,602.0
store,dificil,2,madera,0.20690188329045223,0.7797902764537655,0.7797902764537655,1.0,12,12,161.26079999958165,0.035,1,potential,APF,False,1836.0135999973863,,,,,,,,,,,,,,,,,12193.0
store,dificil,2,madera,0.20690188329045223,0.7797902764537655,0.7797902764537655,1.0,12,12,161.26079999958165,0.035,1,hybrid_astar,Hybrid A*,True,363.81660000188276,True,16.353933481848195,1.0220925928633675,0.25750752625288936,0.47431662819417475,323.2784022526361,0.0,25.0,0.7977985142670189,16.353933481848195,16.353933481848195,True,16.353933481848195,0.0,True,0.3239801884089481,550.0
store,dificil,2,madera,0.20690188329045223,0.7797902764537655,0.7797902764537655,1.0,12,12,161.26079999958165,0.035,1,aco,ACO,True,3474.7394000005443,True,22.115664343148275,1.3821908188922014,0.3325,0.4837045945655834,1930.9774789279945,38.0,44.0,0.24952697875377325,22.115664343148275,22.115664343148275,False,inf,0.0,True,0.40594573974609377,40.0
store,dificil,2,madera,0.20690188329045223,0.7797902764537655,0.7797902764537655,1.0,12,12,161.26079999958165,0.035,1,topological,Homotopy planner,True,482.48019999300595,True,16.008234204752572,1.0004869852051343,0.2558116942383731,0.425052307670912,196.28169988513477,2.0,10.0,0.2898783753255892,16.008234204752572,16.008234204752572,False,inf,0.1108461145033989,True,0.265634998955879,22002.0
store,dificil,2,madera,0.20690188329045223,0.7797902764537655,0.7797902764537655,1.0,12,12,161.26079999958165,0.035,1,slam,SLAM-based,True,1032.5439000007464,True,20.759047282490105,1.297404596018676,0.3273033945240456,0.4743332481346674,712.6839740354554,1.0,34.0,0.3375820787221984,20.759047282490105,20.759047282490105,False,inf,0.0,True,0.4039877882280451,136.0
store,dificil,2,madera,0.20690188329045223,0.7797902764537655,0.7797902764537655,1.0,12,12,161.26079999958165,0.035,1,drl,DRL (D3QN),True,21.75139999599196,True,29.643004504752952,1.8526365762800814,0.35000000000000003,0.7657222290626718,3847.166345822082,38.0,51.0,0.10901297020018404,29.643004504752952,54.20198445568528,False,inf,0.0,True,0.42000000000000004,110.0
store,dificil,3,baldosa,0.12408994746998185,0.7524212009156541,0.7524212009156541,1.0,12,12,190.3118999907747,0.035,0,tve,TVE (proposed),True,27.370999989216216,True,13.544896431716754,1.0621824799663215,0.3268960543022968,0.7570964337462588,71.3294621029934,0.0,7.0,0.7200345343772203,13.544896431716754,13.544896431716754,False,inf,0.0,True,0.4430788494459069,
store,dificil,3,baldosa,0.12408994746998185,0.7524212009156541,0.7524212009156541,1.0,12,12,190.3118999907747,0.035,0,teselado,WDT,True,40.8066000090912,True,13.932990805533453,1.092616602997069,0.3380093218322159,0.8800456113792205,235.16066021729182,0.0,18.0,0.5906812031819414,13.932990805533453,13.932990805533453,False,inf,0.0,True,0.525,
store,dificil,3,baldosa,0.12408994746998185,0.7524212009156541,0.7524212009156541,1.0,12,12,190.3118999907747,0.035,0,dijkstra,Dijkstra,True,32.845900001120754,True,13.757133829043461,1.078826006638567,0.29556011915206915,0.6103839743997582,545.4074233894463,6.0,14.0,0.3054657730094182,13.757133829043461,13.757133829043461,False,inf,0.0,True,0.43351172447204595,17804.0
store,dificil,3,baldosa,0.12408994746998185,0.7524212009156541,0.7524212009156541,1.0,12,12,190.3118999907747,0.035,0,astar,A*,True,3.8579999963985756,True,13.757133829043461,1.078826006638567,0.2883973675966263,0.6281539219428042,712.8749836510983,14.0,18.0,0.18059008774770716,13.757133829043461,14.638438805838435,False,inf,0.0,True,0.4107345843315125,1615.0
store,dificil,3,baldosa,0.12408994746998185,0.7524212009156541,0.7524212009156541,1.0,12,12,190.3118999907747,0.035,0,theta,Theta*,True,304.7630999935791,True,12.846646372750968,1.0074261381214173,0.2656744885444641,0.8230888380372544,75.27177754108222,0.0,5.0,0.6849221950473156,12.846646372750968,12.846646372750968,False,inf,0.0,True,0.41439376328140504,1045.0
store,dificil,3,baldosa,0.12408994746998185,0.7524212009156541,0.7524212009156541,1.0,12,12,190.3118999907747,0.035,0,visibility,Visibility graph,True,3512.9313000070397,True,12.751948640826969,1.0,0.26118197366745105,0.8252963079039344,74.66902669102821,0.0,6.0,0.6852947923157348,12.751948640826969,12.751948640826969,False,inf,0.0,True,0.39510446956819945,185.0
store,dificil,3,baldosa,0.12408994746998185,0.7524212009156541,0.7524212009156541,1.0,12,12,190.3118999907747,0.035,0,rrt,RRT,True,13.37970000167843,True,16.986765302939936,1.3320917282049483,0.2691158302575288,0.9829884854615524,941.4186225916749,9.0,25.0,0.16879346023953945,16.986765302939936,23.497123791375174,False,inf,0.0,True,0.3741158302575287,112.0
store,dificil,3,baldosa,0.12408994746998185,0.7524212009156541,0.7524212009156541,1.0,12,12,190.3118999907747,0.035,0,rrt_star,RRT*,True,1790.16240000783,True,12.764502660396264,1.0009844785234707,0.25694026773518963,0.8193027971435339,113.88209393500938,0.0,13.0,0.6668772950644676,12.764502660396264,12.764502660396264,False,inf,0.0,True,0.3808502818039107,4000.0
store,dificil,3,baldosa,0.12408994746998185,0.7524212009156541,0.7524212009156541,1.0,12,12,190.3118999907747,0.035,0,prm,PRM,True,681.8275999976322,True,13.397005584764392,1.0505849703528598,0.27126357307434157,0.8930401687099367,266.06372569817427,1.0,14.0,0.2691106547000358,13.397005584764392,13.397005584764392,False,inf,0.0,True,0.40204787572224954,602.0
store,dificil,3,baldosa,0.12408994746998185,0.7524212009156541,0.7524212009156541,1.0,12,12,190.3118999907747,0.035,0,potential,APF,False,1846.8978000018978,,,,,,,,,,,,,,,,,12062.0
store,dificil,3,baldosa,0.12408994746998185,0.7524212009156541,0.7524212009156541,1.0,12,12,190.3118999907747,0.035,0,hybrid_astar,Hybrid A*,True,70.34989999374375,True,13.054668897975613,1.023739137105638,0.2650792195816367,0.7346626780108878,245.61478315531835,0.0,20.0,0.7980269672856684,13.054668897975613,13.054668897975613,True,13.054668897975613,0.0,True,0.3850954468149811,88.0
store,dificil,3,baldosa,0.12408994746998185,0.7524212009156541,0.7524212009156541,1.0,12,12,190.3118999907747,0.035,0,aco,ACO,True,390.72690000466537,True,14.151192121634635,1.1097278165258455,0.36750000000000005,0.7603996740700047,1826.5650511770782,32.0,40.0,0.3099294053423513,14.151192121634635,14.151192121634635,False,inf,0.0,True,0.47250000000000003,40.0
store,dificil,3,baldosa,0.12408994746998185,0.7524212009156541,0.7524212009156541,1.0,12,12,190.3118999907747,0.035,0,topological,Homotopy planner,True,294.75680000905413,True,13.12516701193583,1.0292675560121027,0.25433157741367934,0.6943880024037398,100.79233342707596,0.0,5.0,0.35161733899811587,13.12516701193583,13.12516701193583,False,inf,0.0,True,0.3809772823434791,11640.0
store,dificil,3,baldosa,0.12408994746998185,0.7524212009156541,0.7524212009156541,1.0,12,12,190.3118999907747,0.035,0,slam,SLAM-based,True,651.4500999910524,True,13.869769543898064,1.087658830391792,0.3309567538188368,0.74572927622987,416.7132449891876,2.0,14.0,0.1023794624796512,13.869769543898064,15.424328820115488,False,inf,0.0,True,0.4727332755765643,91.0
store,dificil,3,baldosa,0.12408994746998185,0.7524212009156541,0.7524212009156541,1.0,12,12,190.3118999907747,0.035,0,drl,DRL (D3QN),False,86.88650000840425,,,,,,,,,,,,,,,,,465.0
store,dificil,3,baldosa,0.12408994746998185,0.7524212009156541,0.7524212009156541,1.0,12,12,190.3118999907747,0.035,1,tve,TVE (proposed),True,19.955199997639284,True,8.456723447295468,1.0076409292897615,0.28834400010126865,0.6016088297789147,91.27808329134439,0.0,7.0,0.6028690573746615,8.456723447295468,8.456723447295468,False,inf,0.0,True,0.47193725856929497,
store,dificil,3,baldosa,0.12408994746998185,0.7524212009156541,0.7524212009156541,1.0,12,12,190.3118999907747,0.035,1,teselado,WDT,True,36.792799990507774,True,8.6778948236076,1.0339940827951803,0.3645251250449045,0.6839960618630767,114.64114813041294,0.0,9.0,0.553445859091187,8.6778948236076,8.6778948236076,False,inf,0.0,True,0.5219001228527347,
store,dificil,3,baldosa,0.12408994746998185,0.7524212009156541,0.7524212009156541,1.0,12,12,190.3118999907747,0.035,1,dijkstra,Dijkstra,True,20.542300000670366,True,9.02030049996161,1.0747926232778757,0.2883973675966263,0.5369484586518888,654.6707450945984,9.0,17.0,0.32829865350717613,9.02030049996161,9.02030049996161,False,inf,0.0,True,0.44218033075332647,16654.0
store,dificil,3,baldosa,0.12408994746998185,0.7524212009156541,0.7524212009156541,1.0,12,12,190.3118999907747,0.035,1,astar,A*,True,3.669199999421835,True,9.02030049996161,1.0747926232778757,0.2883973675966263,0.6576037782922054,695.3347265630723,9.0,18.0,0.3619143465034854,9.02030049996161,9.02030049996161,False,inf,0.0,True,0.44218033075332647,1604.0
store,dificil,3,baldosa,0.12408994746998185,0.7524212009156541,0.7524212009156541,1.0,12,12,190.3118999907747,0.035,1,theta,Theta*,True,337.4251000059303,True,8.434101635086575,1.0049454806306621,0.25695161283016205,0.5951064520366173,88.21681041690313,1.0,5.0,0.34944902834190955,8.434101635086575,8.434101635086575,False,inf,0.0,True,0.4404972550710047,1497.0
store,dificil,3,baldosa,0.12408994746998185,0.7524212009156541,0.7524212009156541,1.0,12,12,190.3118999907747,0.035,1,visibility,Visibility graph,True,3464.349800007767,True,8.392596213073851,1.0,0.2658183385285993,0.6055516465264226,84.13348750086112,0.0,7.0,0.7099040850326641,8.392596213073851,8.392596213073851,False,inf,0.0,True,0.447492799017532,185.0
store,dificil,3,baldosa,0.12408994746998185,0.7524212009156541,0.7524212009156541,1.0,12,12,190.3118999907747,0.035,1,rrt,RRT,True,33.690399999613874,True,16.285509262620636,1.9404614316188988,0.25913244216754167,0.7080594343055155,1086.057641406069,8.0,33.0,0.15884606386325192,16.285509262620636,21.702430344720373,False,inf,0.0,True,0.3848562386541658,337.0
store,dificil,3,baldosa,0.12408994746998185,0.7524212009156541,0.7524212009156541,1.0,12,12,190.3118999907747,0.035,1,rrt_star,RRT*,True,1763.107899998431,True,8.45176697116701,1.0070503520711487,0.2639166890517766,0.6258422445562524,104.49034627208063,0.0,9.0,0.6728443337384102,8.45176697116701,8.45176697116701,False,inf,0.0,True,0.42636853401182023,4000.0
store,dificil,3,baldosa,0.12408994746998185,0.7524212009156541,0.7524212009156541,1.0,12,12,190.3118999907747,0.035,1,prm,PRM,True,669.7920000005979,True,8.978813794120805,1.0698493727285192,0.30388291628176534,0.6517020658111969,162.8979423111547,1.0,10.0,0.3928221170829098,8.978813794120805,8.978813794120805,False,inf,0.0,True,0.4672761380184409,602.0
store,dificil,3,baldosa,0.12408994746998185,0.7524212009156541,0.7524212009156541,1.0,12,12,190.3118999907747,0.035,1,potential,APF,False,1726.0613000107696,,,,,,,,,,,,,,,,,12030.0
store,dificil,3,baldosa,0.12408994746998185,0.7524212009156541,0.7524212009156541,1.0,12,12,190.3118999907747,0.035,1,hybrid_astar,Hybrid A*,True,90.58400000503752,True,8.605000876711957,1.0253085765412169,0.3083462093935363,0.6864818063893521,178.46221125980875,0.0,15.0,0.8522071022407661,8.605000876711957,8.605000876711957,True,8.605000876711957,0.0,True,0.4696613835588463,124.0
store,dificil,3,baldosa,0.12408994746998185,0.7524212009156541,0.7524212009156541,1.0,12,12,190.3118999907747,0.035,1,aco,ACO,True,272.00830000219867,True,9.530477692750559,1.135581582955717,0.3325,0.6403235945702604,872.6607286579941,16.0,20.0,0.14010189852782848,9.530477692750559,10.666471885293799,False,inf,0.0,True,0.4876260638237,40.0
store,dificil,3,baldosa,0.12408994746998185,0.7524212009156541,0.7524212009156541,1.0,12,12,190.3118999907747,0.035,1,topological,Homotopy planner,True,273.68690000730567,True,8.435988556972209,1.0051703123558788,0.2566646748589915,0.6047275422643884,85.64808081266023,1.0,4.0,0.43909486402249237,8.435988556972209,8.435988556972209,False,inf,0.0,True,0.44119412777041295,7944.0
store,dificil,3,baldosa,0.12408994746998185,0.7524212009156541,0.7524212009156541,1.0,12,12,190.3118999907747,0.035,1,slam,SLAM-based,True,431.167100003222,True,9.102578836994113,1.0845963043967566,0.30523455947817096,0.6360882809688218,292.24868779437213,1.0,11.0,0.1690699443421797,9.102578836994113,10.043934461798617,False,inf,0.0,True,0.5124103062273097,60.0
store,dificil,3,baldosa,0.12408994746998185,0.7524212009156541,0.7524212009156541,1.0,12,12,190.3118999907747,0.035,1,drl,DRL (D3QN),True,71.62289999541827,True,109.09489221431423,12.998944479703189,0.385,0.7337506583353982,32733.434947969152,262.0,282.0,0.07957747154594767,109.09489221431423,393.3084804960514,False,inf,0.0,True,0.45500000000000007,399.0
plaza,facil,0,alfombra,0.0,0.8804128902316214,0.8804128902316214,1.0,19,19,144.80529999127612,0.045,0,tve,TVE (proposed),True,21.25079999677837,True,13.256682277251725,1.0,0.54,1.387783992721666,0.0,0.0,2.0,16777215.999999998,13.256682277251725,13.256682277251725,True,13.256682277251725,0.0,True,0.54,
plaza,facil,0,alfombra,0.0,0.8804128902316214,0.8804128902316214,1.0,19,19,144.80529999127612,0.045,0,teselado,WDT,True,46.27750000508968,True,13.256682277251725,1.0,0.54,1.387783992721666,0.0,0.0,2.0,16777215.999999998,13.256682277251725,13.256682277251725,True,13.256682277251725,0.0,True,0.54,
plaza,facil,0,alfombra,0.0,0.8804128902316214,0.8804128902316214,1.0,19,19,144.80529999127612,0.045,0,dijkstra,Dijkstra,True,24.390499995206483,True,14.1686980387795,1.0687966824921784,0.54,1.3200480673309525,406.2857243323589,2.0,11.0,0.4408146368774149,14.1686980387795,14.1686980387795,False,inf,0.0,True,0.54,20239.0
plaza,facil,0,alfombra,0.0,0.8804128902316214,0.8804128902316214,1.0,19,19,144.80529999127612,0.045,0,astar,A*,True,2.8864000050816685,True,14.168698038779505,1.0687966824921789,0.54,1.3688207811831705,225.7351329659816,1.0,7.0,0.35760073789441904,14.168698038779505,14.168698038779505,False,inf,0.0,True,0.54,1118.0
plaza,facil,0,alfombra,0.0,0.8804128902316214,0.8804128902316214,1.0,19,19,144.80529999127612,0.045,0,theta,Theta*,True,198.86819999373984,True,13.296088363277645,1.0029725451060663,0.54,1.3963276223322387,0.0,0.0,2.0,0.18691654667648805,13.296088363277645,14.147564307605666,False,inf,0.0,True,0.54,370.0
plaza,facil,0,alfombra,0.0,0.8804128902316214,0.8804128902316214,1.0,19,19,144.80529999127612,0.045,0,visibility,Visibility graph,True,5433.594799993443,True,13.256682277251725,1.0,0.54,1.387783992721666,0.0,0.0,2.0,16777215.999999998,13.256682277251725,13.256682277251725,True,13.256682277251725,0.0,True,0.54,230.0
plaza,facil,0,alfombra,0.0,0.8804128902316214,0.8804128902316214,1.0,19,19,144.80529999127612,0.045,0,rrt,RRT,True,2.5714000075822696,True,13.256682277251725,1.0,0.54,1.387783992721666,0.0,0.0,2.0,16777215.999999998,13.256682277251725,13.256682277251725,True,13.256682277251725,0.0,True,0.54,0.0
plaza,facil,0,alfombra,0.0,0.8804128902316214,0.8804128902316214,1.0,19,19,144.80529999127612,0.045,0,rrt_star,RRT*,True,1874.025100012659,True,13.26693031061987,1.0007730466155722,0.54,1.4835446671269492,6.063303934333783,0.0,5.0,3.9655797244698014,13.26693031061987,13.26693031061987,True,13.26693031061987,0.0,True,0.54,4000.0
plaza,facil,0,alfombra,0.0,0.8804128902316214,0.8804128902316214,1.0,19,19,144.80529999127612,0.045,0,prm,PRM,True,709.2994000122417,True,13.450121087753125,1.0145917965336877,0.54,1.4952137150432883,68.82469255347102,0.0,8.0,0.8308694838739918,13.450121087753125,13.450121087753125,True,13.450121087753125,0.0,True,0.54,602.0
plaza,facil,0,alfombra,0.0,0.8804128902316214,0.8804128902316214,1.0,19,19,144.80529999127612,0.045,0,potential,APF,True,79.1039999894565,True,13.292137107590262,1.0026744874469367,0.54,1.4417806334219578,32.76920776203502,0.0,5.0,0.5708587510176479,13.292137107590262,13.292137107590262,False,inf,0.0,True,0.54,296.0
plaza,facil,0,alfombra,0.0,0.8804128902316214,0.8804128902316214,1.0,19,19,144.80529999127612,0.045,0,hybrid_astar,Hybrid A*,True,78.48940000985749,True,13.445429715698095,1.0142379091916731,0.26967221194482305,1.1807663540280715,141.05239643772828,0.0,14.0,0.8792121202298305,13.445429715698095,13.445429715698095,True,13.445429715698095,0.0,True,0.3927856501155563,86.0
plaza,facil,0,alfombra,0.0,0.8804128902316214,0.8804128902316214,1.0,19,19,144.80529999127612,0.045,0,aco,ACO,True,251.17560000217054,True,14.258698038779494,1.0755857114601906,0.4275,1.132251447566854,1260.0,22.0,28.0,0.13780050942061717,14.258698038779494,15.413664328534612,False,inf,0.0,True,0.5175,40.0
plaza,facil,0,alfombra,0.0,0.8804128902316214,0.8804128902316214,1.0,19,19,144.80529999127612,0.045,0,topological,Homotopy planner,True,353.2892999937758,True,13.256682277251725,1.0,0.54,1.387783992721666,0.0,0.0,2.0,16777215.999999998,13.256682277251725,13.256682277251725,True,13.256682277251725,0.0,True,0.54,27639.0
plaza,facil,0,alfombra,0.0,0.8804128902316214,0.8804128902316214,1.0,19,19,144.80529999127612,0.045,0,slam,SLAM-based,True,615.6568000005791,True,14.403781795510636,1.0865299095405883,0.54,1.3770846949363467,291.91351836444625,1.0,9.0,0.1396297664871867,14.403781795510636,15.543617140766337,False,inf,0.0,True,0.54,94.0
plaza,facil,0,alfombra,0.0,0.8804128902316214,0.8804128902316214,1.0,19,19,144.80529999127612,0.045,0,drl,DRL (D3QN),True,11.169000004883856,True,20.315711005620514,1.532488339143647,0.54,1.3249154068960156,2158.812692684271,18.0,24.0,0.07957747154594767,20.315711005620514,42.492248719702324,False,inf,0.0,True,0.54,57.0
plaza,facil,0,alfombra,0.0,0.8804128902316214,0.8804128902316214,1.0,19,19,144.80529999127612,0.045,1,tve,TVE (proposed),True,25.834100000793114,True,18.500337241638793,0.9990719760214101,0.256781468515626,1.589520865591751,51.07226892373671,0.0,5.0,0.9955207163034188,18.500337241638793,18.500337241638793,True,18.500337241638793,0.0,True,0.35564196378729995,
plaza,facil,0,alfombra,0.0,0.8804128902316214,0.8804128902316214,1.0,19,19,144.80529999127612,0.045,1,teselado,WDT,True,50.964800000656396,True,20.31102397110866,1.0968543215613424,0.3639686063805707,1.3068220567486242,133.10305312208658,0.0,14.0,1.5855959041136627,20.31102397110866,20.31102397110866,True,20.31102397110866,0.0,True,0.4899685720482953,
plaza,facil,0,alfombra,0.0,0.8804128902316214,0.8804128902316214,1.0,19,19,144.80529999127612,0.045,1,dijkstra,Dijkstra,True,35.27599999506492,True,19.202301935711603,1.0369801095243032,0.33036635935306546,1.7114057086017425,225.1670426156809,3.0,7.0,0.34335118713283447,19.202301935711603,19.202301935711603,False,inf,0.0,True,0.4424534654617311,30323.0
plaza,facil,0,alfombra,0.0,0.8804128902316214,0.8804128902316214,1.0,19,19,144.80529999127612,0.045,1,astar,A*,True,10.946700000204146,True,19.202301935711603,1.0369801095243032,0.31936048865318295,1.7088189663918145,360.0,5.0,10.0,0.34335118713283447,19.202301935711603,19.202301935711603,False,inf,0.0,True,0.4182209730148315,5922.0
plaza,facil,0,alfombra,0.0,0.8804128902316214,0.8804128902316214,1.0,19,19,144.80529999127612,0.045,1,theta,Theta*,True,1491.9819999922765,True,18.608573488589037,1.0049170479087668,0.2574932583139728,1.6151719661720036,50.84266241952615,1.0,3.0,0.34142385259780167,18.608573488589037,18.608573488589037,False,inf,0.0,True,0.3490306823309279,6145.0
plaza,facil,0,alfombra,0.0,0.8804128902316214,0.8804128902316214,1.0,19,19,144.80529999127612,0.045,1,visibility,Visibility graph,True,5373.601100000087,True,18.517521946028772,1.0,0.26534995486882285,1.609562994468223,50.45080710902129,1.0,3.0,0.5667782112178208,18.517521946028772,18.517521946028772,False,inf,0.0,True,0.35669293758888815,230.0
plaza,facil,0,alfombra,0.0,0.8804128902316214,0.8804128902316214,1.0,19,19,144.80529999127612,0.045,1,rrt,RRT,True,117.06489999778569,True,24.26716054860924,1.3104971939192718,0.2712980621766218,1.1449869501043166,1747.2106406701173,15.0,44.0,0.13928915976497092,24.26716054860924,29.889871959451998,False,inf,0.0,True,0.35631012555533076,684.0
plaza,facil,0,alfombra,0.0,0.8804128902316214,0.8804128902316214,1.0,19,19,144.80529999127612,0.045,1,rrt_star,RRT*,True,1767.9425999958767,True,18.57662315090686,1.003191636821079,0.3041377954979575,1.6070753535527105,96.55655697191311,1.0,11.0,0.451721338703869,18.57662315090686,18.57662315090686,False,inf,0.0,True,0.3960844888948607,4000.0
plaza,facil,0,alfombra,0.0,0.8804128902316214,0.8804128902316214,1.0,19,19,144.80529999127612,0.045,1,prm,PRM,True,637.5696000031894,True,19.240310576881054,1.0390326866067137,0.2611454599164426,1.5470083106477057,223.65827971270917,1.0,12.0,0.2563749648556781,19.240310576881054,19.240310576881054,False,inf,0.0,True,0.3775117349624634,602.0
plaza,facil,0,alfombra,0.0,0.8804128902316214,0.8804128902316214,1.0,19,19,144.80529999127612,0.045,1,potential,APF,False,1670.8059999946272,,,,,,,,,,,,,,,,,11531.0
plaza,facil,0,alfombra,0.0,0.8804128902316214,0.8804128902316214,1.0,19,19,144.80529999127612,0.045,1,hybrid_astar,Hybrid A*,True,244.8030999948969,True,18.754497802827803,1.0127973849573242,0.24944621246550605,1.6363908368773636,198.70296689926423,0.0,17.0,0.8889790792643217,18.754497802827803,18.754497802827803,True,18.754497802827803,0.0,True,0.3483067084602688,297.0
plaza,facil,0,alfombra,0.0,0.8804128902316214,0.8804128902316214,1.0,19,19,144.80529999127612,0.045,1,aco,ACO,True,725.1629999955185,True,21.664282451051065,1.1699342122662983,0.33749999999999997,1.028563818649606,2429.9999999999995,37.0,47.0,0.16116572494358744,21.664282451051065,23.591500500772035,False,inf,0.0,True,0.47232561349868774,40.0
plaza,facil,0,alfombra,0.0,0.8804128902316214,0.8804128902316214,1.0,19,19,144.80529999127612,0.045,1,topological,Homotopy planner,True,315.09759998880327,True,18.536935216419366,1.0010483730191964,0.2483313432856777,1.6114001180621036,50.64086005413346,1.0,3.0,0.3244512630968653,18.536935216419366,18.536935216419366,False,inf,0.0,True,0.3397696444910091,12384.0
plaza,facil,0,alfombra,0.0,0.8804128902316214,0.8804128902316214,1.0,19,19,144.80529999127612,0.045,1,slam,SLAM-based,True,953.6602000007406,True,24.4013989944015,1.3177464601106939,0.272575251853549,1.121298147523518,1452.4437748723137,8.0,39.0,0.13039918181625557,24.4013989944015,28.751835378583202,False,inf,0.0,True,0.33967740178647976,159.0
plaza,facil,0,alfombra,0.0,0.8804128902316214,0.8804128902316214,1.0,19,19,144.80529999127612,0.045,1,drl,DRL (D3QN),True,15.649799999664538,True,27.005361407334746,1.4583679979451167,0.46965709447860715,1.5946414396945474,2923.2642954110715,19.0,34.0,0.07957747154594767,27.005361407334746,47.00086729895291,False,inf,0.0,True,0.54,85.0
plaza,medio,0,concreto,0.04203670373672988,0.6914483440434998,0.6914483440434998,1.0,19,19,172.2798000118928,0.045,0,tve,TVE (proposed),True,19.63660000183154,True,14.998034871275635,1.0,0.5391229385307346,1.0887945815026703,0.0,0.0,2.0,inf,14.998034871275635,14.998034871275635,True,14.998034871275635,0.0,True,0.6291229385307345,
plaza,medio,0,concreto,0.04203670373672988,0.6914483440434998,0.6914483440434998,1.0,19,19,172.2798000118928,0.045,0,teselado,WDT,True,42.113099989364855,True,14.998034871275639,1.0000000000000002,0.538248502994012,1.0887907331187867,0.0,0.0,2.0,16777215.999999998,14.998034871275639,14.998034871275639,True,14.998034871275639,0.0,True,0.6282485029940119,
plaza,medio,0,concreto,0.04203670373672988,0.6914483440434998,0.6914483440434998,1.0,19,19,172.2798000118928,0.045,0,dijkstra,Dijkstra,True,25.147299995296635,True,15.749224022578359,1.0500858384281668,0.2925,1.0647012660811077,315.2999751623039,4.0,9.0,0.3748870779151121,15.749224022578359,15.749224022578359,False,inf,0.0,True,0.3825,21037.0
plaza,medio,0,concreto,0.04203670373672988,0.6914483440434998,0.6914483440434998,1.0,19,19,172.2798000118928,0.045,0,astar,A*,True,4.955700002028607,True,15.74922402257836,1.0500858384281668,0.33749999999999997,1.1228431859339243,497.4895529219991,4.0,13.0,0.3281991422619384,15.74922402257836,15.74922402257836,False,inf,0.0,True,0.5625,1016.0
plaza,medio,0,concreto,0.04203670373672988,0.6914483440434998,0.6914483440434998,1.0,19,19,172.2798000118928,0.045,0,theta,Theta*,True,183.7286999943899,True,15.111682672446133,1.0075775127972368,0.5324999999999998,1.0882133267741847,0.0,0.0,2.0,0.7266254348534038,15.111682672446133,15.111682672446133,False,inf,0.0,True,0.6224999999999997,413.0
plaza,medio,0,concreto,0.04203670373672988,0.6914483440434998,0.6914483440434998,1.0,19,19,172.2798000118928,0.045,0,visibility,Visibility graph,True,6008.599200009485,True,14.998034871275635,1.0,0.5391229385307346,1.0887945815026703,0.0,0.0,2.0,inf,14.998034871275635,14.998034871275635,True,14.998034871275635,0.0,True,0.6291229385307345,238.0
plaza,medio,0,concreto,0.04203670373672988,0.6914483440434998,0.6914483440434998,1.0,19,19,172.2798000118928,0.045,0,rrt,RRT,True,1.9333999953232706,True,14.998034871275635,1.0,0.5391229385307346,1.0887945815026703,0.0,0.0,2.0,inf,14.998034871275635,14.998034871275635,True,14.998034871275635,0.0,True,0.6291229385307345,0.0
plaza,medio,0,concreto,0.04203670373672988,0.6914483440434998,0.6914483440434998,1.0,19,19,172.2798000118928,0.045,0,rrt_star,RRT*,True,1981.183099996997,True,15.006760921415792,1.0005818128984931,0.5577866370071155,1.0888016203011193,14.825154282444538,0.0,6.0,2.6591749243842893,15.006760921415792,15.006760921415792,True,15.006760921415792,0.0,True,0.6477866370071154,4000.0
plaza,medio,0,concreto,0.04203670373672988,0.6914483440434998,0.6914483440434998,1.0,19,19,172.2798000118928,0.045,0,prm,PRM,True,629.9162999930559,True,16.08843299911899,1.0727027332048475,0.5864516129032258,1.3037569848517288,317.0785635870485,2.0,13.0,0.26427555293264887,16.08843299911899,16.08843299911899,False,inf,0.0,True,0.6764516129032258,602.0
plaza,medio,0,concreto,0.04203670373672988,0.6914483440434998,0.6914483440434998,1.0,19,19,172.2798000118928,0.045,0,potential,APF,True,62.513299999409355,True,15.144246930811947,1.0097487478053766,0.7905246560685658,1.1483195558063994,115.80911164057167,0.0,9.0,0.5776973200949641,15.144246930811947,15.144246930811947,False,inf,0.0,True,0.8817033061552043,337.0
plaza,medio,0,concreto,0.04203670373672988,0.6914483440434998,0.6914483440434998,1.0,19,19,172.2798000118928,0.045,0,hybrid_astar,Hybrid A*,True,148.65280000958592,True,15.102998560878257,1.0069984961698981,0.28209928079946306,1.1365287592327633,50.174872643374556,0.0,8.0,1.7776738257262015,15.102998560878257,15.102998560878257,True,15.102998560878257,0.0,True,0.5350368527876692,202.0
plaza,medio,0,concreto,0.04203670373672988,0.6914483440434998,0.6914483440434998,1.0,19,19,172.2798000118928,0.045,0,aco,ACO,True,358.10190001211595,True,16.57347131925072,1.105042858047515,0.4725,1.1305521545783774,1853.1301023541562,33.0,37.0,0.15976810841582442,16.57347131925072,20.208550965960864,False,inf,0.0,True,0.6975,40.0
plaza,medio,0,concreto,0.04203670373672988,0.6914483440434998,0.6914483440434998,1.0,19,19,172.2798000118928,0.045,0,topological,Homotopy planner,True,1335.4909000045154,True,30.0700013316143,2.004929418400315,0.24547540182247746,0.9219955732433581,160.18125171481893,3.0,6.0,0.3089019257515016,30.0700013316143,30.0700013316143,False,inf,0.0,True,0.3780968606689603,172968.0
plaza,medio,0,concreto,0.04203670373672988,0.6914483440434998,0.6914483440434998,1.0,19,19,172.2798000118928,0.045,0,slam,SLAM-based,True,661.8706999870483,True,16.368448634998625,1.0913728882140163,0.37229547233335036,1.028323917929448,437.50922911704885,1.0,15.0,0.19885761496339205,16.368448634998625,17.168794868263035,False,inf,0.0,True,0.5138318303439491,105.0
plaza,medio,0,concreto,0.04203670373672988,0.6914483440434998,0.6914483440434998,1.0,19,19,172.2798000118928,0.045,0,drl,DRL (D3QN),True,14.37669999722857,True,19.190359881265003,1.2795249541670652,0.38693023681640626,1.3173185698664154,2130.672820509543,15.0,34.0,0.16276888396011172,19.190359881265003,25.194292271980615,False,inf,0.0,True,0.47693023681640623,57.0
plaza,medio,0,concreto,0.04203670373672988,0.6914483440434998,0.6914483440434998,1.0,19,19,172.2798000118928,0.045,1,tve,TVE (proposed),True,23.59209999849554,True,15.628480742155961,1.0007028490912622,0.3267039463072226,1.0192430702584583,12.52298478992623,0.0,3.0,1.4610620289570395,15.628480742155961,15.628480742155961,True,15.628480742155961,0.0,True,0.36,
plaza,medio,0,concreto,0.04203670373672988,0.6914483440434998,0.6914483440434998,1.0,19,19,172.2798000118928,0.045,1,teselado,WDT,True,46.421599996392615,True,15.677378664649575,1.0038338181957647,0.2671351605562076,1.0299672461385199,16.315606509749454,0.0,6.0,8.984934544665714,15.677378664649575,15.677378664649575,True,15.677378664649575,0.0,True,0.34360141543606565,
plaza,medio,0,concreto,0.04203670373672988,0.6914483440434998,0.6914483440434998,1.0,19,19,172.2798000118928,0.045,1,dijkstra,Dijkstra,True,32.802100002299994,True,16.853256480006653,1.079126119438906,0.2925,0.9865928796366029,225.98769202293695,4.0,7.0,0.3778401437798624,16.853256480006653,16.853256480006653,False,inf,0.0,True,0.36,27967.0
plaza,medio,0,concreto,0.04203670373672988,0.6914483440434998,0.6914483440434998,1.0,19,19,172.2798000118928,0.045,1,astar,A*,True,6.171299988636747,True,16.853256480006653,1.079126119438906,0.28557561993598934,1.0490815655632717,537.0204750762318,5.0,14.0,0.33914207580860084,16.853256480006653,16.853256480006653,False,inf,0.0,True,0.36,3195.0
plaza,medio,0,concreto,0.04203670373672988,0.6914483440434998,0.6914483440434998,1.0,19,19,172.2798000118928,0.045,1,theta,Theta*,True,232.47529999935068,True,15.672442076806135,1.0035177249298086,0.2517221344993748,1.0205570411399927,10.377691743651788,0.0,3.0,1.0963931162226945,15.672442076806135,15.672442076806135,True,15.672442076806135,0.0,True,0.36,553.0
plaza,medio,0,concreto,0.04203670373672988,0.6914483440434998,0.6914483440434998,1.0,19,19,172.2798000118928,0.045,1,visibility,Visibility graph,True,5888.7040999979945,True,15.61750399366623,1.0,0.2759829172477697,1.0163197888886604,11.904614877670221,0.0,3.0,1.4592711850857978,15.61750399366623,15.61750399366623,True,15.61750399366623,0.0,True,0.36,238.0
plaza,medio,0,concreto,0.04203670373672988,0.6914483440434998,0.6914483440434998,1.0,19,19,172.2798000118928,0.045,1,rrt,RRT,True,20.799199992325157,True,17.168661220690478,1.0993217115650062,0.36,1.0260375876988606,705.6602974177524,5.0,24.0,0.19489489761515724,17.168661220690478,18.715135789172702,False,inf,0.0,True,0.36,155.0
plaza,medio,0,concreto,0.04203670373672988,0.6914483440434998,0.6914483440434998,1.0,19,19,172.2798000118928,0.045,1,rrt_star,RRT*,True,2000.8095000084722,True,15.645982349493055,1.001823489581842,0.3501090097741386,0.9962606881807169,21.54767509114255,0.0,7.0,1.4401459138622814,15.645982349493055,15.645982349493055,True,15.645982349493055,0.0,True,0.36,4000.0
plaza,medio,0,concreto,0.04203670373672988,0.6914483440434998,0.6914483440434998,1.0,19,19,172.2798000118928,0.045,1,prm,PRM,True,677.2110999881988,True,15.965682510027273,1.022294120526702,0.2658439217294974,1.0270627536978354,163.99721682274645,1.0,14.0,0.3769871129803394,15.965682510027273,15.965682510027273,False,inf,0.0,True,0.36,602.0
plaza,medio,0,concreto,0.04203670373672988,0.6914483440434998,0.6914483440434998,1.0,19,19,172.2798000118928,0.045,1,potential,APF,False,1980.553700006567,,,,,,,,,,,,,,,,,12305.0
plaza,medio,0,concreto,0.04203670373672988,0.6914483440434998,0.6914483440434998,1.0,19,19,172.2798000118928,0.045,1,hybrid_astar,Hybrid A*,True,86.18720000959001,True,15.896265129199666,1.0178492757643276,0.28719560710329095,1.0765164841678454,165.51241827339743,0.0,15.0,0.9303094473038065,15.896265129199666,15.896265129199666,True,15.896265129199666,0.0,True,0.36,91.0
plaza,medio,0,concreto,0.04203670373672988,0.6914483440434998,0.6914483440434998,1.0,19,19,172.2798000118928,0.045,1,aco,ACO,True,322.08230000105686,True,16.953757026248176,1.0855612416122238,0.36,0.9870910594562056,2004.362453015312,33.0,46.0,0.3364802196192051,16.953757026248176,16.953757026248176,False,inf,0.0,True,0.36,40.0
plaza,medio,0,concreto,0.04203670373672988,0.6914483440434998,0.6914483440434998,1.0,19,19,172.2798000118928,0.045,1,topological,Homotopy planner,True,357.79680000268854,True,15.615135242481065,0.999848327159953,0.24420371150710185,1.0140847189893984,10.360370458711317,0.0,3.0,1.4909891563499231,15.615135242481065,15.615135242481065,True,15.615135242481065,0.0,True,0.36,13443.0
plaza,medio,0,concreto,0.04203670373672988,0.6914483440434998,0.6914483440434998,1.0,19,19,172.2798000118928,0.045,1,slam,SLAM-based,True,730.4745000001276,True,17.426250515317783,1.11581533914671,0.36,0.8849172612879833,479.3267624686551,3.0,16.0,0.20239045177053522,17.426250515317783,18.212626264270313,False,inf,0.0,True,0.36,111.0
plaza,medio,0,concreto,0.04203670373672988,0.6914483440434998,0.6914483440434998,1.0,19,19,172.2798000118928,0.045,1,drl,DRL (D3QN),True,13.035399999353103,True,22.194514282661743,1.4211306935898884,0.36,1.0554727263865313,3317.905242922988,24.0,45.0,0.07957747154594767,22.194514282661743,40.518701658535875,False,inf,0.0,True,0.36,71.0
plaza,facil,1,uniforme,0.0,0.840939119829251,0.840939119829251,1.0,24,24,148.88380000775214,0.045,0,tve,TVE (proposed),True,25.466199993388727,True,11.225453555568594,1.0168483391480851,0.28786048650741575,0.7447371324926096,58.38763543392789,0.0,6.0,0.8119474598096518,11.225453555568594,11.225453555568594,True,11.225453555568594,0.0,True,0.38672098159790036,
plaza,facil,1,uniforme,0.0,0.840939119829251,0.840939119829251,1.0,24,24,148.88380000775214,0.045,0,teselado,WDT,True,59.544999996433035,True,11.531944142870532,1.0446115331357255,0.2786331710042433,0.8201102724015348,78.18516556813559,0.0,12.0,3.8605840394726934,11.531944142870532,11.531944142870532,True,11.531944142870532,0.0,True,0.3729630613545899,
plaza,facil,1,uniforme,0.0,0.840939119829251,0.840939119829251,1.0,24,24,148.88380000775214,0.045,0,dijkstra,Dijkstra,True,19.368000008398667,True,11.659795716071262,1.0561928611616331,0.28786048650741575,0.7621065976158332,646.1443387802836,7.0,15.0,0.15851893158780883,11.659795716071262,12.663807927721415,False,inf,0.0,True,0.38672098159790036,16632.0
plaza,facil,1,uniforme,0.0,0.840939119829251,0.840939119829251,1.0,24,24,148.88380000775214,0.045,0,astar,A*,True,2.1234000014374033,True,11.659795716071262,1.0561928611616331,0.28786048650741575,0.7523077830402265,423.434948822922,5.0,10.0,0.15851893158780883,11.659795716071262,12.663807927721415,False,inf,0.0,True,0.38672098159790036,515.0
plaza,facil,1,uniforme,0.0,0.840939119829251,0.840939119829251,1.0,24,24,148.88380000775214,0.045,0,theta,Theta*,True,223.42129999015015,True,11.177071121648968,1.0124656567618835,0.27034091234207114,0.694122246840116,197.45751521876073,1.0,5.0,0.43178395417827103,11.177071121648968,11.177071121648968,False,inf,0.0,True,0.37435798625151384,901.0
plaza,facil,1,uniforme,0.0,0.840939119829251,0.840939119829251,1.0,24,24,148.88380000775214,0.045,0,visibility,Visibility graph,True,10781.608699995559,True,11.039457039358762,1.0,0.26470593967489287,0.702359649196815,39.281200693336125,0.0,4.0,0.8156907330360418,11.039457039358762,11.039457039358762,True,11.039457039358762,0.0,True,0.3620100190123049,323.0
plaza,facil,1,uniforme,0.0,0.840939119829251,0.840939119829251,1.0,24,24,148.88380000775214,0.045,0,rrt,RRT,True,51.386299994192086,True,13.30773417416691,1.2054699906635902,0.28605276026269494,0.8275005788631393,791.5055632796501,6.0,25.0,0.17989983910721674,13.30773417416691,15.656586224749999,False,inf,0.0,True,0.3789365712988634,510.0
plaza,facil,1,uniforme,0.0,0.840939119829251,0.840939119829251,1.0,24,24,148.88380000775214,0.045,0,rrt_star,RRT*,True,1893.5694999963744,True,11.060272677651552,1.001885567217534,0.2794038974177811,0.684644752277045,53.43384453364441,0.0,6.0,0.8499016738848107,11.060272677651552,11.060272677651552,True,11.060272677651552,0.0,True,0.37358801240897244,4000.0
plaza,facil,1,uniforme,0.0,0.840939119829251,0.840939119829251,1.0,24,24,148.88380000775214,0.045,0,prm,PRM,True,653.2383000012487,True,11.387698890261271,1.0315451973462944,0.287413990462349,0.7859958404473961,149.61313181363607,1.0,9.0,0.5926132683118118,11.387698890261271,11.387698890261271,False,inf,0.0,True,0.38327212512316944,602.0
plaza,facil,1,uniforme,0.0,0.840939119829251,0.840939119829251,1.0,24,24,148.88380000775214,0.045,0,potential,APF,False,1846.528499998385,,,,,,,,,,,,,,,,,12261.0
plaza,facil,1,uniforme,0.0,0.840939119829251,0.840939119829251,1.0,24,24,148.88380000775214,0.045,0,hybrid_astar,Hybrid A*,True,383.0772999936016,True,11.176665435163137,1.0124289079902382,0.26223942304292497,0.7340572451834242,96.96685037329803,0.0,11.0,0.8789231538628073,11.176665435163137,11.176665435163137,True,11.176665435163137,0.0,True,0.36012667805102727,473.0
plaza,facil,1,uniforme,0.0,0.840939119829251,0.840939119829251,1.0,24,24,148.88380000775214,0.045,0,aco,ACO,True,248.73799999477342,True,12.111749305678652,1.0971326997783377,0.28786048650741575,0.7348805334764412,907.1250163489019,14.0,21.0,0.1596374517003591,12.111749305678652,13.108726778049174,False,inf,0.0,True,0.38672098159790036,40.0
plaza,facil,1,uniforme,0.0,0.840939119829251,0.840939119829251,1.0,24,24,148.88380000775214,0.045,0,topological,Homotopy planner,True,1020.5821999988984,True,17.227164595002897,1.5605083233335864,0.24366050055411956,0.6969328937220708,228.2554600186844,2.0,8.0,0.3657666539472249,17.227164595002897,17.227164595002897,False,inf,0.0,True,0.3436558246860321,119297.0
plaza,facil,1,uniforme,0.0,0.840939119829251,0.840939119829251,1.0,24,24,148.88380000775214,0.045,0,slam,SLAM-based,True,512.7028999995673,True,11.681617119897975,1.058169534810429,0.28786048650741575,0.7900207659824018,615.749665694389,4.0,17.0,0.29279953203297965,11.681617119897975,11.681617119897975,False,inf,0.0,True,0.3849925158417658,77.0
plaza,facil,1,uniforme,0.0,0.840939119829251,0.840939119829251,1.0,24,24,148.88380000775214,0.045,0,drl,DRL (D3QN),True,12.989099996048026,True,21.82413194578978,1.9769207731848248,0.28786048650741575,0.8968441199615051,4332.528807709151,28.0,48.0,0.07957747154594767,21.82413194578978,51.66868755382666,False,inf,0.0,True,0.38672098159790036,64.0
plaza,facil,1,uniforme,0.0,0.840939119829251,0.840939119829251,1.0,24,24,148.88380000775214,0.045,1,tve,TVE (proposed),True,20.75650000188034,True,13.806314719708611,1.0007347673350915,0.3540292834130053,1.2891938504159668,11.250157881171546,0.0,3.0,1.9930854735816985,13.806314719708611,13.806314719708611,True,13.806314719708611,0.0,True,0.41921100825479807,
plaza,facil,1,uniforme,0.0,0.840939119829251,0.840939119829251,1.0,24,24,148.88380000775214,0.045,1,teselado,WDT,True,58.957599991117604,True,13.819067801676514,1.0016591597435693,0.24956443663674893,1.2509033219606827,11.466690773051763,0.0,4.0,5.326522796654721,13.819067801676514,13.819067801676514,True,13.819067801676514,0.0,True,0.3751660661374505,
plaza,facil,1,uniforme,0.0,0.840939119829251,0.840939119829251,1.0,24,24,148.88380000775214,0.045,1,dijkstra,Dijkstra,True,26.653599998098798,True,14.999438302826452,1.087216951436617,0.29218611180782317,1.0731861042872266,314.6649407813909,4.0,9.0,0.35366735737556704,14.999438302826452,14.999438302826452,False,inf,0.0,True,0.42922684907913206,17929.0
plaza,facil,1,uniforme,0.0,0.840939119829251,0.840939119829251,1.0,24,24,148.88380000775214,0.045,1,astar,A*,True,5.968099998426624,True,14.999438302826453,1.0872169514366172,0.54,1.2021188260304703,404.53419091723504,5.0,11.0,0.3300063401658394,14.999438302826453,14.999438302826453,False,inf,0.0,True,0.54,1191.0
plaza,facil,1,uniforme,0.0,0.840939119829251,0.840939119829251,1.0,24,24,148.88380000775214,0.045,1,theta,Theta*,True,203.0254999990575,True,13.905238197474171,1.007905121301047,0.2735254288238028,1.2913549468930812,9.300510430677559,0.0,3.0,1.891007033332333,13.905238197474171,13.905238197474171,True,13.905238197474171,0.0,True,0.33700837161229996,538.0
plaza,facil,1,uniforme,0.0,0.840939119829251,0.840939119829251,1.0,24,24,148.88380000775214,0.045,1,visibility,Visibility graph,True,10912.322200005292,True,13.79617773895691,1.0,0.2944420810048193,1.2953562964239336,9.722604948426605,0.0,3.0,2.539049283217538,13.79617773895691,13.79617773895691,True,13.79617773895691,0.0,True,0.3589036216497552,323.0
plaza,facil,1,uniforme,0.0,0.840939119829251,0.840939119829251,1.0,24,24,148.88380000775214,0.045,1,rrt,RRT,True,13.322099999641068,True,17.860054597077625,1.2945654176841572,0.31875558043024593,1.0802033161856583,1204.6176769806104,10.0,30.0,0.13406216857956668,17.860054597077625,19.797502246970865,False,inf,0.0,True,0.4537555777562724,113.0
plaza,facil,1,uniforme,0.0,0.840939119829251,0.840939119829251,1.0,24,24,148.88380000775214,0.045,1,rrt_star,RRT*,True,2065.3582000086317,True,14.084488067805767,1.0208978410037979,0.32097734135650485,1.3520922172788434,177.4601284123644,1.0,11.0,0.2673653100177269,14.084488067805767,14.084488067805767,False,inf,0.0,True,0.39274717557570404,4000.0
plaza,facil,1,uniforme,0.0,0.840939119829251,0.840939119829251,1.0,24,24,148.88380000775214,0.045,1,prm,PRM,True,678.2547000038903,True,14.402144150120531,1.0439227750344593,0.44999999999999996,1.304551432576939,223.34470293205018,1.0,11.0,0.39400505786041573,14.402144150120531,14.402144150120531,False,inf,0.0,True,0.44999999999999996,602.0
plaza,facil,1,uniforme,0.0,0.840939119829251,0.840939119829251,1.0,24,24,148.88380000775214,0.045,1,potential,APF,True,335.80840000649914,True,122.06400714848817,8.847668496166902,0.25052984688932467,0.716908064589615,151550.50241891923,1069.0,1101.0,0.0795774719233985,122.06400714848817,431.24700448107694,False,inf,0.43267006912611894,True,0.25052984688932467,2033.0
plaza,facil,1,uniforme,0.0,0.840939119829251,0.840939119829251,1.0,24,24,148.88380000775214,0.045,1,hybrid_astar,Hybrid A*,True,85.3285000048345,True,13.981296930864964,1.0134181506944002,0.25507403413245994,1.2683928860510347,165.9313608438606,0.0,17.0,0.930010947235519,13.981296930864964,13.981296930864964,True,13.981296930864964,0.0,True,0.3082530720520696,87.0
plaza,facil,1,uniforme,0.0,0.840939119829251,0.840939119829251,1.0,24,24,148.88380000775214,0.045,1,aco,ACO,True,289.57149999041576,True,15.189938849067973,1.101025163380973,0.33749999999999997,1.2848977434036548,1828.7676493388442,35.0,40.0,0.32203866528267044,15.189938849067973,15.189938849067973,False,inf,0.0,True,0.3825,40.0
plaza,facil,1,uniforme,0.0,0.840939119829251,0.840939119829251,1.0,24,24,148.88380000775214,0.045,1,topological,Homotopy planner,True,226.83060000417754,True,13.81023281529688,1.001018765965901,0.24988236541231126,1.2595579050414853,9.848550268402526,0.0,3.0,2.330272473874264,13.81023281529688,13.81023281529688,True,13.81023281529688,0.0,True,0.31444764262477465,12685.0
plaza,facil,1,uniforme,0.0,0.840939119829251,0.840939119829251,1.0,24,24,148.88380000775214,0.045,1,slam,SLAM-based,True,629.688700006227,True,15.445167073852268,1.119525086302638,0.3225720084520582,1.1024239546331507,471.76990097832226,1.0,16.0,0.11100047476968015,15.445167073852268,16.878989257245024,False,inf,0.0,True,0.46009223502615915,99.0
plaza,facil,1,uniforme,0.0,0.840939119829251,0.840939119829251,1.0,24,24,148.88380000775214,0.045,1,drl,DRL (D3QN),True,10.43500000378117,True,16.37106205079361,1.1866375137054,0.54,1.1778640805723692,1316.3099324740203,8.0,23.0,0.14200676360521422,16.37106205079361,21.2166538297081,False,inf,0.0,True,0.54,49.0
plaza,facil,2,uniforme,0.0,0.829066517607602,0.829066517607602,1.0,20,20,137.61979999253526,0.045,0,tve,TVE (proposed),True,24.72499999566935,True,12.010310894123412,1.0069849541562315,0.3461543535455399,1.1501905800644003,21.524529386658955,0.0,3.0,1.0704874741430466,12.010310894123412,12.010310894123412,True,12.010310894123412,0.0,True,0.4617158729181147,
plaza,facil,2,uniforme,0.0,0.829066517607602,0.829066517607602,1.0,20,20,137.61979999253526,0.045,0,teselado,WDT,True,53.11610001081135,True,12.380450628564176,1.0380187172955024,0.3068965717754248,1.0886268795102017,44.53313504074275,0.0,6.0,0.8444725565260978,12.380450628564176,12.380450628564176,True,12.380450628564176,0.0,True,0.398958052517641,
plaza,facil,2,uniforme,0.0,0.829066517607602,0.829066517607602,1.0,20,20,137.61979999253526,0.045,0,dijkstra,Dijkstra,True,27.7734999981476,True,12.789366876077096,1.0723036340129384,0.2922209858894348,1.1478330870581488,318.3424753491241,3.0,9.0,0.18685749222191286,12.789366876077096,13.641111920920586,False,inf,0.0,True,0.3825,23309.0
plaza,facil,2,uniforme,0.0,0.829066517607602,0.829066517607602,1.0,20,20,137.61979999253526,0.045,0,astar,A*,True,2.631800001836382,True,12.789366876077093,1.0723036340129382,0.34868024110794066,1.155877429998838,408.11797791699695,4.0,11.0,0.18685749222191286,12.789366876077093,13.641111920920583,False,inf,0.0,True,0.47468020677566525,924.0
plaza,facil,2,uniforme,0.0,0.829066517607602,0.829066517607602,1.0,20,20,137.61979999253526,0.045,0,theta,Theta*,True,267.11709999653976,True,11.977961127789445,1.0042726406902482,0.26395824745685215,1.1271643029760117,17.169983696844366,0.0,3.0,1.1598952377523752,11.977961127789445,11.977961127789445,True,11.977961127789445,0.0,True,0.3703471096563516,1042.0
plaza,facil,2,uniforme,0.0,0.829066517607602,0.829066517607602,1.0,20,20,137.61979999253526,0.045,0,visibility,Visibility graph,True,9363.419400004204,True,11.927001336566187,1.0,0.26119318105051864,1.1266291423419954,16.915359396174477,0.0,3.0,0.8477337529879208,11.927001336566187,11.927001336566187,True,11.927001336566187,0.0,True,0.36791408649184626,295.0
plaza,facil,2,uniforme,0.0,0.829066517607602,0.829066517607602,1.0,20,20,137.61979999253526,0.045,0,rrt,RRT,True,48.815099988132715,True,15.720998834009311,1.3181015403940104,0.23744361024290106,1.2238269873988796,1147.8851907231153,11.0,27.0,0.15329162915630554,15.720998834009311,22.125294846414874,False,inf,0.0,True,0.3483860039492728,337.0
plaza,facil,2,uniforme,0.0,0.829066517607602,0.829066517607602,1.0,20,20,137.61979999253526,0.045,0,rrt_star,RRT*,True,1842.9380000015954,True,11.942199241547211,1.0012742435883217,0.25351507322335387,1.1308454881824588,37.91359205665587,0.0,8.0,2.0248710161799357,11.942199241547211,11.942199241547211,True,11.942199241547211,0.0,True,0.3694897261000323,4000.0
plaza,facil,2,uniforme,0.0,0.829066517607602,0.829066517607602,1.0,20,20,137.61979999253526,0.045,0,prm,PRM,True,692.5551000022097,True,12.47660991675566,1.0460810361867292,0.39239447911580444,1.2442210022789908,155.09432081178332,0.0,9.0,0.3932666416957957,12.47660991675566,12.47660991675566,False,inf,0.0,True,0.5149482790629081,602.0
plaza,facil,2,uniforme,0.0,0.829066517607602,0.829066517607602,1.0,20,20,137.61979999253526,0.045,0,potential,APF,False,1766.3931999995839,,,,,,,,,,,,,,,,,11781.0
plaza,facil,2,uniforme,0.0,0.829066517607602,0.829066517607602,1.0,20,20,137.61979999253526,0.045,0,hybrid_astar,Hybrid A*,True,104.91740000725258,True,12.045524892753127,1.0099374145137023,0.25252435580135324,1.124466309383209,136.27735610840642,0.0,12.0,0.8791874036644215,12.045524892753127,12.045524892753127,True,12.045524892753127,0.0,True,0.3553641291896983,136.0
plaza,facil,2,uniforme,0.0,0.829066517607602,0.829066517607602,1.0,20,20,137.61979999253526,0.045,0,aco,ACO,True,271.9816000026185,True,13.636048965640423,1.1432923147107046,0.3825,1.1064639717349976,1466.5650511770782,24.0,34.0,0.32283151567357443,13.636048965640423,13.636048965640423,False,inf,0.0,True,0.4275,40.0
plaza,facil,2,uniforme,0.0,0.829066517607602,0.829066517607602,1.0,20,20,137.61979999253526,0.045,0,topological,Homotopy planner,True,230.23529999773018,True,11.929273415338946,1.0001904987438706,0.2518869387955425,1.1255123266811917,17.06681984785433,0.0,3.0,1.5799443546235088,11.929273415338946,11.929273415338946,True,11.929273415338946,0.0,True,0.3587538238636817,7209.0
plaza,facil,2,uniforme,0.0,0.829066517607602,0.829066517607602,1.0,20,20,137.61979999253526,0.045,0,slam,SLAM-based,True,540.5728999903658,True,12.945688313541842,1.0854101503160338,0.4119463664871145,1.1640535806116759,519.8812072204836,2.0,17.0,0.12710305817485743,12.945688313541842,14.19786072683613,False,inf,0.0,True,0.5039827231384351,84.0
plaza,facil,2,uniforme,0.0,0.829066517607602,0.829066517607602,1.0,20,20,137.61979999253526,0.045,0,drl,DRL (D3QN),True,9.266200009733438,True,15.883146886800027,1.3316965797685425,0.3910466122627258,1.2127089262975717,1705.7124171069747,11.0,26.0,0.11428490256122203,15.883146886800027,23.537828463921603,False,inf,0.0,True,0.48994195461273193,51.0
plaza,facil,2,uniforme,0.0,0.829066517607602,0.829066517607602,1.0,20,20,137.61979999253526,0.045,1,tve,TVE (proposed),True,24.589500011643395,True,11.747802239310916,1.007238189928445,0.3175655932219689,0.4998740254135428,94.9336640089387,0.0,8.0,0.8329469658962327,11.747802239310916,11.747802239310916,True,11.747802239310916,0.0,True,0.4128434353522883,
plaza,facil,2,uniforme,0.0,0.829066517607602,0.829066517607602,1.0,20,20,137.61979999253526,0.045,1,teselado,WDT,True,51.427200000034645,True,11.977543968614661,1.0269358864729616,0.4137180032518703,0.8180217777112924,48.29751375130318,0.0,9.0,5.376876604394515,11.977543968614661,11.977543968614661,True,11.977543968614661,0.0,True,0.5386556275324398,
plaza,facil,2,uniforme,0.0,0.829066517607602,0.829066517607602,1.0,20,20,137.61979999253526,0.045,1,dijkstra,Dijkstra,True,33.00289998878725,True,12.41127596466719,1.0641233894389313,0.29218611180782317,0.6134211578949583,653.3315771540764,11.0,17.0,0.24599765672389384,12.41127596466719,12.41127596466719,False,inf,0.0,True,0.3825,27279.0
plaza,facil,2,uniforme,0.0,0.829066517607602,0.829066517607602,1.0,20,20,137.61979999253526,0.045,1,astar,A*,True,2.185700010159053,True,12.41127596466719,1.0641233894389313,0.29218611180782317,0.697017197516368,617.1023404368084,10.0,16.0,0.24599765672389384,12.41127596466719,12.41127596466719,False,inf,0.0,True,0.4135117435455322,714.0
plaza,facil,2,uniforme,0.0,0.829066517607602,0.829066517607602,1.0,20,20,137.61979999253526,0.045,1,theta,Theta*,True,247.89879999298137,True,11.757451614974244,1.0080655123057787,0.25149036705493877,0.45072603192801897,71.43449989497853,0.0,5.0,0.13991010815042573,11.757451614974244,12.895003041357091,False,inf,0.0,True,0.3532792207792207,891.0
plaza,facil,2,uniforme,0.0,0.829066517607602,0.829066517607602,1.0,20,20,137.61979999253526,0.045,1,visibility,Visibility graph,True,9692.889900004957,True,11.663380476216343,1.0,0.25642141080150027,0.44984716713107836,73.85138365892954,0.0,6.0,0.5719080725806538,11.663380476216343,11.663380476216343,False,inf,0.0,True,0.35269822196952816,295.0
plaza,facil,2,uniforme,0.0,0.829066517607602,0.829066517607602,1.0,20,20,137.61979999253526,0.045,1,rrt,RRT,True,25.334400008432567,True,14.418175443720473,1.2361918118954993,0.30678798617873343,0.7640252779136438,971.4579886940718,11.0,22.0,0.1677492356115803,14.418175443720473,21.895617995859745,False,inf,0.0,True,0.4219974554024496,175.0
plaza,facil,2,uniforme,0.0,0.829066517607602,0.829066517607602,1.0,20,20,137.61979999253526,0.045,1,rrt_star,RRT*,True,1986.3800000021001,True,11.736631934914161,1.006280465500306,0.26374817744222456,0.4760691760924686,92.03586282415023,0.0,7.0,0.37286382356909964,11.736631934914161,11.736631934914161,False,inf,0.0,True,0.38682956053205003,4000.0
plaza,facil,2,uniforme,0.0,0.829066517607602,0.829066517607602,1.0,20,20,137.61979999253526,0.045,1,prm,PRM,True,646.6094000061275,True,12.329205886934341,1.0570868293352629,0.339418105459772,0.9464653104677555,165.1871997241416,0.0,11.0,0.4290045488855029,12.329205886934341,12.329205886934341,False,inf,0.0,True,0.46541807112749667,602.0
plaza,facil,2,uniforme,0.0,0.829066517607602,0.829066517607602,1.0,20,20,137.61979999253526,0.045,1,potential,APF,False,1732.991899989429,,,,,,,,,,,,,,,,,11773.0
plaza,facil,2,uniforme,0.0,0.829066517607602,0.829066517607602,1.0,20,20,137.61979999253526,0.045,1,hybrid_astar,Hybrid A*,True,172.0157000090694,True,11.781468788106277,1.0101247071662232,0.254724320866833,0.5006842447741823,146.13216012672228,0.0,13.0,0.8788565124951985,11.781468788106277,11.781468788106277,True,11.781468788106277,0.0,True,0.3530524287492511,237.0
plaza,facil,2,uniforme,0.0,0.829066517607602,0.829066517607602,1.0,20,20,137.61979999253526,0.045,1,aco,ACO,True,278.96250000048894,True,12.911705084159346,1.107029399451433,0.42922684907913206,0.7824750720964615,1260.0,22.0,27.0,0.324471683089913,12.911705084159346,12.911705084159346,False,inf,0.0,True,0.5442209386825562,40.0
plaza,facil,2,uniforme,0.0,0.829066517607602,0.829066517607602,1.0,20,20,137.61979999253526,0.045,1,topological,Homotopy planner,True,229.30510000151116,True,11.694956915438748,1.0027073145120144,0.24856735425301735,0.4446099332415498,70.94015937739088,0.0,5.0,0.5009985134033855,11.694956915438748,11.694956915438748,False,inf,0.0,True,0.34027090244606484,5928.0
plaza,facil,2,uniforme,0.0,0.829066517607602,0.829066517607602,1.0,20,20,137.61979999253526,0.045,1,slam,SLAM-based,True,521.5567999985069,True,12.285491636105862,1.0533388378402053,0.3846905593591521,0.7775878124092835,643.5525087662828,2.0,21.0,0.09954478980849807,12.285491636105862,13.884319092551085,False,inf,0.0,True,0.47598452759469634,81.0
plaza,facil,2,uniforme,0.0,0.829066517607602,0.829066517607602,1.0,20,20,137.61979999253526,0.045,1,drl,DRL (D3QN),True,15.700999996624887,True,20.796639387303305,1.7830713342252071,0.3910466122627258,1.1157909818434664,3406.759480084813,26.0,41.0,0.07957747154594767,20.796639387303305,40.68771908639514,False,inf,0.0,True,0.48994195461273193,64.0
plaza,facil,3,uniforme,0.0,0.7756845789582046,0.7756845789582046,1.0,20,20,143.720599997323,0.045,0,tve,TVE (proposed),True,24.172699995688163,True,13.188481061213198,1.0037137861551206,0.30478588478089164,0.6677002124985623,52.19857984410988,0.0,6.0,1.3441949801134845,13.188481061213198,13.188481061213198,True,13.188481061213198,0.0,True,0.43198710986194544,
plaza,facil,3,uniforme,0.0,0.7756845789582046,0.7756845789582046,1.0,20,20,143.720599997323,0.045,0,teselado,WDT,True,52.48200001369696,True,16.856509576005667,1.2828703297494308,0.31106652852905126,0.7604475577836789,441.2273804010694,0.0,25.0,0.4600004055324586,16.856509576005667,16.856509576005667,False,inf,0.0,True,0.43706649765266753,
plaza,facil,3,uniforme,0.0,0.7756845789582046,0.7756845789582046,1.0,20,20,143.720599997323,0.045,0,dijkstra,Dijkstra,True,22.681799993733875,True,14.158555185280765,1.0775416035815348,0.29218611180782317,0.5887175149192458,1099.152640621266,9.0,28.0,0.339142075808604,14.158555185280765,14.158555185280765,False,inf,0.0,True,0.3825,19336.0
plaza,facil,3,uniforme,0.0,0.7756845789582046,0.7756845789582046,1.0,20,20,143.720599997323,0.045,0,astar,A*,True,7.349599996814504,True,14.15855518528077,1.0775416035815353,0.2925,0.7851806227686585,812.2333246171104,7.0,21.0,0.39395268427075847,14.15855518528077,14.15855518528077,False,inf,0.0,True,0.3825,3433.0
plaza,facil,3,uniforme,0.0,0.7756845789582046,0.7756845789582046,1.0,20,20,143.720599997323,0.045,0,theta,Theta*,True,726.6622000024654,True,13.2544205722899,1.0087321348195974,0.2637442409992219,0.672214390137286,49.4915810620844,0.0,4.0,0.12103711155507382,13.2544205722899,14.569347383142267,False,inf,0.0,True,0.36887065011861675,3219.0
plaza,facil,3,uniforme,0.0,0.7756845789582046,0.7756845789582046,1.0,20,20,143.720599997323,0.045,0,visibility,Visibility graph,True,9229.748099998687,True,13.13968308807802,1.0,0.25248268050339967,0.6616446425321312,50.65464709521979,0.0,5.0,1.1337751504367775,13.13968308807802,13.13968308807802,True,13.13968308807802,0.0,True,0.36252489260480886,299.0
plaza,facil,3,uniforme,0.0,0.7756845789582046,0.7756845789582046,1.0,20,20,143.720599997323,0.045,0,rrt,RRT,True,54.98000000079628,True,27.24156067171393,2.073228135648942,0.4180358385986436,1.279605072893926,1651.6968754745596,16.0,43.0,0.16432261938840337,27.24156067171393,32.2968985683166,False,inf,0.0,True,0.5211259057334954,481.0
plaza,facil,3,uniforme,0.0,0.7756845789582046,0.7756845789582046,1.0,20,20,143.720599997323,0.045,0,rrt_star,RRT*,True,1991.8506999965757,True,13.21352711190162,1.0056199242651902,0.28057669488414694,0.6685510951944177,78.71674681408099,0.0,9.0,0.9408555287743787,13.21352711190162,13.21352711190162,True,13.21352711190162,0.0,True,0.39640914575553865,4000.0
plaza,facil,3,uniforme,0.0,0.7756845789582046,0.7756845789582046,1.0,20,20,143.720599997323,0.045,0,prm,PRM,True,623.6950000020443,True,13.736303617013206,1.045406005984765,0.26345234058499284,0.7719378313191834,184.85334757417112,1.0,9.0,0.5043893031383881,13.736303617013206,13.736303617013206,False,inf,0.0,True,0.37799998283386227,602.0
plaza,facil,3,uniforme,0.0,0.7756845789582046,0.7756845789582046,1.0,20,20,143.720599997323,0.045,0,potential,APF,True,917.5688999966951,True,416.7848762260551,31.71955316062493,0.22268768015375362,0.7034415836358165,429549.0356851594,3341.0,3476.0,0.07957747154594767,416.7848762260551,1745.034759495223,False,inf,0.0,True,0.3215481752442382,5770.0
plaza,facil,3,uniforme,0.0,0.7756845789582046,0.7756845789582046,1.0,20,20,143.720599997323,0.045,0,hybrid_astar,Hybrid A*,True,66.5385000029346,True,13.410869047328218,1.0206386986225149,0.25875478076325237,0.7998737337220047,135.01320683468174,0.0,12.0,0.8888668562422057,13.410869047328218,13.410869047328218,True,13.410869047328218,0.0,True,0.3576152758847074,60.0
plaza,facil,3,uniforme,0.0,0.7756845789582046,0.7756845789582046,1.0,20,20,143.720599997323,0.045,0,aco,ACO,True,461.664300004486,True,15.615094141847386,1.188391990672543,0.33749999999999997,0.9033357214459057,1973.6707072038378,34.0,38.0,0.17158318384530058,15.615094141847386,19.99338862995901,False,inf,0.0,True,0.4275,40.0
plaza,facil,3,uniforme,0.0,0.7756845789582046,0.7756845789582046,1.0,20,20,143.720599997323,0.045,0,topological,Homotopy planner,True,390.5552000069292,True,15.000517603881441,1.1416194365822876,0.24495870124600355,1.0805704838956285,82.31570883847836,1.0,5.0,0.2045820610850784,15.000517603881441,15.778469210428744,False,inf,0.0,True,0.3403941500925111,16863.0
plaza,facil,3,uniforme,0.0,0.7756845789582046,0.7756845789582046,1.0,20,20,143.720599997323,0.045,0,slam,SLAM-based,True,822.0109999965644,True,18.763558665203327,1.4280069419808152,0.34434902813092705,0.7720840046210559,554.3856917208913,1.0,24.0,0.35948881565573976,18.763558665203327,18.763558665203327,False,inf,0.0,True,0.4343490257060865,120.0
plaza,facil,3,uniforme,0.0,0.7756845789582046,0.7756845789582046,1.0,20,20,143.720599997323,0.045,0,drl,DRL (D3QN),True,24.581000005127862,True,26.66501371436684,2.029349835580183,0.5573722171783447,1.0692337665856768,5468.082919514308,38.0,57.0,0.07957747154594767,26.66501371436684,71.28550995624249,False,inf,0.0,True,0.6525,89.0
plaza,facil,3,uniforme,0.0,0.7756845789582046,0.7756845789582046,1.0,20,20,143.720599997323,0.045,1,tve,TVE (proposed),True,29.750300003797747,True,12.750276528524738,1.001544176070164,0.337058863564233,1.2139440808924054,27.726302625607676,0.0,4.0,1.155934002337433,12.750276528524738,12.750276528524738,True,12.750276528524738,0.0,True,0.4478076736232536,
plaza,facil,3,uniforme,0.0,0.7756845789582046,0.7756845789582046,1.0,20,20,143.720599997323,0.045,1,teselado,WDT,True,47.68820000754204,True,12.937085010277132,1.0162181281621872,0.41286606763391115,1.2318015319963291,106.67406696359483,0.0,7.0,0.4508602589668966,12.937085010277132,12.937085010277132,False,inf,0.0,True,0.5117265412667235,
plaza,facil,3,uniforme,0.0,0.7756845789582046,0.7756845789582046,1.0,20,20,143.720599997323,0.045,1,dijkstra,Dijkstra,True,25.09170000848826,True,13.752230508962239,1.0802484435072253,0.31240123450756074,1.318527269025487,490.36453657309744,8.0,13.0,0.1739314354412645,13.752230508962239,14.667274662355895,False,inf,0.0,True,0.4182209730148315,19118.0
plaza,facil,3,uniforme,0.0,0.7756845789582046,0.7756845789582046,1.0,20,20,143.720599997323,0.045,1,astar,A*,True,2.961600010166876,True,13.752230508962239,1.0802484435072253,0.34868024110794066,1.2386305102138069,352.8749836510982,1.0,10.0,0.1739314354412645,13.752230508962239,14.667274662355895,False,inf,0.0,True,0.4422112154960623,1142.0
plaza,facil,3,uniforme,0.0,0.7756845789582046,0.7756845789582046,1.0,20,20,143.720599997323,0.045,1,theta,Theta*,True,227.29640000034124,True,12.808696502982318,1.0061331106750926,0.2622736531162945,1.2194697485663517,17.986909175292098,0.0,4.0,0.39588536590230033,12.808696502982318,12.808696502982318,False,inf,0.0,True,0.3716237709020099,798.0
plaza,facil,3,uniforme,0.0,0.7756845789582046,0.7756845789582046,1.0,20,20,143.720599997323,0.045,1,visibility,Visibility graph,True,9505.79419999849,True,12.730618212522566,1.0,0.29357007121182255,1.2247472804025858,21.710151271675432,0.0,4.0,1.111203572866969,12.730618212522566,12.730618212522566,True,12.730618212522566,0.0,True,0.4030919005101514,299.0
plaza,facil,3,uniforme,0.0,0.7756845789582046,0.7756845789582046,1.0,20,20,143.720599997323,0.045,1,rrt,RRT,True,48.580399990896694,True,17.6698479957757,1.3879803557689463,0.27285828018242064,0.9983738539538389,1540.4642074217347,18.0,28.0,0.15519631177944074,17.6698479957757,25.28234171561498,False,inf,0.0,True,0.3698361458502548,337.0
plaza,facil,3,uniforme,0.0,0.7756845789582046,0.7756845789582046,1.0,20,20,143.720599997323,0.045,1,rrt_star,RRT*,True,1957.9679000016768,True,12.750756857451096,1.0015819062823452,0.26952507859753416,1.2280331565473759,57.947174785863226,0.0,7.0,1.3597933710782777,12.750756857451096,12.750756857451096,True,12.750756857451096,0.0,True,0.3683855763241743,4000.0
plaza,facil,3,uniforme,0.0,0.7756845789582046,0.7756845789582046,1.0,20,20,143.720599997323,0.045,1,prm,PRM,True,721.2990000116406,True,13.495757895389659,1.0601023194705859,0.2955223880597003,1.1604895990332622,305.942779769136,2.0,12.0,0.2718420490070865,13.495757895389659,13.495757895389659,False,inf,0.0,True,0.38955223880597,602.0
plaza,facil,3,uniforme,0.0,0.7756845789582046,0.7756845789582046,1.0,20,20,143.720599997323,0.045,1,potential,APF,True,568.3791000046767,True,244.7538547528968,19.225606381954247,0.23315559173426573,0.7246355224922796,208325.17846616462,1688.0,1781.0,0.07957747154594767,244.7538547528968,967.9659964525346,False,inf,0.0,True,0.33201608682475037,3535.0
plaza,facil,3,uniforme,0.0,0.7756845789582046,0.7756845789582046,1.0,20,20,143.720599997323,0.045,1,hybrid_astar,Hybrid A*,True,69.92590001027565,True,12.96056210062833,1.018062271938968,0.26369707857604124,1.2037125313857207,106.43151702582584,0.0,13.0,1.5999349097080207,12.96056210062833,12.96056210062833,True,12.96056210062833,0.0,True,0.36969403745143437,93.0
plaza,facil,3,uniforme,0.0,0.7756845789582046,0.7756845789582046,1.0,20,20,143.720599997323,0.045,1,aco,ACO,True,246.58700000145473,True,14.127672067735082,1.1097396710741267,0.4182209730148315,1.1767416482623638,1620.0000000000005,32.0,35.0,0.34384968904862584,14.127672067735082,14.127672067735082,False,inf,0.0,True,0.5175,40.0
plaza,facil,3,uniforme,0.0,0.7756845789582046,0.7756845789582046,1.0,20,20,143.720599997323,0.045,1,topological,Homotopy planner,True,242.93610001041088,True,12.746748872097598,1.0012670759036009,0.25433798704241156,1.201423319071118,13.574584388142544,0.0,3.0,1.3930398065626068,12.746748872097598,12.746748872097598,True,12.746748872097598,0.0,True,0.3634820352797007,9915.0
plaza,facil,3,uniforme,0.0,0.7756845789582046,0.7756845789582046,1.0,20,20,143.720599997323,0.045,1,slam,SLAM-based,False,3993.214900008752,,,,,,,,,,,,,,,,,444.0
plaza,facil,3,uniforme,0.0,0.7756845789582046,0.7756845789582046,1.0,20,20,143.720599997323,0.045,1,drl,DRL (D3QN),True,11.756000007153489,True,20.04098291138243,1.5742348546490041,0.4275,1.263893889885928,2013.6900675259794,13.0,33.0,0.07957747154594767,20.04098291138243,28.109935129443976,False,inf,0.0,True,0.5175,62.0
plaza,medio,2,uniforme,0.03735497707837866,0.6952934558409901,0.6952934558409901,1.0,20,20,143.99649998813402,0.045,0,tve,TVE (proposed),True,20.891599997412413,True,8.93332414598035,1.001608584480772,0.33908569454063325,1.051688443689023,25.14995741940529,0.0,4.0,1.1772752010694563,8.93332414598035,8.93332414598035,True,8.93332414598035,0.0,True,0.47929262824767016,
plaza,medio,2,uniforme,0.03735497707837866,0.6952934558409901,0.6952934558409901,1.0,20,20,143.99649998813402,0.045,0,teselado,WDT,True,53.25040000025183,True,8.919265021170808,1.0000322686693885,0.29228933533467233,1.053834496364733,25.764593847355755,0.0,5.0,2.4290045471799493,8.919265021170808,8.919265021170808,True,8.919265021170808,0.0,True,0.44389153833159123,
plaza,medio,2,uniforme,0.03735497707837866,0.6952934558409901,0.6952934558409901,1.0,20,20,143.99649998813402,0.045,0,dijkstra,Dijkstra,True,31.07869999075774,True,9.30495128834866,1.0432755977828299,0.2922209858894348,1.0205691574285451,374.4702941000659,4.0,11.0,0.07957747154594767,9.30495128834866,11.30495128834866,False,inf,0.0,True,0.3910814809799194,15434.0
plaza,medio,2,uniforme,0.03735497707837866,0.6952934558409901,0.6952934558409901,1.0,20,20,143.99649998813402,0.045,0,astar,A*,True,2.4016000097617507,True,9.30495128834866,1.0432755977828299,0.31240123450756074,1.0554882596436572,359.68169338854864,2.0,10.0,0.08096003908379736,9.30495128834866,11.270796968427478,False,inf,0.0,True,0.46965709447860715,725.0
plaza,medio,2,uniforme,0.03735497707837866,0.6952934558409901,0.6952934558409901,1.0,20,20,143.99649998813402,0.045,0,theta,Theta*,True,245.1736999937566,True,9.014274281115892,1.010684752426958,0.26923530154568454,1.0546757801940247,24.952446135557768,0.0,3.0,0.09154321994178967,9.014274281115892,10.752851350975336,False,inf,0.0,True,0.42781912339990213,947.0
plaza,medio,2,uniforme,0.03735497707837866,0.6952934558409901,0.6952934558409901,1.0,20,20,143.99649998813402,0.045,0,visibility,Visibility graph,True,9248.16479999572,True,8.91897721764369,1.0,0.2999937271222781,1.0577511790467444,23.129752820355577,0.0,3.0,1.1958242007712498,8.91897721764369,8.91897721764369,True,8.91897721764369,0.0,True,0.44281962141883696,298.0
plaza,medio,2,uniforme,0.03735497707837866,0.6952934558409901,0.6952934558409901,1.0,20,20,143.99649998813402,0.045,0,rrt,RRT,True,34.47240000241436,True,11.813098996076471,1.3244903207856138,0.2867189877634793,0.9877526732011609,986.3366023833552,12.0,22.0,0.15380163607363678,11.813098996076471,16.26839192930503,False,inf,0.0,True,0.44665743066065566,280.0
plaza,medio,2,uniforme,0.03735497707837866,0.6952934558409901,0.6952934558409901,1.0,20,20,143.99649998813402,0.045,0,rrt_star,RRT*,True,2013.5695000062697,True,8.918238226881444,0.9999171440015809,0.26182204961377453,1.0509955736308931,29.248914722871252,0.0,6.0,1.328084412452769,8.918238226881444,8.918238226881444,True,8.918238226881444,0.0,True,0.4044983026891107,4000.0
plaza,medio,2,uniforme,0.03735497707837866,0.6952934558409901,0.6952934558409901,1.0,20,20,143.99649998813402,0.045,0,prm,PRM,True,713.4905999992043,True,9.062224195634757,1.0160609198224761,0.3110656718152994,1.0722029296419733,85.61399417808671,0.0,8.0,0.562834663736459,9.062224195634757,9.062224195634757,False,inf,0.0,True,0.4565712194664532,602.0
plaza,medio,2,uniforme,0.03735497707837866,0.6952934558409901,0.6952934558409901,1.0,20,20,143.99649998813402,0.045,0,potential,APF,True,231.24920000554994,True,64.81039499116206,7.266572546340058,0.23473581200346927,0.553163656487126,81503.10725158642,534.0,550.0,0.07957747219971167,64.81039499116206,258.73154979863017,False,inf,0.0,True,0.3607358107299491,1172.0
plaza,medio,2,uniforme,0.03735497707837866,0.6952934558409901,0.6952934558409901,1.0,20,20,143.99649998813402,0.045,0,hybrid_astar,Hybrid A*,True,108.48880000412464,True,8.950265893361754,1.0035081013163896,0.2589929865748623,1.0356360105225877,49.979179126303215,0.0,7.0,1.8181374065852536,8.950265893361754,8.950265893361754,True,8.950265893361754,0.0,True,0.41671088921810934,129.0
plaza,medio,2,uniforme,0.03735497707837866,0.6952934558409901,0.6952934558409901,1.0,20,20,143.99649998813402,0.045,0,aco,ACO,True,165.0119999976596,True,9.733113626507924,1.0912813643310686,0.3825,1.087441060401162,720.0000000000002,9.0,15.0,0.2952359371992071,9.733113626507924,9.733113626507924,False,inf,0.0,True,0.5175,40.0
plaza,medio,2,uniforme,0.03735497707837866,0.6952934558409901,0.6952934558409901,1.0,20,20,143.99649998813402,0.045,0,topological,Homotopy planner,True,337.1655000082683,True,9.186416419374913,1.029985411466482,0.25578609369080546,0.9598115330544263,46.488237707853436,0.0,4.0,0.4405643319959798,9.186416419374913,9.186416419374913,False,inf,0.0,True,0.3905070843344819,15241.0
plaza,medio,2,uniforme,0.03735497707837866,0.6952934558409901,0.6952934558409901,1.0,20,20,143.99649998813402,0.045,0,slam,SLAM-based,True,393.4817999979714,True,9.190246572897733,1.030414850115035,0.32609877474334653,1.031707933582328,235.26133156351156,1.0,10.0,0.3097443349249067,9.190246572897733,9.190246572897733,False,inf,0.0,True,0.5057957965628277,61.0
plaza,medio,2,uniforme,0.03735497707837866,0.6952934558409901,0.6952934558409901,1.0,20,20,143.99649998813402,0.045,0,drl,DRL (D3QN),False,91.02100000018254,,,,,,,,,,,,,,,,,537.0
plaza,medio,2,uniforme,0.03735497707837866,0.6952934558409901,0.6952934558409901,1.0,20,20,143.99649998813402,0.045,1,tve,TVE (proposed),True,25.22879999014549,True,12.786468956178386,1.0270666701390485,0.4696178690008476,1.2707190732835822,39.121466164881625,0.0,5.0,1.0789667941636054,12.786468956178386,12.786468956178386,True,12.786468956178386,0.0,True,0.6081297668716736,
plaza,medio,2,uniforme,0.03735497707837866,0.6952934558409901,0.6952934558409901,1.0,20,20,143.99649998813402,0.045,1,teselado,WDT,True,49.06900000059977,True,12.504367592704098,1.0044070203938213,0.31189273661681194,1.1669215285883832,16.83553100634426,0.0,5.0,8.451075737402425,12.504367592704098,12.504367592704098,True,12.504367592704098,0.0,True,0.45296955701159763,
plaza,medio,2,uniforme,0.03735497707837866,0.6952934558409901,0.6952934558409901,1.0,20,20,143.99649998813402,0.045,1,dijkstra,Dijkstra,True,22.357999987434596,True,13.294737008100567,1.0678930450682689,0.6942111468315124,1.3467612950550778,135.16049195983464,2.0,5.0,0.08018677165208896,13.294737008100567,15.279539985110667,False,inf,0.0,True,0.820211112499237,18821.0
plaza,medio,2,uniforme,0.03735497707837866,0.6952934558409901,0.6952934558409901,1.0,20,20,143.99649998813402,0.045,1,astar,A*,True,2.9501999961212277,True,13.294737008100567,1.0678930450682689,0.3792112326622,1.162274279779265,225.21620946246236,1.0,7.0,0.08018677165208896,13.294737008100567,15.279539985110667,False,inf,0.0,True,0.5376801896095276,1197.0
plaza,medio,2,uniforme,0.03735497707837866,0.6952934558409901,0.6952934558409901,1.0,20,20,143.99649998813402,0.045,1,theta,Theta*,True,235.5835000053048,True,12.528350152541666,1.0063334074173382,0.2612480204134445,1.1493381910183882,9.079688579609575,0.0,3.0,0.0941761253304209,12.528350152541666,14.218321390299575,False,inf,0.0,True,0.47955459594726585,804.0
plaza,medio,2,uniforme,0.03735497707837866,0.6952934558409901,0.6952934558409901,1.0,20,20,143.99649998813402,0.045,1,visibility,Visibility graph,True,9564.71479999891,True,12.449502381814513,1.0,0.2515257704392437,1.1391279390249824,8.237485353451875,0.0,3.0,2.0690176111343943,12.449502381814513,12.449502381814513,True,12.449502381814513,0.0,True,0.4699405651691804,298.0
plaza,medio,2,uniforme,0.03735497707837866,0.6952934558409901,0.6952934558409901,1.0,20,20,143.99649998813402,0.045,1,rrt,RRT,True,11.782899993704632,True,15.45179158232679,1.2411573658476376,0.3289852738583478,1.0817456815939563,1278.0569824495403,13.0,29.0,0.16185044810031704,15.45179158232679,21.545830881067097,False,inf,0.0,True,0.5294775184017951,82.0
plaza,medio,2,uniforme,0.03735497707837866,0.6952934558409901,0.6952934558409901,1.0,20,20,143.99649998813402,0.045,1,rrt_star,RRT*,True,2025.9313999995356,True,12.46163724863553,1.000974727057263,0.2520244812718756,1.1488773260392695,31.946227200850114,0.0,8.0,2.009487590363066,12.46163724863553,12.46163724863553,True,12.46163724863553,0.0,True,0.4632143583763331,4000.0
plaza,medio,2,uniforme,0.03735497707837866,0.6952934558409901,0.6952934558409901,1.0,20,20,143.99649998813402,0.045,1,prm,PRM,True,706.9310000078985,True,13.011513754406524,1.0451432800569576,0.64845531146137,1.2719368466191943,130.12585615272678,0.0,10.0,0.39851885391447467,13.011513754406524,13.011513754406524,False,inf,0.0,True,0.8393846147279346,602.0
plaza,medio,2,uniforme,0.03735497707837866,0.6952934558409901,0.6952934558409901,1.0,20,20,143.99649998813402,0.045,1,potential,APF,True,59.624899993650615,True,13.099393264803084,1.0522021574081462,0.7728449269152123,1.2103881238736285,194.72039739373278,1.0,11.0,0.3458643238446746,13.099393264803084,13.099393264803084,False,inf,0.0,True,0.916632846986115,292.0
plaza,medio,2,uniforme,0.03735497707837866,0.6952934558409901,0.6952934558409901,1.0,20,20,143.99649998813402,0.045,1,hybrid_astar,Hybrid A*,True,122.48330000147689,True,12.567976658329517,1.009516386509397,0.4166461332578388,1.1304336078444537,74.89750336773581,0.0,10.0,1.7776736107239022,12.567976658329517,12.567976658329517,True,12.567976658329517,0.0,True,0.6218173430078239,143.0
plaza,medio,2,uniforme,0.03735497707837866,0.6952934558409901,0.6952934558409901,1.0,20,20,143.99649998813402,0.045,1,aco,ACO,True,268.2342000043718,True,14.090571693492898,1.1318180647987635,0.3825,1.0413495107413724,1556.5650511770782,29.0,34.0,0.246293992177696,14.090571693492898,14.090571693492898,False,inf,0.0,True,0.6074999999999999,40.0
plaza,medio,2,uniforme,0.03735497707837866,0.6952934558409901,0.6952934558409901,1.0,20,20,143.99649998813402,0.045,1,topological,Homotopy planner,True,239.38210000051185,True,12.451214319981402,1.0001375105698513,0.2515731734881323,1.13973603547567,8.486784247753981,0.0,3.0,3.320276891212359,12.451214319981402,12.451214319981402,True,12.451214319981402,0.0,True,0.4699882819731772,12785.0
plaza,medio,2,uniforme,0.03735497707837866,0.6952934558409901,0.6952934558409901,1.0,20,20,143.99649998813402,0.045,1,slam,SLAM-based,True,542.2151999955531,True,13.750475683456216,1.1045000243176053,0.4709396904936116,1.2701319517882943,353.8524605826258,1.0,14.0,0.21109795599094514,13.750475683456216,14.504414499892327,False,inf,0.0,True,0.692072642635262,87.0
plaza,medio,2,uniforme,0.03735497707837866,0.6952934558409901,0.6952934558409901,1.0,20,20,143.99649998813402,0.045,1,drl,DRL (D3QN),True,11.948599989409558,True,20.041198014171577,1.6097991228506094,0.6525,1.3588484258941436,2520.0000000000005,19.0,31.0,0.07957747154594767,20.041198014171577,37.10054779626823,False,inf,0.0,True,0.7424999999999999,61.0
plaza,medio,3,madera,0.06388653243713181,0.6839429971861668,0.6839429971861668,1.0,20,20,182.03809999977238,0.045,0,tve,TVE (proposed),True,20.385499999974854,True,9.057977769018553,1.0042973596451577,0.30927170869330517,0.808561082149995,64.47365219382536,0.0,6.0,1.0455163061402017,9.057977769018553,9.057977769018553,True,9.057977769018553,0.0,True,0.40153137911341885,
plaza,medio,3,madera,0.06388653243713181,0.6839429971861668,0.6839429971861668,1.0,20,20,182.03809999977238,0.045,0,teselado,WDT,True,59.038400009740144,True,9.137521620712812,1.0131167321662282,0.34094809043910995,0.8369586126648242,68.88565543013513,0.0,7.0,1.158511187381508,9.137521620712812,9.137521620712812,True,9.137521620712812,0.0,True,0.47904774049304905,
plaza,medio,3,madera,0.06388653243713181,0.6839429971861668,0.6839429971861668,1.0,20,20,182.03809999977238,0.045,0,dijkstra,Dijkstra,True,16.808400003355928,True,9.738412331782039,1.0797400966688675,0.2925,0.8297399357417952,203.83320622542388,3.0,7.0,0.35705150206662933,9.738412331782039,9.738412331782039,False,inf,0.0,True,0.411680223941803,13828.0
plaza,medio,3,madera,0.06388653243713181,0.6839429971861668,0.6839429971861668,1.0,20,20,182.03809999977238,0.045,0,astar,A*,True,2.4547000066377223,True,9.738412331782039,1.0797400966688673,0.2925,0.7247130041737817,545.8320628494632,7.0,16.0,0.3235016087141266,9.738412331782039,9.738412331782039,False,inf,0.0,True,0.34193024218082424,418.0
plaza,medio,3,madera,0.06388653243713181,0.6839429971861668,0.6839429971861668,1.0,20,20,182.03809999977238,0.045,0,theta,Theta*,True,118.22059999394696,True,9.092019858008038,1.0080717539924129,0.26308849621128727,0.8344756466532519,61.04347537935667,0.0,4.0,0.4181277066137043,9.092019858008038,9.092019858008038,False,inf,0.0,True,0.33660072816174275,326.0
plaza,medio,3,madera,0.06388653243713181,0.6839429971861668,0.6839429971861668,1.0,20,20,182.03809999977238,0.045,0,visibility,Visibility graph,True,8725.953000001027,True,9.019218941508473,1.0,0.25336646619042236,0.8353936934973292,62.63708941758519,0.0,5.0,0.8516517007047358,9.019218941508473,9.019218941508473,True,9.019218941508473,0.0,True,0.372508875066798,291.0
plaza,medio,3,madera,0.06388653243713181,0.6839429971861668,0.6839429971861668,1.0,20,20,182.03809999977238,0.045,0,rrt,RRT,True,9.07109999388922,True,10.300903231107068,1.1421059071645323,0.2500674860128954,0.7370709112326063,556.0117080507736,5.0,18.0,0.19399993264175344,10.300903231107068,12.590939463567175,False,inf,0.0,True,0.3166282156540481,89.0
plaza,medio,3,madera,0.06388653243713181,0.6839429971861668,0.6839429971861668,1.0,20,20,182.03809999977238,0.045,0,rrt_star,RRT*,True,2033.5512000019662,True,9.131389587778216,1.0124368470260223,0.3531203273151172,0.8457981705296804,84.33465846812797,0.0,7.0,0.7132711184952051,9.131389587778216,9.131389587778216,False,inf,0.0,True,0.4253301531190403,4000.0
plaza,medio,3,madera,0.06388653243713181,0.6839429971861668,0.6839429971861668,1.0,20,20,182.03809999977238,0.045,0,prm,PRM,True,669.0915999934077,True,10.623150680532396,1.1778348823136189,0.29903987616607774,0.8604706737012296,177.3065938345348,1.0,9.0,0.20182919998677498,10.623150680532396,11.411713203211592,False,inf,0.0,True,0.37253004861595074,602.0
plaza,medio,3,madera,0.06388653243713181,0.6839429971861668,0.6839429971861668,1.0,20,20,182.03809999977238,0.045,0,potential,APF,True,196.67080001090653,True,71.65672013724925,7.944891969244579,0.2384642019967388,0.4975838236715805,67892.82950164632,498.0,522.0,0.07957747154594767,71.65672013724925,306.68578016450965,False,inf,0.0,True,0.3177832775267521,1154.0
plaza,medio,3,madera,0.06388653243713181,0.6839429971861668,0.6839429971861668,1.0,20,20,182.03809999977238,0.045,0,hybrid_astar,Hybrid A*,False,10.746400002972223,,,,,,,,,,,,,,,,,6.0
plaza,medio,3,madera,0.06388653243713181,0.6839429971861668,0.6839429971861668,1.0,20,20,182.03809999977238,0.045,0,aco,ACO,True,186.60169999930076,True,10.109331162702405,1.1208654794016575,0.37079661548137666,0.833206100977058,1087.125016348902,19.0,23.0,0.11149912383168974,10.109331162702405,12.521555125360003,False,inf,0.0,True,0.46965709447860715,40.0
plaza,medio,3,madera,0.06388653243713181,0.6839429971861668,0.6839429971861668,1.0,20,20,182.03809999977238,0.045,0,topological,Homotopy planner,True,271.89230000658426,True,9.040330624293892,1.0023407440181167,0.2515159563395258,0.8222219184253924,60.877333186303034,0.0,4.0,0.5540221876306793,9.040330624293892,9.040330624293892,False,inf,0.0,True,0.32254665059007975,8904.0
plaza,medio,3,madera,0.06388653243713181,0.6839429971861668,0.6839429971861668,1.0,20,20,182.03809999977238,0.045,0,slam,SLAM-based,True,429.9979000061285,True,10.277438056425398,1.1395042212720126,0.3018236581301057,0.7874800740506721,542.9297861350664,4.0,16.0,0.13276899660457805,10.277438056425398,11.476173809214897,False,inf,0.0,True,0.42648029617346417,68.0
plaza,medio,3,madera,0.06388653243713181,0.6839429971861668,0.6839429971861668,1.0,20,20,182.03809999977238,0.045,0,drl,DRL (D3QN),False,87.66190000460483,,,,,,,,,,,,,,,,,537.0
plaza,medio,3,madera,0.06388653243713181,0.6839429971861668,0.6839429971861668,1.0,20,20,182.03809999977238,0.045,1,tve,TVE (proposed),True,21.427999992738478,True,10.881474708447472,1.0006101048802203,0.3664665648781231,1.0512621158457298,7.986033945184771,0.0,3.0,2.3168349287095276,10.881474708447472,10.881474708447472,True,10.881474708447472,0.0,True,0.5178153621560555,
plaza,medio,3,madera,0.06388653243713181,0.6839429971861668,0.6839429971861668,1.0,20,20,182.03809999977238,0.045,1,teselado,WDT,True,48.65060000156518,True,10.890411013748984,1.001431846199717,0.373680443514475,1.0739705493648304,11.423940539641993,0.0,4.0,7.547792364156796,10.890411013748984,10.890411013748984,True,10.890411013748984,0.0,True,0.5276064315473232,
plaza,medio,3,madera,0.06388653243713181,0.6839429971861668,0.6839429971861668,1.0,20,20,182.03809999977238,0.045,1,dijkstra,Dijkstra,True,18.11269999598153,True,11.348269478283312,1.0435343937397419,0.6525,1.1372655856364393,44.032475792909445,0.0,3.0,0.4862781064066993,11.348269478283312,11.348269478283312,False,inf,0.0,True,0.6525,14298.0
plaza,medio,3,madera,0.06388653243713181,0.6839429971861668,0.6839429971861668,1.0,20,20,182.03809999977238,0.045,1,astar,A*,True,2.298399995197542,True,11.34826947828331,1.0435343937397419,0.2925,0.9451136330674073,255.96375653207352,2.0,8.0,0.3235870805826119,11.34826947828331,11.34826947828331,False,inf,0.0,True,0.4275,314.0
plaza,medio,3,madera,0.06388653243713181,0.6839429971861668,0.6839429971861668,1.0,20,20,182.03809999977238,0.045,1,theta,Theta*,True,179.76630000339355,True,10.941573206828096,1.006136484932466,0.25367943192713865,1.0230645687125435,6.46148116348302,0.0,3.0,1.6875223436210431,10.941573206828096,10.941573206828096,True,10.941573206828096,0.0,True,0.4063275095902748,604.0
plaza,medio,3,madera,0.06388653243713181,0.6839429971861668,0.6839429971861668,1.0,20,20,182.03809999977238,0.045,1,visibility,Visibility graph,True,8758.975899996585,True,10.874839915543383,1.0,0.31487193000219577,1.0391947615338901,6.781287834554958,0.0,3.0,2.5311720172220507,10.874839915543383,10.874839915543383,True,10.874839915543383,0.0,True,0.465727017018591,291.0
plaza,medio,3,madera,0.06388653243713181,0.6839429971861668,0.6839429971861668,1.0,20,20,182.03809999977238,0.045,1,rrt,RRT,True,10.243400000035763,True,13.708074639371604,1.260531166052264,0.28794166559074735,0.823264587478149,815.1266446350862,8.0,23.0,0.1806299735371628,13.708074639371604,16.857305796914112,False,inf,0.0,True,0.42220038139527133,69.0
plaza,medio,3,madera,0.06388653243713181,0.6839429971861668,0.6839429971861668,1.0,20,20,182.03809999977238,0.045,1,rrt_star,RRT*,True,2024.7760000056587,True,10.872122045372565,0.9997500772248671,0.2583744376460788,1.0211131064578882,12.197400402903648,0.0,5.0,2.97084335317497,10.872122045372565,10.872122045372565,True,10.872122045372565,0.0,True,0.40646988816309365,4000.0
plaza,medio,3,madera,0.06388653243713181,0.6839429971861668,0.6839429971861668,1.0,20,20,182.03809999977238,0.045,1,prm,PRM,True,713.8900999998441,True,11.216644671010382,1.0314307850158289,0.3678480951836766,1.091731551245802,145.35829789326803,1.0,9.0,0.37409863009486144,11.216644671010382,11.216644671010382,False,inf,0.0,True,0.5870885711020607,602.0
plaza,medio,3,madera,0.06388653243713181,0.6839429971861668,0.6839429971861668,1.0,20,20,182.03809999977238,0.045,1,potential,APF,True,52.42920000455342,True,11.80431243132903,1.0854699952370936,0.6749999999999999,1.1639267305971768,1615.469553777286,14.0,23.0,0.3171689816341932,11.80431243132903,11.80431243132903,False,inf,0.0,True,0.6749999999999999,263.0
plaza,medio,3,madera,0.06388653243713181,0.6839429971861668,0.6839429971861668,1.0,20,20,182.03809999977238,0.045,1,hybrid_astar,Hybrid A*,True,147.04409999831114,True,10.924662125710503,1.0045814200994267,0.26591138054415664,1.0671575415007202,61.96152846464484,0.0,9.0,1.1769194427980314,10.924662125710503,10.924662125710503,True,10.924662125710503,0.0,True,0.4241676341421545,174.0
plaza,medio,3,madera,0.06388653243713181,0.6839429971861668,0.6839429971861668,1.0,20,20,182.03809999977238,0.045,1,aco,ACO,True,230.58670001046266,True,11.811061684419094,1.0860906253468219,0.33749999999999997,0.9635529971363388,1170.0000000000002,18.0,25.0,0.32345889493394775,11.811061684419094,11.811061684419094,False,inf,0.0,True,0.4725,40.0
plaza,medio,3,madera,0.06388653243713181,0.6839429971861668,0.6839429971861668,1.0,20,20,182.03809999977238,0.045,1,topological,Homotopy planner,True,208.860899991123,True,10.869606601639893,0.9995187686490896,0.24944374073936842,1.0226782302099937,5.7730427405492435,0.0,3.0,3.1496143495340063,10.869606601639893,10.869606601639893,True,10.869606601639893,0.0,True,0.40178677745213837,5901.0
plaza,medio,3,madera,0.06388653243713181,0.6839429971861668,0.6839429971861668,1.0,20,20,182.03809999977238,0.045,1,slam,SLAM-based,True,495.43009999615606,True,11.32633711644125,1.041517595146623,0.5643723499832547,1.1141140947542147,244.926818900793,1.0,9.0,0.2619294304864169,11.32633711644125,11.32633711644125,False,inf,0.0,True,0.6749999999999999,74.0
plaza,medio,3,madera,0.06388653243713181,0.6839429971861668,0.6839429971861668,1.0,20,20,182.03809999977238,0.045,1,drl,DRL (D3QN),True,8.743799990043044,True,13.440839931663833,1.2359574978619108,0.4725,1.184916853843954,1240.346175941947,7.0,22.0,0.16592938180922184,13.440839931663833,16.06355810783475,False,inf,0.0,True,0.5175,42.0
plaza,dificil,0,madera,0.19040801515357314,0.7360639579454605,0.7587491533077444,0.9609665427509294,18,19,179.42019998736214,0.045,0,tve,TVE (proposed),True,33.37759998976253,True,13.768636256686518,1.0331747667946864,0.2836027139212873,0.7823345856125761,159.22783358781524,0.0,10.0,0.3682152247589604,13.768636256686518,13.768636256686518,False,inf,0.0,True,0.3067047781498004,
plaza,dificil,0,madera,0.19040801515357314,0.7360639579454605,0.7587491533077444,0.9609665427509294,18,19,179.42019998736214,0.045,0,teselado,WDT,True,49.62219999288209,True,15.38408901096682,1.1543955610371692,0.26665518110093345,0.8074335370430937,126.36335622788933,0.0,13.0,0.945686829259773,15.38408901096682,15.38408901096682,True,15.38408901096682,0.0,True,0.27937645531326843,
plaza,dificil,0,madera,0.19040801515357314,0.7360639579454605,0.7587491533077444,0.9609665427509294,18,19,179.42019998736214,0.045,0,dijkstra,Dijkstra,True,28.6748000071384,True,13.971061684419094,1.048364422486938,0.28772099018096925,0.7765175014996396,658.072486935853,8.0,16.0,0.32140672141025195,13.971061684419094,13.971061684419094,False,inf,0.0,True,0.2925,23461.0
plaza,dificil,0,madera,0.19040801515357314,0.7360639579454605,0.7587491533077444,0.9609665427509294,18,19,179.42019998736214,0.045,0,astar,A*,True,3.0014000076334924,True,13.971061684419096,1.0483644224869382,0.28772099018096925,0.7926449752748956,568.072486935853,7.0,14.0,0.30016727247795444,13.971061684419096,13.971061684419096,False,inf,0.0,True,0.2925,1258.0
plaza,dificil,0,madera,0.19040801515357314,0.7360639579454605,0.7587491533077444,0.9609665427509294,18,19,179.42019998736214,0.045,0,theta,Theta*,True,357.52160000265576,True,13.422121782083577,1.0071729170243424,0.2475,0.7452724965976727,124.49421507516507,1.0,7.0,0.29190038090729103,13.422121782083577,13.422121782083577,False,inf,0.5,True,0.2475,1378.0
plaza,dificil,0,madera,0.19040801515357314,0.7360639579454605,0.7587491533077444,0.9609665427509294,18,19,179.42019998736214,0.045,0,visibility,Visibility graph,True,7498.623899999075,True,13.326531676148296,1.0,0.25502920329742207,0.7639930806966506,146.7035037560327,1.0,8.0,0.4052390208701776,13.326531676148296,13.326531676148296,False,inf,0.0,True,0.280067210472744,264.0
plaza,dificil,0,madera,0.19040801515357314,0.7360639579454605,0.7587491533077444,0.9609665427509294,18,19,179.42019998736214,0.045,0,rrt,RRT,True,62.82030000875238,True,18.712986000735857,1.4041902616138442,0.25724151683347496,0.7769488157525419,1160.0023371784212,12.0,32.0,0.16979113711279142,18.712986000735857,21.210956912587612,False,inf,0.0,True,0.315,623.0
plaza,dificil,0,madera,0.19040801515357314,0.7360639579454605,0.7587491533077444,0.9609665427509294,18,19,179.42019998736214,0.045,0,rrt_star,RRT*,True,1906.2210000120103,True,13.65493177207226,1.0246425779718613,0.27157115500883494,0.7785431566512692,216.51890086178096,1.0,10.0,0.34714631594788387,13.65493177207226,13.65493177207226,False,inf,0.0,True,0.315,4000.0
plaza,dificil,0,madera,0.19040801515357314,0.7360639579454605,0.7587491533077444,0.9609665427509294,18,19,179.42019998736214,0.045,0,prm,PRM,True,616.4679999928921,True,15.473197238418829,1.1610820890564209,0.2608474576271195,0.7874189805199617,357.15474704860526,3.0,12.0,0.23547283808632347,15.473197238418829,15.473197238418829,False,inf,0.0,True,0.315,602.0
plaza,dificil,0,madera,0.19040801515357314,0.7360639579454605,0.7587491533077444,0.9609665427509294,18,19,179.42019998736214,0.045,0,potential,APF,False,1769.1886000102386,,,,,,,,,,,,,,,,,11829.0
plaza,dificil,0,madera,0.19040801515357314,0.7360639579454605,0.7587491533077444,0.9609665427509294,18,19,179.42019998736214,0.045,0,hybrid_astar,Hybrid A*,False,9.718000001157634,,,,,,,,,,,,,,,,,1.0
plaza,dificil,0,madera,0.19040801515357314,0.7360639579454605,0.7587491533077444,0.9609665427509294,18,19,179.42019998736214,0.045,0,aco,ACO,True,368.43069999304134,True,15.076109759669846,1.1312853280987527,0.28772099018096925,0.6564673856701865,1282.317186517066,22.0,27.0,0.1666498337203361,15.076109759669846,16.031135873641144,False,inf,0.0,True,0.315,40.0
plaza,dificil,0,madera,0.19040801515357314,0.7360639579454605,0.7587491533077444,0.9609665427509294,18,19,179.42019998736214,0.045,0,topological,Homotopy planner,True,296.4776000007987,True,13.316622776646032,0.999256453236066,0.24587337236377974,0.7377718253223937,135.12631927429936,1.0,7.0,0.33409654838844866,13.316622776646032,13.316622776646032,False,inf,0.26187803007391963,True,0.2574979872673245,5583.0
plaza,dificil,0,madera,0.19040801515357314,0.7360639579454605,0.7587491533077444,0.9609665427509294,18,19,179.42019998736214,0.045,0,slam,SLAM-based,True,589.6693999966374,True,14.39462754914216,1.080148075954791,0.28772099018096925,0.7249831727494757,600.8560015831607,3.0,18.0,0.2413670038715554,14.39462754914216,14.39462754914216,False,inf,0.0,True,0.315,95.0
plaza,dificil,0,madera,0.19040801515357314,0.7360639579454605,0.7587491533077444,0.9609665427509294,18,19,179.42019998736214,0.045,0,drl,DRL (D3QN),True,10.899100001552142,True,19.891726079366894,1.4926408883242233,0.28772099018096925,1.0040551715376371,1847.4895529219993,12.0,30.0,0.11139756690961933,19.891726079366894,29.36160443810637,False,inf,0.0,True,0.315,58.0
plaza,dificil,0,madera,0.19040801515357314,0.7360639579454605,0.7587491533077444,0.9609665427509294,18,19,179.42019998736214,0.045,1,tve,TVE (proposed),True,24.301800003740937,True,11.759101894794872,1.0040433021584811,0.3094633505624783,0.984602893019021,68.41366325808069,0.0,7.0,1.0256888166328513,11.759101894794872,11.759101894794872,True,11.759101894794872,0.0,True,0.40092684396849515,
plaza,dificil,0,madera,0.19040801515357314,0.7360639579454605,0.7587491533077444,0.9609665427509294,18,19,179.42019998736214,0.045,1,teselado,WDT,True,49.796200008131564,True,12.36334175972141,1.0556359318256483,0.3238604950904846,1.1947821782019474,69.8765268800636,0.0,8.0,1.1945208953906399,12.36334175972141,12.36334175972141,True,12.36334175972141,0.0,True,0.43519288773287795,
plaza,dificil,0,madera,0.19040801515357314,0.7360639579454605,0.7587491533077444,0.9609665427509294,18,19,179.42019998736214,0.045,1,dijkstra,Dijkstra,True,27.520999996340834,True,12.242970773009198,1.0453581330563306,0.2925,1.0032025203370023,322.342869973999,6.0,9.0,0.31004644198120795,12.242970773009198,12.242970773009198,False,inf,0.0,True,0.3823604822158813,23118.0
plaza,dificil,0,madera,0.19040801515357314,0.7360639579454605,0.7587491533077444,0.9609665427509294,18,19,179.42019998736214,0.045,1,astar,A*,True,8.858400004100986,True,12.242970773009198,1.0453581330563306,0.29218611180782317,0.9577137960176348,548.7660077323023,9.0,15.0,0.31004644198120795,12.242970773009198,12.242970773009198,False,inf,0.0,True,0.4046512484550476,2546.0
plaza,dificil,0,madera,0.19040801515357314,0.7360639579454605,0.7587491533077444,0.9609665427509294,18,19,179.42019998736214,0.045,1,theta,Theta*,True,646.9052000029478,True,11.840545292171601,1.0109972939150569,0.26079834148991987,0.9936481862982351,67.43409925222656,0.0,5.0,0.4433741529227506,11.840545292171601,11.840545292171601,False,inf,0.0,True,0.37039317621904244,2702.0
plaza,dificil,0,madera,0.19040801515357314,0.7360639579454605,0.7587491533077444,0.9609665427509294,18,19,179.42019998736214,0.045,1,visibility,Visibility graph,True,7479.514600010589,True,11.711747759798094,1.0,0.25750064876183776,0.9848572499052399,66.71946082817449,0.0,5.0,0.5956107235232417,11.711747759798094,11.711747759798094,False,inf,0.0,True,0.36501329773756785,264.0
plaza,dificil,0,madera,0.19040801515357314,0.7360639579454605,0.7587491533077444,0.9609665427509294,18,19,179.42019998736214,0.045,1,rrt,RRT,True,55.4444000008516,True,18.66758040685531,1.5939192671937406,0.2652475338610712,1.4932472913478583,1197.9917865430941,12.0,32.0,0.16519294994330877,18.66758040685531,21.97535440041932,False,inf,0.0,True,0.3752814413061571,467.0
plaza,dificil,0,madera,0.19040801515357314,0.7360639579454605,0.7587491533077444,0.9609665427509294,18,19,179.42019998736214,0.045,1,rrt_star,RRT*,True,1854.1286000108812,True,11.760464435166735,1.0041596417859908,0.2565778425523934,0.9850920392946206,93.49072904223686,0.0,8.0,0.6539212248413657,11.760464435166735,11.760464435166735,False,inf,0.0,True,0.35841785953798866,4000.0
plaza,dificil,0,madera,0.19040801515357314,0.7360639579454605,0.7587491533077444,0.9609665427509294,18,19,179.42019998736214,0.045,1,prm,PRM,True,678.5748999973293,True,12.515896725800278,1.0686617388364967,0.29658148527145384,1.0917393216302784,202.50303090255676,0.0,11.0,0.46634507092383115,12.515896725800278,12.515896725800278,False,inf,0.0,True,0.44044198036193843,602.0
plaza,dificil,0,madera,0.19040801515357314,0.7360639579454605,0.7587491533077444,0.9609665427509294,18,19,179.42019998736214,0.045,1,potential,APF,False,1747.0415999996476,,,,,,,,,,,,,,,,,11528.0
plaza,dificil,0,madera,0.19040801515357314,0.7360639579454605,0.7587491533077444,0.9609665427509294,18,19,179.42019998736214,0.045,1,hybrid_astar,Hybrid A*,True,94.50149998883717,True,11.829302111500887,1.0100373022125964,0.2885523664773928,1.0182040569043431,134.0387849282486,0.0,12.0,0.8508884038383411,11.829302111500887,11.829302111500887,True,11.829302111500887,0.0,True,0.3737237156261216,125.0
plaza,dificil,0,madera,0.19040801515357314,0.7360639579454605,0.7587491533077444,0.9609665427509294,18,19,179.42019998736214,0.045,1,aco,ACO,True,324.53140000870917,True,13.837289496430918,1.1814880050549745,0.3238604950904846,1.0426794503240404,1763.1301023541562,31.0,35.0,0.16236709283101355,13.837289496430918,15.578344499474309,False,inf,0.0,True,0.5280873227119446,40.0
plaza,dificil,0,madera,0.19040801515357314,0.7360639579454605,0.7587491533077444,0.9609665427509294,18,19,179.42019998736214,0.045,1,topological,Homotopy planner,True,286.06220000074245,True,11.86750505464923,1.0132992357798032,0.24772160199196164,0.9979480921823317,78.56341658091533,0.0,4.0,0.3776270147373492,11.86750505464923,11.86750505464923,False,inf,0.0,True,0.353567292419251,12587.0
plaza,dificil,0,madera,0.19040801515357314,0.7360639579454605,0.7587491533077444,0.9609665427509294,18,19,179.42019998736214,0.045,1,slam,SLAM-based,False,514.7458999999799,,,,,,,,,,,,,,,,,83.0
plaza,dificil,0,madera,0.19040801515357314,0.7360639579454605,0.7587491533077444,0.9609665427509294,18,19,179.42019998736214,0.045,1,drl,DRL (D3QN),True,12.924299997393973,True,23.324076322044995,1.991511156183498,0.3238604950904846,1.8704269020141777,3138.111341960372,18.0,46.0,0.07957747154594767,23.324076322044995,38.10682589599612,False,inf,0.0,True,0.6702209043502807,71.0
plaza,medio,1,alfombra,0.02081432158572426,0.73053152039555,0.73053152039555,1.0,24,24,168.48680000111926,0.045,0,tve,TVE (proposed),True,27.74910000152886,True,12.33967632863871,1.012935911766655,0.315,0.8538542930237192,101.92257041908996,0.0,7.0,0.624716233927378,12.33967632863871,12.33967632863871,False,inf,0.0,True,0.4350334962741721,
plaza,medio,1,alfombra,0.02081432158572426,0.73053152039555,0.73053152039555,1.0,24,24,168.48680000111926,0.045,0,teselado,WDT,True,65.56100001034793,True,12.829784011771583,1.0531677346813169,0.26813323825437396,0.837835490264723,112.68835619765657,1.0,6.0,0.3075625951515212,12.829784011771583,12.829784011771583,False,inf,0.0,True,0.37526544678307877,
plaza,medio,1,alfombra,0.02081432158572426,0.73053152039555,0.73053152039555,1.0,24,24,168.48680000111926,0.045,0,dijkstra,Dijkstra,True,53.242199996020645,True,13.25855518528077,1.0883645832866402,0.28557561993598934,0.7106216893121965,789.0555850657272,8.0,21.0,0.32495094757779036,13.25855518528077,13.25855518528077,False,inf,0.0,True,0.3552209848165512,25685.0
plaza,medio,1,alfombra,0.02081432158572426,0.73053152039555,0.73053152039555,1.0,24,24,168.48680000111926,0.045,0,astar,A*,True,6.142099999124184,True,13.25855518528077,1.0883645832866402,0.29218611180782317,0.8302667766009532,848.8310504045,10.0,21.0,0.3123035526228835,13.25855518528077,13.25855518528077,False,inf,0.0,True,0.3552209848165512,1264.0
plaza,medio,1,alfombra,0.02081432158572426,0.73053152039555,0.73053152039555,1.0,24,24,168.48680000111926,0.045,0,theta,Theta*,True,302.86479998903815,True,12.23743657723681,1.0045432835447359,0.25149036705493977,0.8303329777774758,97.78431727684588,1.0,5.0,0.20708592206839588,12.23743657723681,13.005982026885144,False,inf,0.0,True,0.3157848879575729,897.0
plaza,medio,1,alfombra,0.02081432158572426,0.73053152039555,0.73053152039555,1.0,24,24,168.48680000111926,0.045,0,visibility,Visibility graph,True,12494.922400001087,True,12.182089888704963,1.0,0.267974151352865,0.8458396838036428,96.11764707561981,1.0,6.0,0.45060469629326394,12.182089888704963,12.182089888704963,False,inf,0.0,True,0.35551767359747105,352.0
plaza,medio,1,alfombra,0.02081432158572426,0.73053152039555,0.73053152039555,1.0,24,24,168.48680000111926,0.045,0,rrt,RRT,True,41.536699995049275,True,24.925443529727634,2.046072862492839,0.2765425884253717,0.9443719945480971,1713.1031514429953,17.0,41.0,0.1575548524931381,24.925443529727634,34.114867812493664,False,inf,0.0,True,0.3793544451342425,363.0
plaza,medio,1,alfombra,0.02081432158572426,0.73053152039555,0.73053152039555,1.0,24,24,168.48680000111926,0.045,0,rrt_star,RRT*,True,2139.381700006197,True,12.325517505663406,1.0117736462518987,0.2746384093489244,0.850555844493908,105.69786840846507,1.0,7.0,0.17682311836180553,12.325517505663406,13.225597453163491,False,inf,0.0,True,0.34297514818524977,4000.0
plaza,medio,1,alfombra,0.02081432158572426,0.73053152039555,0.73053152039555,1.0,24,24,168.48680000111926,0.045,0,prm,PRM,True,704.7671000036644,True,13.356767940468604,1.0964266445655424,0.315,0.9055662417174657,230.2127592129095,1.0,13.0,0.14572139619187932,13.356767940468604,14.44895445014442,False,inf,0.0,True,0.5039999485015869,602.0
plaza,medio,1,alfombra,0.02081432158572426,0.73053152039555,0.73053152039555,1.0,24,24,168.48680000111926,0.045,0,potential,APF,False,2064.0771000034874,,,,,,,,,,,,,,,,,12789.0
plaza,medio,1,alfombra,0.02081432158572426,0.73053152039555,0.73053152039555,1.0,24,24,168.48680000111926,0.045,0,hybrid_astar,Hybrid A*,False,15.663000012864359,,,,,,,,,,,,,,,,,1.0
plaza,medio,1,alfombra,0.02081432158572426,0.73053152039555,0.73053152039555,1.0,24,24,168.48680000111926,0.045,0,aco,ACO,True,1466.1244999879273,True,13.704032457428292,1.124932797461497,0.315,1.000199380748304,1476.8698976458445,29.0,35.0,0.3374772830860878,13.704032457428292,13.704032457428292,False,inf,0.0,True,0.46965709447860715,40.0
plaza,medio,1,alfombra,0.02081432158572426,0.73053152039555,0.73053152039555,1.0,24,24,168.48680000111926,0.045,0,topological,Homotopy planner,True,296.38479999266565,True,12.29309304647562,1.0091119962818185,0.2511317592689578,0.8198499424614237,109.07225783970132,1.0,5.0,0.19599635127343304,12.29309304647562,13.105123178964462,False,inf,0.0,True,0.3247710891506692,10200.0
plaza,medio,1,alfombra,0.02081432158572426,0.73053152039555,0.73053152039555,1.0,24,24,168.48680000111926,0.045,0,slam,SLAM-based,True,1197.8258000017377,True,24.373364739020197,2.00075397256909,0.315,0.6666021240174445,1213.1266394750298,5.0,40.0,0.3489410067368409,24.373364739020197,24.373364739020197,False,inf,0.0,True,0.4118284067207299,160.0
plaza,medio,1,alfombra,0.02081432158572426,0.73053152039555,0.73053152039555,1.0,24,24,168.48680000111926,0.045,0,drl,DRL (D3QN),True,31.297499997890554,True,54.74778776135829,4.4941211451837635,0.315,0.895576831951456,9734.177322356743,70.0,106.0,0.07957747154594767,54.74778776135829,148.38245265795334,False,inf,0.0,True,0.5039999485015869,177.0
plaza,medio,1,alfombra,0.02081432158572426,0.73053152039555,0.73053152039555,1.0,24,24,168.48680000111926,0.045,1,tve,TVE (proposed),True,28.497799998149276,True,17.50425659287124,1.0252003312079774,0.32461729470391504,0.7681565953513289,94.36108807388264,0.0,8.0,0.9930399907475888,17.50425659287124,17.50425659287124,True,17.50425659287124,0.0,True,0.39533459478026595,
plaza,medio,1,alfombra,0.02081432158572426,0.73053152039555,0.73053152039555,1.0,24,24,168.48680000111926,0.045,1,teselado,WDT,True,54.02930000855122,True,17.39780624827059,1.0189656803410427,0.2667403451523414,0.843686458354223,70.94541521691394,0.0,13.0,5.849285699440905,17.39780624827059,17.39780624827059,True,17.39780624827059,0.0,True,0.3297403488621043,
plaza,medio,1,alfombra,0.02081432158572426,0.73053152039555,0.73053152039555,1.0,24,24,168.48680000111926,0.045,1,dijkstra,Dijkstra,True,50.580399998580106,True,17.903470760254745,1.0485817581456496,0.2925,0.761563660590025,707.5291972860562,3.0,19.0,0.36410501824115454,17.903470760254745,17.903470760254745,False,inf,0.0,True,0.3910466122627258,27962.0
plaza,medio,1,alfombra,0.02081432158572426,0.73053152039555,0.73053152039555,1.0,24,24,168.48680000111926,0.045,1,astar,A*,True,9.182200010400265,True,17.903470760254745,1.0485817581456496,0.2922209858894348,0.7136935251958338,1131.2754680748726,18.0,28.0,0.33375779108822695,17.903470760254745,17.903470760254745,False,inf,0.0,True,0.33749999999999997,1856.0
plaza,medio,1,alfombra,0.02081432158572426,0.73053152039555,0.73053152039555,1.0,24,24,168.48680000111926,0.045,1,theta,Theta*,True,407.7862000121968,True,17.148553476517485,1.0043672869274167,0.2522489509429899,0.7697566254639782,28.495628751607363,0.0,5.0,0.9158940094842196,17.148553476517485,17.148553476517485,True,17.148553476517485,0.0,True,0.3185957844462595,1166.0
plaza,medio,1,alfombra,0.02081432158572426,0.73053152039555,0.73053152039555,1.0,24,24,168.48680000111926,0.045,1,visibility,Visibility graph,True,12930.349799993564,True,17.07398647857073,1.0,0.2767954265898864,0.7777530416348273,29.804824934221905,0.0,5.0,1.8491037683195415,17.07398647857073,17.07398647857073,True,17.07398647857073,0.0,True,0.3652545870871876,352.0
plaza,medio,1,alfombra,0.02081432158572426,0.73053152039555,0.73053152039555,1.0,24,24,168.48680000111926,0.045,1,rrt,RRT,True,19.74780000455212,True,19.604842096154336,1.148228746740548,0.4062879203760495,0.7944849418852025,797.8865664438102,6.0,26.0,0.1745313120343793,19.604842096154336,21.319073183286434,False,inf,0.0,True,0.495,155.0
plaza,medio,1,alfombra,0.02081432158572426,0.73053152039555,0.73053152039555,1.0,24,24,168.48680000111926,0.045,1,rrt_star,RRT*,True,2031.0820000013337,True,17.084293125939944,1.0006036462183068,0.2591019059065766,0.7427664583039735,33.500820879095265,0.0,8.0,2.351428569929519,17.084293125939944,17.084293125939944,True,17.084293125939944,0.0,True,0.3172887430368509,4000.0
plaza,medio,1,alfombra,0.02081432158572426,0.73053152039555,0.73053152039555,1.0,24,24,168.48680000111926,0.045,1,prm,PRM,True,668.288400003803,True,17.578752635706536,1.029563462391711,0.26072099447250363,0.8237288467812894,225.18698710786984,0.0,16.0,0.6449251559408987,17.578752635706536,17.578752635706536,False,inf,0.0,True,0.3463911594176777,602.0
plaza,medio,1,alfombra,0.02081432158572426,0.73053152039555,0.73053152039555,1.0,24,24,168.48680000111926,0.045,1,potential,APF,False,1809.661799998139,,,,,,,,,,,,,,,,,11990.0
plaza,medio,1,alfombra,0.02081432158572426,0.73053152039555,0.73053152039555,1.0,24,24,168.48680000111926,0.045,1,hybrid_astar,Hybrid A*,True,268.8231999927666,True,17.272938323375865,1.0116523370247972,0.25655540392714987,0.82635355348316,143.01899888444063,0.0,14.0,0.8888668562421993,17.272938323375865,17.272938323375865,True,17.272938323375865,0.0,True,0.3155299271644701,334.0
plaza,medio,1,alfombra,0.02081432158572426,0.73053152039555,0.73053152039555,1.0,24,24,168.48680000111926,0.045,1,aco,ACO,True,418.0598000093596,True,18.307324930307615,1.0722349436837628,0.33749999999999997,0.7534709657489627,1413.4349488229223,21.0,30.0,0.17950622437103364,18.307324930307615,19.193951250088745,False,inf,0.0,True,0.4275,40.0
plaza,medio,1,alfombra,0.02081432158572426,0.73053152039555,0.73053152039555,1.0,24,24,168.48680000111926,0.045,1,topological,Homotopy planner,True,431.25540000619367,True,22.213855628240125,1.3010350954723056,0.24778440366972446,0.7563533360378901,109.23890278613688,1.0,6.0,0.245391083412094,22.213855628240125,22.213855628240125,False,inf,0.0,True,0.29278440366972447,18247.0
plaza,medio,1,alfombra,0.02081432158572426,0.73053152039555,0.73053152039555,1.0,24,24,168.48680000111926,0.045,1,slam,SLAM-based,True,801.5233999904012,True,17.806256552272117,1.0428880551487167,0.3150410355164513,0.8056996277096454,688.0831290450776,2.0,26.0,0.18502260498756104,17.806256552272117,18.66644843586707,False,inf,0.0,True,0.35989526107021336,116.0
plaza,medio,1,alfombra,0.02081432158572426,0.73053152039555,0.73053152039555,1.0,24,24,168.48680000111926,0.045,1,drl,DRL (D3QN),True,26.40149999933783,True,39.41653325173216,2.308572359548438,0.38693023681640626,0.9373117286979973,6402.528807709152,51.0,77.0,0.07957747154594767,39.41653325173216,89.0445261506107,False,inf,0.0,True,0.495,125.0
hospital,facil,2,uniforme,0.0,0.8146376811594203,0.8146376811594203,1.0,21,21,150.09480000298936,0.035,0,tve,TVE (proposed),True,39.576399998622946,True,8.461184471713237,1.0024418524353143,0.315177340527101,0.8450466434360541,36.313244776769594,0.0,5.0,1.1752843131019626,8.461184471713237,8.461184471713237,True,8.461184471713237,0.0,True,0.3920688200192886,
hospital,facil,2,uniforme,0.0,0.8146376811594203,0.8146376811594203,1.0,21,21,150.09480000298936,0.035,0,teselado,WDT,True,200.52969999960624,True,8.543349778714415,1.0121764165299203,0.26263087168488614,0.8564724218225757,40.847111063764665,0.0,7.0,1.5428034556659471,8.543349778714415,8.543349778714415,True,8.543349778714415,0.0,True,0.35610160530100476,
hospital,facil,2,uniforme,0.0,0.8146376811594203,0.8146376811594203,1.0,21,21,150.09480000298936,0.035,0,dijkstra,Dijkstra,True,7.2586000023875386,True,9.119295449327726,1.0804117855709647,0.29750000000000004,0.752743594354412,545.640549432157,9.0,14.0,0.2861142694337492,9.119295449327726,9.119295449327726,False,inf,0.0,True,0.36750000000000005,5940.0
hospital,facil,2,uniforme,0.0,0.8146376811594203,0.8146376811594203,1.0,21,21,150.09480000298936,0.035,0,astar,A*,True,3.8035999896237627,True,9.119295449327726,1.0804117855709647,0.3009457397460938,0.7713109489323905,588.4654964204924,13.0,15.0,0.330693929845738,9.119295449327726,9.119295449327726,False,inf,0.0,True,0.37783723592758184,1693.0
hospital,facil,2,uniforme,0.0,0.8146376811594203,0.8146376811594203,1.0,21,21,150.09480000298936,0.035,0,theta,Theta*,True,347.7045000036014,True,8.513295372799103,1.0086157100543307,0.25719733844238163,0.8507800783560372,34.3409186024803,0.0,4.0,0.10149716582481497,8.513295372799103,10.081368153930729,False,inf,0.0,True,0.334088833898931,1393.0
hospital,facil,2,uniforme,0.0,0.8146376811594203,0.8146376811594203,1.0,21,21,150.09480000298936,0.035,0,visibility,Visibility graph,True,1932.0759000111138,True,8.440573835936505,1.0,0.29971787823558543,0.8473124102903908,33.629508424825175,0.0,4.0,0.6950614351080745,8.440573835936505,8.440573835936505,False,inf,0.0,True,0.3735537410860696,135.0
hospital,facil,2,uniforme,0.0,0.8146376811594203,0.8146376811594203,1.0,21,21,150.09480000298936,0.035,0,rrt,RRT,True,17.96019999892451,True,9.876668686434549,1.1701418503542664,0.2907574736349477,0.8549862569174538,579.0109337257496,7.0,17.0,0.1466537959258478,9.876668686434549,12.624560711806101,False,inf,0.0,True,0.358155106149888,175.0
hospital,facil,2,uniforme,0.0,0.8146376811594203,0.8146376811594203,1.0,21,21,150.09480000298936,0.035,0,rrt_star,RRT*,True,1669.8606999998447,True,8.446368046235019,1.0006864711346812,0.27786864907159003,0.8481536974578906,46.62122899190054,0.0,7.0,1.212573644227277,8.446368046235019,8.446368046235019,True,8.446368046235019,0.0,True,0.35476013942051043,4000.0
hospital,facil,2,uniforme,0.0,0.8146376811594203,0.8146376811594203,1.0,21,21,150.09480000298936,0.035,0,prm,PRM,True,649.1853000043193,True,8.652333905086318,1.0250883498285657,0.30424566233848005,0.815391449424659,150.34111028382608,0.0,11.0,0.35545852854109977,8.652333905086318,8.652333905086318,False,inf,0.0,True,0.38113714204729454,602.0
hospital,facil,2,uniforme,0.0,0.8146376811594203,0.8146376811594203,1.0,21,21,150.09480000298936,0.035,0,potential,APF,True,310.5057999928249,True,101.95986756721342,12.079731727848893,0.2428834655485267,0.6096593907304094,100851.52462819987,821.0,866.0,0.07957747154594767,101.95986756721342,460.89605533237466,False,inf,0.0,True,0.31883270962735316,1988.0
hospital,facil,2,uniforme,0.0,0.8146376811594203,0.8146376811594203,1.0,21,21,150.09480000298936,0.035,0,hybrid_astar,Hybrid A*,True,37.13009999773931,True,8.554150815449322,1.0134560732149813,0.28648363089297496,0.8417209575310699,91.07184235755211,0.0,12.0,1.590605268718341,8.554150815449322,8.554150815449322,True,8.554150815449322,0.0,True,0.3786790673733293,47.0
hospital,facil,2,uniforme,0.0,0.8146376811594203,0.8146376811594203,1.0,21,21,150.09480000298936,0.035,0,aco,ACO,True,1259.3665000022156,True,9.549384045722201,1.1313666856469922,0.3325,0.8339937050845041,1503.4349488229223,28.0,30.0,0.11004994542549967,9.549384045722201,10.995590515671232,False,inf,0.0,True,0.4025,40.0
hospital,facil,2,uniforme,0.0,0.8146376811594203,0.8146376811594203,1.0,21,21,150.09480000298936,0.035,0,topological,Homotopy planner,True,46.81020000134595,True,8.44078408969458,1.0000249098890859,0.2560390888745451,0.8407679596772344,34.836781159581356,0.0,4.0,0.6261508337096587,8.44078408969458,8.44078408969458,False,inf,0.0,True,0.33293058360906597,8381.0
hospital,facil,2,uniforme,0.0,0.8146376811594203,0.8146376811594203,1.0,21,21,150.09480000298936,0.035,0,slam,SLAM-based,True,436.90269999206066,True,9.084373050728768,1.0762743419234402,0.2955685513204759,0.8773429345976117,354.4197185219907,2.0,13.0,0.294420602151272,9.084373050728768,9.084373050728768,False,inf,0.0,True,0.36806392293895107,59.0
hospital,facil,2,uniforme,0.0,0.8146376811594203,0.8146376811594203,1.0,21,21,150.09480000298936,0.035,0,drl,DRL (D3QN),False,78.33829999435693,,,,,,,,,,,,,,,,,465.0
hospital,facil,2,uniforme,0.0,0.8146376811594203,0.8146376811594203,1.0,21,21,150.09480000298936,0.035,1,tve,TVE (proposed),True,39.09229999408126,True,7.978167444588567,1.0051818086254565,0.27630232879015343,0.6082107551521426,135.30807159043155,0.0,11.0,0.5943648939321933,7.978167444588567,7.978167444588567,False,inf,0.0,True,0.37479964288116296,
hospital,facil,2,uniforme,0.0,0.8146376811594203,0.8146376811594203,1.0,21,21,150.09480000298936,0.035,1,teselado,WDT,True,260.07400000526104,True,8.249310392232243,1.0393435331569931,0.2713176995348697,0.629422545988019,146.34594211822136,1.0,7.0,0.35313641918815913,8.249310392232243,8.249310392232243,False,inf,0.0,True,0.3482091953754508,
hospital,facil,2,uniforme,0.0,0.8146376811594203,0.8146376811594203,1.0,21,21,150.09480000298936,0.035,1,dijkstra,Dijkstra,True,7.8803000069456175,True,8.60030049996161,1.0835653264130813,0.2883973675966263,0.5725654878245093,810.6540330010218,13.0,20.0,0.37467144510715394,8.60030049996161,8.60030049996161,False,inf,0.0,True,0.36528885126113897,6338.0
hospital,facil,2,uniforme,0.0,0.8146376811594203,0.8146376811594203,1.0,21,21,150.09480000298936,0.035,1,astar,A*,True,5.346499994629994,True,8.600300499961609,1.0835653264130811,0.2883973675966263,0.6481747047361145,484.2445576011349,7.0,13.0,0.35019669293732875,8.600300499961609,8.600300499961609,False,inf,0.0,True,0.3931304597854611,2000.0
hospital,facil,2,uniforme,0.0,0.8146376811594203,0.8146376811594203,1.0,21,21,150.09480000298936,0.035,1,theta,Theta*,True,411.4856000087457,True,8.012666516358,1.0095284006966243,0.2628030290206275,0.6154819152442745,142.4274140792788,2.0,6.0,0.10780671193813017,8.012666516358,9.488965535506582,False,inf,0.0,True,0.35135213931401593,1910.0
hospital,facil,2,uniforme,0.0,0.8146376811594203,0.8146376811594203,1.0,21,21,150.09480000298936,0.035,1,visibility,Visibility graph,True,1924.2054999922402,True,7.937039226265319,1.0,0.2841606102697219,0.6242528040188102,118.69216423918662,0.0,7.0,0.5450160416989049,7.937039226265319,7.937039226265319,False,inf,0.0,True,0.3615980407171465,135.0
hospital,facil,2,uniforme,0.0,0.8146376811594203,0.8146376811594203,1.0,21,21,150.09480000298936,0.035,1,rrt,RRT,True,15.193899991572835,True,10.306487499937273,1.2985304981019818,0.25441478717819693,0.6240685404421706,914.2498349589474,9.0,19.0,0.14095963956322716,10.306487499937273,16.343175204358374,False,inf,0.0,True,0.35241476047531606,93.0
hospital,facil,2,uniforme,0.0,0.8146376811594203,0.8146376811594203,1.0,21,21,150.09480000298936,0.035,1,rrt_star,RRT*,True,1585.318700002972,True,8.016950422361539,1.0100681367217865,0.26924190375071244,0.6423488446666101,165.21180779542863,1.0,10.0,0.4122872161082991,8.016950422361539,8.016950422361539,False,inf,0.0,True,0.3672418770478315,4000.0
hospital,facil,2,uniforme,0.0,0.8146376811594203,0.8146376811594203,1.0,21,21,150.09480000298936,0.035,1,prm,PRM,True,697.7966999984346,True,8.827139915241647,1.1121451795312791,0.26845222081831704,0.6944399424816212,323.02918083782953,3.0,10.0,0.23518040899730314,8.827139915241647,9.50387546379544,False,inf,0.0,True,0.3453437072701712,602.0
hospital,facil,2,uniforme,0.0,0.8146376811594203,0.8146376811594203,1.0,21,21,150.09480000298936,0.035,1,potential,APF,False,1756.8333999952301,,,,,,,,,,,,,,,,,11656.0
hospital,facil,2,uniforme,0.0,0.8146376811594203,0.8146376811594203,1.0,21,21,150.09480000298936,0.035,1,hybrid_astar,Hybrid A*,True,61.91640000906773,True,8.133266936107722,1.0247230364180442,0.26894990483580744,0.6335028401205328,198.7769341803235,0.0,16.0,0.7952811480937257,8.133266936107722,8.133266936107722,True,8.133266936107722,0.0,True,0.3671691810832425,83.0
hospital,facil,2,uniforme,0.0,0.8146376811594203,0.8146376811594203,1.0,21,21,150.09480000298936,0.035,1,aco,ACO,True,670.0137999869185,True,9.047373944454435,1.139892809716095,0.36750000000000005,0.6745515978602982,656.5650511770781,12.0,14.0,0.13394835304907765,9.047373944454435,10.235555355192513,False,inf,0.0,True,0.47250000000000003,40.0
hospital,facil,2,uniforme,0.0,0.8146376811594203,0.8146376811594203,1.0,21,21,150.09480000298936,0.035,1,topological,Homotopy planner,True,57.65360000077635,True,8.015773044819106,1.0099197970816676,0.2545020725105656,0.6291668080628889,116.38818655437123,2.0,5.0,0.3018103467280462,8.015773044819106,8.015773044819106,False,inf,0.0,True,0.35236791529598765,8381.0
hospital,facil,2,uniforme,0.0,0.8146376811594203,0.8146376811594203,1.0,21,21,150.09480000298936,0.035,1,slam,SLAM-based,True,416.5709999942919,True,8.523251479442433,1.0738577996738652,0.33259547681926305,0.6979138027684167,537.9774147339991,1.0,22.0,0.37956989674577324,8.523251479442433,8.523251479442433,False,inf,0.0,True,0.43890789604509717,56.0
hospital,facil,2,uniforme,0.0,0.8146376811594203,0.8146376811594203,1.0,21,21,150.09480000298936,0.035,1,drl,DRL (D3QN),False,89.5065000077011,,,,,,,,,,,,,,,,,465.0
plaza,dificil,2,baldosa,0.10592121421295334,0.7374701670644391,0.7374701670644391,1.0,20,20,180.65109998860862,0.045,0,tve,TVE (proposed),True,21.98089999728836,True,14.566437827168109,1.0012192337641508,0.33892650680663855,1.1827008944005946,19.78522545592571,0.0,4.0,2.3345676230325956,14.566437827168109,14.566437827168109,True,14.566437827168109,0.0,True,0.47629411065706045,
plaza,dificil,2,baldosa,0.10592121421295334,0.7374701670644391,0.7374701670644391,1.0,20,20,180.65109998860862,0.045,0,teselado,WDT,True,50.81719999725465,True,14.675124392871567,1.0086897685184415,0.49428126797185484,1.198783438757378,25.93210148562386,0.0,7.0,13.607306191091538,14.675124392871567,14.675124392871567,True,14.675124392871567,0.0,True,0.5948920617050337,
plaza,dificil,2,baldosa,0.10592121421295334,0.7374701670644391,0.7374701670644391,1.0,20,20,180.65109998860862,0.045,0,dijkstra,Dijkstra,True,39.69800000777468,True,15.410607127369593,1.059242928365624,0.29218611180782317,1.1876263750328968,459.57532795342587,5.0,13.0,0.3355320577807086,15.410607127369593,15.410607127369593,False,inf,0.0,True,0.42922684907913206,28347.0
plaza,dificil,2,baldosa,0.10592121421295334,0.7374701670644391,0.7374701670644391,1.0,20,20,180.65109998860862,0.045,0,astar,A*,True,9.137300003203563,True,15.410607127369593,1.059242928365624,0.2922209858894348,1.1915821265279003,405.37415083862857,4.0,12.0,0.46785195711701705,15.410607127369593,15.410607127369593,False,inf,0.0,True,0.379211232662201,2136.0
plaza,dificil,2,baldosa,0.10592121421295334,0.7374701670644391,0.7374701670644391,1.0,20,20,180.65109998860862,0.045,0,theta,Theta*,True,241.2272999936249,True,14.635096580769675,1.0059384702369107,0.2560382077523644,1.1744479643252597,17.897790802521154,0.0,4.0,0.9256765173210691,14.635096580769675,14.635096580769675,True,14.635096580769675,0.0,True,0.39638022811072177,758.0
plaza,dificil,2,baldosa,0.10592121421295334,0.7374701670644391,0.7374701670644391,1.0,20,20,180.65109998860862,0.045,0,visibility,Visibility graph,True,8688.19979998807,True,14.548699561438317,1.0,0.28055283420086563,1.174357727217361,18.091554492425185,0.0,4.0,2.5784409157212926,14.548699561438317,14.548699561438317,True,14.548699561438317,0.0,True,0.42167449161597187,286.0
plaza,dificil,2,baldosa,0.10592121421295334,0.7374701670644391,0.7374701670644391,1.0,20,20,180.65109998860862,0.045,0,rrt,RRT,True,27.24169999419246,True,17.435806893159043,1.1984443571419314,0.27226770814645646,1.432167753904884,580.8656271646671,4.0,22.0,0.1617586809226494,17.435806893159043,19.195532425426098,False,inf,0.0,True,0.4093046791153115,118.0
plaza,dificil,2,baldosa,0.10592121421295334,0.7374701670644391,0.7374701670644391,1.0,20,20,180.65109998860862,0.045,0,rrt_star,RRT*,True,1994.9058000056539,True,14.601882805984639,1.0036555325320817,0.25695264689633496,1.1292422948338028,48.48780669773182,0.0,10.0,1.6860783075908028,14.601882805984639,14.601882805984639,True,14.601882805984639,0.0,True,0.4179030898958901,4000.0
plaza,dificil,2,baldosa,0.10592121421295334,0.7374701670644391,0.7374701670644391,1.0,20,20,180.65109998860862,0.045,0,prm,PRM,True,693.5563000006368,True,15.002148218083272,1.0311676418040023,0.4335671832011293,1.246259234619908,248.5115519914766,1.0,14.0,0.2907524237440695,15.002148218083272,15.002148218083272,False,inf,0.0,True,0.6072807677892537,602.0
plaza,dificil,2,baldosa,0.10592121421295334,0.7374701670644391,0.7374701670644391,1.0,20,20,180.65109998860862,0.045,0,potential,APF,True,77.98770000226796,True,15.248370720620272,1.0480916631914272,0.7774648316618155,1.2562368178836663,235.27869204821405,1.0,14.0,0.27809077296218965,15.248370720620272,15.248370720620272,False,inf,0.0,True,0.8535905057121025,339.0
plaza,dificil,2,baldosa,0.10592121421295334,0.7374701670644391,0.7374701670644391,1.0,20,20,180.65109998860862,0.045,0,hybrid_astar,Hybrid A*,True,107.01760000665672,True,14.735344139020334,1.012828952635514,0.2756262307799107,1.2974659038301337,104.3896749361038,0.0,10.0,0.9751864268011895,14.735344139020334,14.735344139020334,True,14.735344139020334,0.0,True,0.41052245767795287,99.0
plaza,dificil,2,baldosa,0.10592121421295334,0.7374701670644391,0.7374701670644391,1.0,20,20,180.65109998860862,0.045,0,aco,ACO,True,289.9475000012899,True,15.557432349929648,1.0693349109472987,0.34193024218082424,1.136001790159324,1328.552263672895,16.0,30.0,0.3666989625197633,15.557432349929648,15.557432349929648,False,inf,0.0,True,0.39579073190689085,40.0
plaza,dificil,2,baldosa,0.10592121421295334,0.7374701670644391,0.7374701670644391,1.0,20,20,180.65109998860862,0.045,0,topological,Homotopy planner,True,298.7414999952307,True,15.831801987543665,1.088193616253252,0.24779032371326593,1.1415351395194238,106.91761261739488,2.0,4.0,0.3730698985278803,15.831801987543665,15.831801987543665,False,inf,0.0,True,0.38279032371326593,16014.0
plaza,dificil,2,baldosa,0.10592121421295334,0.7374701670644391,0.7374701670644391,1.0,20,20,180.65109998860862,0.045,0,slam,SLAM-based,True,611.5639999916311,True,15.587134118204569,1.0713764520588938,0.39997650112480293,1.346248881302031,426.1326000426375,1.0,16.0,0.125854808144649,15.587134118204569,16.85172579680753,False,inf,0.0,True,0.5591646424328122,102.0
plaza,dificil,2,baldosa,0.10592121421295334,0.7374701670644391,0.7374701670644391,1.0,20,20,180.65109998860862,0.045,0,drl,DRL (D3QN),True,11.81289998930879,True,18.635994515131024,1.2809388520556286,0.6159419202804565,1.4190654639686424,2109.4724598483435,13.0,29.0,0.10699997679371065,18.635994515131024,30.218315498397686,False,inf,0.0,True,0.7865233755111694,57.0
plaza,dificil,2,baldosa,0.10592121421295334,0.7374701670644391,0.7374701670644391,1.0,20,20,180.65109998860862,0.045,1,tve,TVE (proposed),True,28.749299992341548,True,16.875401011517177,1.0024102099991081,0.3382944501387375,1.3047502676537672,28.058853490550227,0.0,4.0,1.2883230538907369,16.875401011517177,16.875401011517177,True,16.875401011517177,0.0,True,0.3747083877618258,
plaza,dificil,2,baldosa,0.10592121421295334,0.7374701670644391,0.7374701670644391,1.0,20,20,180.65109998860862,0.045,1,teselado,WDT,True,51.052299997536466,True,17.477848848401724,1.0381960181273295,0.38119437346886365,1.3100904102452897,49.740797142449885,0.0,10.0,5.842767023664876,17.477848848401724,17.477848848401724,True,17.477848848401724,0.0,True,0.5246335319564037,
plaza,dificil,2,baldosa,0.10592121421295334,0.7374701670644391,0.7374701670644391,1.0,20,20,180.65109998860862,0.045,1,dijkstra,Dijkstra,True,37.25139999005478,True,18.10950972957582,1.0757171008034574,0.2925,1.2069721841538916,582.510447078001,5.0,15.0,0.34503981782204807,18.10950972957582,18.10950972957582,False,inf,0.0,True,0.3825,28277.0
plaza,dificil,2,baldosa,0.10592121421295334,0.7374701670644391,0.7374701670644391,1.0,20,20,180.65109998860862,0.045,1,astar,A*,True,8.360699997865595,True,18.109509729575816,1.0757171008034572,0.2925,1.1441492291325106,453.5763343749974,5.0,12.0,0.33757259760373154,18.109509729575816,18.109509729575816,False,inf,0.0,True,0.4275,4305.0
plaza,dificil,2,baldosa,0.10592121421295334,0.7374701670644391,0.7374701670644391,1.0,20,20,180.65109998860862,0.045,1,theta,Theta*,True,624.0079999988666,True,16.894304137215403,1.0035330684240942,0.25266827768985156,1.1201172627568443,46.28450767746089,0.0,4.0,0.7318044822629934,16.894304137215403,16.894304137215403,False,inf,0.0,True,0.43114437734697514,2051.0
plaza,dificil,2,baldosa,0.10592121421295334,0.7374701670644391,0.7374701670644391,1.0,20,20,180.65109998860862,0.045,1,visibility,Visibility graph,True,8586.77660000103,True,16.8348255466514,1.0,0.27706268176235377,1.1183738741375266,42.16363611455,0.0,4.0,0.9877788961695603,16.8348255466514,16.8348255466514,True,16.8348255466514,0.0,True,0.42318639211650994,286.0
plaza,dificil,2,baldosa,0.10592121421295334,0.7374701670644391,0.7374701670644391,1.0,20,20,180.65109998860862,0.045,1,rrt,RRT,True,23.006299990811385,True,20.400773808310788,1.2118197335504135,0.3116850380984266,1.5043211213222212,1110.059400428292,12.0,32.0,0.12711320770527718,20.400773808310788,24.20455221263741,False,inf,0.0,True,0.33886301818795683,155.0
plaza,dificil,2,baldosa,0.10592121421295334,0.7374701670644391,0.7374701670644391,1.0,20,20,180.65109998860862,0.045,1,rrt_star,RRT*,True,1829.2643999884604,True,16.84618189674731,1.0006745748605737,0.259304149188637,1.1245449175339155,59.54236586028353,0.0,9.0,0.7382030285391504,16.84618189674731,16.84618189674731,False,inf,0.0,True,0.3955843776667889,4000.0
plaza,dificil,2,baldosa,0.10592121421295334,0.7374701670644391,0.7374701670644391,1.0,20,20,180.65109998860862,0.045,1,prm,PRM,True,650.1877999980934,True,17.496507222023293,1.0393043381137685,0.4104936567942294,1.5198010936454216,166.18504480618392,0.0,13.0,0.7015028657578912,17.496507222023293,17.496507222023293,False,inf,0.0,True,0.5213489627838144,602.0
plaza,dificil,2,baldosa,0.10592121421295334,0.7374701670644391,0.7374701670644391,1.0,20,20,180.65109998860862,0.045,1,potential,APF,True,77.57769999443553,True,18.343115007393838,1.0895934119758344,0.7581843136022719,1.2811880683905734,1341.6123989217115,11.0,28.0,0.27865477438831,18.343115007393838,18.343115007393838,False,inf,0.0,True,0.8491306782126224,408.0
plaza,dificil,2,baldosa,0.10592121421295334,0.7374701670644391,0.7374701670644391,1.0,20,20,180.65109998860862,0.045,1,hybrid_astar,Hybrid A*,True,100.15689999272581,True,17.25595288447462,1.0250152481031791,0.2668312026971458,1.1578654741188394,187.62724580060893,0.0,15.0,0.9527689348710139,17.25595288447462,17.25595288447462,True,17.25595288447462,0.0,True,0.40171908509186033,126.0
plaza,dificil,2,baldosa,0.10592121421295334,0.7374701670644391,0.7374701670644391,1.0,20,20,180.65109998860862,0.045,1,aco,ACO,True,367.54049999581184,True,18.74530870159347,1.1134839888686632,0.33749999999999997,1.1662012027091804,1581.993904954155,29.0,36.0,0.16289489643360422,18.74530870159347,19.722349398241487,False,inf,0.0,True,0.3825,40.0
plaza,dificil,2,baldosa,0.10592121421295334,0.7374701670644391,0.7374701670644391,1.0,20,20,180.65109998860862,0.045,1,topological,Homotopy planner,True,283.6765999963973,True,16.87549927695057,1.0024160470321752,0.24431657253119296,1.2754673614002217,29.71409107795297,0.0,4.0,0.6867387665005685,16.87549927695057,16.87549927695057,False,inf,0.0,True,0.30527887913278745,11979.0
plaza,dificil,2,baldosa,0.10592121421295334,0.7374701670644391,0.7374701670644391,1.0,20,20,180.65109998860862,0.045,1,slam,SLAM-based,True,700.1751999923727,True,18.211080222007535,1.081750456608081,0.2908715284313399,1.4970324491908142,615.3588511921885,1.0,21.0,0.09392482597896205,18.211080222007535,19.905573040418975,False,inf,0.0,True,0.3825302266604143,119.0
plaza,dificil,2,baldosa,0.10592121421295334,0.7374701670644391,0.7374701670644391,1.0,20,20,180.65109998860862,0.045,1,drl,DRL (D3QN),True,11.528699993505143,True,21.33208714150575,1.2671403741245717,0.5865524411201477,1.3536980987895282,1840.971736333515,12.0,31.0,0.13652877938442196,21.33208714150575,30.139007441272916,False,inf,0.0,True,0.8822488013518318,64.0
plaza,dificil,3,baldosa,0.13318401790997955,0.6897656536067375,0.6897656536067375,1.0,20,20,187.42489999567624,0.045,0,tve,TVE (proposed),True,36.863600005744956,True,17.175184220576682,1.0015236746779417,0.30121470298095215,1.0072039425378954,85.17575402137061,0.0,7.0,0.5763571797232674,17.175184220576682,17.175184220576682,False,inf,0.0,True,0.36519178426156085,
plaza,dificil,3,baldosa,0.13318401790997955,0.6897656536067375,0.6897656536067375,1.0,20,20,187.42489999567624,0.045,0,teselado,WDT,True,54.31599999428727,True,17.65373558323986,1.0294290824512313,0.315,1.488763453333905,47.82339117013405,0.0,11.0,10.242333597639973,17.65373558323986,17.65373558323986,True,17.65373558323986,0.0,True,0.44999999999999996,
plaza,dificil,3,baldosa,0.13318401790997955,0.6897656536067375,0.6897656536067375,1.0,20,20,187.42489999567624,0.045,0,dijkstra,Dijkstra,True,26.868700006161816,True,17.617386360737623,1.0273094774196583,0.2922209858894348,1.0559778429667657,404.88378153968745,2.0,11.0,0.32580657686527165,17.617386360737623,17.617386360737623,False,inf,0.0,True,0.3823604822158813,23193.0
plaza,dificil,3,baldosa,0.13318401790997955,0.6897656536067375,0.6897656536067375,1.0,20,20,187.42489999567624,0.045,0,astar,A*,True,4.97739999264013,True,17.617386360737623,1.0273094774196583,0.2922209858894348,1.0471161561119269,494.5416435419996,2.0,13.0,0.32580657686527165,17.617386360737623,17.617386360737623,False,inf,0.0,True,0.3823604822158813,2426.0
plaza,dificil,3,baldosa,0.13318401790997955,0.6897656536067375,0.6897656536067375,1.0,20,20,187.42489999567624,0.045,0,theta,Theta*,True,792.1711999952095,True,17.19872513532427,1.002896398436854,0.25993865240437297,1.0132763908009794,74.06439810181341,0.0,4.0,0.5115589057850357,17.19872513532427,17.19872513532427,False,inf,0.0,True,0.3881123526728875,2993.0
plaza,dificil,3,baldosa,0.13318401790997955,0.6897656536067375,0.6897656536067375,1.0,20,20,187.42489999567624,0.045,0,visibility,Visibility graph,True,9140.246499999193,True,17.149054640270666,1.0,0.26322784166718927,1.0157558886431914,70.28287988354695,0.0,5.0,0.4427578813426004,17.149054640270666,17.149054640270666,False,inf,0.0,True,0.343583741101318,296.0
plaza,dificil,3,baldosa,0.13318401790997955,0.6897656536067375,0.6897656536067375,1.0,20,20,187.42489999567624,0.045,0,rrt,RRT,True,53.60490000748541,True,24.43560754707934,1.4248953111209908,0.26769362080799525,0.9732227029285122,1731.2727210659311,20.0,43.0,0.1604891345227251,24.43560754707934,28.983649337792418,False,inf,0.0,True,0.40269362080799515,465.0
plaza,dificil,3,baldosa,0.13318401790997955,0.6897656536067375,0.6897656536067375,1.0,20,20,187.42489999567624,0.045,0,rrt_star,RRT*,True,2095.6502000044566,True,17.21517398512129,1.003855567915409,0.2638631571605933,1.0240931219850713,126.8122339899365,0.0,11.0,0.43549239422859554,17.21517398512129,17.21517398512129,False,inf,0.0,True,0.3347233295198747,4000.0
plaza,dificil,3,baldosa,0.13318401790997955,0.6897656536067375,0.6897656536067375,1.0,20,20,187.42489999567624,0.045,0,prm,PRM,True,651.253000003635,True,17.94413911523626,1.046363166462746,0.315,1.1778676204928487,246.01329613682157,0.0,15.0,0.5339778398863857,17.94413911523626,17.94413911523626,False,inf,0.0,True,0.44999999999999996,602.0
plaza,dificil,3,baldosa,0.13318401790997955,0.6897656536067375,0.6897656536067375,1.0,20,20,187.42489999567624,0.045,0,potential,APF,False,1789.2100000026403,,,,,,,,,,,,,,,,,12375.0
plaza,dificil,3,baldosa,0.13318401790997955,0.6897656536067375,0.6897656536067375,1.0,20,20,187.42489999567624,0.045,0,hybrid_astar,Hybrid A*,True,491.5626000001794,True,17.241557543966646,1.0053940526540022,0.2576533917808168,1.0599756902098576,145.70165524381366,0.0,13.0,0.799869902305805,17.241557543966646,17.241557543966646,True,17.241557543966646,0.0,True,0.341496167666173,653.0
plaza,dificil,3,baldosa,0.13318401790997955,0.6897656536067375,0.6897656536067375,1.0,20,20,187.42489999567624,0.045,0,aco,ACO,True,535.8494999964023,True,19.69428273054905,1.148417982429276,0.315,1.1278220693427692,2267.628019367819,41.0,46.0,0.16013526834675126,19.69428273054905,24.013452561547528,False,inf,0.0,True,0.4275,40.0
plaza,dificil,3,baldosa,0.13318401790997955,0.6897656536067375,0.6897656536067375,1.0,20,20,187.42489999567624,0.045,0,topological,Homotopy planner,True,374.24010000540875,True,17.153150801370128,1.0002388563792806,0.2445010269900568,1.035944436144295,39.210998855819945,0.0,4.0,0.8718466455402868,17.153150801370128,17.153150801370128,True,17.153150801370128,0.0,True,0.3871052368019472,12080.0
plaza,dificil,3,baldosa,0.13318401790997955,0.6897656536067375,0.6897656536067375,1.0,20,20,187.42489999567624,0.045,0,slam,SLAM-based,True,862.0280000031926,True,21.301592790544312,1.2421438520886365,0.31499526812088363,0.9518436017763121,597.3323593937317,3.0,22.0,0.2209888976187385,21.301592790544312,22.021787084496932,False,inf,0.0,True,0.3882880551670902,136.0
plaza,dificil,3,baldosa,0.13318401790997955,0.6897656536067375,0.6897656536067375,1.0,20,20,187.42489999567624,0.045,0,drl,DRL (D3QN),True,19.82470000803005,True,27.814339159633295,1.6219167611908838,0.315,1.2595375032447111,4817.489552921998,28.0,52.0,0.07957747154594767,27.814339159633295,65.27298882353965,False,inf,0.0,True,0.3825,80.0
plaza,dificil,3,baldosa,0.13318401790997955,0.6897656536067375,0.6897656536067375,1.0,20,20,187.42489999567624,0.045,1,tve,TVE (proposed),True,26.465900009498,True,9.252086831671233,1.00322768102176,0.31083092908532167,0.8351789727227501,33.33215160080797,0.0,5.0,1.1033187833298161,9.252086831671233,9.252086831671233,True,9.252086831671233,0.0,True,0.4748202450922373,
plaza,dificil,3,baldosa,0.13318401790997955,0.6897656536067375,0.6897656536067375,1.0,20,20,187.42489999567624,0.045,1,teselado,WDT,True,45.525400011683814,True,9.281529754776018,1.0064202532496602,0.2819086751271942,0.6316438095501749,35.80697269655628,0.0,7.0,5.360138215343506,9.281529754776018,9.281529754776018,True,9.281529754776018,0.0,True,0.32922452924289186,
plaza,dificil,3,baldosa,0.13318401790997955,0.6897656536067375,0.6897656536067375,1.0,20,20,187.42489999567624,0.045,1,dijkstra,Dijkstra,True,15.252700002747588,True,9.84650324319194,1.0676817883967418,0.2922209858894348,0.961513837174548,289.41706598614616,3.0,9.0,0.4408146368774171,9.84650324319194,9.84650324319194,False,inf,0.0,True,0.5123722171783447,12985.0
plaza,dificil,3,baldosa,0.13318401790997955,0.6897656536067375,0.6897656536067375,1.0,20,20,187.42489999567624,0.045,1,astar,A*,True,2.697399992030114,True,9.84650324319194,1.0676817883967418,0.29218611180782317,0.8020196130971781,559.4170659861463,8.0,15.0,0.41359700901377566,9.84650324319194,9.84650324319194,False,inf,0.0,True,0.4135117435455322,1012.0
plaza,dificil,3,baldosa,0.13318401790997955,0.6897656536067375,0.6897656536067375,1.0,20,20,187.42489999567624,0.045,1,theta,Theta*,True,217.34360000118613,True,9.358806058924772,1.014799522577711,0.2511335403726699,0.6634262275411731,35.57570876327664,0.0,4.0,0.5949250940927896,9.358806058924772,9.358806058924772,False,inf,0.0,True,0.3825,828.0
plaza,dificil,3,baldosa,0.13318401790997955,0.6897656536067375,0.6897656536067375,1.0,20,20,187.42489999567624,0.045,1,visibility,Visibility graph,True,8809.37879999692,True,9.222320124030306,1.0,0.27066175961809613,0.8234275603181456,30.685445795416737,0.0,5.0,1.2945896180232352,9.222320124030306,9.222320124030306,True,9.222320124030306,0.0,True,0.40278694814115634,296.0
plaza,dificil,3,baldosa,0.13318401790997955,0.6897656536067375,0.6897656536067375,1.0,20,20,187.42489999567624,0.045,1,rrt,RRT,True,21.662600003764965,True,11.832916487963253,1.2830737090909041,0.3888411941393169,1.0280799093822244,674.1672940655425,8.0,16.0,0.16386558065607218,11.832916487963253,14.353372253242286,False,inf,0.0,True,0.4910442023734586,106.0
plaza,dificil,3,baldosa,0.13318401790997955,0.6897656536067375,0.6897656536067375,1.0,20,20,187.42489999567624,0.045,1,rrt_star,RRT*,True,2081.403299991507,True,9.248270517489972,1.0028138682143606,0.24977239079113275,0.8444606143578427,76.59909031634912,0.0,10.0,1.2402303088725404,9.248270517489972,9.248270517489972,True,9.248270517489972,0.0,True,0.3710776886445078,4000.0
plaza,dificil,3,baldosa,0.13318401790997955,0.6897656536067375,0.6897656536067375,1.0,20,20,187.42489999567624,0.045,1,prm,PRM,True,702.5240999937523,True,10.058489313854954,1.0906679857757127,0.2877854683127595,0.8846921263961736,235.76357451985717,3.0,9.0,0.26406005303498464,10.058489313854954,10.058489313854954,False,inf,0.0,True,0.403711610745781,602.0
plaza,dificil,3,baldosa,0.13318401790997955,0.6897656536067375,0.6897656536067375,1.0,20,20,187.42489999567624,0.045,1,potential,APF,True,53.584500012220815,True,12.008516241061164,1.3021144440400585,0.7430811658450333,1.0046628925907455,2035.1523647217941,16.0,28.0,0.2567933881552473,12.008516241061164,12.008516241061164,False,inf,0.0,True,0.9401362575006406,267.0
plaza,dificil,3,baldosa,0.13318401790997955,0.6897656536067375,0.6897656536067375,1.0,20,20,187.42489999567624,0.045,1,hybrid_astar,Hybrid A*,True,69.71700000576675,True,9.311928020939655,1.0097164157938805,0.2638191539336468,0.8159501270281593,100.27748695808037,0.0,10.0,0.975616788162617,9.311928020939655,9.311928020939655,True,9.311928020939655,0.0,True,0.41729910028007605,82.0
plaza,dificil,3,baldosa,0.13318401790997955,0.6897656536067375,0.6897656536067375,1.0,20,20,187.42489999567624,0.045,1,aco,ACO,True,327.37729999644216,True,10.484354436796405,1.1368456414213661,0.33749999999999997,0.9003343027693813,1382.2756443145777,23.0,29.0,0.19357680106340105,10.484354436796405,11.306534275586944,False,inf,0.0,True,0.5175,40.0
plaza,dificil,3,baldosa,0.13318401790997955,0.6897656536067375,0.6897656536067375,1.0,20,20,187.42489999567624,0.045,1,topological,Homotopy planner,True,182.36130000150297,True,9.23495324873736,1.0013698423538928,0.24851358300693677,0.8258481134428307,32.01359382465467,0.0,4.0,0.8187432861386799,9.23495324873736,9.23495324873736,True,9.23495324873736,0.0,True,0.4178330223456927,6465.0
plaza,dificil,3,baldosa,0.13318401790997955,0.6897656536067375,0.6897656536067375,1.0,20,20,187.42489999567624,0.045,1,slam,SLAM-based,True,485.2811000018846,True,11.148905853732632,1.2089046686508185,0.3218218438668743,0.8893325504077467,489.1974830591947,3.0,17.0,0.2001708161992256,11.148905853732632,11.944001493116406,False,inf,0.0,True,0.4135814437366537,71.0
plaza,dificil,3,baldosa,0.13318401790997955,0.6897656536067375,0.6897656536067375,1.0,20,20,187.42489999567624,0.045,1,drl,DRL (D3QN),True,6.699699995806441,True,11.88635291718604,1.2888679591824348,0.5573722171783447,1.0816811113965858,1600.346175941947,10.0,24.0,0.1139824236801693,11.88635291718604,20.67489434414944,False,inf,0.0,True,0.7266801381111144,35.0
hospital,facil,0,alfombra,0.0,0.7922436144977106,0.7922436144977106,1.0,27,27,149.47859999665525,0.035,0,tve,TVE (proposed),True,503.10060000629164,True,18.577652989972844,1.0120995564157302,0.3376863654909367,0.5909694981758515,161.52639165971982,0.0,10.0,0.471536757980518,18.577652989972844,18.577652989972844,False,inf,0.0,True,0.4132438714786678,
hospital,facil,0,alfombra,0.0,0.7922436144977106,0.7922436144977106,1.0,27,27,149.47859999665525,0.035,0,teselado,WDT,True,520.5069000076037,True,18.78332623693135,1.02330451336727,0.2986621898555975,0.6491654951012327,189.98090962951682,0.0,19.0,0.3398331944449352,18.78332623693135,18.78332623693135,False,inf,0.0,True,0.39191956497208474,
hospital,facil,0,alfombra,0.0,0.7922436144977106,0.7922436144977106,1.0,27,27,149.47859999665525,0.035,0,dijkstra,Dijkstra,True,18.10470000782516,True,19.28130555059549,1.0504341320944428,0.2883973675966263,0.4312033730840773,850.5564431330556,12.0,21.0,0.19057622146421052,19.28130555059549,20.11643042540462,False,inf,0.0,True,0.36750000000000005,15456.0
hospital,facil,0,alfombra,0.0,0.7922436144977106,0.7922436144977106,1.0,27,27,149.47859999665525,0.035,0,astar,A*,True,19.83589999144897,True,19.28130555059549,1.0504341320944428,0.2883973675966263,0.4890965624360983,715.2363583092739,7.0,18.0,0.19057622146421052,19.28130555059549,20.11643042540462,False,inf,0.0,True,0.36750000000000005,6712.0
hospital,facil,0,alfombra,0.0,0.7922436144977106,0.7922436144977106,1.0,27,27,149.47859999665525,0.035,0,theta,Theta*,True,1814.2162000003736,True,18.55148557788014,1.0106739712685715,0.25816222338556505,0.49355507853513975,167.3496743828857,2.0,6.0,0.2724313710676004,18.55148557788014,18.55148557788014,False,inf,0.0,True,0.3350537220337107,6869.0
hospital,facil,0,alfombra,0.0,0.7922436144977106,0.7922436144977106,1.0,27,27,149.47859999665525,0.035,0,visibility,Visibility graph,True,2821.9567999913124,True,18.35555886988442,1.0,0.261300656423518,0.5739077317395236,157.34068226183476,0.0,8.0,0.5836186334116302,18.35555886988442,18.35555886988442,False,inf,0.0,True,0.34175205080920623,161.0
hospital,facil,0,alfombra,0.0,0.7922436144977106,0.7922436144977106,1.0,27,27,149.47859999665525,0.035,0,rrt,RRT,True,155.3548999945633,True,24.797378388017222,1.3509465205497917,0.27223331066904033,0.6897060361363937,2072.650894874314,19.0,49.0,0.16332552230757127,24.797378388017222,30.18973137839326,False,inf,0.0,True,0.34912481364748804,1389.0
hospital,facil,0,alfombra,0.0,0.7922436144977106,0.7922436144977106,1.0,27,27,149.47859999665525,0.035,0,rrt_star,RRT*,True,1623.7055000092369,True,18.47508119629644,1.0065115057111182,0.2657666306556929,0.5881392699829812,180.58041790566975,1.0,13.0,0.40260089819984124,18.47508119629644,18.47508119629644,False,inf,0.0,True,0.3518282639573028,4000.0
hospital,facil,0,alfombra,0.0,0.7922436144977106,0.7922436144977106,1.0,27,27,149.47859999665525,0.035,0,prm,PRM,False,676.1358000076143,,,,,,,,,,,,,,,,,602.0
hospital,facil,0,alfombra,0.0,0.7922436144977106,0.7922436144977106,1.0,27,27,149.47859999665525,0.035,0,potential,APF,False,1756.6289999958826,,,,,,,,,,,,,,,,,11539.0
hospital,facil,0,alfombra,0.0,0.7922436144977106,0.7922436144977106,1.0,27,27,149.47859999665525,0.035,0,hybrid_astar,Hybrid A*,False,12.133399999584071,,,,,,,,,,,,,,,,,1.0
hospital,facil,0,alfombra,0.0,0.7922436144977106,0.7922436144977106,1.0,27,27,149.47859999665525,0.035,0,aco,ACO,True,2694.0516000031494,True,20.38836657880513,1.1107461626927575,0.35000000000000003,0.5793737331257504,1710.0,30.0,37.0,0.3175151552551386,20.38836657880513,20.38836657880513,False,inf,0.0,True,0.43750000000000006,40.0
hospital,facil,0,alfombra,0.0,0.7922436144977106,0.7922436144977106,1.0,27,27,149.47859999665525,0.035,0,topological,Homotopy planner,True,80.93379999627359,True,18.49774900202061,1.0077464343714142,0.2548380629558014,0.5162820851666163,162.95731667685442,2.0,6.0,0.28525774474391574,18.49774900202061,18.49774900202061,False,inf,0.0,True,0.3341090349241104,7331.0
hospital,facil,0,alfombra,0.0,0.7922436144977106,0.7922436144977106,1.0,27,27,149.47859999665525,0.035,0,slam,SLAM-based,True,1002.3245999909705,True,20.588346743283235,1.1216409638750966,0.30529655715502185,0.632908695918365,1229.6751918185025,3.0,33.0,0.08626152370727955,20.588346743283235,23.256135881799732,False,inf,0.0,True,0.41029655715502183,134.0
hospital,facil,0,alfombra,0.0,0.7922436144977106,0.7922436144977106,1.0,27,27,149.47859999665525,0.035,0,drl,DRL (D3QN),False,84.85790000122506,,,,,,,,,,,,,,,,,465.0
hospital,facil,0,alfombra,0.0,0.7922436144977106,0.7922436144977106,1.0,27,27,149.47859999665525,0.035,1,tve,TVE (proposed),True,521.0828000126639,True,19.123213317520985,1.011444361037014,0.30091431448926614,0.6484123069664653,223.09021011562024,0.0,14.0,0.28451293868013194,19.123213317520985,19.123213317520985,False,inf,0.0,True,0.37204320433642313,
hospital,facil,0,alfombra,0.0,0.7922436144977106,0.7922436144977106,1.0,27,27,149.47859999665525,0.035,1,teselado,WDT,True,547.8979000035906,True,19.49562467203701,1.0311415404941024,0.30737010261738956,0.7238923198049259,236.0822562423666,0.0,21.0,0.43321541589269363,19.49562467203701,19.49562467203701,False,inf,0.0,True,0.4068760711459688,
hospital,facil,0,alfombra,0.0,0.7922436144977106,0.7922436144977106,1.0,27,27,149.47859999665525,0.035,1,dijkstra,Dijkstra,True,19.413800007896498,True,20.042209588551707,1.0600509200244848,0.29750000000000004,0.6815830652505844,942.5104470780011,11.0,23.0,0.0852990469469561,20.042209588551707,21.9080562631443,False,inf,0.0,True,0.36750000000000005,16651.0
hospital,facil,0,alfombra,0.0,0.7922436144977106,0.7922436144977106,1.0,27,27,149.47859999665525,0.035,1,astar,A*,True,13.40699999127537,True,20.042209588551707,1.0600509200244848,0.29750000000000004,0.5142049823704644,1212.510447078001,15.0,29.0,0.0852990469469561,20.042209588551707,21.9080562631443,False,inf,0.0,True,0.36750000000000005,7932.0
hospital,facil,0,alfombra,0.0,0.7922436144977106,0.7922436144977106,1.0,27,27,149.47859999665525,0.035,1,theta,Theta*,True,1763.6441999929957,True,19.027989888881653,1.0064079062144546,0.2541922052619014,0.6129102674526891,219.2957783812152,3.0,8.0,0.102074061161421,19.027989888881653,20.58720034138051,False,inf,0.0,True,0.33108370102368817,7568.0
hospital,facil,0,alfombra,0.0,0.7922436144977106,0.7922436144977106,1.0,27,27,149.47859999665525,0.035,1,visibility,Visibility graph,True,2744.7362000093563,True,18.906836652798507,1.0,0.2614947409927547,0.61762106134728,220.06884595286482,1.0,10.0,0.3974371181193418,18.906836652798507,18.906836652798507,False,inf,0.0,True,0.33838623142076685,161.0
hospital,facil,0,alfombra,0.0,0.7922436144977106,0.7922436144977106,1.0,27,27,149.47859999665525,0.035,1,rrt,RRT,True,41.99519999383483,True,23.513623621038537,1.2436572046841137,0.26892115489716595,0.6663329816773534,1597.8456815729355,13.0,40.0,0.12764364511983536,23.513623621038537,25.549531392479043,False,inf,0.0,True,0.34221166223369803,556.0
hospital,facil,0,alfombra,0.0,0.7922436144977106,0.7922436144977106,1.0,27,27,149.47859999665525,0.035,1,rrt_star,RRT*,True,1583.988499987754,True,19.051588951698978,1.0076560823769027,0.26877826509459735,0.6196997734230654,285.6476260526414,2.0,18.0,0.2486698331254725,19.051588951698978,19.051588951698978,False,inf,0.0,True,0.3387782650336387,4000.0
hospital,facil,0,alfombra,0.0,0.7922436144977106,0.7922436144977106,1.0,27,27,149.47859999665525,0.035,1,prm,PRM,False,654.7388000035426,,,,,,,,,,,,,,,,,602.0
hospital,facil,0,alfombra,0.0,0.7922436144977106,0.7922436144977106,1.0,27,27,149.47859999665525,0.035,1,potential,APF,False,1713.220999998157,,,,,,,,,,,,,,,,,11855.0
hospital,facil,0,alfombra,0.0,0.7922436144977106,0.7922436144977106,1.0,27,27,149.47859999665525,0.035,1,hybrid_astar,Hybrid A*,False,7.829000009223819,,,,,,,,,,,,,,,,,7.0
hospital,facil,0,alfombra,0.0,0.7922436144977106,0.7922436144977106,1.0,27,27,149.47859999665525,0.035,1,aco,ACO,True,2864.9311999906786,True,20.859785558361473,1.1032932658924677,0.3325,0.5796220899182037,1780.3959118491705,29.0,37.0,0.20709686547639372,20.859785558361473,21.62829039654811,False,inf,0.0,True,0.4025,40.0
hospital,facil,0,alfombra,0.0,0.7922436144977106,0.7922436144977106,1.0,27,27,149.47859999665525,0.035,1,topological,Homotopy planner,True,80.72939999692608,True,18.975883081039235,1.00365192916767,0.2571217485299457,0.6080454769273597,219.81941011319893,2.0,8.0,0.24471692708658707,18.975883081039235,19.626246523350613,False,inf,0.0,True,0.3340132401634047,7331.0
hospital,facil,0,alfombra,0.0,0.7922436144977106,0.7922436144977106,1.0,27,27,149.47859999665525,0.035,1,slam,SLAM-based,True,1466.051499999594,True,28.713622248143132,1.5186899202354438,0.31992614546839904,0.6148118193583566,1574.150068403856,3.0,54.0,0.10771232054040765,28.713622248143132,31.37261515291978,False,inf,0.0,True,0.3910381362874364,188.0
hospital,facil,0,alfombra,0.0,0.7922436144977106,0.7922436144977106,1.0,27,27,149.47859999665525,0.035,1,drl,DRL (D3QN),False,104.68250000849366,,,,,,,,,,,,,,,,,465.0
hospital,facil,1,alfombra,0.0,0.8153649310191367,0.8153649310191367,1.0,27,27,168.6418000026606,0.035,0,tve,TVE (proposed),True,37.36899999785237,True,10.287466453653813,1.023036103211131,0.3029274643859788,0.5398167568982032,197.28438138884047,0.0,12.0,0.4130701484284975,10.287466453653813,10.287466453653813,False,inf,0.0,True,0.3961567413696927,
hospital,facil,1,alfombra,0.0,0.8153649310191367,0.8153649310191367,1.0,27,27,168.6418000026606,0.035,0,teselado,WDT,True,480.73030001251027,True,10.684102259947707,1.062479512479386,0.30821425966643745,0.6406603894994305,283.64092491425066,0.0,17.0,0.3287594779955091,10.684102259947707,10.684102259947707,False,inf,0.0,True,0.3806577252667027,
hospital,facil,1,alfombra,0.0,0.8153649310191367,0.8153649310191367,1.0,27,27,168.6418000026606,0.035,0,dijkstra,Dijkstra,True,17.096499999752268,True,10.521356056934325,1.0462952321132435,0.29750000000000004,0.46083385108583363,603.4349488229221,7.0,15.0,0.07957747154594767,10.521356056934325,12.521356056934325,False,inf,0.0,True,0.39676171779632574,13694.0
hospital,facil,1,alfombra,0.0,0.8153649310191367,0.8153649310191367,1.0,27,27,168.6418000026606,0.035,0,astar,A*,True,6.664799991995096,True,10.521356056934325,1.0462952321132435,0.2883973675966263,0.460941219870673,873.4349488229223,16.0,21.0,0.07957747154594767,10.521356056934325,12.521356056934325,False,inf,0.0,True,0.38106596469879156,3229.0
hospital,facil,1,alfombra,0.0,0.8153649310191367,0.8153649310191367,1.0,27,27,168.6418000026606,0.035,0,theta,Theta*,True,870.3453000052832,True,10.162824390138704,1.0106410852998549,0.25704640578139915,0.4383073859841693,193.12962141917748,3.0,8.0,0.28659169780432164,10.162824390138704,10.162824390138704,False,inf,0.0,True,0.3382082181149815,3438.0
hospital,facil,1,alfombra,0.0,0.8153649310191367,0.8153649310191367,1.0,27,27,168.6418000026606,0.035,0,visibility,Visibility graph,True,2075.1097000029404,True,10.055819556478271,1.0,0.2660866530318098,0.44208226113204585,192.44324207702138,0.0,9.0,0.38799380947961865,10.055819556478271,10.055819556478271,False,inf,0.0,True,0.35140975231868,144.0
hospital,facil,1,alfombra,0.0,0.8153649310191367,0.8153649310191367,1.0,27,27,168.6418000026606,0.035,0,rrt,RRT,True,26.828300004126504,True,13.427567293789847,1.335303126550177,0.274788468189354,0.6106099417048568,1217.601193996392,14.0,26.0,0.1593814012076984,13.427567293789847,17.993238984340856,False,inf,0.0,True,0.3506498520311472,280.0
hospital,facil,1,alfombra,0.0,0.8153649310191367,0.8153649310191367,1.0,27,27,168.6418000026606,0.035,0,rrt_star,RRT*,True,1678.0215999897337,True,10.18126264914608,1.0124746761776364,0.27318319089354715,0.503461230901776,222.78324312946174,1.0,13.0,0.3794386693011346,10.18126264914608,10.18126264914608,False,inf,0.0,True,0.3500797858990539,4000.0
hospital,facil,1,alfombra,0.0,0.8153649310191367,0.8153649310191367,1.0,27,27,168.6418000026606,0.035,0,prm,PRM,True,660.8196999877691,True,10.877707293902962,1.0817325462940717,0.25842035046225237,0.6210803928655538,322.8858588232164,2.0,13.0,0.16929423247396203,10.877707293902962,12.573801952874792,False,inf,0.0,True,0.363203335506161,602.0
hospital,facil,1,alfombra,0.0,0.8153649310191367,0.8153649310191367,1.0,27,27,168.6418000026606,0.035,0,potential,APF,False,1826.6707000002498,,,,,,,,,,,,,,,,,11977.0
hospital,facil,1,alfombra,0.0,0.8153649310191367,0.8153649310191367,1.0,27,27,168.6418000026606,0.035,0,hybrid_astar,Hybrid A*,True,242.97780000779312,True,14.581411614005269,1.4500470630075568,0.26555871631450867,0.6233249426616173,432.39908844858786,0.0,27.0,0.7953315815944455,14.581411614005269,14.581411614005269,True,14.581411614005269,0.0,True,0.34375811754846247,370.0
hospital,facil,1,alfombra,0.0,0.8153649310191367,0.8153649310191367,1.0,27,27,168.6418000026606,0.035,0,aco,ACO,True,2667.748499996378,True,11.002538300357159,1.0941463536175908,0.3325,0.49641859782674036,1043.1301023541562,21.0,23.0,0.20830678198128585,11.002538300357159,11.766579401554688,False,inf,0.0,True,0.43750000000000006,40.0
hospital,facil,1,alfombra,0.0,0.8153649310191367,0.8153649310191367,1.0,27,27,168.6418000026606,0.035,0,topological,Homotopy planner,True,64.1345000040019,True,10.12673918774917,1.0070525958498542,0.2562560546760355,0.4388037709267199,191.55430826130717,3.0,6.0,0.30772351990725694,10.12673918774917,10.12673918774917,False,inf,0.0,True,0.3339884304258908,7366.0
hospital,facil,1,alfombra,0.0,0.8153649310191367,0.8153649310191367,1.0,27,27,168.6418000026606,0.035,0,slam,SLAM-based,True,760.4550999967614,True,14.919612772556546,1.4836794444014132,0.3231385255744741,0.5292547263395014,1017.0615382828895,4.0,25.0,0.09254567781846106,14.919612772556546,18.88435329896334,False,inf,0.0,True,0.3931385255744741,98.0
hospital,facil,1,alfombra,0.0,0.8153649310191367,0.8153649310191367,1.0,27,27,168.6418000026606,0.035,0,drl,DRL (D3QN),False,103.3951999997953,,,,,,,,,,,,,,,,,465.0
hospital,facil,1,alfombra,0.0,0.8153649310191367,0.8153649310191367,1.0,27,27,168.6418000026606,0.035,1,tve,TVE (proposed),True,47.34920000191778,True,15.416055490521197,1.02155707279672,0.28,0.5443388550542088,225.950680752678,0.0,14.0,0.5472959509132673,15.416055490521197,15.416055490521197,False,inf,0.0,True,0.385,
hospital,facil,1,alfombra,0.0,0.8153649310191367,0.8153649310191367,1.0,27,27,168.6418000026606,0.035,1,teselado,WDT,True,549.0217000042321,True,15.684451239198712,1.0393425287156268,0.2722726064048787,0.6948325827040871,201.14771358396843,1.0,16.0,0.459537671939422,15.684451239198712,15.684451239198712,False,inf,0.0,True,0.3590160747223472,
hospital,facil,1,alfombra,0.0,0.8153649310191367,0.8153649310191367,1.0,27,27,168.6418000026606,0.035,1,dijkstra,Dijkstra,True,18.311599997105077,True,15.661947178645743,1.0378512793984025,0.28,0.5079766030982182,679.199762475635,9.0,17.0,0.3203136905935489,15.661947178645743,15.661947178645743,False,inf,0.0,True,0.35662024497985845,14542.0
hospital,facil,1,alfombra,0.0,0.8153649310191367,0.8153649310191367,1.0,27,27,168.6418000026606,0.035,1,astar,A*,True,15.78950000111945,True,15.661947178645743,1.0378512793984025,0.28,0.5128135572983387,629.5232084026076,9.0,16.0,0.3258246048706305,15.661947178645743,15.661947178645743,False,inf,0.0,True,0.35662024497985845,7227.0
hospital,facil,1,alfombra,0.0,0.8153649310191367,0.8153649310191367,1.0,27,27,168.6418000026606,0.035,1,theta,Theta*,True,1733.1694000022253,True,15.149432653819247,1.0038891002878332,0.2628030290206275,0.4782000145436466,232.73359809902288,3.0,8.0,0.28391073267176903,15.149432653819247,15.149432653819247,False,inf,0.0,True,0.3331431876002129,7423.0
hospital,facil,1,alfombra,0.0,0.8153649310191367,0.8153649310191367,1.0,27,27,168.6418000026606,0.035,1,visibility,Visibility graph,True,2115.686499993899,True,15.090743239941176,1.0,0.27467156727578956,0.4734446459318068,174.43994463272148,0.0,9.0,0.4797453313036178,15.090743239941176,15.090743239941176,False,inf,0.0,True,0.3593554494468385,144.0
hospital,facil,1,alfombra,0.0,0.8153649310191367,0.8153649310191367,1.0,27,27,168.6418000026606,0.035,1,rrt,RRT,True,136.46460000018124,True,17.628231043919655,1.168148630165705,0.25324663832847,0.6170442176789867,1298.2040381189213,11.0,35.0,0.08174534799693868,17.628231043919655,24.658241533630008,False,inf,0.0,True,0.3360311746884898,1285.0
hospital,facil,1,alfombra,0.0,0.8153649310191367,0.8153649310191367,1.0,27,27,168.6418000026606,0.035,1,rrt_star,RRT*,True,1748.7134000111837,True,15.170376883883284,1.005276986207766,0.26034540451413585,0.5418394854602424,179.43447417605782,1.0,12.0,0.2746232841238177,15.170376883883284,15.170376883883284,False,inf,0.0,True,0.32402725678396266,4000.0
hospital,facil,1,alfombra,0.0,0.8153649310191367,0.8153649310191367,1.0,27,27,168.6418000026606,0.035,1,prm,PRM,True,698.3074999880046,True,15.813320877316453,1.047882176900526,0.2695772609368164,0.5868378051781286,394.4093268066113,2.0,18.0,0.15376600439518537,15.813320877316453,16.848367236997234,False,inf,0.0,True,0.33698493876394175,602.0
hospital,facil,1,alfombra,0.0,0.8153649310191367,0.8153649310191367,1.0,27,27,168.6418000026606,0.035,1,potential,APF,False,1755.6701000139583,,,,,,,,,,,,,,,,,11658.0
hospital,facil,1,alfombra,0.0,0.8153649310191367,0.8153649310191367,1.0,27,27,168.6418000026606,0.035,1,hybrid_astar,Hybrid A*,True,536.6092000040226,True,15.715401813204146,1.0413934929069408,0.28,0.5154494138415172,349.77676315383707,0.0,25.0,0.7953399880649854,15.715401813204146,15.715401813204146,True,15.715401813204146,0.0,True,0.38269512693470475,760.0
hospital,facil,1,alfombra,0.0,0.8153649310191367,0.8153649310191367,1.0,27,27,168.6418000026606,0.035,1,aco,ACO,True,2946.974999998929,True,16.269197815927523,1.0780912217012142,0.28,0.5265045353817662,1440.0000000000005,28.0,32.0,0.21816523977416685,16.269197815927523,16.998713403546542,False,inf,0.0,True,0.385,40.0
hospital,facil,1,alfombra,0.0,0.8153649310191367,0.8153649310191367,1.0,27,27,168.6418000026606,0.035,1,topological,Homotopy planner,True,59.64890000177547,True,15.18828254577068,1.0064635190115319,0.25199187689978264,0.4742912293918954,174.6651328175059,3.0,5.0,0.24466123368619833,15.18828254577068,15.838794033405975,False,inf,0.0,True,0.3502804195712091,7366.0
hospital,facil,1,alfombra,0.0,0.8153649310191367,0.8153649310191367,1.0,27,27,168.6418000026606,0.035,1,slam,SLAM-based,True,1152.3124000086682,True,21.746866303710597,1.4410732432417535,0.28,0.5334437133537498,957.5174352362162,4.0,28.0,0.09588002565654834,21.746866303710597,24.73068818157885,False,inf,0.0,True,0.385,141.0
hospital,facil,1,alfombra,0.0,0.8153649310191367,0.8153649310191367,1.0,27,27,168.6418000026606,0.035,1,drl,DRL (D3QN),False,99.94310000911355,,,,,,,,,,,,,,,,,465.0
plaza,dificil,1,concreto,0.2020906928631735,0.5266709102482495,0.5266709102482495,1.0,24,24,192.71889999799896,0.045,0,tve,TVE (proposed),True,25.091100003919564,True,15.940462392966744,1.0044298936415126,0.315,0.7183299268067893,119.53833288764001,0.0,9.0,0.7256938397972256,15.940462392966744,15.940462392966744,False,inf,0.0,True,0.315,
plaza,dificil,1,concreto,0.2020906928631735,0.5266709102482495,0.5266709102482495,1.0,24,24,192.71889999799896,0.045,0,teselado,WDT,True,57.89549999462906,True,18.632997438874128,1.1740901345502117,0.315,0.797167159090668,243.21818518734852,0.0,16.0,0.4531243328244612,18.632997438874128,18.632997438874128,False,inf,0.0,True,0.315,
plaza,dificil,1,concreto,0.2020906928631735,0.5266709102482495,0.5266709102482495,1.0,24,24,192.71889999799896,0.045,0,dijkstra,Dijkstra,True,44.92759999993723,True,16.36332790675602,1.031075216253197,0.29218611180782317,0.746139176274881,537.7624752208934,4.0,14.0,0.3270191478116545,16.36332790675602,16.36332790675602,False,inf,0.0,True,0.2925,25229.0
plaza,dificil,1,concreto,0.2020906928631735,0.5266709102482495,0.5266709102482495,1.0,24,24,192.71889999799896,0.045,0,astar,A*,True,5.479400002514012,True,16.36332790675602,1.031075216253197,0.29218611180782317,0.7351995545179237,627.7624752208935,7.0,16.0,0.3171997362490722,16.36332790675602,16.36332790675602,False,inf,0.0,True,0.2925,2494.0
plaza,dificil,1,concreto,0.2020906928631735,0.5266709102482495,0.5266709102482495,1.0,24,24,192.71889999799896,0.045,0,theta,Theta*,True,667.9773000068963,True,15.951794470788903,1.0051439430486784,0.25489964016211875,0.7116553582296755,104.82962103523047,1.0,6.0,0.3245850714359505,15.951794470788903,15.951794470788903,False,inf,0.0,True,0.2925,2652.0
plaza,dificil,1,concreto,0.2020906928631735,0.5266709102482495,0.5266709102482495,1.0,24,24,192.71889999799896,0.045,0,visibility,Visibility graph,True,13354.670300002908,True,15.870159275303287,1.0,0.284083176341352,0.7285296712548066,105.93866091446709,0.0,7.0,0.734651065842326,15.870159275303287,15.870159275303287,False,inf,0.0,True,0.315,360.0
plaza,dificil,1,concreto,0.2020906928631735,0.5266709102482495,0.5266709102482495,1.0,24,24,192.71889999799896,0.045,0,rrt,RRT,True,87.86509999481495,True,26.990751361364406,1.7007234075694933,0.23792169976242364,1.0164882290553634,1677.0864429535945,15.0,45.0,0.1563043137440722,26.990751361364406,34.02692673085822,False,inf,0.0,True,0.315,592.0
plaza,dificil,1,concreto,0.2020906928631735,0.5266709102482495,0.5266709102482495,1.0,24,24,192.71889999799896,0.045,0,rrt_star,RRT*,True,2105.875500012189,True,15.906547599936863,1.0022928770910449,0.26447092076538653,0.710167893122406,107.1719439458106,1.0,8.0,0.3713646696896861,15.906547599936863,15.906547599936863,False,inf,0.0,True,0.315,4000.0
plaza,dificil,1,concreto,0.2020906928631735,0.5266709102482495,0.5266709102482495,1.0,24,24,192.71889999799896,0.045,0,prm,PRM,True,684.4546000065748,True,17.240955798688674,1.0863757256373967,0.2809266804943433,0.8421042278876427,368.8054873752567,4.0,15.0,0.22400925816801645,17.240955798688674,17.951439572410752,False,inf,0.0,True,0.315,602.0
plaza,dificil,1,concreto,0.2020906928631735,0.5266709102482495,0.5266709102482495,1.0,24,24,192.71889999799896,0.045,0,potential,APF,False,1708.9498999994248,,,,,,,,,,,,,,,,,11412.0
plaza,dificil,1,concreto,0.2020906928631735,0.5266709102482495,0.5266709102482495,1.0,24,24,192.71889999799896,0.045,0,hybrid_astar,Hybrid A*,True,247.8535000118427,True,17.042738394524346,1.07388578141404,0.2961851208320955,0.7321859973488627,252.09366134267663,0.0,16.0,0.7998698996486723,17.042738394524346,17.042738394524346,True,17.042738394524346,0.0,True,0.315,301.0
plaza,dificil,1,concreto,0.2020906928631735,0.5266709102482495,0.5266709102482495,1.0,24,24,192.71889999799896,0.045,0,aco,ACO,True,1661.4914999954635,True,17.210938284145268,1.0844842818262361,0.315,0.7583481733368874,1163.7175079118388,19.0,28.0,0.3192645898760506,17.210938284145268,17.210938284145268,False,inf,0.0,True,0.315,40.0
plaza,dificil,1,concreto,0.2020906928631735,0.5266709102482495,0.5266709102482495,1.0,24,24,192.71889999799896,0.045,0,topological,Homotopy planner,True,548.447599998326,True,16.82761348521895,1.0603304726377654,0.24906084922123156,0.6986002270044154,180.46057875313434,2.0,6.0,0.2817237877423812,16.82761348521895,16.82761348521895,False,inf,0.0,True,0.315,43289.0
plaza,dificil,1,concreto,0.2020906928631735,0.5266709102482495,0.5266709102482495,1.0,24,24,192.71889999799896,0.045,0,slam,SLAM-based,True,1156.568700011121,True,24.279920600430792,1.5299103291429814,0.315,0.6987053460272569,1167.2665028253691,3.0,33.0,0.0796545662941699,24.279920600430792,27.11440183773755,False,inf,0.0,True,0.315,159.0
plaza,dificil,1,concreto,0.2020906928631735,0.5266709102482495,0.5266709102482495,1.0,24,24,192.71889999799896,0.045,0,drl,DRL (D3QN),True,36.46590000425931,True,55.13340932982473,3.474029993865395,0.315,1.0566974069448711,10593.434948822924,70.0,119.0,0.07957747154594767,55.13340932982473,131.38149456560222,False,inf,0.0,True,0.315,176.0
plaza,dificil,1,concreto,0.2020906928631735,0.5266709102482495,0.5266709102482495,1.0,24,24,192.71889999799896,0.045,1,tve,TVE (proposed),True,30.089799998677336,True,15.499699400661457,1.0021237665077476,0.2902441898003591,0.6734666691603648,44.55442978933015,0.0,5.0,1.0498540539529093,15.499699400661457,15.499699400661457,True,15.499699400661457,0.0,True,0.4721466081409193,
plaza,dificil,1,concreto,0.2020906928631735,0.5266709102482495,0.5266709102482495,1.0,24,24,192.71889999799896,0.045,1,teselado,WDT,True,72.08430000173394,True,15.654637319250641,1.0121411846871504,0.2618535246725293,0.6723431214730469,123.18642968499702,0.0,8.0,0.46826352020917184,15.654637319250641,15.654637319250641,False,inf,0.0,True,0.3714267582010833,
plaza,dificil,1,concreto,0.2020906928631735,0.5266709102482495,0.5266709102482495,1.0,24,24,192.71889999799896,0.045,1,dijkstra,Dijkstra,True,41.516600002069026,True,16.44583440589435,1.0632955576863785,0.2925,0.697393608338646,458.3583711843094,4.0,13.0,0.35989981544620314,16.44583440589435,16.44583440589435,False,inf,0.0,True,0.4182209730148315,23141.0
plaza,dificil,1,concreto,0.2020906928631735,0.5266709102482495,0.5266709102482495,1.0,24,24,192.71889999799896,0.045,1,astar,A*,True,6.410600006347522,True,16.445834405894345,1.0632955576863783,0.28557561993598934,0.6890054261565683,675.2569300245036,10.0,17.0,0.3338968068766833,16.445834405894345,16.445834405894345,False,inf,0.0,True,0.35965124309062957,3410.0
plaza,dificil,1,concreto,0.2020906928631735,0.5266709102482495,0.5266709102482495,1.0,24,24,192.71889999799896,0.045,1,theta,Theta*,True,848.2030000013765,True,15.544543856041985,1.005023157868267,0.2508465660810471,0.6636285732942313,47.137620798374535,0.0,5.0,0.34871166311976176,15.544543856041985,15.544543856041985,False,inf,0.0,True,0.5492466373443603,3480.0
plaza,dificil,1,concreto,0.2020906928631735,0.5266709102482495,0.5266709102482495,1.0,24,24,192.71889999799896,0.045,1,visibility,Visibility graph,True,13321.228700006031,True,15.466851419636125,1.0,0.26459811991962934,0.6734571361738931,42.48010307609068,0.0,5.0,0.9119311227341964,15.466851419636125,15.466851419636125,True,15.466851419636125,0.0,True,0.5101565650281682,360.0
plaza,dificil,1,concreto,0.2020906928631735,0.5266709102482495,0.5266709102482495,1.0,24,24,192.71889999799896,0.045,1,rrt,RRT,True,50.33939999702852,True,20.79228112136164,1.3443124626492857,0.25051029823723453,0.7575517827415809,1538.251508609,15.0,34.0,0.10296084279874726,20.79228112136164,24.754763000236604,False,inf,0.0,True,0.37944871384002227,359.0
plaza,dificil,1,concreto,0.2020906928631735,0.5266709102482495,0.5266709102482495,1.0,24,24,192.71889999799896,0.045,1,rrt_star,RRT*,True,1935.7808000058867,True,15.557179889095233,1.0058401330049909,0.2560118170173624,0.672913125717853,121.38036180887899,0.0,11.0,0.5811702888894281,15.557179889095233,15.557179889095233,False,inf,0.0,True,0.4701111789095088,4000.0
plaza,dificil,1,concreto,0.2020906928631735,0.5266709102482495,0.5266709102482495,1.0,24,24,192.71889999799896,0.045,1,prm,PRM,True,663.5423999978229,True,15.95574740107173,1.0316092763918918,0.2820477008056636,0.6701063337454337,249.3082885420216,0.0,14.0,0.47179848803794894,15.95574740107173,15.95574740107173,False,inf,0.0,True,0.42406494248588145,602.0
plaza,dificil,1,concreto,0.2020906928631735,0.5266709102482495,0.5266709102482495,1.0,24,24,192.71889999799896,0.045,1,potential,APF,True,690.3845999913756,True,311.19606245468225,20.12019473204479,0.21636746236607543,0.7093227875661571,315949.4247722379,2455.0,2571.0,0.07957747154594767,311.19606245468225,1270.0821574585557,False,inf,0.46737602662104116,True,0.24896807880205313,4396.0
plaza,dificil,1,concreto,0.2020906928631735,0.5266709102482495,0.5266709102482495,1.0,24,24,192.71889999799896,0.045,1,hybrid_astar,Hybrid A*,True,102.6836000091862,True,15.706235040677369,1.0154772044126144,0.2614092151472356,0.6990631744656965,163.55665649056388,0.0,15.0,0.8987108900219825,15.706235040677369,15.706235040677369,True,15.706235040677369,0.0,True,0.39255507576806165,114.0
plaza,dificil,1,concreto,0.2020906928631735,0.5266709102482495,0.5266709102482495,1.0,24,24,192.71889999799896,0.045,1,aco,ACO,True,939.5166000031168,True,17.064139597552337,1.1032717089328443,0.33749999999999997,0.67522297257238,2069.9999999999995,29.0,41.0,0.16086742545369867,17.064139597552337,19.019986410361554,False,inf,0.0,True,0.48579071044921873,40.0
plaza,dificil,1,concreto,0.2020906928631735,0.5266709102482495,0.5266709102482495,1.0,24,24,192.71889999799896,0.045,1,topological,Homotopy planner,True,303.4916000033263,True,15.46088228144783,0.9996140689513111,0.2467662449116771,0.6685918197202115,42.04840089839445,0.0,5.0,1.1113271468627521,15.46088228144783,15.46088228144783,True,15.46088228144783,0.0,True,0.43833371044798564,5976.0
plaza,dificil,1,concreto,0.2020906928631735,0.5266709102482495,0.5266709102482495,1.0,24,24,192.71889999799896,0.045,1,slam,SLAM-based,True,699.4449000048917,True,16.45507525216887,1.0638930190586906,0.2659320704409342,0.7594749752326367,503.68974703991233,1.0,17.0,0.17023770654312,16.45507525216887,17.38997355598021,False,inf,0.0,True,0.36376310714236837,108.0
plaza,dificil,1,concreto,0.2020906928631735,0.5266709102482495,0.5266709102482495,1.0,24,24,192.71889999799896,0.045,1,drl,DRL (D3QN),True,24.92280000296887,True,35.8847827177946,2.320109099401876,0.37079661548137666,1.065052988341337,4886.565051177078,30.0,60.0,0.07957747154594767,35.8847827177946,93.40044627035076,False,inf,0.0,True,0.517081446647644,114.0
hospital,medio,0,uniforme,0.09021204648333112,0.7052843532069542,0.7052843532069542,1.0,27,27,168.13370000454597,0.035,0,tve,TVE (proposed),True,43.18459999922197,True,9.83722644613578,1.0100367620465924,0.2911902281852488,0.5644444368689163,203.09717583373813,0.0,10.0,0.4705713985539983,9.83722644613578,9.83722644613578,False,inf,0.0,True,0.3668859560129485,
hospital,medio,0,uniforme,0.09021204648333112,0.7052843532069542,0.7052843532069542,1.0,27,27,168.13370000454597,0.035,0,teselado,WDT,True,207.43039999797475,True,10.320759455417127,1.0596834910012787,0.2642068323745405,0.5949375674015408,222.9989202066282,0.0,17.0,0.39485637982916155,10.320759455417127,10.320759455417127,False,inf,0.0,True,0.36633360035021684,
hospital,medio,0,uniforme,0.09021204648333112,0.7052843532069542,0.7052843532069542,1.0,27,27,168.13370000454597,0.035,0,dijkstra,Dijkstra,True,8.175700000720099,True,10.440199487283946,1.0719469906478576,0.2883973675966263,0.48976144282656503,503.7707632827321,8.0,13.0,0.3054657730094186,10.440199487283946,10.440199487283946,False,inf,0.0,True,0.36750000000000005,5970.0
hospital,medio,0,uniforme,0.09021204648333112,0.7052843532069542,0.7052843532069542,1.0,27,27,168.13370000454597,0.035,0,astar,A*,True,6.791099993279204,True,10.440199487283946,1.0719469906478576,0.2883973675966263,0.6008949736082198,503.7707632827321,9.0,13.0,0.3054657730094186,10.440199487283946,10.440199487283946,False,inf,0.0,True,0.369195716381073,3161.0
hospital,medio,0,uniforme,0.09021204648333112,0.7052843532069542,0.7052843532069542,1.0,27,27,168.13370000454597,0.035,0,theta,Theta*,True,761.3751000026241,True,9.847681847522015,1.011110269891499,0.25527729744260963,0.5831472100418177,205.0734937151987,3.0,7.0,0.3209114973992152,9.847681847522015,9.847681847522015,False,inf,0.0,True,0.31671994182798563,3033.0
hospital,medio,0,uniforme,0.09021204648333112,0.7052843532069542,0.7052843532069542,1.0,27,27,168.13370000454597,0.035,0,visibility,Visibility graph,True,3257.922499993583,True,9.739473666486207,1.0,0.2645355461093092,0.5615371691887238,196.1356473898384,1.0,7.0,0.3168639201541951,9.739473666486207,9.739473666486207,False,inf,0.0,True,0.3379048143382625,178.0
hospital,medio,0,uniforme,0.09021204648333112,0.7052843532069542,0.7052843532069542,1.0,27,27,168.13370000454597,0.035,0,rrt,RRT,True,194.48920000286307,True,12.075059269775945,1.2398061418171447,0.2685310602003793,0.5919326184347439,1017.2345424837697,9.0,23.0,0.15580472818908234,12.075059269775945,14.428119401264901,False,inf,0.0,True,0.3385310602003793,1853.0
hospital,medio,0,uniforme,0.09021204648333112,0.7052843532069542,0.7052843532069542,1.0,27,27,168.13370000454597,0.035,0,rrt_star,RRT*,True,1425.0872999982676,True,9.81274872248637,1.0075235129237328,0.25602082042968577,0.5566372469351182,251.69926288855655,2.0,14.0,0.19993391376814046,9.81274872248637,10.6087864736228,False,inf,0.0,True,0.32058506740038817,4000.0
hospital,medio,0,uniforme,0.09021204648333112,0.7052843532069542,0.7052843532069542,1.0,27,27,168.13370000454597,0.035,0,prm,PRM,True,679.2018999985885,True,10.554376739204548,1.0836701346113233,0.2656744885444641,0.5774232691317991,280.43165851147944,3.0,10.0,0.16954480595648688,10.554376739204548,11.493095812278021,False,inf,0.0,True,0.3534669314490428,602.0
hospital,medio,0,uniforme,0.09021204648333112,0.7052843532069542,0.7052843532069542,1.0,27,27,168.13370000454597,0.035,0,potential,APF,False,1751.9557000050554,,,,,,,,,,,,,,,,,11681.0
hospital,medio,0,uniforme,0.09021204648333112,0.7052843532069542,0.7052843532069542,1.0,27,27,168.13370000454597,0.035,0,hybrid_astar,Hybrid A*,True,107.05949999100994,True,10.44131566173348,1.0720615938068945,0.26430812820603794,0.5290610596086385,392.12739136135167,0.0,26.0,0.7953694114037587,10.44131566173348,10.44131566173348,True,10.44131566173348,0.0,True,0.38275564536243695,150.0
hospital,medio,0,uniforme,0.09021204648333112,0.7052843532069542,0.7052843532069542,1.0,27,27,168.13370000454597,0.035,0,aco,ACO,True,1284.373600006802,True,10.950376680072894,1.1243294098893084,0.3325,0.6058375293497068,953.1301023541561,12.0,19.0,0.35405551982165695,10.950376680072894,10.950376680072894,False,inf,0.0,True,0.43750000000000006,40.0
hospital,medio,0,uniforme,0.09021204648333112,0.7052843532069542,0.7052843532069542,1.0,27,27,168.13370000454597,0.035,0,topological,Homotopy planner,True,60.734700004104525,True,9.834244778010092,1.0097306194122169,0.25130006157188606,0.5726560652370879,221.62465261609898,2.0,7.0,0.2514644371368225,9.834244778010092,9.834244778010092,False,inf,0.0,True,0.3154102644204553,7200.0
hospital,medio,0,uniforme,0.09021204648333112,0.7052843532069542,0.7052843532069542,1.0,27,27,168.13370000454597,0.035,0,slam,SLAM-based,True,582.796500006225,True,11.669143320245364,1.198128740816786,0.30647352448874887,0.5651362710393101,721.6908838459948,3.0,18.0,0.08130707811719064,11.669143320245364,13.626598277149608,False,inf,0.0,True,0.41264475596312256,76.0
hospital,medio,0,uniforme,0.09021204648333112,0.7052843532069542,0.7052843532069542,1.0,27,27,168.13370000454597,0.035,0,drl,DRL (D3QN),False,81.64629999373574,,,,,,,,,,,,,,,,,465.0
hospital,medio,0,uniforme,0.09021204648333112,0.7052843532069542,0.7052843532069542,1.0,27,27,168.13370000454597,0.035,1,tve,TVE (proposed),True,41.306300001451746,True,11.462488359654454,1.0064927248964122,0.2912727267987108,0.6254457280220517,149.6417699081431,0.0,10.0,0.5137038903069875,11.462488359654454,11.462488359654454,False,inf,0.0,True,0.36339856211821586,
hospital,medio,0,uniforme,0.09021204648333112,0.7052843532069542,0.7052843532069542,1.0,27,27,168.13370000454597,0.035,1,teselado,WDT,True,295.6687999976566,True,11.750829108164112,1.03181121217075,0.29263841881641955,0.6436787741065293,159.59147269254166,1.0,11.0,0.33488566190230273,11.750829108164112,11.750829108164112,False,inf,0.0,True,0.36263841881641956,
hospital,medio,0,uniforme,0.09021204648333112,0.7052843532069542,0.7052843532069542,1.0,27,27,168.13370000454597,0.035,1,dijkstra,Dijkstra,True,10.261999996146187,True,12.245275246792191,1.075227303491194,0.2883973675966263,0.5977544307300479,860.1530152687504,13.0,21.0,0.34997882137543,12.245275246792191,12.245275246792191,False,inf,0.0,True,0.36750000000000005,8123.0
hospital,medio,0,uniforme,0.09021204648333112,0.7052843532069542,0.7052843532069542,1.0,27,27,168.13370000454597,0.035,1,astar,A*,True,7.6357999932952225,True,12.245275246792191,1.075227303491194,0.2883973675966263,0.6506648491117246,860.1530152687504,9.0,21.0,0.34997882137543,12.245275246792191,12.245275246792191,False,inf,0.0,True,0.369195716381073,3774.0
hospital,medio,0,uniforme,0.09021204648333112,0.7052843532069542,0.7052843532069542,1.0,27,27,168.13370000454597,0.035,1,theta,Theta*,True,850.673499997356,True,11.45701814244028,1.006012398665587,0.25527729744260963,0.6463786134740235,146.06660351452075,2.0,6.0,0.3572796808657626,11.45701814244028,11.45701814244028,False,inf,0.0,True,0.3234026894444659,3532.0
hospital,medio,0,uniforme,0.09021204648333112,0.7052843532069542,0.7052843532069542,1.0,27,27,168.13370000454597,0.035,1,visibility,Visibility graph,True,3348.728499986464,True,11.388545665676988,1.0,0.2648232687692884,0.6361965446895589,145.78491888817396,0.0,7.0,0.3387706562171257,11.388545665676988,11.388545665676988,False,inf,0.0,True,0.3379048143382625,178.0
hospital,medio,0,uniforme,0.09021204648333112,0.7052843532069542,0.7052843532069542,1.0,27,27,168.13370000454597,0.035,1,rrt,RRT,True,22.59049999702256,True,15.444807037841715,1.3561702689035673,0.27446643384945285,0.6495977392327807,1325.7334088544135,16.0,28.0,0.16375659376137852,15.444807037841715,24.29270700107864,False,inf,0.0,True,0.3991570385258152,291.0
hospital,medio,0,uniforme,0.09021204648333112,0.7052843532069542,0.7052843532069542,1.0,27,27,168.13370000454597,0.035,1,rrt_star,RRT*,True,1496.0285000124713,True,11.440950440341435,1.0046015335234935,0.25602082042968577,0.6532795710705032,167.6600110958034,2.0,9.0,0.3172818924920639,11.440950440341435,11.440950440341435,False,inf,0.0,True,0.32058506740038817,4000.0
hospital,medio,0,uniforme,0.09021204648333112,0.7052843532069542,0.7052843532069542,1.0,27,27,168.13370000454597,0.035,1,prm,PRM,True,681.1356999969576,True,12.557672653695246,1.102658146381394,0.2656744885444641,0.6906954583657016,411.40874440954525,4.0,16.0,0.19434575207890364,12.557672653695246,13.376599444682059,False,inf,0.0,True,0.3534669314490428,602.0
hospital,medio,0,uniforme,0.09021204648333112,0.7052843532069542,0.7052843532069542,1.0,27,27,168.13370000454597,0.035,1,potential,APF,False,1722.3978999973042,,,,,,,,,,,,,,,,,11698.0
hospital,medio,0,uniforme,0.09021204648333112,0.7052843532069542,0.7052843532069542,1.0,27,27,168.13370000454597,0.035,1,hybrid_astar,Hybrid A*,True,129.8599000001559,True,11.921999784627223,1.0468412854995146,0.27198550610619815,0.5840594943902795,282.7901668797214,0.0,20.0,0.8006552048836842,11.921999784627223,11.921999784627223,True,11.921999784627223,0.0,True,0.33733467954515584,207.0
hospital,medio,0,uniforme,0.09021204648333112,0.7052843532069542,0.7052843532069542,1.0,27,27,168.13370000454597,0.035,1,aco,ACO,True,1430.2533000009134,True,12.86983606470031,1.130068442671101,0.3325,0.6128105566805125,1016.5650511770781,16.0,22.0,0.25776648792900964,12.86983606470031,12.86983606470031,False,inf,0.0,True,0.43750000000000006,40.0
hospital,medio,0,uniforme,0.09021204648333112,0.7052843532069542,0.7052843532069542,1.0,27,27,168.13370000454597,0.035,1,topological,Homotopy planner,True,69.85600000189152,True,11.423720880577433,1.0030886485362618,0.25468179692793746,0.6408886232684964,144.758401955348,1.0,5.0,0.3687886258552603,11.423720880577433,11.423720880577433,False,inf,0.0,True,0.3299949044586809,7200.0
hospital,medio,0,uniforme,0.09021204648333112,0.7052843532069542,0.7052843532069542,1.0,27,27,168.13370000454597,0.035,1,slam,SLAM-based,True,860.6030999944778,True,16.925884197523253,1.486219987555988,0.2848502227856101,0.5801399190467565,1187.874988258869,4.0,35.0,0.07987168593531747,16.925884197523253,18.918517021385064,False,inf,0.0,True,0.39674170227779765,111.0
hospital,medio,0,uniforme,0.09021204648333112,0.7052843532069542,0.7052843532069542,1.0,27,27,168.13370000454597,0.035,1,drl,DRL (D3QN),False,79.53370000177529,,,,,,,,,,,,,,,,,465.0
hospital,facil,3,uniforme,0.0,0.8167200232828871,0.8167200232828871,1.0,21,21,154.55589999328367,0.035,0,tve,TVE (proposed),True,44.29750000417698,True,10.592267943051981,1.01137021747033,0.28003704987943046,0.5719817420721457,208.41266332285852,0.0,14.0,0.47106969422621364,10.592267943051981,10.592267943051981,False,inf,0.0,True,0.375725098695667,
hospital,facil,3,uniforme,0.0,0.8167200232828871,0.8167200232828871,1.0,21,21,154.55589999328367,0.035,0,teselado,WDT,True,526.1054000002332,True,11.05492623811805,1.0555457257761178,0.27192134308482707,0.6438439866473329,228.51046441939448,0.0,17.0,0.7166899817746032,11.05492623811805,11.05492623811805,False,inf,0.0,True,0.34942885185910366,
hospital,facil,3,uniforme,0.0,0.8167200232828871,0.8167200232828871,1.0,21,21,154.55589999328367,0.035,0,dijkstra,Dijkstra,True,28.362199998809956,True,11.074320702497143,1.05739754672346,0.2883973675966263,0.5330101135115679,588.2575422686193,9.0,15.0,0.33255263984562483,11.074320702497143,11.074320702497143,False,inf,0.0,True,0.36528885126113897,15831.0
hospital,facil,3,uniforme,0.0,0.8167200232828871,0.8167200232828871,1.0,21,21,154.55589999328367,0.035,0,astar,A*,True,6.04870000097435,True,11.074320702497143,1.05739754672346,0.2883973675966263,0.5768735495767049,588.2575422686193,8.0,15.0,0.3245446997151685,11.074320702497143,11.074320702497143,False,inf,0.0,True,0.36528885126113897,2956.0
hospital,facil,3,uniforme,0.0,0.8167200232828871,0.8167200232828871,1.0,21,21,154.55589999328367,0.035,0,theta,Theta*,True,628.9983000024222,True,10.56233615244587,1.0085122722467637,0.24561046841144638,0.5727944403971368,167.61749557992627,2.0,7.0,0.2990974214280061,10.56233615244587,10.56233615244587,False,inf,0.0,True,0.3202126872301102,2937.0
hospital,facil,3,uniforme,0.0,0.8167200232828871,0.8167200232828871,1.0,21,21,154.55589999328367,0.035,0,visibility,Visibility graph,True,1971.5692000027047,True,10.47318554578924,1.0,0.261300656423518,0.5728648065448463,162.58499290045833,0.0,8.0,0.4068806922112748,10.47318554578924,10.47318554578924,False,inf,0.0,True,0.34917160310524537,138.0
hospital,facil,3,uniforme,0.0,0.8167200232828871,0.8167200232828871,1.0,21,21,154.55589999328367,0.035,0,rrt,RRT,True,148.1223000009777,True,14.229443325730104,1.35865475346716,0.2691512712105906,0.6493754901219473,1179.994177792226,13.0,24.0,0.15072414703353307,14.229443325730104,23.169461534236135,False,inf,0.0,True,0.3689015458248394,2248.0
hospital,facil,3,uniforme,0.0,0.8167200232828871,0.8167200232828871,1.0,21,21,154.55589999328367,0.035,0,rrt_star,RRT*,True,1501.8123000045307,True,10.516622578739469,1.0041474518674687,0.2683657090355938,0.5825055884776849,191.27744727249316,1.0,11.0,0.23764724672777995,10.516622578739469,11.186333443406898,False,inf,0.0,True,0.3452127784548135,4000.0
hospital,facil,3,uniforme,0.0,0.8167200232828871,0.8167200232828871,1.0,21,21,154.55589999328367,0.035,0,prm,PRM,False,700.8532999898307,,,,,,,,,,,,,,,,,602.0
hospital,facil,3,uniforme,0.0,0.8167200232828871,0.8167200232828871,1.0,21,21,154.55589999328367,0.035,0,potential,APF,False,1772.8907999990042,,,,,,,,,,,,,,,,,11762.0
hospital,facil,3,uniforme,0.0,0.8167200232828871,0.8167200232828871,1.0,21,21,154.55589999328367,0.035,0,hybrid_astar,Hybrid A*,True,142.88959999976214,True,10.886011349182985,1.0394174056774657,0.2700871724932358,0.6044374654322983,347.959214933941,0.0,23.0,0.7978238920236721,10.886011349182985,10.886011349182985,True,10.886011349182985,0.0,True,0.3607842028195805,205.0
hospital,facil,3,uniforme,0.0,0.8167200232828871,0.8167200232828871,1.0,21,21,154.55589999328367,0.035,0,aco,ACO,True,2801.4517000119668,True,12.169836064700307,1.1619994710771842,0.3325,0.660340188908966,1196.5650511770782,18.0,24.0,0.32612966226598616,12.169836064700307,12.169836064700307,False,inf,0.0,True,0.4025,40.0
hospital,facil,3,uniforme,0.0,0.8167200232828871,0.8167200232828871,1.0,21,21,154.55589999328367,0.035,0,topological,Homotopy planner,True,64.66090001049452,True,10.508120386178122,1.0033356460874436,0.2561396562015977,0.5707599020310742,175.13286189474468,2.0,7.0,0.37023981076045726,10.508120386178122,10.508120386178122,False,inf,0.0,True,0.3330311487845655,9720.0
hospital,facil,3,uniforme,0.0,0.8167200232828871,0.8167200232828871,1.0,21,21,154.55589999328367,0.035,0,slam,SLAM-based,True,561.9827999908011,True,11.391847600063683,1.0877156286650334,0.2779577528983175,0.6001724957023934,783.5660347200044,5.0,22.0,0.08420576495658341,11.391847600063683,13.281919416096182,False,inf,0.0,True,0.350933420942902,75.0
hospital,facil,3,uniforme,0.0,0.8167200232828871,0.8167200232828871,1.0,21,21,154.55589999328367,0.035,0,drl,DRL (D3QN),False,95.43879999546334,,,,,,,,,,,,,,,,,465.0
hospital,facil,3,uniforme,0.0,0.8167200232828871,0.8167200232828871,1.0,21,21,154.55589999328367,0.035,1,tve,TVE (proposed),True,43.88509999262169,True,12.75231366177236,1.0123974040430495,0.3088258205299742,0.41104821903813676,208.38629886096186,0.0,13.0,0.4338761217025056,12.75231366177236,12.75231366177236,False,inf,0.0,True,0.3643424659328234,
hospital,facil,3,uniforme,0.0,0.8167200232828871,0.8167200232828871,1.0,21,21,154.55589999328367,0.035,1,teselado,WDT,True,566.5171000000555,True,13.527277952303447,1.0739212856514235,0.31446151123752164,0.5714973774488413,343.6266196838305,0.0,23.0,0.35505888400652824,13.527277952303447,13.527277952303447,False,inf,0.0,True,0.41762680882210285,
hospital,facil,3,uniforme,0.0,0.8167200232828871,0.8167200232828871,1.0,21,21,154.55589999328367,0.035,1,dijkstra,Dijkstra,True,24.469500000122935,True,13.070351006300442,1.0376461699163495,0.2883973675966263,0.38127975513830037,784.2306723756614,16.0,19.0,0.22263702643026032,13.070351006300442,13.785213873649012,False,inf,0.0,True,0.35662024497985845,17464.0
hospital,facil,3,uniforme,0.0,0.8167200232828871,0.8167200232828871,1.0,21,21,154.55589999328367,0.035,1,astar,A*,True,4.2283000075258315,True,13.070351006300442,1.0376461699163495,0.2883973675966263,0.3996454201626265,734.0362434679265,13.0,18.0,0.22263702643026032,13.070351006300442,13.785213873649012,False,inf,0.0,True,0.35662024497985845,1957.0
hospital,facil,3,uniforme,0.0,0.8167200232828871,0.8167200232828871,1.0,21,21,154.55589999328367,0.035,1,theta,Theta*,True,666.0968000069261,True,12.720904078431767,1.0099038188412195,0.2622612857580187,0.34129618190432937,159.6689417160422,2.0,6.0,0.2549003376249434,12.720904078431767,12.720904078431767,False,inf,0.0,True,0.3325,2957.0
hospital,facil,3,uniforme,0.0,0.8167200232828871,0.8167200232828871,1.0,21,21,154.55589999328367,0.035,1,visibility,Visibility graph,True,1965.76589999313,True,12.59615405061835,1.0,0.26109250617769614,0.3673689400733085,157.3536681558606,0.0,9.0,0.4328649506349846,12.59615405061835,12.59615405061835,False,inf,0.0,True,0.31699118165281426,138.0
hospital,facil,3,uniforme,0.0,0.8167200232828871,0.8167200232828871,1.0,21,21,154.55589999328367,0.035,1,rrt,RRT,True,24.11230000143405,True,16.3407304790184,1.2972793452153937,0.2979902113168285,0.5753459279845186,952.2013868661281,10.0,25.0,0.14488654507234697,16.3407304790184,20.602927856348455,False,inf,0.0,True,0.3743965452554001,206.0
hospital,facil,3,uniforme,0.0,0.8167200232828871,0.8167200232828871,1.0,21,21,154.55589999328367,0.035,1,rrt_star,RRT*,True,1787.499400001252,True,12.80443084676391,1.016534951486667,0.25180571865134377,0.46016551880077516,197.93380031613663,2.0,8.0,0.27279018985223424,12.80443084676391,12.80443084676391,False,inf,0.0,True,0.32408273374204166,4000.0
hospital,facil,3,uniforme,0.0,0.8167200232828871,0.8167200232828871,1.0,21,21,154.55589999328367,0.035,1,prm,PRM,True,677.13910000748,True,13.80896400324766,1.0962841473481164,0.3036545936481376,0.512092126820329,381.19002608720655,2.0,17.0,0.18637727828062117,13.80896400324766,15.393837435909397,False,inf,0.0,True,0.385,602.0
hospital,facil,3,uniforme,0.0,0.8167200232828871,0.8167200232828871,1.0,21,21,154.55589999328367,0.035,1,potential,APF,False,1730.8780000021216,,,,,,,,,,,,,,,,,11845.0
hospital,facil,3,uniforme,0.0,0.8167200232828871,0.8167200232828871,1.0,21,21,154.55589999328367,0.035,1,hybrid_astar,Hybrid A*,True,404.57290000631474,True,13.123542110536599,1.0418689750696053,0.27072173156957424,0.4546231317656814,345.82822334625297,0.0,25.0,0.797883111861726,13.123542110536599,13.123542110536599,True,13.123542110536599,0.0,True,0.324075752254935,664.0
hospital,facil,3,uniforme,0.0,0.8167200232828871,0.8167200232828871,1.0,21,21,154.55589999328367,0.035,1,aco,ACO,True,4428.841100001591,True,13.805916874842442,1.0960422379213999,0.3325,0.4326406080346394,1235.2248594311682,20.0,25.0,0.08876227247101419,13.805916874842442,16.280265799411513,False,inf,0.0,True,0.43750000000000006,40.0
hospital,facil,3,uniforme,0.0,0.8167200232828871,0.8167200232828871,1.0,21,21,154.55589999328367,0.035,1,topological,Homotopy planner,True,81.86760000535287,True,12.639292819134399,1.0034247571395756,0.25596349077035174,0.3476960288978021,183.94340878586607,1.0,7.0,0.26803787515469574,12.639292819134399,12.639292819134399,False,inf,0.0,True,0.31218947722945195,9720.0
hospital,facil,3,uniforme,0.0,0.8167200232828871,0.8167200232828871,1.0,21,21,154.55589999328367,0.035,1,slam,SLAM-based,True,626.854900008766,True,13.187989909067843,1.0469854414348354,0.32155561468345634,0.42903133179847125,574.5719731894433,3.0,17.0,0.36368678859684933,13.187989909067843,13.187989909067843,False,inf,0.0,True,0.3934719126495443,87.0
hospital,facil,3,uniforme,0.0,0.8167200232828871,0.8167200232828871,1.0,21,21,154.55589999328367,0.035,1,drl,DRL (D3QN),False,100.52579999319278,,,,,,,,,,,,,,,,,465.0
hospital,medio,1,baldosa,0.08680211037695658,0.6383710801393728,0.6383710801393728,1.0,27,27,146.26519999001175,0.035,0,tve,TVE (proposed),True,37.64650000084657,True,7.132594342284043,1.0031981996373651,0.29008996974900814,0.7517557522939053,76.05245622314726,0.0,8.0,1.0000157862475427,7.132594342284043,7.132594342284043,True,7.132594342284043,0.0,True,0.37121138852698854,
hospital,medio,1,baldosa,0.08680211037695658,0.6383710801393728,0.6383710801393728,1.0,27,27,146.26519999001175,0.035,0,teselado,WDT,True,207.0277999882819,True,7.33825419306566,1.0321242232047925,0.3172837550677894,0.8236860348301982,109.05589154628112,0.0,11.0,0.521110876322204,7.33825419306566,7.33825419306566,False,inf,0.0,True,0.4314872836652628,
hospital,medio,1,baldosa,0.08680211037695658,0.6383710801393728,0.6383710801393728,1.0,27,27,146.26519999001175,0.035,0,dijkstra,Dijkstra,True,8.778500006883405,True,7.63934595566656,1.074472729186157,0.2883973675966263,0.8182165466718408,407.29061004263855,3.0,11.0,0.3759324057880694,7.63934595566656,7.63934595566656,False,inf,0.0,True,0.3531744718551636,6989.0
hospital,medio,1,baldosa,0.08680211037695658,0.6383710801393728,0.6383710801393728,1.0,27,27,146.26519999001175,0.035,0,astar,A*,True,2.944399995612912,True,7.63934595566656,1.074472729186157,0.2883973675966263,0.7318843036962305,525.9637565320737,4.0,14.0,0.3552536503177533,7.63934595566656,7.63934595566656,False,inf,0.0,True,0.3531744718551636,1238.0
hospital,medio,1,baldosa,0.08680211037695658,0.6383710801393728,0.6383710801393728,1.0,27,27,146.26519999001175,0.035,0,theta,Theta*,True,274.145999996108,True,7.130178250334344,1.0028583767093,0.2609347983496264,0.7729644978268551,69.84236150722565,0.0,4.0,0.44301745635678036,7.130178250334344,7.130178250334344,False,inf,0.0,True,0.33665254237288184,1038.0
hospital,medio,1,baldosa,0.08680211037695658,0.6383710801393728,0.6383710801393728,1.0,27,27,146.26519999001175,0.035,0,visibility,Visibility graph,True,3173.165899992455,True,7.1098556046674775,1.0,0.27467156727578956,0.7729000359923519,69.74735745347687,0.0,5.0,0.6388882712737195,7.1098556046674775,7.1098556046674775,False,inf,0.0,True,0.33268057196651674,175.0
hospital,medio,1,baldosa,0.08680211037695658,0.6383710801393728,0.6383710801393728,1.0,27,27,146.26519999001175,0.035,0,rrt,RRT,True,43.13059999549296,True,9.222233591218991,1.2971056100161558,0.27654794406698435,0.7408050151850037,744.4902492130956,9.0,17.0,0.1819919037107853,9.222233591218991,11.637049533060406,False,inf,0.0,True,0.3193347523905026,724.0
hospital,medio,1,baldosa,0.08680211037695658,0.6383710801393728,0.6383710801393728,1.0,27,27,146.26519999001175,0.035,0,rrt_star,RRT*,True,1335.771800004295,True,7.157454695086037,1.0066948040952213,0.2697498742610667,0.7882600857688593,73.48126933383946,0.0,6.0,0.6414875707556543,7.157454695086037,7.157454695086037,False,inf,0.0,True,0.31236159564495325,4000.0
hospital,medio,1,baldosa,0.08680211037695658,0.6383710801393728,0.6383710801393728,1.0,27,27,146.26519999001175,0.035,0,prm,PRM,True,680.8780999999726,True,7.405616295139103,1.0415986915792586,0.25936182260513313,0.7399029200181584,192.0511468334036,2.0,9.0,0.4006922715214623,7.405616295139103,7.405616295139103,False,inf,0.0,True,0.302075393767584,602.0
hospital,medio,1,baldosa,0.08680211037695658,0.6383710801393728,0.6383710801393728,1.0,27,27,146.26519999001175,0.035,0,potential,APF,False,1708.1625999999233,,,,,,,,,,,,,,,,,11798.0
hospital,medio,1,baldosa,0.08680211037695658,0.6383710801393728,0.6383710801393728,1.0,27,27,146.26519999001175,0.035,0,hybrid_astar,Hybrid A*,True,32.72069999366067,True,7.270696283302874,1.022622214511615,0.31029574851973224,0.7617622034220486,146.12440929639206,0.0,12.0,0.8006594632973808,7.270696283302874,7.270696283302874,True,7.270696283302874,0.0,True,0.3798146176990689,33.0
hospital,medio,1,baldosa,0.08680211037695658,0.6383710801393728,0.6383710801393728,1.0,27,27,146.26519999001175,0.035,0,aco,ACO,True,1950.4519000038272,True,7.843906773574676,1.1032441739639984,0.3325,0.7808073810332968,864.2461127455634,19.0,21.0,0.22011128439315933,7.843906773574676,8.566972578813518,False,inf,0.0,True,0.4025,40.0
hospital,medio,1,baldosa,0.08680211037695658,0.6383710801393728,0.6383710801393728,1.0,27,27,146.26519999001175,0.035,0,topological,Homotopy planner,True,51.45009999978356,True,7.215517514152525,1.0148613298722529,0.2567444201928265,0.7693164627309014,94.1319311318647,1.0,5.0,0.4303382832940621,7.215517514152525,7.215517514152525,False,inf,0.0,True,0.30764869090459307,7020.0
hospital,medio,1,baldosa,0.08680211037695658,0.6383710801393728,0.6383710801393728,1.0,27,27,146.26519999001175,0.035,0,slam,SLAM-based,True,365.0151000038022,True,7.617871048933615,1.0714522871509002,0.32604225144653454,0.7612668656602541,380.13868294278234,2.0,17.0,0.19145489484038622,7.617871048933615,8.449163156793176,False,inf,0.0,True,0.3769115339037005,50.0
hospital,medio,1,baldosa,0.08680211037695658,0.6383710801393728,0.6383710801393728,1.0,27,27,146.26519999001175,0.035,0,drl,DRL (D3QN),True,6.307800009381026,True,9.96178282274302,1.4011230855663666,0.385,0.8000613478164608,1575.0000000000005,19.0,23.0,0.12543994198429934,9.96178282274302,16.055380889350978,False,inf,0.0,True,0.385,35.0
hospital,medio,1,baldosa,0.08680211037695658,0.6383710801393728,0.6383710801393728,1.0,27,27,146.26519999001175,0.035,1,tve,TVE (proposed),True,39.537500008009374,True,12.56000131910963,1.0068321195575531,0.3037938261201813,0.4990266755608724,126.63401789279892,0.0,8.0,0.5027226593072115,12.56000131910963,12.56000131910963,False,inf,0.0,True,0.3527938127687408,
hospital,medio,1,baldosa,0.08680211037695658,0.6383710801393728,0.6383710801393728,1.0,27,27,146.26519999001175,0.035,1,teselado,WDT,True,393.1351000064751,True,12.980153929312364,1.0405123025703082,0.3255249189762225,0.620657979486996,138.79623098896118,0.0,10.0,0.6276695203958584,12.980153929312364,12.980153929312364,False,inf,0.0,True,0.42000000000000004,
hospital,medio,1,baldosa,0.08680211037695658,0.6383710801393728,0.6383710801393728,1.0,27,27,146.26519999001175,0.035,1,dijkstra,Dijkstra,True,25.33080001012422,True,12.82140656327316,1.0277868304176698,0.29750000000000004,0.5580878510362903,224.88330814604353,3.0,7.0,0.36909732599006073,12.82140656327316,12.82140656327316,False,inf,0.0,True,0.36750000000000005,12863.0
hospital,medio,1,baldosa,0.08680211037695658,0.6383710801393728,0.6383710801393728,1.0,27,27,146.26519999001175,0.035,1,astar,A*,True,15.139499999349937,True,12.82140656327316,1.0277868304176698,0.2883973675966263,0.5474736163587224,404.87517279115116,5.0,11.0,0.36909732599006073,12.82140656327316,12.82140656327316,False,inf,0.0,True,0.35662024497985845,4717.0
hospital,medio,1,baldosa,0.08680211037695658,0.6383710801393728,0.6383710801393728,1.0,27,27,146.26519999001175,0.035,1,theta,Theta*,True,1217.5243999954546,True,12.602555471248504,1.010243336332568,0.27126833165868425,0.47127682306452895,123.70352987994093,1.0,5.0,0.3863229875217668,12.602555471248504,12.602555471248504,False,inf,0.0,True,0.3203247760875897,5252.0
hospital,medio,1,baldosa,0.08680211037695658,0.6383710801393728,0.6383710801393728,1.0,27,27,146.26519999001175,0.035,1,visibility,Visibility graph,True,3223.12989999773,True,12.474772184094657,1.0,0.26950519991817407,0.4805579113003099,122.21180059675267,1.0,6.0,0.4154386251006866,12.474772184094657,12.474772184094657,False,inf,0.0,True,0.3369476733554946,175.0
hospital,medio,1,baldosa,0.08680211037695658,0.6383710801393728,0.6383710801393728,1.0,27,27,146.26519999001175,0.035,1,rrt,RRT,True,26.37630001117941,True,15.241049199998074,1.221749702125256,0.255345614978686,0.5938431534789029,1061.963918620216,11.0,28.0,0.16143876432676113,15.241049199998074,18.595139913450804,False,inf,0.0,True,0.34843064758888975,202.0
hospital,medio,1,baldosa,0.08680211037695658,0.6383710801393728,0.6383710801393728,1.0,27,27,146.26519999001175,0.035,1,rrt_star,RRT*,True,1669.446899992181,True,12.523139731966701,1.00387722895122,0.2562143402153217,0.490187486160218,131.7938944681437,1.0,9.0,0.25791584283424646,12.523139731966701,12.523139731966701,False,inf,0.0,True,0.30761861058233453,4000.0
hospital,medio,1,baldosa,0.08680211037695658,0.6383710801393728,0.6383710801393728,1.0,27,27,146.26519999001175,0.035,1,prm,PRM,True,658.1873999966774,True,12.964336506191813,1.0392443497061494,0.3425659847259522,0.6208070341295409,206.2385429804402,2.0,12.0,0.26064986253024536,12.964336506191813,12.964336506191813,False,inf,0.0,True,0.4170491760139467,602.0
hospital,medio,1,baldosa,0.08680211037695658,0.6383710801393728,0.6383710801393728,1.0,27,27,146.26519999001175,0.035,1,potential,APF,False,1834.3121999932919,,,,,,,,,,,,,,,,,12194.0
hospital,medio,1,baldosa,0.08680211037695658,0.6383710801393728,0.6383710801393728,1.0,27,27,146.26519999001175,0.035,1,hybrid_astar,Hybrid A*,True,200.48660000611562,True,12.99441643983231,1.0416556108655997,0.2977505676765627,0.47044605617442137,226.6216965333053,0.0,17.0,0.8487904324671711,12.99441643983231,12.99441643983231,True,12.99441643983231,0.0,True,0.41106912189542105,287.0
hospital,medio,1,baldosa,0.08680211037695658,0.6383710801393728,0.6383710801393728,1.0,27,27,146.26519999001175,0.035,1,aco,ACO,True,1243.373999997857,True,13.351947178645743,1.070315912916589,0.3325,0.4066822980262046,922.9887168020808,16.0,21.0,0.17118152607752532,13.351947178645743,14.281690865004846,False,inf,0.0,True,0.4025,40.0
hospital,medio,1,baldosa,0.08680211037695658,0.6383710801393728,0.6383710801393728,1.0,27,27,146.26519999001175,0.035,1,topological,Homotopy planner,True,61.473199995816685,True,12.513000140904541,1.0030644212371769,0.2480194649104236,0.4641134932824869,119.5194363256757,2.0,4.0,0.22890561125387435,12.513000140904541,13.208286474079571,False,inf,0.0,True,0.2991213453229229,7020.0
hospital,medio,1,baldosa,0.08680211037695658,0.6383710801393728,0.6383710801393728,1.0,27,27,146.26519999001175,0.035,1,slam,SLAM-based,True,677.2396999876946,True,13.807031526515779,1.1067962863578185,0.3041181642355914,0.42300565439335036,643.7828362999101,3.0,18.0,0.08016327960140458,13.807031526515779,15.79241615502974,False,inf,0.0,True,0.3741181642355914,90.0
hospital,medio,1,baldosa,0.08680211037695658,0.6383710801393728,0.6383710801393728,1.0,27,27,146.26519999001175,0.035,1,drl,DRL (D3QN),False,76.5806999988854,,,,,,,,,,,,,,,,,465.0
hospital,medio,2,uniforme,0.07728307827666382,0.7209183019109914,0.7209183019109914,1.0,21,21,160.77649999351706,0.035,0,tve,TVE (proposed),True,36.402400000952184,True,13.092499770781107,1.0816944101123889,0.3738300835389957,0.7015625508610914,126.14608356412536,0.0,10.0,0.6337769023688867,13.092499770781107,13.092499770781107,False,inf,0.0,True,0.4375221760716927,
hospital,medio,2,uniforme,0.07728307827666382,0.7209183019109914,0.7209183019109914,1.0,21,21,160.77649999351706,0.035,0,teselado,WDT,True,197.94009999895934,True,12.93723092683312,1.0688661921629048,0.24500000000000002,0.6183688397882353,182.45329096530358,1.0,9.0,0.23762574573306844,12.93723092683312,13.607002388679172,False,inf,0.0,True,0.2999141094068285,
hospital,medio,2,uniforme,0.07728307827666382,0.7209183019109914,0.7209183019109914,1.0,21,21,160.77649999351706,0.035,0,dijkstra,Dijkstra,True,11.406499994336627,True,12.790351006300442,1.056731061990703,0.29556011915206915,0.5786753931847035,559.6667901307264,7.0,15.0,0.24794108245943328,12.790351006300442,12.790351006300442,False,inf,0.0,True,0.3531744718551636,9427.0
hospital,medio,2,uniforme,0.07728307827666382,0.7209183019109914,0.7209183019109914,1.0,21,21,160.77649999351706,0.035,0,astar,A*,True,7.449600001564249,True,12.790351006300442,1.056731061990703,0.2883973675966263,0.6242961916193329,641.6502994375379,10.0,16.0,0.24794108245943328,12.790351006300442,12.790351006300442,False,inf,0.0,True,0.36750000000000005,3838.0
hospital,medio,2,uniforme,0.07728307827666382,0.7209183019109914,0.7209183019109914,1.0,21,21,160.77649999351706,0.035,0,theta,Theta*,True,763.4131999948295,True,12.15875546276227,1.0045490202982652,0.2567201597381522,0.6313233994424758,74.65732841718332,1.0,5.0,0.35135527162146246,12.15875546276227,12.15875546276227,False,inf,0.0,True,0.3268219730771818,3331.0
hospital,medio,2,uniforme,0.07728307827666382,0.7209183019109914,0.7209183019109914,1.0,21,21,160.77649999351706,0.035,0,visibility,Visibility graph,True,3337.8484999993816,True,12.103695506220454,1.0,0.2751747256123637,0.6369724718375201,75.78493582995021,0.0,6.0,0.4431963212816139,12.103695506220454,12.103695506220454,False,inf,0.0,True,0.3516652115250107,179.0
hospital,medio,2,uniforme,0.07728307827666382,0.7209183019109914,0.7209183019109914,1.0,21,21,160.77649999351706,0.035,0,rrt,RRT,True,101.0511999920709,True,15.831092076096557,1.3079552495318874,0.2704403883201731,0.6550212156940242,1188.4212580313924,14.0,27.0,0.18126363023685163,15.831092076096557,21.13164486496099,False,inf,0.0,True,0.3404403883201731,1285.0
hospital,medio,2,uniforme,0.07728307827666382,0.7209183019109914,0.7209183019109914,1.0,21,21,160.77649999351706,0.035,0,rrt_star,RRT*,True,1624.5115999918198,True,12.197533405749159,1.0077528304872243,0.2881180030575912,0.6417338754850793,83.17156815465513,1.0,8.0,0.27392324614651864,12.197533405749159,12.197533405749159,False,inf,0.0,True,0.34805612160526544,4000.0
hospital,medio,2,uniforme,0.07728307827666382,0.7209183019109914,0.7209183019109914,1.0,21,21,160.77649999351706,0.035,0,prm,PRM,True,637.9548999975668,True,12.533810382698642,1.0355358308755487,0.28756594770572813,0.6989218524227635,197.6677357358394,1.0,14.0,0.34940552152191034,12.533810382698642,12.533810382698642,False,inf,0.0,True,0.3948869211408827,602.0
hospital,medio,2,uniforme,0.07728307827666382,0.7209183019109914,0.7209183019109914,1.0,21,21,160.77649999351706,0.035,0,potential,APF,False,1759.775800004718,,,,,,,,,,,,,,,,,11834.0
hospital,medio,2,uniforme,0.07728307827666382,0.7209183019109914,0.7209183019109914,1.0,21,21,160.77649999351706,0.035,0,hybrid_astar,Hybrid A*,True,109.96630000590812,True,12.304158210505282,1.0165621073482727,0.26994378701517635,0.657768256254546,180.33863361972595,0.0,16.0,0.8006253952962797,12.304158210505282,12.304158210505282,True,12.304158210505282,0.0,True,0.33994378701517636,155.0
hospital,medio,2,uniforme,0.07728307827666382,0.7209183019109914,0.7209183019109914,1.0,21,21,160.77649999351706,0.035,0,aco,ACO,True,3302.2002000070643,True,13.685815862164777,1.1307138266268533,0.3325,0.6648460940138935,1661.6854141793565,25.0,35.0,0.17959967830077153,13.685815862164777,16.72852173036058,False,inf,0.0,True,0.4025,40.0
hospital,medio,2,uniforme,0.07728307827666382,0.7209183019109914,0.7209183019109914,1.0,21,21,160.77649999351706,0.035,0,topological,Homotopy planner,True,778.6602000123821,True,12.17313248560546,1.0057368412274847,0.2647639928098664,0.6296051427615053,73.79397574038235,1.0,4.0,0.22268727688856935,12.17313248560546,12.887834040699401,False,inf,0.0,True,0.3265013269280428,18340.0
hospital,medio,2,uniforme,0.07728307827666382,0.7209183019109914,0.7209183019109914,1.0,21,21,160.77649999351706,0.035,0,slam,SLAM-based,True,666.1833999969531,True,13.794646927295917,1.1397053833853001,0.30406569059439675,0.6151065368024035,646.1617637762329,3.0,21.0,0.1057395481944503,13.794646927295917,15.299806972043001,False,inf,0.0,True,0.40408880437299516,89.0
hospital,medio,2,uniforme,0.07728307827666382,0.7209183019109914,0.7209183019109914,1.0,21,21,160.77649999351706,0.035,0,drl,DRL (D3QN),False,77.66900000569876,,,,,,,,,,,,,,,,,465.0
hospital,medio,2,uniforme,0.07728307827666382,0.7209183019109914,0.7209183019109914,1.0,21,21,160.77649999351706,0.035,1,tve,TVE (proposed),True,36.516199994366616,True,8.223383868430917,1.0031098713714521,0.29837812594951896,0.6604199989366676,64.27005192507306,0.0,7.0,1.0063125560979105,8.223383868430917,8.223383868430917,True,8.223383868430917,0.0,True,0.3642708605983209,
hospital,medio,2,uniforme,0.07728307827666382,0.7209183019109914,0.7209183019109914,1.0,21,21,160.77649999351706,0.035,1,teselado,WDT,True,327.6352999964729,True,8.700251488455274,1.061279430842001,0.24500000000000002,0.6221087862115996,175.06855127082787,2.0,5.0,0.2812187229912917,8.700251488455274,8.700251488455274,False,inf,0.0,True,0.29871519063428115,
hospital,medio,2,uniforme,0.07728307827666382,0.7209183019109914,0.7209183019109914,1.0,21,21,160.77649999351706,0.035,1,dijkstra,Dijkstra,True,5.865800005267374,True,8.740300499961611,1.0661647140080828,0.304174485206604,0.496804822951073,359.34552611619387,4.0,10.0,0.43309299359812553,8.740300499961611,8.740300499961611,False,inf,0.0,True,0.3531744718551636,4548.0
hospital,medio,2,uniforme,0.07728307827666382,0.7209183019109914,0.7209183019109914,1.0,21,21,160.77649999351706,0.035,1,astar,A*,True,1.8431000062264502,True,8.740300499961611,1.0661647140080828,0.304174485206604,0.6525267295886269,486.9039617200191,4.0,13.0,0.3346360453294492,8.740300499961611,8.740300499961611,False,inf,0.0,True,0.36528885126113897,431.0
hospital,medio,2,uniforme,0.07728307827666382,0.7209183019109914,0.7209183019109914,1.0,21,21,160.77649999351706,0.035,1,theta,Theta*,True,369.4478999968851,True,8.256349075803428,1.0071310535826,0.2597755799359745,0.6859969487698976,57.50996812115685,0.0,4.0,0.10884972875344646,8.256349075803428,9.718501943932242,False,inf,0.0,True,0.33081181049346875,1600.0
hospital,medio,2,uniforme,0.07728307827666382,0.7209183019109914,0.7209183019109914,1.0,21,21,160.77649999351706,0.035,1,visibility,Visibility graph,True,3126.1161000002176,True,8.197889486610178,1.0,0.2825957222899947,0.6849753087884266,55.572567957743594,0.0,4.0,0.7841574774760592,8.197889486610178,8.197889486610178,True,8.197889486610178,0.0,True,0.3525957222899947,179.0
hospital,medio,2,uniforme,0.07728307827666382,0.7209183019109914,0.7209183019109914,1.0,21,21,160.77649999351706,0.035,1,rrt,RRT,True,22.586799997952767,True,10.088483321164158,1.2306195805203197,0.2704403883201731,0.7303953026064488,799.8017520071887,9.0,18.0,0.1266501631689026,10.088483321164158,11.345133443909313,False,inf,0.0,True,0.3404403883201731,354.0
hospital,medio,2,uniforme,0.07728307827666382,0.7209183019109914,0.7209183019109914,1.0,21,21,160.77649999351706,0.035,1,rrt_star,RRT*,True,1242.0561000035377,True,8.284434339523198,1.0105569675041821,0.27465616875532095,0.686176176665688,88.10286989075946,0.0,6.0,0.5535181444032439,8.284434339523198,8.284434339523198,False,inf,0.0,True,0.3465635290154931,4000.0
hospital,medio,2,uniforme,0.07728307827666382,0.7209183019109914,0.7209183019109914,1.0,21,21,160.77649999351706,0.035,1,prm,PRM,True,673.6214999982622,True,8.56622534487122,1.0449305713211496,0.28756594770572813,0.6259529394651925,222.8804049592316,1.0,13.0,0.3033881997469847,8.56622534487122,8.56622534487122,False,inf,0.0,True,0.3948869211408827,602.0
hospital,medio,2,uniforme,0.07728307827666382,0.7209183019109914,0.7209183019109914,1.0,21,21,160.77649999351706,0.035,1,potential,APF,False,1723.3947000058834,,,,,,,,,,,,,,,,,11801.0
hospital,medio,2,uniforme,0.07728307827666382,0.7209183019109914,0.7209183019109914,1.0,21,21,160.77649999351706,0.035,1,hybrid_astar,Hybrid A*,True,49.29169999377336,True,8.321031758880439,1.015021216432765,0.2934388946559789,0.7551659125038378,173.6677316030328,0.0,15.0,0.8625380366317712,8.321031758880439,8.321031758880439,True,8.321031758880439,0.0,True,0.3632448094643621,62.0
hospital,medio,2,uniforme,0.07728307827666382,0.7209183019109914,0.7209183019109914,1.0,21,21,160.77649999351706,0.035,1,aco,ACO,True,1422.11959999986,True,9.501343640651134,1.158998746710348,0.36750000000000005,0.7507100260163447,1526.8201698801358,26.0,33.0,0.12712404510248512,9.501343640651134,10.753309332614347,False,inf,0.0,True,0.4025,40.0
hospital,medio,2,uniforme,0.07728307827666382,0.7209183019109914,0.7209183019109914,1.0,21,21,160.77649999351706,0.035,1,topological,Homotopy planner,True,713.0871999979718,True,8.209098840543927,1.0013673463093224,0.2543775508219849,0.6931942336057421,59.794589178297464,0.0,4.0,0.4668348593718447,8.209098840543927,8.209098840543927,False,inf,0.0,True,0.3097114140817901,31994.0
hospital,medio,2,uniforme,0.07728307827666382,0.7209183019109914,0.7209183019109914,1.0,21,21,160.77649999351706,0.035,1,slam,SLAM-based,True,443.46219999715686,True,9.229172792489209,1.1257986348271043,0.2818153928956452,0.6777327963606505,518.5503685479848,4.0,16.0,0.14772907215298475,9.229172792489209,10.306516207515049,False,inf,0.0,True,0.3807105284581011,59.0
hospital,medio,2,uniforme,0.07728307827666382,0.7209183019109914,0.7209183019109914,1.0,21,21,160.77649999351706,0.035,1,drl,DRL (D3QN),False,77.61809999647085,,,,,,,,,,,,,,,,,465.0
hospital,dificil,2,concreto,0.14324668927603243,0.5014586212191002,0.7854737854737854,0.5810354029532112,15,21,194.77860000915825,0.035,0,tve,TVE (proposed),True,37.51979999651667,True,13.100523844488052,1.0,0.49903337349812,1.3690774669208448,0.0,0.0,2.0,16777216.0,13.100523844488052,13.100523844488052,True,13.100523844488052,10.0,False,0.0,
hospital,dificil,2,concreto,0.14324668927603243,0.5014586212191002,0.7854737854737854,0.5810354029532112,15,21,194.77860000915825,0.035,0,teselado,WDT,True,293.1720999913523,True,14.149416825347528,1.0800649648296918,0.3424754231405404,0.9611114147304717,136.91490843707953,0.0,9.0,0.33936997425002036,14.149416825347528,14.149416825347528,False,inf,10.0,False,0.0,
hospital,dificil,2,concreto,0.14324668927603243,0.5014586212191002,0.7854737854737854,0.5810354029532112,15,21,194.77860000915825,0.035,0,dijkstra,Dijkstra,True,24.087600002530962,True,14.254169183480643,1.0880610082991435,0.33594573974609376,1.04133494272688,137.35180011115793,2.0,5.0,0.16876686729178714,14.254169183480643,15.197215325450717,False,inf,9.833333333333343,False,0.0,20253.0
hospital,dificil,2,concreto,0.14324668927603243,0.5014586212191002,0.7854737854737854,0.5810354029532112,15,21,194.77860000915825,0.035,0,astar,A*,True,7.920899995951913,True,14.254169183480643,1.0880610082991435,0.4897286987304688,1.167915681130585,682.2531946127255,11.0,17.0,0.16876686729178894,14.254169183480643,15.197215325450708,False,inf,9.833333333333343,False,0.0,4075.0
hospital,dificil,2,concreto,0.14324668927603243,0.5014586212191002,0.7854737854737854,0.5810354029532112,15,21,194.77860000915825,0.035,0,theta,Theta*,True,296.3026999932481,True,13.18284815149056,1.0062840469571868,0.47704094215703274,1.3676711513562583,0.0,0.0,2.0,1.655755108216845,13.18284815149056,13.18284815149056,True,13.18284815149056,10.0,False,0.0,712.0
hospital,dificil,2,concreto,0.14324668927603243,0.5014586212191002,0.7854737854737854,0.5810354029532112,15,21,194.77860000915825,0.035,0,visibility,Visibility graph,True,3254.729300009785,True,13.100523844488052,1.0,0.49903337349812,1.3690774669208448,0.0,0.0,2.0,16777216.0,13.100523844488052,13.100523844488052,True,13.100523844488052,10.0,False,0.0,178.0
hospital,dificil,2,concreto,0.14324668927603243,0.5014586212191002,0.7854737854737854,0.5810354029532112,15,21,194.77860000915825,0.035,0,rrt,RRT,True,2.5972000003093854,True,13.100523844488052,1.0,0.49903337349812,1.3690774669208448,0.0,0.0,2.0,16777216.0,13.100523844488052,13.100523844488052,True,13.100523844488052,10.0,False,0.0,0.0
hospital,dificil,2,concreto,0.14324668927603243,0.5014586212191002,0.7854737854737854,0.5810354029532112,15,21,194.77860000915825,0.035,0,rrt_star,RRT*,True,1719.0579999878537,True,13.116838370966425,1.0012453339020666,0.5290947656819305,1.3892051219474941,46.58372657904398,0.0,10.0,1.481477627125341,13.116838370966425,13.116838370966425,True,13.116838370966425,10.0,False,0.0,4000.0
hospital,dificil,2,concreto,0.14324668927603243,0.5014586212191002,0.7854737854737854,0.5810354029532112,15,21,194.77860000915825,0.035,0,prm,PRM,True,635.6745999946725,True,13.665370568357767,1.0431163463823907,0.3009800915969048,1.1969280908829216,279.3142694298144,2.0,14.0,0.3275970237565038,13.665370568357767,13.665370568357767,False,inf,9.84905660377359,False,0.0,602.0
hospital,dificil,2,concreto,0.14324668927603243,0.5014586212191002,0.7854737854737854,0.5810354029532112,15,21,194.77860000915825,0.035,0,potential,APF,True,72.12089998938609,True,13.259040867832194,1.012100052274691,0.7647813666120574,1.423778329260408,97.88614072871519,0.0,8.0,0.6434863587361175,13.259040867832194,13.259040867832194,False,inf,10.0,False,0.0,379.0
hospital,dificil,2,concreto,0.14324668927603243,0.5014586212191002,0.7854737854737854,0.5810354029532112,15,21,194.77860000915825,0.035,0,hybrid_astar,Hybrid A*,True,52.52470000414178,True,13.262973042818434,1.0124002063015771,0.31146306466411966,1.2164584312599116,99.9057369273265,0.0,11.0,1.1802591432363507,13.262973042818434,13.262973042818434,True,13.262973042818434,9.940023312181241,False,0.0,62.0
hospital,dificil,2,concreto,0.14324668927603243,0.5014586212191002,0.7854737854737854,0.5810354029532112,15,21,194.77860000915825,0.035,0,aco,ACO,True,335.15699999406934,True,14.634295869930762,1.1170771523070073,0.4025,1.1725274505250796,2213.1301023541555,39.0,47.0,0.30568215592671766,14.634295869930762,14.634295869930762,False,inf,9.833333333333343,False,0.0,40.0
hospital,dificil,2,concreto,0.14324668927603243,0.5014586212191002,0.7854737854737854,0.5810354029532112,15,21,194.77860000915825,0.035,0,topological,Homotopy planner,True,378.87129999580793,True,13.100523844488052,1.0,0.49903337349812,1.3690774669208448,0.0,0.0,2.0,16777216.0,13.100523844488052,13.100523844488052,True,13.100523844488052,10.0,False,0.0,18520.0
hospital,dificil,2,concreto,0.14324668927603243,0.5014586212191002,0.7854737854737854,0.5810354029532112,15,21,194.77860000915825,0.035,0,slam,SLAM-based,True,642.2082999924896,True,14.601606484797513,1.1145818791773758,0.448361781280554,1.3246389701077077,346.90298969673387,1.0,11.0,0.12519747411738266,14.601606484797513,15.872837747360165,False,inf,10.0,False,0.0,94.0
hospital,dificil,2,concreto,0.14324668927603243,0.5014586212191002,0.7854737854737854,0.5810354029532112,15,21,194.77860000915825,0.035,0,drl,DRL (D3QN),True,17.967699997825548,True,16.343114047110962,1.2475160719612908,0.5950000000000001,1.3528906276181547,1646.565051177078,24.0,28.0,0.10976365599961667,16.343114047110962,23.53584264251044,False,inf,11.0,False,0.0,54.0
hospital,dificil,2,concreto,0.14324668927603243,0.5014586212191002,0.7854737854737854,0.5810354029532112,15,21,194.77860000915825,0.035,1,tve,TVE (proposed),True,40.74499999114778,True,6.812976492336493,1.0054027956396583,0.28,1.768998744924984,38.42127161579903,0.0,3.0,0.6447866671430531,6.812976492336493,6.812976492336493,False,inf,9.9554068516411,False,0.0,
hospital,dificil,2,concreto,0.14324668927603243,0.5014586212191002,0.7854737854737854,0.5810354029532112,15,21,194.77860000915825,0.035,1,teselado,WDT,True,31.539399991743267,True,6.776365176110273,1.0000000000000002,0.28,1.777247206065755,0.0,0.0,2.0,inf,6.776365176110273,6.776365176110273,True,6.776365176110273,9.987113402061851,False,0.0,
hospital,dificil,2,concreto,0.14324668927603243,0.5014586212191002,0.7854737854737854,0.5810354029532112,15,21,194.77860000915825,0.035,1,dijkstra,Dijkstra,True,15.891499991994351,True,7.309987583716811,1.0787475872002585,0.28,1.5247500492662247,154.15110876839242,2.0,4.0,0.40351291587734545,7.309987583716811,7.309987583716811,False,inf,10.0,False,0.0,13154.0
hospital,dificil,2,concreto,0.14324668927603243,0.5014586212191002,0.7854737854737854,0.5810354029532112,15,21,194.77860000915825,0.035,1,astar,A*,True,2.005800008191727,True,7.3099875837168105,1.0787475872002583,0.28,1.6590509728568936,340.5599651718238,4.0,8.0,0.28392090490622524,7.3099875837168105,7.3099875837168105,False,inf,9.833333333333343,False,0.0,539.0
hospital,dificil,2,concreto,0.14324668927603243,0.5014586212191002,0.7854737854737854,0.5810354029532112,15,21,194.77860000915825,0.035,1,theta,Theta*,True,92.6504999952158,True,6.875859340026137,1.014682526890172,0.28,1.763309224350575,96.37116801583103,1.0,3.0,0.8802629300753197,6.875859340026137,6.875859340026137,True,6.875859340026137,9.767352185089976,False,0.0,226.0
hospital,dificil,2,concreto,0.14324668927603243,0.5014586212191002,0.7854737854737854,0.5810354029532112,15,21,194.77860000915825,0.035,1,visibility,Visibility graph,True,3184.2851000110386,True,6.776365176110272,1.0,0.28,1.777247206065755,0.0,0.0,2.0,16777216.0,6.776365176110272,6.776365176110272,True,6.776365176110272,9.987113402061851,False,0.0,178.0
hospital,dificil,2,concreto,0.14324668927603243,0.5014586212191002,0.7854737854737854,0.5810354029532112,15,21,194.77860000915825,0.035,1,rrt,RRT,True,1.694499995210208,True,6.776365176110272,1.0,0.28,1.777247206065755,0.0,0.0,2.0,16777216.0,6.776365176110272,6.776365176110272,True,6.776365176110272,9.987113402061851,False,0.0,0.0
hospital,dificil,2,concreto,0.14324668927603243,0.5014586212191002,0.7854737854737854,0.5810354029532112,15,21,194.77860000915825,0.035,1,rrt_star,RRT*,True,1618.925799994031,True,6.779235890521456,1.0004236363207377,0.28,1.7804890285276573,4.9221407750032045,0.0,4.0,3.5947168488631958,6.779235890521456,6.779235890521456,True,6.779235890521456,9.959845474167224,False,0.0,4000.0
hospital,dificil,2,concreto,0.14324668927603243,0.5014586212191002,0.7854737854737854,0.5810354029532112,15,21,194.77860000915825,0.035,1,prm,PRM,True,610.1728999929037,True,6.84389379442801,1.0099653157058015,0.28,1.6507581883075257,23.939004707813936,0.0,5.0,1.4088056403311937,6.84389379442801,6.84389379442801,True,6.84389379442801,9.933333333333337,False,0.0,602.0
hospital,dificil,2,concreto,0.14324668927603243,0.5014586212191002,0.7854737854737854,0.5810354029532112,15,21,194.77860000915825,0.035,1,potential,APF,True,42.51890000887215,True,7.147656149758661,1.0547920550322991,0.28,1.7136073500309497,77.9894302247302,0.0,5.0,0.26070515408827244,7.147656149758661,7.147656149758661,False,inf,9.974948674307171,False,0.0,205.0
hospital,dificil,2,concreto,0.14324668927603243,0.5014586212191002,0.7854737854737854,0.5810354029532112,15,21,194.77860000915825,0.035,1,hybrid_astar,Hybrid A*,True,29.134099997463636,True,6.839107371852697,1.0092589749979266,0.28,1.679243907204301,36.412561600425974,0.0,6.0,1.7835154085769354,6.839107371852697,6.839107371852697,True,6.839107371852697,9.891436974527494,False,0.0,30.0
hospital,dificil,2,concreto,0.14324668927603243,0.5014586212191002,0.7854737854737854,0.5810354029532112,15,21,194.77860000915825,0.035,1,aco,ACO,True,183.31320000288542,True,7.689240099464007,1.1347145408532628,0.28,1.6405834805563067,1272.5288077091518,22.0,24.0,0.1902718398081896,7.689240099464007,9.894614930686508,False,inf,10.0,False,0.0,40.0
hospital,dificil,2,concreto,0.14324668927603243,0.5014586212191002,0.7854737854737854,0.5810354029532112,15,21,194.77860000915825,0.035,1,topological,Homotopy planner,True,244.58949999825563,True,6.776365176110272,1.0,0.28,1.777247206065755,0.0,0.0,2.0,16777216.0,6.776365176110272,6.776365176110272,True,6.776365176110272,9.987113402061851,False,0.0,13696.0
hospital,dificil,2,concreto,0.14324668927603243,0.5014586212191002,0.7854737854737854,0.5810354029532112,15,21,194.77860000915825,0.035,1,slam,SLAM-based,True,288.8709000108065,True,7.227478626403762,1.066571596802939,0.28,1.6686736268561129,237.76151386357782,2.0,8.0,0.3313879679024903,7.227478626403762,7.227478626403762,False,inf,9.99278486618556,False,0.0,48.0
hospital,dificil,2,concreto,0.14324668927603243,0.5014586212191002,0.7854737854737854,0.5810354029532112,15,21,194.77860000915825,0.035,1,drl,DRL (D3QN),True,6.731200002832338,True,9.288613176016844,1.3707368086896163,0.28,1.6202067812544385,1163.4537092167059,14.0,19.0,0.1368104850827233,9.288613176016844,14.701006191303112,False,inf,9.849999999999994,False,0.0,30.0
hospital,medio,3,alfombra,0.10772186966012835,0.7297490573397477,0.7297490573397477,1.0,21,21,133.49919999018312,0.035,0,tve,TVE (proposed),True,44.52029999811202,True,7.825273444606328,1.0089827555674729,0.30415512931853034,0.5057823412931531,95.78163223320813,0.0,7.0,0.4883924690174404,7.825273444606328,7.825273444606328,False,inf,0.0,True,0.3756339961147073,
hospital,medio,3,alfombra,0.10772186966012835,0.7297490573397477,0.7297490573397477,1.0,21,21,133.49919999018312,0.035,0,teselado,WDT,True,394.1062999947462,True,7.973817876475171,1.0281359227062565,0.31008349884879327,0.5245809990778401,120.56035613619608,0.0,11.0,0.3273841234574272,7.973817876475171,7.973817876475171,False,inf,0.0,True,0.4283079522583168,
hospital,medio,3,alfombra,0.10772186966012835,0.7297490573397477,0.7297490573397477,1.0,21,21,133.49919999018312,0.035,0,dijkstra,Dijkstra,True,14.933400001609698,True,8.230401512639276,1.061219554362454,0.2883973675966263,0.44540892517198905,495.8550973962668,8.0,13.0,0.3666926272563223,8.230401512639276,8.230401512639276,False,inf,0.0,True,0.38106596469879156,12718.0
hospital,medio,3,alfombra,0.10772186966012835,0.7297490573397477,0.7297490573397477,1.0,21,21,133.49919999018312,0.035,0,astar,A*,True,3.5462000087136403,True,8.230401512639276,1.061219554362454,0.2883973675966263,0.47452505701989106,720.0,12.0,18.0,0.3310911861694743,8.230401512639276,8.230401512639276,False,inf,0.0,True,0.36750000000000005,1632.0
hospital,medio,3,alfombra,0.10772186966012835,0.7297490573397477,0.7297490573397477,1.0,21,21,133.49919999018312,0.035,0,theta,Theta*,True,362.03000000386965,True,7.8580263755817565,1.0132058849932284,0.2617048668941398,0.4725959287820201,94.7865477847269,1.0,6.0,0.31125500575865295,7.8580263755817565,7.8580263755817565,False,inf,0.0,True,0.3427502679824829,1605.0
hospital,medio,3,alfombra,0.10772186966012835,0.7297490573397477,0.7297490573397477,1.0,21,21,133.49919999018312,0.035,0,visibility,Visibility graph,True,2842.9675999941537,True,7.755606725117151,1.0,0.2722737126990706,0.4696208793089061,91.79933468884117,0.0,6.0,0.3768798354977648,7.755606725117151,7.755606725117151,False,inf,0.0,True,0.3516671838276723,164.0
hospital,medio,3,alfombra,0.10772186966012835,0.7297490573397477,0.7297490573397477,1.0,21,21,133.49919999018312,0.035,0,rrt,RRT,True,35.448800001177005,True,9.425225975653845,1.2152789987570538,0.26772361871199074,0.5222915973058804,499.1112260317005,4.0,17.0,0.17529135626637776,9.425225975653845,11.063970968440696,False,inf,0.0,True,0.34461510985965443,349.0
hospital,medio,3,alfombra,0.10772186966012835,0.7297490573397477,0.7297490573397477,1.0,21,21,133.49919999018312,0.035,0,rrt_star,RRT*,True,1678.1921000074362,True,7.889024128673975,1.0172027035776248,0.3025817909452475,0.5231885685741524,111.37765244546597,1.0,8.0,0.39982508323980365,7.889024128673975,7.889024128673975,False,inf,0.0,True,0.3784403564048885,4000.0
hospital,medio,3,alfombra,0.10772186966012835,0.7297490573397477,0.7297490573397477,1.0,21,21,133.49919999018312,0.035,0,prm,PRM,True,687.7288999967277,True,8.394399872869062,1.0823653352204061,0.26864864864864874,0.5721444367008286,105.66357165056945,1.0,8.0,0.42574509435019636,8.394399872869062,8.394399872869062,False,inf,0.0,True,0.3736486486486487,602.0
hospital,medio,3,alfombra,0.10772186966012835,0.7297490573397477,0.7297490573397477,1.0,21,21,133.49919999018312,0.035,0,potential,APF,False,1708.2177999982378,,,,,,,,,,,,,,,,,11670.0
hospital,medio,3,alfombra,0.10772186966012835,0.7297490573397477,0.7297490573397477,1.0,21,21,133.49919999018312,0.035,0,hybrid_astar,Hybrid A*,True,511.33420001133345,True,12.719310117711732,1.6400148393960245,0.26611917865984097,0.6568128315661047,377.49858395418215,0.0,22.0,0.7953315815944327,12.719310117711732,12.719310117711732,True,12.719310117711732,0.0,True,0.3430106661954008,729.0
hospital,medio,3,alfombra,0.10772186966012835,0.7297490573397477,0.7297490573397477,1.0,21,21,133.49919999018312,0.035,0,aco,ACO,True,2910.108299998683,True,8.417977482449043,1.0854054080884157,0.36750000000000005,0.535613585950583,789.2744411344396,13.0,18.0,0.2311604748496222,8.417977482449043,9.106481618787363,False,inf,0.0,True,0.47250000000000003,40.0
hospital,medio,3,alfombra,0.10772186966012835,0.7297490573397477,0.7297490573397477,1.0,21,21,133.49919999018312,0.035,0,topological,Homotopy planner,True,58.6265000019921,True,7.818896295987765,1.0081604925460759,0.26422283590310686,0.4682458835610974,90.3989855343801,1.0,4.0,0.3323787435870871,7.818896295987765,7.818896295987765,False,inf,0.0,True,0.3369898411965545,9439.0
hospital,medio,3,alfombra,0.10772186966012835,0.7297490573397477,0.7297490573397477,1.0,21,21,133.49919999018312,0.035,0,slam,SLAM-based,True,423.9222000032896,True,9.075620180397603,1.1702011850350127,0.3295354104748772,0.48352367399158636,637.0168713735568,2.0,18.0,0.09597701306020115,9.075620180397603,10.733881237053598,False,inf,0.0,True,0.4156277311560989,60.0
hospital,medio,3,alfombra,0.10772186966012835,0.7297490573397477,0.7297490573397477,1.0,21,21,133.49919999018312,0.035,0,drl,DRL (D3QN),False,78.9809999987483,,,,,,,,,,,,,,,,,465.0
hospital,medio,3,alfombra,0.10772186966012835,0.7297490573397477,0.7297490573397477,1.0,21,21,133.49919999018312,0.035,1,tve,TVE (proposed),True,43.92989999905694,True,13.00522927034006,1.0113530752400433,0.304593111800124,0.5812682369799619,147.26409587654248,0.0,12.0,0.52914435720953,13.00522927034006,13.00522927034006,False,inf,0.0,True,0.3814845912923115,
hospital,medio,3,alfombra,0.10772186966012835,0.7297490573397477,0.7297490573397477,1.0,21,21,133.49919999018312,0.035,1,teselado,WDT,True,498.35690000327304,True,13.361609059981129,1.0390669885217483,0.3322200043086906,0.6309385125867946,302.97351603726565,0.0,18.0,0.27816002330218126,13.361609059981129,13.361609059981129,False,inf,0.0,True,0.443619260871704,
hospital,medio,3,alfombra,0.10772186966012835,0.7297490573397477,0.7297490573397477,1.0,21,21,133.49919999018312,0.035,1,dijkstra,Dijkstra,True,20.856900009675883,True,13.660199487283942,1.0622869057267943,0.29750000000000004,0.5240392508243845,589.3987053549956,10.0,15.0,0.30728597567826793,13.660199487283942,13.660199487283942,False,inf,0.0,True,0.36750000000000005,16857.0
hospital,medio,3,alfombra,0.10772186966012835,0.7297490573397477,0.7297490573397477,1.0,21,21,133.49919999018312,0.035,1,astar,A*,True,6.18199999735225,True,13.660199487283943,1.0622869057267945,0.29750000000000004,0.590684122962544,629.204276447261,7.0,16.0,0.36884550110287634,13.660199487283943,13.660199487283943,False,inf,0.0,True,0.36750000000000005,3109.0
hospital,medio,3,alfombra,0.10772186966012835,0.7297490573397477,0.7297490573397477,1.0,21,21,133.49919999018312,0.035,1,theta,Theta*,True,711.7668999999296,True,12.942337743209404,1.0064623087608093,0.2514683739236877,0.5593752062396834,98.73179264568174,0.0,7.0,0.41198959124713325,12.942337743209404,12.942337743209404,False,inf,0.0,True,0.34311490520710897,3016.0
hospital,medio,3,alfombra,0.10772186966012835,0.7297490573397477,0.7297490573397477,1.0,21,21,133.49919999018312,0.035,1,visibility,Visibility graph,True,2722.323099995265,True,12.859237380825965,1.0,0.261581499203604,0.5605728823976904,97.23083971484427,0.0,7.0,0.6511243116885673,12.859237380825965,12.859237380825965,False,inf,0.0,True,0.338472989579446,164.0
hospital,medio,3,alfombra,0.10772186966012835,0.7297490573397477,0.7297490573397477,1.0,21,21,133.49919999018312,0.035,1,rrt,RRT,True,83.31890001136344,True,14.93117800971385,1.161124689398556,0.2618919747666443,0.6051732360152483,1084.7280548309625,11.0,29.0,0.19589126517162725,14.93117800971385,19.514644162664702,False,inf,0.0,True,0.3501474292486407,1175.0
hospital,medio,3,alfombra,0.10772186966012835,0.7297490573397477,0.7297490573397477,1.0,21,21,133.49919999018312,0.035,1,rrt_star,RRT*,True,1229.3657999980496,True,12.923551004703334,1.0050013559881292,0.2560115153783802,0.573359117544567,139.47856709300615,0.0,11.0,0.37280802172848654,12.923551004703334,12.923551004703334,False,inf,0.0,True,0.35986336647158873,4000.0
hospital,medio,3,alfombra,0.10772186966012835,0.7297490573397477,0.7297490573397477,1.0,21,21,133.49919999018312,0.035,1,prm,PRM,False,638.365300008445,,,,,,,,,,,,,,,,,602.0
hospital,medio,3,alfombra,0.10772186966012835,0.7297490573397477,0.7297490573397477,1.0,21,21,133.49919999018312,0.035,1,potential,APF,False,1693.9624000078766,,,,,,,,,,,,,,,,,11919.0
hospital,medio,3,alfombra,0.10772186966012835,0.7297490573397477,0.7297490573397477,1.0,21,21,133.49919999018312,0.035,1,hybrid_astar,Hybrid A*,True,64.76599999587052,True,12.944583519677664,1.006636951813251,0.25288336969589453,0.5496557942061315,199.54231293027414,0.0,17.0,0.7953778190677859,12.944583519677664,12.944583519677664,True,12.944583519677664,0.0,True,0.331075837033013,104.0
hospital,medio,3,alfombra,0.10772186966012835,0.7297490573397477,0.7297490573397477,1.0,21,21,133.49919999018312,0.035,1,aco,ACO,True,2512.145700005931,True,14.22836657880513,1.1064704816804014,0.3325,0.5400055818256749,1260.0,22.0,27.0,0.23109725563464212,14.22836657880513,14.917059063079,False,inf,0.0,True,0.4025,40.0
hospital,medio,3,alfombra,0.10772186966012835,0.7297490573397477,0.7297490573397477,1.0,21,21,133.49919999018312,0.035,1,topological,Homotopy planner,True,72.35500001115724,True,12.874430536131818,1.001181497382458,0.25026465365111583,0.5692887892692168,94.74796549371784,1.0,5.0,0.525845736608316,12.874430536131818,12.874430536131818,False,inf,0.0,True,0.3393312334834335,9439.0
hospital,medio,3,alfombra,0.10772186966012835,0.7297490573397477,0.7297490573397477,1.0,21,21,133.49919999018312,0.035,1,slam,SLAM-based,True,653.0295999982627,True,13.830343175136338,1.0755181482035912,0.306737459203853,0.6252726661640272,685.2110507973136,3.0,24.0,0.1277839733155644,13.830343175136338,15.075843209000992,False,inf,0.0,True,0.4069497331227859,91.0
hospital,medio,3,alfombra,0.10772186966012835,0.7297490573397477,0.7297490573397477,1.0,21,21,133.49919999018312,0.035,1,drl,DRL (D3QN),False,78.16920000186656,,,,,,,,,,,,,,,,,465.0
hospital,dificil,1,baldosa,0.14166270938782038,0.7233381039332774,0.7233381039332774,1.0,27,27,177.7598000044236,0.035,0,tve,TVE (proposed),True,209.6354999957839,True,10.39583275611975,1.324048644934289,0.24510121530135728,0.47838895013753385,631.3584550195976,1.0,22.0,0.07957747154594767,10.39583275611975,12.39583275611975,False,inf,0.0,True,0.3186374386605971,
hospital,dificil,1,baldosa,0.14166270938782038,0.7233381039332774,0.7233381039332774,1.0,27,27,177.7598000044236,0.035,0,teselado,WDT,True,137.8277000039816,True,7.948305553219913,1.0123232495318226,0.2621913880966373,0.6398774250386317,101.20358356915656,0.0,8.0,0.3483255916274698,7.948305553219913,7.948305553219913,False,inf,0.0,True,0.3269515034766064,
hospital,dificil,1,baldosa,0.14166270938782038,0.7233381039332774,0.7233381039332774,1.0,27,27,177.7598000044236,0.035,0,dijkstra,Dijkstra,True,10.535900000832044,True,8.537335854398792,1.0873441536188013,0.2883973675966263,0.6131970407550895,671.4874168893332,9.0,17.0,0.22721172614668314,8.537335854398792,9.237805613557033,False,inf,0.0,True,0.3325,7074.0
hospital,dificil,1,baldosa,0.14166270938782038,0.7233381039332774,0.7233381039332774,1.0,27,27,177.7598000044236,0.035,0,astar,A*,True,3.3170999959111214,True,8.537335854398792,1.0873441536188013,0.2883973675966263,0.5960304847295546,708.8261617581853,11.0,18.0,0.34323963962294357,8.537335854398792,8.537335854398792,False,inf,0.0,True,0.35662024497985845,1348.0
hospital,dificil,1,baldosa,0.14166270938782038,0.7233381039332774,0.7233381039332774,1.0,27,27,177.7598000044236,0.035,0,theta,Theta*,True,306.78830000397284,True,7.910716919542966,1.007535833203333,0.2564490390724005,0.653214453438893,57.87834498575596,0.0,4.0,0.3934945178388759,7.910716919542966,7.910716919542966,False,inf,0.0,True,0.3234026894444654,1263.0
hospital,dificil,1,baldosa,0.14166270938782038,0.7233381039332774,0.7233381039332774,1.0,27,27,177.7598000044236,0.035,0,visibility,Visibility graph,True,3830.138799996348,True,7.851548956221079,1.0,0.2647278124589721,0.656857976871704,57.13048665677708,0.0,4.0,0.3943700739648336,7.851548956221079,7.851548956221079,False,inf,0.0,True,0.33323065974016314,194.0
hospital,dificil,1,baldosa,0.14166270938782038,0.7233381039332774,0.7233381039332774,1.0,27,27,177.7598000044236,0.035,0,rrt,RRT,True,36.80640000675339,True,8.655943821020953,1.1024504679630789,0.26366747822396425,0.6886795840860593,502.9600773782838,5.0,14.0,0.15043218016602303,8.655943821020953,10.46265114058387,False,inf,0.0,True,0.33366747822396425,349.0
hospital,dificil,1,baldosa,0.14166270938782038,0.7233381039332774,0.7233381039332774,1.0,27,27,177.7598000044236,0.035,0,rrt_star,RRT*,True,1677.546799997799,True,7.8750787484566755,1.002996834429333,0.2682925634222529,0.6779196655670413,73.89326050070999,1.0,5.0,0.49809867432118615,7.8750787484566755,7.8750787484566755,False,inf,0.0,True,0.329819276541324,4000.0
hospital,dificil,1,baldosa,0.14166270938782038,0.7233381039332774,0.7233381039332774,1.0,27,27,177.7598000044236,0.035,0,prm,PRM,True,654.2422999918927,True,8.211961317264374,1.0459033450664184,0.29016678810119634,0.6790710085330115,167.92433603115575,1.0,9.0,0.3263494388029373,8.211961317264374,8.211961317264374,False,inf,0.0,True,0.3951667881011963,602.0
hospital,dificil,1,baldosa,0.14166270938782038,0.7233381039332774,0.7233381039332774,1.0,27,27,177.7598000044236,0.035,0,potential,APF,False,1777.6772000070196,,,,,,,,,,,,,,,,,11979.0
hospital,dificil,1,baldosa,0.14166270938782038,0.7233381039332774,0.7233381039332774,1.0,27,27,177.7598000044236,0.035,0,hybrid_astar,Hybrid A*,True,35.17699999792967,True,8.00372844937466,1.0193820982333688,0.2595885746514655,0.6260853832320626,120.57002235269574,0.0,11.0,0.800655204883687,8.00372844937466,8.00372844937466,True,8.00372844937466,0.0,True,0.3347587724547641,53.0
hospital,dificil,1,baldosa,0.14166270938782038,0.7233381039332774,0.7233381039332774,1.0,27,27,177.7598000044236,0.035,0,aco,ACO,True,974.7380000044359,True,8.718340905032674,1.110397572968682,0.36750000000000005,0.6317328382518194,900.0000000000002,17.0,21.0,0.33313472616154,8.718340905032674,8.718340905032674,False,inf,0.0,True,0.43750000000000006,40.0
hospital,dificil,1,baldosa,0.14166270938782038,0.7233381039332774,0.7233381039332774,1.0,27,27,177.7598000044236,0.035,0,topological,Homotopy planner,True,503.76890000188723,True,7.91421997941627,1.007981994832438,0.25583397251637563,0.6430011896246369,59.23549004642577,1.0,4.0,0.33369877007391974,7.91421997941627,7.91421997941627,False,inf,0.0,True,0.3179226723737555,22020.0
hospital,dificil,1,baldosa,0.14166270938782038,0.7233381039332774,0.7233381039332774,1.0,27,27,177.7598000044236,0.035,0,slam,SLAM-based,True,588.0144999973709,True,12.412151095134453,1.5808538116927662,0.3169734802227062,0.5493322218295488,770.3625083624279,2.0,27.0,0.13470066979695614,12.412151095134453,14.495859428348254,False,inf,0.0,True,0.35319363602602427,82.0
hospital,dificil,1,baldosa,0.14166270938782038,0.7233381039332774,0.7233381039332774,1.0,27,27,177.7598000044236,0.035,0,drl,DRL (D3QN),False,90.6204000057187,,,,,,,,,,,,,,,,,465.0
hospital,dificil,1,baldosa,0.14166270938782038,0.7233381039332774,0.7233381039332774,1.0,27,27,177.7598000044236,0.035,1,tve,TVE (proposed),True,490.4662999906577,True,31.63561959004387,4.103511865635355,0.24500000000000002,0.4405813600485962,1289.9015108625724,3.0,51.0,0.07957747154594767,31.63561959004387,33.63561959004387,False,inf,0.24975226281645563,True,0.24524224936962127,
hospital,dificil,1,baldosa,0.14166270938782038,0.7233381039332774,0.7233381039332774,1.0,27,27,177.7598000044236,0.035,1,teselado,WDT,True,371.2954000075115,True,19.784432960431772,2.5662736010882217,0.2452407234854582,0.6061775838692651,370.1100309194101,2.0,18.0,0.18644144752340286,19.784432960431772,20.63807867712209,False,inf,0.0,True,0.28,
hospital,dificil,1,baldosa,0.14166270938782038,0.7233381039332774,0.7233381039332774,1.0,27,27,177.7598000044236,0.035,1,dijkstra,Dijkstra,True,8.466100000077859,True,8.195224740453359,1.0630170168875817,0.28,0.7193634390638678,303.6900675259798,5.0,9.0,0.3210191551760368,8.195224740453359,8.195224740453359,False,inf,0.0,True,0.28,6923.0
hospital,dificil,1,baldosa,0.14166270938782038,0.7233381039332774,0.7233381039332774,1.0,27,27,177.7598000044236,0.035,1,astar,A*,True,2.928799993242137,True,8.195224740453359,1.0630170168875817,0.28,0.5931468732344566,450.0,3.0,12.0,0.3210191551760368,8.195224740453359,8.195224740453359,False,inf,0.0,True,0.28,1219.0
hospital,dificil,1,baldosa,0.14166270938782038,0.7233381039332774,0.7233381039332774,1.0,27,27,177.7598000044236,0.035,1,theta,Theta*,True,297.2098000027472,True,7.746258333974733,1.004780794549249,0.2541922052619014,0.6441254960048571,79.35078034075502,0.0,5.0,0.5088780791117705,7.746258333974733,7.746258333974733,False,inf,0.0,True,0.28,1131.0
hospital,dificil,1,baldosa,0.14166270938782038,0.7233381039332774,0.7233381039332774,1.0,27,27,177.7598000044236,0.035,1,visibility,Visibility graph,True,3762.5278000050457,True,7.709401270403215,1.0,0.2695297503923405,0.6441912155541659,79.08435448260755,0.0,5.0,0.5209842492896584,7.709401270403215,7.709401270403215,False,inf,0.0,True,0.28,194.0
hospital,dificil,1,baldosa,0.14166270938782038,0.7233381039332774,0.7233381039332774,1.0,27,27,177.7598000044236,0.035,1,rrt,RRT,True,9.44369999342598,True,9.896137709844714,1.283645430136902,0.26275550474856485,0.7173299512561361,672.3152168032863,7.0,16.0,0.13963551369555258,9.896137709844714,14.423998535623,False,inf,0.0,True,0.28,69.0
hospital,dificil,1,baldosa,0.14166270938782038,0.7233381039332774,0.7233381039332774,1.0,27,27,177.7598000044236,0.035,1,rrt_star,RRT*,True,1557.4994999915361,True,7.701258618362997,0.9989438022805379,0.2587858321680467,0.6416347329705403,113.8017092418629,0.0,10.0,0.45950980707464056,7.701258618362997,7.701258618362997,False,inf,0.0,True,0.28,4000.0
hospital,dificil,1,baldosa,0.14166270938782038,0.7233381039332774,0.7233381039332774,1.0,27,27,177.7598000044236,0.035,1,prm,PRM,True,633.9528000098653,True,8.264704136522136,1.0720293115693376,0.25189149618148804,0.6635738080465623,272.6440283290444,2.0,11.0,0.32237643227652063,8.264704136522136,8.264704136522136,False,inf,0.0,True,0.28,602.0
hospital,dificil,1,baldosa,0.14166270938782038,0.7233381039332774,0.7233381039332774,1.0,27,27,177.7598000044236,0.035,1,potential,APF,False,1614.8130999936257,,,,,,,,,,,,,,,,,11656.0
hospital,dificil,1,baldosa,0.14166270938782038,0.7233381039332774,0.7233381039332774,1.0,27,27,177.7598000044236,0.035,1,hybrid_astar,Hybrid A*,True,40.21030000876635,True,8.044448215335033,1.0434595285911603,0.2658673022127733,0.7404928067280434,185.96942256162237,0.0,15.0,0.7979423403703438,8.044448215335033,8.044448215335033,True,8.044448215335033,0.0,True,0.28,54.0
hospital,dificil,1,baldosa,0.14166270938782038,0.7233381039332774,0.7233381039332774,1.0,27,27,177.7598000044236,0.035,1,aco,ACO,True,803.1888999976218,True,8.719333539383365,1.131000091129947,0.28,0.638518394038484,1143.4349488229223,18.0,25.0,0.22589900581215352,8.719333539383365,9.423873794085685,False,inf,0.0,True,0.28,40.0
hospital,dificil,1,baldosa,0.14166270938782038,0.7233381039332774,0.7233381039332774,1.0,27,27,177.7598000044236,0.035,1,topological,Homotopy planner,True,923.5498000052758,True,7.724464721846739,1.0019539067840912,0.24694894063449185,0.6452560271222231,78.57000819656133,1.0,4.0,0.31584076273619377,7.724464721846739,7.724464721846739,False,inf,0.0,True,0.28,34607.0
hospital,dificil,1,baldosa,0.14166270938782038,0.7233381039332774,0.7233381039332774,1.0,27,27,177.7598000044236,0.035,1,slam,SLAM-based,True,369.83840000175405,True,8.15755718557481,1.0581310920852034,0.28,0.6193429313887682,399.7949064724875,1.0,17.0,0.4048253142127682,8.15755718557481,8.15755718557481,False,inf,0.0,True,0.28,54.0
hospital,dificil,1,baldosa,0.14166270938782038,0.7233381039332774,0.7233381039332774,1.0,27,27,177.7598000044236,0.035,1,drl,DRL (D3QN),False,79.21919999353122,,,,,,,,,,,,,,,,,465.0
hospital,dificil,0,alfombra,0.11433170621700345,0.6588950836289914,0.6607522410128454,0.9957523849314115,27,27,165.48599999805447,0.035,0,tve,TVE (proposed),True,39.010499996948056,True,15.585542425043034,1.0130875503289138,0.27918640024110963,0.5145342319400447,254.6809919070737,0.0,15.0,0.4889897195137891,15.585542425043034,15.585542425043034,False,inf,0.0,True,0.3137929845077048,
hospital,dificil,0,alfombra,0.11433170621700345,0.6588950836289914,0.6607522410128454,0.9957523849314115,27,27,165.48599999805447,0.035,0,teselado,WDT,True,468.9307000080589,True,16.114871257702504,1.0474948513886309,0.29678340553590266,0.6645399533136608,267.71000066190106,0.0,22.0,0.41955570554461974,16.114871257702504,16.114871257702504,False,inf,0.0,True,0.34194879480806706,
hospital,dificil,0,alfombra,0.11433170621700345,0.6588950836289914,0.6607522410128454,0.9957523849314115,27,27,165.48599999805447,0.035,0,dijkstra,Dijkstra,True,20.143200003076345,True,15.790401512639276,1.0264037497626926,0.2883973675966263,0.44825713834081843,589.3987053549956,9.0,15.0,0.30728597567826904,15.790401512639276,15.790401512639276,False,inf,0.0,True,0.3441304731369012,14803.0
hospital,dificil,0,alfombra,0.11433170621700345,0.6588950836289914,0.6607522410128454,0.9957523849314115,27,27,165.48599999805447,0.035,0,astar,A*,True,26.247799993143417,True,15.790401512639276,1.0264037497626926,0.2883973675966263,0.44562780892090015,859.3987053549957,11.0,21.0,0.30728597567826904,15.790401512639276,15.790401512639276,False,inf,0.0,True,0.3216202449798584,7957.0
hospital,dificil,0,alfombra,0.11433170621700345,0.6588950836289914,0.6607522410128454,0.9957523849314115,27,27,165.48599999805447,0.035,0,theta,Theta*,True,1898.6627999984194,True,15.447929301213074,1.0041424562980517,0.25672015973815215,0.4158703775416774,246.78140021560947,3.0,8.0,0.26064510429629056,15.447929301213074,15.447929301213074,False,inf,0.0,True,0.29750000000000004,8154.0
hospital,dificil,0,alfombra,0.11433170621700345,0.6588950836289914,0.6607522410128454,0.9957523849314115,27,27,165.48599999805447,0.035,0,visibility,Visibility graph,True,3722.6974999939557,True,15.38420092121649,1.0,0.26158149920360363,0.40365109434959057,247.37813975171605,1.0,10.0,0.3287104476440986,15.38420092121649,15.38420092121649,False,inf,0.0,True,0.289473002930886,191.0
hospital,dificil,0,alfombra,0.11433170621700345,0.6588950836289914,0.6607522410128454,0.9957523849314115,27,27,165.48599999805447,0.035,0,rrt,RRT,True,31.086400005733594,True,19.56810056107599,1.271960803247795,0.2589157664219029,0.6481016216361464,1169.2481463649297,10.0,33.0,0.1664567450769358,19.56810056107599,22.769432598954012,False,inf,0.0,True,0.34719287242667113,465.0
hospital,dificil,0,alfombra,0.11433170621700345,0.6588950836289914,0.6607522410128454,0.9957523849314115,27,27,165.48599999805447,0.035,0,rrt_star,RRT*,True,1525.4859999986365,True,15.531397588660887,1.0095680411480714,0.258877104095446,0.5224363767468847,318.9006207637339,1.0,18.0,0.2924324560827724,15.531397588660887,15.531397588660887,False,inf,0.0,True,0.29734117546861555,4000.0
hospital,dificil,0,alfombra,0.11433170621700345,0.6588950836289914,0.6607522410128454,0.9957523849314115,27,27,165.48599999805447,0.035,0,prm,PRM,True,638.135000001057,True,16.36860464294724,1.0639879657560343,0.3173451992869377,0.5207176400222805,375.52532053106853,2.0,17.0,0.15261866479565453,16.36860464294724,17.411432158867342,False,inf,0.0,True,0.3752732461690903,602.0
hospital,dificil,0,alfombra,0.11433170621700345,0.6588950836289914,0.6607522410128454,0.9957523849314115,27,27,165.48599999805447,0.035,0,potential,APF,False,1686.4289999939501,,,,,,,,,,,,,,,,,11458.0
hospital,dificil,0,alfombra,0.11433170621700345,0.6588950836289914,0.6607522410128454,0.9957523849314115,27,27,165.48599999805447,0.035,0,hybrid_astar,Hybrid A*,True,432.9400000133319,True,19.491471334891084,1.2669797693561204,0.2578532426597836,0.5746137725252827,511.6846490564803,0.0,33.0,0.7953315815944374,19.491471334891084,19.491471334891084,True,19.491471334891084,0.0,True,0.28483491536049355,672.0
hospital,dificil,0,alfombra,0.11433170621700345,0.6588950836289914,0.6607522410128454,0.9957523849314115,27,27,165.48599999805447,0.035,0,aco,ACO,True,2340.677100000903,True,16.42856860416046,1.067885728241086,0.3325,0.45660398508115124,985.4958482901304,15.0,23.0,0.255822710981756,16.42856860416046,16.42856860416046,False,inf,0.0,True,0.4025,40.0
hospital,dificil,0,alfombra,0.11433170621700345,0.6588950836289914,0.6607522410128454,0.9957523849314115,27,27,165.48599999805447,0.035,0,topological,Homotopy planner,True,72.62059999629855,True,15.491370545474247,1.0069662132473816,0.2570618150578108,0.4167297697868763,245.23034035044455,3.0,7.0,0.1939895718403438,15.491370545474247,16.311800950995643,False,inf,0.0,True,0.3000502543348165,7099.0
hospital,dificil,0,alfombra,0.11433170621700345,0.6588950836289914,0.6607522410128454,0.9957523849314115,27,27,165.48599999805447,0.035,0,slam,SLAM-based,True,983.6605999880703,True,19.69224617902893,1.28003048581296,0.3017899758509188,0.48884802863744475,1013.0773287690997,5.0,28.0,0.079579291215767,19.69224617902893,23.05759505719954,False,inf,0.0,True,0.3539042931226902,129.0
hospital,dificil,0,alfombra,0.11433170621700345,0.6588950836289914,0.6607522410128454,0.9957523849314115,27,27,165.48599999805447,0.035,0,drl,DRL (D3QN),False,89.20560000115074,,,,,,,,,,,,,,,,,465.0
hospital,dificil,0,alfombra,0.11433170621700345,0.6588950836289914,0.6607522410128454,0.9957523849314115,27,27,165.48599999805447,0.035,1,tve,TVE (proposed),True,46.459400007734075,True,15.860784208287754,1.0082670521461434,0.28739129051689954,0.5292736664610295,235.6720876595882,0.0,15.0,0.38613017732131844,15.860784208287754,15.860784208287754,False,inf,0.0,True,0.3397447978648817,
hospital,dificil,0,alfombra,0.11433170621700345,0.6588950836289914,0.6607522410128454,0.9957523849314115,27,27,165.48599999805447,0.035,1,teselado,WDT,True,445.96730000921525,True,16.443522919252484,1.0453116417805473,0.28409087390907367,0.6524293871352279,237.4468725204575,0.0,20.0,0.6072390271536654,16.443522919252484,16.443522919252484,False,inf,0.0,True,0.35409087390907373,
hospital,dificil,0,alfombra,0.11433170621700345,0.6588950836289914,0.6607522410128454,0.9957523849314115,27,27,165.48599999805447,0.035,1,dijkstra,Dijkstra,True,17.312800002400763,True,16.660249993622777,1.0590889409056061,0.2883973675966263,0.38961281927987307,1038.8817503138334,11.0,25.0,0.31996396296638147,16.660249993622777,16.660249993622777,False,inf,0.0,True,0.36750000000000005,13736.0
hospital,dificil,0,alfombra,0.11433170621700345,0.6588950836289914,0.6607522410128454,0.9957523849314115,27,27,165.48599999805447,0.035,1,astar,A*,True,12.541400006739423,True,16.660249993622777,1.0590889409056061,0.2883973675966263,0.40651463592628123,1169.205196240806,15.0,28.0,0.2650260006904073,16.660249993622777,16.660249993622777,False,inf,0.0,True,0.3531744718551636,6672.0
hospital,dificil,0,alfombra,0.11433170621700345,0.6588950836289914,0.6607522410128454,0.9957523849314115,27,27,165.48599999805447,0.035,1,theta,Theta*,True,1440.0847000069916,True,15.793298287372693,1.0039769849181408,0.2541922052619014,0.48192500216572626,221.3266397414687,3.0,9.0,0.23403039879876175,15.793298287372693,16.47335927051339,False,inf,0.0,True,0.30643548488616873,6695.0
hospital,dificil,0,alfombra,0.11433170621700345,0.6588950836289914,0.6607522410128454,0.9957523849314115,27,27,165.48599999805447,0.035,1,visibility,Visibility graph,True,3637.9209000006085,True,15.730737382053034,1.0,0.2639091511541372,0.4992846680554724,217.07510586080835,1.0,10.0,0.3801830289295626,15.730737382053034,15.730737382053034,False,inf,0.0,True,0.32787947751171,191.0
hospital,dificil,0,alfombra,0.11433170621700345,0.6588950836289914,0.6607522410128454,0.9957523849314115,27,27,165.48599999805447,0.035,1,rrt,RRT,True,113.20799999521114,True,20.679429790001496,1.3145874403570141,0.30556791613662954,0.5954685506558793,1542.7398269386235,15.0,36.0,0.18456263146124546,20.679429790001496,25.015109597481644,False,inf,0.0,True,0.3830561709224923,1285.0
hospital,dificil,0,alfombra,0.11433170621700345,0.6588950836289914,0.6607522410128454,0.9957523849314115,27,27,165.48599999805447,0.035,1,rrt_star,RRT*,True,1407.6210000057472,True,15.923778130683932,1.0122715638779358,0.2534983925775872,0.5334792550621076,266.984719179423,2.0,13.0,0.2764879773030644,15.923778130683932,15.923778130683932,False,inf,0.0,True,0.3269263521728426,4000.0
hospital,dificil,0,alfombra,0.11433170621700345,0.6588950836289914,0.6607522410128454,0.9957523849314115,27,27,165.48599999805447,0.035,1,prm,PRM,True,626.4523999998346,True,16.3057354843705,1.0365525206067883,0.24532219166159638,0.509490061853672,339.99302590238466,3.0,17.0,0.23416300059768416,16.3057354843705,16.985411362650435,False,inf,0.0,True,0.2950174365043633,602.0
hospital,dificil,0,alfombra,0.11433170621700345,0.6588950836289914,0.6607522410128454,0.9957523849314115,27,27,165.48599999805447,0.035,1,potential,APF,False,1567.7710000018124,,,,,,,,,,,,,,,,,11778.0
hospital,dificil,0,alfombra,0.11433170621700345,0.6588950836289914,0.6607522410128454,0.9957523849314115,27,27,165.48599999805447,0.035,1,hybrid_astar,Hybrid A*,True,185.90630000107922,True,17.230999119706695,1.0953713548968969,0.2682190924662257,0.5222218006809348,514.0651463744553,0.0,32.0,0.7978577311368167,17.230999119706695,17.230999119706695,True,17.230999119706695,0.0,True,0.34546519650362645,306.0
hospital,dificil,0,alfombra,0.11433170621700345,0.6588950836289914,0.6607522410128454,0.9957523849314115,27,27,165.48599999805447,0.035,1,aco,ACO,True,2505.263200000627,True,17.24042718641173,1.095970695314072,0.3075659847259522,0.4384210169293263,1336.759480084813,22.0,30.0,0.29012697757415457,17.24042718641173,17.24042718641173,False,inf,0.0,True,0.3325,40.0
hospital,dificil,0,alfombra,0.11433170621700345,0.6588950836289914,0.6607522410128454,0.9957523849314115,27,27,165.48599999805447,0.035,1,topological,Homotopy planner,True,78.82390001032036,True,15.87247778248913,1.0090104104463535,0.26074783659281703,0.4895470314217273,217.27349515310357,3.0,7.0,0.2440921883396555,15.87247778248913,16.52450578950765,False,inf,0.0,True,0.33097429467276857,7099.0
hospital,dificil,0,alfombra,0.11433170621700345,0.6588950836289914,0.6607522410128454,0.9957523849314115,27,27,165.48599999805447,0.035,1,slam,SLAM-based,True,899.9961000081385,True,19.754263798232184,1.2557748132499837,0.27088132861196385,0.5572452411476354,1424.2126061560662,8.0,42.0,0.09149568903511826,19.754263798232184,22.79697262514176,False,inf,0.0,True,0.34777282218219285,130.0
hospital,dificil,0,alfombra,0.11433170621700345,0.6588950836289914,0.6607522410128454,0.9957523849314115,27,27,165.48599999805447,0.035,1,drl,DRL (D3QN),False,81.05019999493379,,,,,,,,,,,,,,,,,465.0
hospital,dificil,3,concreto,0.13696195913781498,0.6587229903425276,0.7495454186101668,0.8446325167037861,19,21,169.6732999989763,0.035,0,tve,TVE (proposed),True,26.70909999869764,True,10.153288606266342,1.0257528008574808,0.293291111354022,0.63842378478004,170.155501630155,0.0,11.0,0.6032970598882692,10.153288606266342,10.153288606266342,False,inf,0.0,True,0.32320311285039655,
hospital,dificil,3,concreto,0.13696195913781498,0.6587229903425276,0.7495454186101668,0.8446325167037861,19,21,169.6732999989763,0.035,0,teselado,WDT,True,45.79909998574294,True,11.186513880667155,1.1301360957910327,0.2717644988335717,0.669338426694997,234.73963490829078,0.0,16.0,0.5460360552147646,11.186513880667155,11.186513880667155,False,inf,0.0,True,0.35437500000000005,
hospital,dificil,3,concreto,0.13696195913781498,0.6587229903425276,0.7495454186101668,0.8446325167037861,19,21,169.6732999989763,0.035,0,dijkstra,Dijkstra,True,20.085700001800433,True,10.57934595566656,1.0687959503650661,0.2883973675966263,0.6765397294802471,857.4895529219993,12.0,21.0,0.3209599622516842,10.57934595566656,10.57934595566656,False,inf,0.0,True,0.38106596469879156,16980.0
hospital,dificil,3,concreto,0.13696195913781498,0.6587229903425276,0.7495454186101668,0.8446325167037861,19,21,169.6732999989763,0.035,0,astar,A*,True,9.696599998278543,True,10.57934595566656,1.0687959503650661,0.2883973675966263,0.6635154416413859,990.0000000000003,20.0,24.0,0.2612115915666055,10.57934595566656,10.57934595566656,False,inf,0.0,True,0.27972874462604524,4328.0
hospital,dificil,3,concreto,0.13696195913781498,0.6587229903425276,0.7495454186101668,0.8446325167037861,19,21,169.6732999989763,0.035,0,theta,Theta*,True,918.2669000001624,True,10.012355638007556,1.0115148142769173,0.2541922052619024,0.6468020318945895,154.8363338163674,2.0,6.0,0.10324354331128091,10.012355638007556,11.553904271339915,False,inf,0.5821917808219155,True,0.24921775352465053,4218.0
hospital,dificil,3,concreto,0.13696195913781498,0.6587229903425276,0.7495454186101668,0.8446325167037861,19,21,169.6732999989763,0.035,0,visibility,Visibility graph,True,2986.5358999959426,True,9.898377657637079,1.0,0.2577464150118963,0.6417851441493638,157.78645872619728,0.0,9.0,0.41409666396431954,9.898377657637079,9.898377657637079,False,inf,0.0,True,0.2795482068334677,170.0
hospital,dificil,3,concreto,0.13696195913781498,0.6587229903425276,0.7495454186101668,0.8446325167037861,19,21,169.6732999989763,0.035,0,rrt,RRT,True,62.70280000171624,True,13.223462232831903,1.3359221773710928,0.3275241892214685,1.0877095369169478,882.0031102607396,8.0,24.0,0.19053187300402485,13.223462232831903,16.14580024743237,False,inf,9.955413144883948,False,0.0,464.0
hospital,dificil,3,concreto,0.13696195913781498,0.6587229903425276,0.7495454186101668,0.8446325167037861,19,21,169.6732999989763,0.035,0,rrt_star,RRT*,True,1632.774400000926,True,9.915602841120872,1.0017402026957927,0.26023399118297913,0.6497182541767248,207.11365555300677,0.0,13.0,0.41145751814309695,9.915602841120872,9.915602841120872,False,inf,0.5462424265485171,True,0.24652143338330865,4000.0
hospital,dificil,3,concreto,0.13696195913781498,0.6587229903425276,0.7495454186101668,0.8446325167037861,19,21,169.6732999989763,0.035,0,prm,PRM,False,670.5052000033902,,,,,,,,,,,,,,,,,602.0
hospital,dificil,3,concreto,0.13696195913781498,0.6587229903425276,0.7495454186101668,0.8446325167037861,19,21,169.6732999989763,0.035,0,potential,APF,True,1355.1658999931533,True,539.5210143446242,54.5060042165958,0.22820984901409408,0.6598083516390152,672190.5791041405,5490.0,5757.0,0.07957747154594767,539.5210143446242,2394.098238234349,False,inf,9.990040998540508,False,0.0,9156.0
hospital,dificil,3,concreto,0.13696195913781498,0.6587229903425276,0.7495454186101668,0.8446325167037861,19,21,169.6732999989763,0.035,0,hybrid_astar,Hybrid A*,True,64.96959998912644,True,10.158417137539347,1.026270919224994,0.257668550869038,0.6913102087128185,242.43333696639962,0.0,19.0,0.8034711653954721,10.158417137539347,10.158417137539347,True,10.158417137539347,0.3106230499125456,True,0.2516112839943515,96.0
hospital,dificil,3,concreto,0.13696195913781498,0.6587229903425276,0.7495454186101668,0.8446325167037861,19,21,169.6732999989763,0.035,0,aco,ACO,True,1255.999700006214,True,12.053856267235844,1.2177607971883866,0.3325,0.7604512172721007,1286.5650511770784,24.0,27.0,0.08871717866310698,12.053856267235844,13.847814838622199,False,inf,10.0,False,0.0,40.0
hospital,dificil,3,concreto,0.13696195913781498,0.6587229903425276,0.7495454186101668,0.8446325167037861,19,21,169.6732999989763,0.035,0,topological,Homotopy planner,True,471.20479999284726,True,10.017290113771518,1.012013327865167,0.2521953236214037,0.623759119488747,164.0294831591765,2.0,6.0,0.3663048471535475,10.017290113771518,10.017290113771518,False,inf,0.5947626586028036,True,0.2497153753696262,33003.0
hospital,dificil,3,concreto,0.13696195913781498,0.6587229903425276,0.7495454186101668,0.8446325167037861,19,21,169.6732999989763,0.035,0,slam,SLAM-based,True,485.63690000446513,True,10.451430181052228,1.0558730473360391,0.33356304712809537,0.6657248867937422,543.6960834637674,3.0,21.0,0.3816241948492096,10.451430181052228,10.451430181052228,False,inf,0.0,True,0.37078831659558975,69.0
hospital,dificil,3,concreto,0.13696195913781498,0.6587229903425276,0.7495454186101668,0.8446325167037861,19,21,169.6732999989763,0.035,0,drl,DRL (D3QN),False,78.06620000337716,,,,,,,,,,,,,,,,,465.0
hospital,dificil,3,concreto,0.13696195913781498,0.6587229903425276,0.7495454186101668,0.8446325167037861,19,21,169.6732999989763,0.035,1,tve,TVE (proposed),True,82.48440000170376,True,16.54062366634509,1.0250795693287442,0.24578585789505233,0.6773767890672414,188.14099784736968,0.0,13.0,0.38457404854067856,16.54062366634509,16.54062366634509,False,inf,10.304541903820915,False,0.0,
hospital,dificil,3,concreto,0.13696195913781498,0.6587229903425276,0.7495454186101668,0.8446325167037861,19,21,169.6732999989763,0.035,1,teselado,WDT,True,83.76540000608657,True,16.21064035897032,1.0046293642196311,0.26246219501199847,0.7613752526608145,113.66192262644334,0.0,11.0,0.5916272414019887,16.21064035897032,16.21064035897032,False,inf,10.95120375458769,False,0.0,
hospital,dificil,3,concreto,0.13696195913781498,0.6587229903425276,0.7495454186101668,0.8446325167037861,19,21,169.6732999989763,0.035,1,dijkstra,Dijkstra,True,31.764400002430193,True,17.329194436650063,1.073950023183165,0.2883973675966263,0.637196137961607,853.7267714911347,12.0,21.0,0.3364853419922569,17.329194436650063,17.329194436650063,False,inf,4.248449802398682,False,0.0989420815308885,21116.0
hospital,dificil,3,concreto,0.13696195913781498,0.6587229903425276,0.7495454186101668,0.8446325167037861,19,21,169.6732999989763,0.035,1,astar,A*,True,7.543800005805679,True,17.329194436650063,1.073950023183165,0.2883973675966263,0.6368894002903603,853.7267714911347,11.0,21.0,0.3364853419922569,17.329194436650063,17.329194436650063,False,inf,4.248449802398682,False,0.0989420815308885,4450.0
hospital,dificil,3,concreto,0.13696195913781498,0.6587229903425276,0.7495454186101668,0.8446325167037861,19,21,169.6732999989763,0.035,1,theta,Theta*,True,571.0094000096433,True,16.187733573005783,1.0032097515880343,0.2578111058308597,0.7459027473892823,96.12096262099409,1.0,5.0,0.332903442236978,16.187733573005783,16.187733573005783,False,inf,10.364563450521342,False,0.0,2521.0
hospital,dificil,3,concreto,0.13696195913781498,0.6587229903425276,0.7495454186101668,0.8446325167037861,19,21,169.6732999989763,0.035,1,visibility,Visibility graph,True,2767.813299986301,True,16.135941210082294,1.0,0.26486056217777626,0.7435786486414339,94.97641648662183,0.0,6.0,0.4367933768031387,16.135941210082294,16.135941210082294,False,inf,10.423421159859483,False,0.0,170.0
hospital,dificil,3,concreto,0.13696195913781498,0.6587229903425276,0.7495454186101668,0.8446325167037861,19,21,169.6732999989763,0.035,1,rrt,RRT,True,23.76780001213774,True,22.99827621693628,1.425282598486797,0.2735427007119387,1.0224225273390077,1428.273317148165,15.0,40.0,0.17458667537158223,22.99827621693628,30.84368440902265,False,inf,9.937610324877083,False,0.0,300.0
hospital,dificil,3,concreto,0.13696195913781498,0.6587229903425276,0.7495454186101668,0.8446325167037861,19,21,169.6732999989763,0.035,1,rrt_star,RRT*,True,1605.5592999910004,True,16.325031349972818,1.0117185689653094,0.32330941499937627,0.7629422524740177,126.97864310472106,0.0,10.0,0.36411939274298244,16.325031349972818,16.325031349972818,False,inf,11.995107757148052,False,0.0,4000.0
hospital,dificil,3,concreto,0.13696195913781498,0.6587229903425276,0.7495454186101668,0.8446325167037861,19,21,169.6732999989763,0.035,1,prm,PRM,True,595.6717999943066,True,16.936224301012924,1.0495963068104504,0.29271222798029556,0.7513854190775275,441.88443773569185,3.0,19.0,0.3632660808191458,16.936224301012924,16.936224301012924,False,inf,8.33779770127703,False,0.0,602.0
hospital,dificil,3,concreto,0.13696195913781498,0.6587229903425276,0.7495454186101668,0.8446325167037861,19,21,169.6732999989763,0.035,1,potential,APF,False,1580.8857000083663,,,,,,,,,,,,,,,,,11867.0
hospital,dificil,3,concreto,0.13696195913781498,0.6587229903425276,0.7495454186101668,0.8446325167037861,19,21,169.6732999989763,0.035,1,hybrid_astar,Hybrid A*,True,320.0590999913402,True,16.67751481379608,1.0335631864706716,0.2813451909982901,0.778111830701071,308.6255768123242,0.0,24.0,0.7979423403703512,16.67751481379608,16.67751481379608,True,16.67751481379608,12.357826251115746,False,0.0,487.0
hospital,dificil,3,concreto,0.13696195913781498,0.6587229903425276,0.7495454186101668,0.8446325167037861,19,21,169.6732999989763,0.035,1,aco,ACO,True,1136.4067000104114,True,17.994295869930763,1.1151686558381426,0.3325,0.7638872146457325,2311.750264505026,45.0,52.0,0.32144593175600483,17.994295869930763,17.994295869930763,False,inf,10.0,False,0.0,40.0
hospital,dificil,3,concreto,0.13696195913781498,0.6587229903425276,0.7495454186101668,0.8446325167037861,19,21,169.6732999989763,0.035,1,topological,Homotopy planner,True,358.5564999957569,True,16.236788639705864,1.0062498634762351,0.25517079030363304,0.7575424981499401,103.07206739444126,1.0,5.0,0.18575285841468955,16.236788639705864,17.093598836061418,False,inf,12.471871075644835,False,0.0,15723.0
hospital,dificil,3,concreto,0.13696195913781498,0.6587229903425276,0.7495454186101668,0.8446325167037861,19,21,169.6732999989763,0.035,1,slam,SLAM-based,True,756.7999000020791,True,17.96346920341829,1.1132582208587927,0.321264254885995,0.8181256850407097,568.209202849103,2.0,18.0,0.17474652782207067,17.96346920341829,18.874245200375142,False,inf,10.0,False,0.0,117.0
hospital,dificil,3,concreto,0.13696195913781498,0.6587229903425276,0.7495454186101668,0.8446325167037861,19,21,169.6732999989763,0.035,1,drl,DRL (D3QN),False,81.99739998963196,,,,,,,,,,,,,,,,,465.0
