scene,level,seed,texture,perspective,iou,precision,recall,objects_found,objects_total,t_perception_ms,mpp,query,algo,name,t_total_ms,n_skeleton_nodes,t_dilatacion_ms,t_teselado_ms,t_esqueleto_ms,t_conexion_ST_ms,t_rutas_ms,t_embudo_ms,t_suavizado_ms,exito,tiempo_ms,sin_colision,longitud_m,relacion_optima,holgura_min_m,holgura_media_m,giro_total_deg,giros_bruscos,vertices,radio_giro_min_m,tiempo_holonomico_s,tiempo_diferencial_s,factible_ackermann,tiempo_ackermann_s,gt_penetration_px,gt_safe,gt_clearance_m,t_reduccion_ms
office,facil,105,alfombra,0.0,0.9291023221781491,0.9291023221781491,1.0,36,36,162.3163000040222,0.03,0,tve,TVE (proposed),22.1843000035733,15,0.43909999658353627,6.6759000037563965,6.3959999970393255,1.2093999976059422,0.10710000060498714,6.62870000815019,0.43679999362211674,True,22.1843000035733,True,8.249634890297946,1.0088872016081394,0.2947939044406862,0.5568255716060299,112.25296154677956,0,10,0.6735765982634097,8.249634890297946,8.249634890297946,False,inf,0.0,True,0.3731270947704422,
office,facil,105,alfombra,0.0,0.9291023221781491,0.9291023221781491,1.0,36,36,162.3163000040222,0.03,0,teselado,WDT,37.96110000985209,8,0.38329999370034784,16.796800002339296,5.657599991536699,1.3605999993160367,0.40839999564923346,,4.1299000004073605,True,37.96110000985209,True,8.753660009009236,1.0705268375821964,0.34314414849655517,0.6415672008998953,122.91447685186468,0,11,0.6335974520696216,8.753660009009236,8.753660009009236,False,inf,0.0,True,0.4208345865603564,7.522800005972385
office,facil,105,alfombra,0.0,0.9291023221781491,0.9291023221781491,1.0,36,36,162.3163000040222,0.03,1,teselado,WDT,32.848799994098954,8,0.3878999996231869,16.839299991261214,5.514000004041009,0.9330000029876828,0.2249000099254772,,3.1623000104445964,True,32.848799994098954,True,14.355467781087725,1.1630100298643298,0.48590698242187497,1.1965460476808416,96.90057281284136,0,15,3.7514072552190503,14.355467781087725,14.355467781087725,True,14.355467781087725,0.0,True,0.5636279296875,4.0059000020846725
office,facil,105,alfombra,0.0,0.9291023221781491,0.9291023221781491,1.0,36,36,162.3163000040222,0.03,1,tve,TVE (proposed),27.469199994811788,12,0.384599989047274,6.147399995825253,6.573900012881495,1.600999996298924,0.06560000474564731,11.71500000054948,0.498099994729273,True,27.469199994811788,True,12.505776686048224,1.013157072894461,0.299305109831172,0.9794973667490813,63.76955815290992,0,6,0.8050880881172966,12.505776686048224,12.505776686048224,True,12.505776686048224,0.0,True,0.3740699381172733,
office,facil,105,alfombra,0.0,0.9291023221781491,0.9291023221781491,1.0,36,36,162.3163000040222,0.03,2,tve,TVE (proposed),20.171400014078245,18,0.41360000614076853,6.0572999936994165,6.508099992061034,1.2076999992132187,0.1773999974830076,5.19749999511987,0.294700002996251,True,20.171400014078245,True,9.377176897819965,1.0050382608849708,0.3201468080041434,0.5118369225486297,55.23491799683587,0,6,0.9009944218230582,9.377176897819965,9.377176897819965,True,9.377176897819965,0.0,True,0.3999847898213111,
office,facil,105,alfombra,0.0,0.9291023221781491,0.9291023221781491,1.0,36,36,162.3163000040222,0.03,2,teselado,WDT,35.61789999366738,8,0.3828000044450164,16.805299994302914,5.534900003112853,0.8888000011211261,0.22309999621938914,,3.1725999870104715,True,35.61789999366738,True,9.499482249909192,1.0181468499304924,0.2740632657607486,0.5086884239216313,59.56178930728583,0,8,0.7608150867595479,9.499482249909192,9.499482249909192,False,inf,0.0,True,0.33542939613195866,7.066400008625351
office,facil,101,uniforme,0.0,0.9228219400838076,0.9228219400838076,1.0,53,53,153.75870000571012,0.03,0,tve,TVE (proposed),22.918000002391636,16,0.7003999926382676,6.796399989980273,6.765000012819655,1.0783000034280121,0.1503000094089657,6.586199990124442,0.5206000059843063,True,22.918000002391636,True,12.757949531488535,1.005581192676558,0.28626524821496785,0.5649366595794802,105.81472254911279,0,9,0.7329572284923345,12.757949531488535,12.757949531488535,False,inf,0.0,True,0.3645810533083856,
office,facil,101,uniforme,0.0,0.9228219400838076,0.9228219400838076,1.0,53,53,153.75870000571012,0.03,0,teselado,WDT,42.71660000085831,10,0.4028999974252656,18.783899999107234,6.034999998519197,1.0823999909916893,0.30929999775253236,,5.081399998744018,True,42.71660000085831,True,13.080961890058825,1.0310410169201552,0.34292613750155604,0.6211078596173105,118.42751879549326,0,16,1.1444303862166614,13.080961890058825,13.080961890058825,True,13.080961890058825,0.0,True,0.429752458852438,9.407799996552058
office,facil,101,uniforme,0.0,0.9228219400838076,0.9228219400838076,1.0,53,53,153.75870000571012,0.03,1,teselado,WDT,43.404399999417365,10,0.48990000505000353,15.853599994443357,6.282999995164573,1.241300007677637,0.298400002066046,,10.92169999901671,True,43.404399999417365,True,14.404361775572292,1.3238793430977132,0.26262831531624015,0.6546212045175895,222.76529364678169,1,22,0.2596501607672857,14.404361775572292,14.404361775572292,False,inf,0.0,True,0.32999999999999996,6.471500004408881
office,facil,101,uniforme,0.0,0.9228219400838076,0.9228219400838076,1.0,53,53,153.75870000571012,0.03,1,tve,TVE (proposed),20.581200005835854,20,0.39600000309292227,6.267800010391511,6.901699991431087,1.167800000985153,0.12329999299254268,5.198500002734363,0.21689999266527593,True,20.581200005835854,True,10.895967138520662,1.0014290145240323,0.28911104278365124,0.5810206356682206,44.514481043926494,0,5,0.8109455672565717,10.895967138520662,10.895967138520662,True,10.895967138520662,0.0,True,0.32999999999999996,
office,facil,101,uniforme,0.0,0.9228219400838076,0.9228219400838076,1.0,53,53,153.75870000571012,0.03,2,tve,TVE (proposed),24.953600004664622,18,0.39570000080857426,6.061699998099357,6.6762000060407445,1.1129999911645427,0.08379999781027436,9.751999998115934,0.5092000064905733,True,24.953600004664622,True,12.643299894206521,1.0028237218339107,0.28124079674140645,0.5365834919708281,85.26775104166532,0,7,0.5088726160499408,12.643299894206521,12.643299894206521,False,inf,0.0,True,0.3,
office,facil,101,uniforme,0.0,0.9228219400838076,0.9228219400838076,1.0,53,53,153.75870000571012,0.03,2,teselado,WDT,42.34139999607578,10,0.370699999621138,15.41160000488162,6.6488999873399734,1.0474000009708107,0.2367999986745417,,8.337999999639578,True,42.34139999607578,True,14.599846046572221,1.15801033536621,0.27,0.6344998363057787,242.10942065701778,0,17,0.2910966927600787,14.599846046572221,14.599846046572221,False,inf,0.0,True,0.3,8.638900006189942
office,facil,102,uniforme,0.0,0.9254472285051258,0.9254472285051258,1.0,60,60,177.86080000223592,0.03,0,tve,TVE (proposed),145.10760000848677,8,0.4481999931158498,6.741399993188679,6.491800013463944,37.003099991125055,0.09970000246539712,88.64620000531431,5.322400000295602,True,145.10760000848677,True,16.06205219288536,1.0487151084868218,0.24967798508074918,0.41298659961442175,493.01825892168387,0,29,0.24296148062155712,16.06205219288536,16.06205219288536,False,inf,0.0,True,0.31653087649824996,
office,facil,102,uniforme,0.0,0.9254472285051258,0.9254472285051258,1.0,60,60,177.86080000223592,0.03,0,teselado,WDT,85.71550001215655,8,0.3943999909097329,15.446400007931516,5.90340000053402,34.24249999807216,0.3752000047825277,,7.632100008777343,True,85.71550001215655,True,15.772329568839913,1.0297986904937653,0.25541846566112125,0.45995791759303983,246.6843152772308,0,17,0.5893370531782358,15.772329568839913,15.772329568839913,False,inf,0.0,True,0.34629950559566386,19.954700008383952
office,facil,102,uniforme,0.0,0.9254472285051258,0.9254472285051258,1.0,60,60,177.86080000223592,0.03,1,teselado,WDT,50.488599998061545,8,0.6220999930519611,18.831000008503906,7.359700000961311,0.9455000108573586,0.17410000145900995,,13.67010000103619,True,50.488599998061545,True,8.969731254442738,1.0785932997255223,0.2654810514778342,0.4735266984518699,344.82586864838447,0,19,0.2939649950575199,8.969731254442738,8.969731254442738,False,inf,0.0,True,0.33013053327494457,7.21910000720527
office,facil,102,uniforme,0.0,0.9254472285051258,0.9254472285051258,1.0,60,60,177.86080000223592,0.03,1,tve,TVE (proposed),28.195799997774884,18,0.4133000038564205,8.915500016883016,6.582899979548529,1.1649999942164868,0.14089999604038894,8.612899997388013,1.8992999976035208,True,28.195799997774884,True,8.399302564654729,1.0100003234898278,0.2693388261720208,0.3927704453404273,198.11657137717356,0,16,0.609392984161369,8.399302564654729,8.399302564654729,False,inf,0.0,True,0.3313465133431517,
office,facil,102,uniforme,0.0,0.9254472285051258,0.9254472285051258,1.0,60,60,177.86080000223592,0.03,2,tve,TVE (proposed),29.615400009788573,15,0.3887999919243157,6.2067999970167875,6.38940000499133,1.4560999989043921,0.19609999435488135,13.41359999787528,1.2177000025985762,True,29.615400009788573,True,13.913428575258516,1.0059126849779172,0.267183840637116,0.5295265000929592,200.55366973352656,0,13,0.46950553933896827,13.913428575258516,13.913428575258516,False,inf,0.0,True,0.33701902766000014,
office,facil,102,uniforme,0.0,0.9254472285051258,0.9254472285051258,1.0,60,60,177.86080000223592,0.03,2,teselado,WDT,41.221999999834225,8,0.3998000029241666,13.950099993962795,5.885499995201826,0.9831999923335388,0.2699999895412475,,8.807800011709332,True,41.221999999834225,True,15.238186573081313,1.1016900030794792,0.26540125930442926,0.5749368997460703,337.82094253655697,1,22,0.41818960680322587,15.238186573081313,15.238186573081313,False,inf,0.0,True,0.3313082417263042,9.206400005496107
office,medio,101,alfombra,0.11064206302416131,0.8795302813543157,0.8795302813543157,1.0,53,53,188.9610999933211,0.03,0,tve,TVE (proposed),24.755599995842203,12,0.44889999844599515,7.012600006419234,6.680999998934567,1.491799994255416,0.12579999747686088,7.371699990471825,1.2893999955849722,True,24.755599995842203,True,15.133595575961747,1.0067580887042453,0.27327691149623595,0.46708430805177825,174.67826745618774,0,14,0.7365398148348457,15.133595575961747,15.133595575961747,False,inf,0.0,True,0.3,
office,medio,101,alfombra,0.11064206302416131,0.8795302813543157,0.8795302813543157,1.0,53,53,188.9610999933211,0.03,0,teselado,WDT,36.97220000321977,8,0.3715000057127327,15.519199994741939,5.838700002641417,0.974299997324124,0.24510000366717577,,6.405000007362105,True,36.97220000321977,True,20.797321573061648,1.3835358300654539,0.26328205786217324,0.5726403196567214,204.4750841867257,0,24,0.7900984103870737,20.797321573061648,20.797321573061648,True,20.797321573061648,0.22393140459422511,True,0.26328205786217324,5.888400002731942
office,medio,101,alfombra,0.11064206302416131,0.8795302813543157,0.8795302813543157,1.0,53,53,188.9610999933211,0.03,1,teselado,WDT,30.039200006285682,8,0.41310000233352184,14.947299991035834,5.869600005098619,2.2037000017007813,0.17630000365898013,,2.334100005100481,True,30.039200006285682,True,7.638961254698639,1.0001741384436742,0.27532551043408077,0.5218332321530886,3.8095995933968303,0,3,3.8613609101085293,7.638961254698639,7.638961254698639,True,7.638961254698639,0.0,True,0.3,2.623799999128096
office,medio,101,alfombra,0.11064206302416131,0.8795302813543157,0.8795302813543157,1.0,53,53,188.9610999933211,0.03,1,tve,TVE (proposed),30.145299999276176,11,0.3799999976763502,7.487299997592345,10.215200003585778,2.48539999302011,0.23320000036619604,8.612200006609783,0.3152999997837469,True,30.145299999276176,True,7.656521808755228,1.0024733531455865,0.3,0.54800670983063,23.7320413776168,0,4,0.8859904530542563,7.656521808755228,7.656521808755228,True,7.656521808755228,0.0,True,0.3,
office,medio,101,alfombra,0.11064206302416131,0.8795302813543157,0.8795302813543157,1.0,53,53,188.9610999933211,0.03,2,tve,TVE (proposed),18.731099989963695,18,0.3935999993700534,6.264800002099946,6.575199993676506,1.1889000015798956,0.17290000687353313,3.6084000021219254,0.2578999992692843,True,18.731099989963695,True,6.324587461693835,1.0045399086103663,0.30345353733893166,0.4885251221800343,48.399775702977756,0,6,0.8138680513787708,6.324587461693835,6.324587461693835,True,6.324587461693835,0.0,True,0.36936051976080664,
office,medio,101,alfombra,0.11064206302416131,0.8795302813543157,0.8795302813543157,1.0,53,53,188.9610999933211,0.03,2,teselado,WDT,30.275600001914427,8,0.3723999980138615,14.991299991379492,5.893200010177679,0.9469999931752682,0.22109999554231763,,2.9842000076314434,True,30.275600001914427,True,6.604363611421451,1.0489770058251577,0.25704972652541863,0.5459468023079541,126.52504347453818,0,7,0.24265448941569112,6.604363611421451,6.604363611421451,False,inf,0.0,True,0.3513384009453938,3.443399997195229
office,facil,100,uniforme,0.0,0.9480219307675769,0.9480219307675769,1.0,60,60,184.4711999874562,0.03,0,tve,TVE (proposed),20.07670000602957,14,0.4326000052969903,7.135699997888878,6.299799992120825,1.0268999903928488,0.09790000331122428,4.3889000080525875,0.446999998530373,True,20.07670000602957,True,13.541466624118925,1.0041705249164212,0.29438685398691017,0.5489316942222281,75.67614098880237,0,7,0.4751436654620398,13.541466624118925,13.541466624118925,False,inf,0.0,True,0.3,
office,facil,100,uniforme,0.0,0.9480219307675769,0.9480219307675769,1.0,60,60,184.4711999874562,0.03,0,teselado,WDT,33.05259998887777,8,0.3656000044429675,12.630299999727868,7.17689999146387,0.9747000003699213,0.25889999233186245,,4.916899997624569,True,33.05259998887777,True,15.04947824005985,1.1159974678904054,0.2594963932499498,0.4285298755580197,275.6731260826836,0,20,0.309761298860816,15.04947824005985,15.04947824005985,False,inf,0.0,True,0.3,4.77369999862276
office,facil,100,uniforme,0.0,0.9480219307675769,0.9480219307675769,1.0,60,60,184.4711999874562,0.03,1,teselado,WDT,38.112700000056066,8,0.516500003868714,13.031900001806207,5.748299998231232,0.9562000050209463,0.15970000822562724,,10.776099996292032,True,38.112700000056066,True,14.11085954912724,1.07504756683944,0.2601830847956303,0.5788879923877814,297.08421613368864,0,21,0.358516735745558,14.11085954912724,14.11085954912724,False,inf,0.0,True,0.3201830847956303,4.983200007700361
office,facil,100,uniforme,0.0,0.9480219307675769,0.9480219307675769,1.0,60,60,184.4711999874562,0.03,1,tve,TVE (proposed),29.915399994933978,12,0.3836999967461452,6.314599988400005,6.3313000136986375,6.826400000136346,0.10619999375194311,8.414199997787364,1.1900999961653724,True,29.915399994933978,True,13.14128843707341,1.0011799855441708,0.2555832916736085,0.5091911363105749,84.2514641597394,0,9,0.7999611367395997,13.14128843707341,13.14128843707341,True,13.14128843707341,0.0,True,0.3199339233848982,
office,facil,100,uniforme,0.0,0.9480219307675769,0.9480219307675769,1.0,60,60,184.4711999874562,0.03,2,tve,TVE (proposed),20.31669999996666,16,0.855800011777319,6.5882999915629625,6.3842999952612445,1.589299994520843,0.06890000076964498,4.337699996540323,0.19600000814534724,True,20.31669999996666,True,8.822321407559691,1.001845577499039,0.3348669732159232,0.4575779585885121,22.913611900865273,0,4,1.1140017518558518,8.822321407559691,8.822321407559691,True,8.822321407559691,0.0,True,0.39,
office,facil,100,uniforme,0.0,0.9480219307675769,0.9480219307675769,1.0,60,60,184.4711999874562,0.03,2,teselado,WDT,26.903100006165914,8,0.36490001366473734,12.636399987968616,5.645700002787635,0.9352999913971871,0.22849999368190765,,2.5045999936992303,True,26.903100006165914,True,8.821679776960647,1.0017727151821558,0.306807925938223,0.4152519730558856,22.778266085242553,0,6,2.2504834372836457,8.821679776960647,8.821679776960647,True,8.821679776960647,0.0,True,0.34003989863020306,3.118299995549023
office,facil,104,uniforme,0.0,0.9552048312787946,0.9552048312787946,1.0,44,44,174.9110000091605,0.03,0,tve,TVE (proposed),20.436899998458102,19,0.45059999683871865,6.707499996991828,7.0149000093806535,1.2314000050537288,0.14689999807160348,4.278699998394586,0.3077000001212582,True,20.436899998458102,True,7.96949939561808,1.0041460184961297,0.296275886574416,0.521973583274393,74.86108362101344,0,7,0.7999492210943971,7.96949939561808,7.96949939561808,True,7.96949939561808,0.0,True,0.3603540522519058,
office,facil,104,uniforme,0.0,0.9552048312787946,0.9552048312787946,1.0,44,44,174.9110000091605,0.03,0,teselado,WDT,32.966600003419444,10,0.3880000003846362,15.78489999519661,6.173000001581386,1.0064000089187175,0.39420000393874943,,4.360999999335036,True,32.966600003419444,True,8.967648590196422,1.1299114511595734,0.2875006985203254,0.6852230354944735,101.99749857787015,0,10,0.5468411100245147,8.967648590196422,8.967648590196422,False,inf,0.0,True,0.34750069852032545,3.334200009703636
office,facil,104,uniforme,0.0,0.9552048312787946,0.9552048312787946,1.0,44,44,174.9110000091605,0.03,1,teselado,WDT,26.758899999549612,10,0.38670000503771007,15.912100003333762,6.28869999491144,1.120400003856048,0.2741999924182892,,0.2632999967318028,True,26.758899999549612,True,7.751445026574077,0.9999999999999998,0.27,0.914210704506148,0.0,0,2,inf,7.751445026574077,7.751445026574077,True,7.751445026574077,0.0,True,0.27,1.1304999934509397
office,facil,104,uniforme,0.0,0.9552048312787946,0.9552048312787946,1.0,44,44,174.9110000091605,0.03,1,tve,TVE (proposed),22.564600003533997,16,0.39339999784715474,6.138099997770041,9.00819999515079,2.0334000000730157,0.09269999281968921,4.02629999734927,0.5668000085279346,True,22.564600003533997,True,7.7554605121555635,1.0005180305823906,0.27,0.9226804087536012,8.287270881759502,0,3,1.6474460523442926,7.7554605121555635,7.7554605121555635,True,7.7554605121555635,0.0,True,0.27,
office,facil,104,uniforme,0.0,0.9552048312787946,0.9552048312787946,1.0,44,44,174.9110000091605,0.03,2,tve,TVE (proposed),29.932799996458925,19,0.6210999999893829,8.897100007743575,10.901799993007444,1.8020999996224418,0.20959999528713524,6.8256999948062,0.4327000060584396,True,29.932799996458925,True,7.040920096596285,1.0049205850548166,0.3058687102890246,0.5472732933230431,47.62229182173049,0,5,0.8098621508643533,7.040920096596285,7.040920096596285,True,7.040920096596285,0.0,True,0.3601275947296248,
office,facil,104,uniforme,0.0,0.9552048312787946,0.9552048312787946,1.0,44,44,174.9110000091605,0.03,2,teselado,WDT,36.49600000062492,10,0.38240000139921904,15.92420000815764,6.2024999933782965,1.7488000012235716,0.5336000031093135,,4.830600009881891,True,36.49600000062492,True,7.1182712931671865,1.0159605924183852,0.32613761161652705,0.5731744701058364,50.839316229363675,0,7,0.9779843252691112,7.1182712931671865,7.1182712931671865,True,7.1182712931671865,0.0,True,0.38389780793417216,5.1014000055147335
office,medio,100,alfombra,0.06122493620022871,0.9285319434573166,0.9285319434573166,1.0,60,60,161.68229999311734,0.03,0,tve,TVE (proposed),24.340500007383525,20,0.603299995418638,9.906600011163391,6.449099993915297,1.273099987884052,0.1880000054370612,5.2509000088321045,0.411000000895001,True,24.340500007383525,True,7.515653061576627,1.0069400532120711,0.2866071065621827,0.40780767695066694,98.12419651022579,0,9,0.8198386647213286,7.515653061576627,7.515653061576627,True,7.515653061576627,0.0,True,0.3116690426278728,
office,medio,100,alfombra,0.06122493620022871,0.9285319434573166,0.9285319434573166,1.0,60,60,161.68229999311734,0.03,0,teselado,WDT,29.598300010547973,10,0.39770000148564577,12.739199999487028,5.588699990767054,0.9312999900430441,0.20840000070165843,,4.115600007935427,True,29.598300010547973,True,8.436053843532061,1.1302544750946875,0.2712342741033258,0.4943660355506919,226.25317646314002,0,19,0.4985025055825733,8.436053843532061,8.436053843532061,False,inf,0.0,True,0.3274494978072588,4.140000004554167
office,medio,100,alfombra,0.06122493620022871,0.9285319434573166,0.9285319434573166,1.0,60,60,161.68229999311734,0.03,1,teselado,WDT,33.634499995969236,10,0.3924000047845766,12.66100000066217,5.679599998984486,1.1171000078320503,0.5937999958405271,,3.7650000012945384,True,33.634499995969236,True,7.225510560175008,1.077756879201565,0.2607666525447615,0.47056751749489817,120.29335571753431,0,10,0.426741334177259,7.225510560175008,7.225510560175008,False,inf,0.0,True,0.28418886866179605,7.965200013131835
office,medio,100,alfombra,0.06122493620022871,0.9285319434573166,0.9285319434573166,1.0,60,60,161.68229999311734,0.03,1,tve,TVE (proposed),32.96050000062678,19,0.39089999336283654,6.339999992633238,6.334200006676838,1.225699990754947,0.10239999392069876,16.026099998271093,2.1224999945843592,True,32.96050000062678,True,6.917402647490835,1.0317995147127421,0.25593262062126326,0.45038630940742697,203.50127718618128,0,14,0.40676880351048184,6.917402647490835,6.917402647490835,False,inf,0.0,True,0.34049059150655436,
office,medio,100,alfombra,0.06122493620022871,0.9285319434573166,0.9285319434573166,1.0,60,60,161.68229999311734,0.03,2,tve,TVE (proposed),194.09889999951702,10,0.4034000012325123,6.3842999952612445,6.364500004565343,54.45750000944827,0.09299999510403723,115.27249999926426,10.805100013385527,True,194.09889999951702,True,14.16378570561619,0.8761523391486156,0.23972099304199218,0.3860061441121204,819.0273809707935,1,33,0.2039329674581724,14.16378570561619,16.335684421233754,False,inf,0.0,True,0.2947267270088196,
office,medio,100,alfombra,0.06122493620022871,0.9285319434573166,0.9285319434573166,1.0,60,60,161.68229999311734,0.03,2,teselado,WDT,97.19590000167955,10,0.5574999959208071,13.477000000420958,6.003300004522316,44.64720000396483,0.22870000975672156,,7.824100001016632,True,97.19590000167955,True,13.450027967571142,0.8320002653477795,0.24632661995539562,0.5181717438554051,251.80353086879714,1,20,0.31330659195447225,13.450027967571142,13.450027967571142,False,inf,0.0,True,0.31911559817231155,22.822300001280382
office,facil,103,alfombra,0.0,0.9398036187756768,0.9398036187756768,1.0,54,54,160.71569999621715,0.03,0,tve,TVE (proposed),36.70399999828078,19,0.44809999235440046,6.8946000101277605,7.400399990729056,1.226899999892339,0.11149999045301229,17.745200006174855,2.4705000105313957,True,36.70399999828078,True,17.273470619203927,1.0081497204035412,0.263161458258562,0.4169290320408907,356.12354025866745,0,25,0.5159944987783988,17.273470619203927,17.273470619203927,False,inf,0.0,True,0.3355369460325763,
office,facil,103,alfombra,0.0,0.9398036187756768,0.9398036187756768,1.0,54,54,160.71569999621715,0.03,0,teselado,WDT,49.1662999993423,12,0.3744999994523823,14.057699998375028,6.538499990710989,1.1563000007299706,0.3618000046117231,,16.42199998605065,True,49.1662999993423,True,20.108703864984808,1.1736254181961454,0.25614747666049137,0.5251671650234409,274.5277336851452,0,25,0.5309346310675858,20.108703864984808,20.108703864984808,False,inf,0.0,True,0.31540208743329473,8.403600004385225
office,facil,103,alfombra,0.0,0.9398036187756768,0.9398036187756768,1.0,54,54,160.71569999621715,0.03,1,teselado,WDT,40.20879999734461,12,0.6332999910227954,19.397800002479926,7.70290000946261,1.146900001913309,0.22280000848695636,,3.306499987957068,True,40.20879999734461,True,10.311671667544976,1.0042406255023566,0.35218090512045486,0.5976338974817627,19.1685353278319,0,7,9.207182301248041,10.311671667544976,10.311671667544976,True,10.311671667544976,0.0,True,0.41970085955316627,6.24940000125207
office,facil,103,alfombra,0.0,0.9398036187756768,0.9398036187756768,1.0,54,54,160.71569999621715,0.03,1,tve,TVE (proposed),19.8899000097299,21,0.37290000182110816,6.267800010391511,7.166899988078512,1.1974000080954283,0.13070000568404794,4.0557999891461805,0.301799998851493,True,19.8899000097299,True,10.286423732340713,1.001781761114541,0.3574620041347297,0.5792626630481608,17.325025490537758,0,4,2.1459002155482,10.286423732340713,10.286423732340713,True,10.286423732340713,0.0,True,0.42609905677024756,
office,facil,103,alfombra,0.0,0.9398036187756768,0.9398036187756768,1.0,54,54,160.71569999621715,0.03,2,tve,TVE (proposed),26.4549999992596,15,0.40190000436268747,6.728099993779324,8.628400013549253,1.9054000003961846,0.09390000195708126,7.21250000060536,1.1040999961551279,True,26.4549999992596,True,11.150588393539646,1.0078820311743313,0.257721004486084,0.47403213257840304,127.94015155320501,0,10,0.398294321268408,11.150588393539646,11.150588393539646,False,inf,0.0,True,0.293627986907959,
office,facil,103,alfombra,0.0,0.9398036187756768,0.9398036187756768,1.0,54,54,160.71569999621715,0.03,2,teselado,WDT,41.51199999614619,12,0.3865999897243455,18.705000009504147,6.712300004437566,1.2303000112297013,0.25009999808389693,,4.576400009682402,True,41.51199999614619,True,11.800471960165344,1.0666238612948853,0.257721004486084,0.5162706479548105,127.03396764145994,0,13,1.0864097689637193,11.800471960165344,11.800471960165344,True,11.800471960165344,0.0,True,0.293627986907959,8.060599997406825
office,medio,105,alfombra,0.10281741830787691,0.8850979528945631,0.8850979528945631,1.0,36,36,160.9768000053009,0.03,0,tve,TVE (proposed),45.98009999608621,28,0.43649999133776873,15.535100013948977,24.06259998679161,1.2420999992173165,0.2091999922413379,3.978000007919036,0.06600000779144466,True,45.98009999608621,True,7.296416928876803,1.0,0.36,1.2493006305480443,0.0,0,2,11863283.203031443,7.296416928876803,7.296416928876803,True,7.296416928876803,0.0,True,0.36,
office,medio,105,alfombra,0.10281741830787691,0.8850979528945631,0.8850979528945631,1.0,36,36,160.9768000053009,0.03,0,teselado,WDT,32.33780000300612,8,0.39739999920129776,21.34920000389684,6.095199991250411,1.0949999996228144,0.2226999931735918,,0.24220001068897545,True,32.33780000300612,True,7.296416928876803,1.0,0.36,1.2493059409907834,0.0,0,2,11863283.203031443,7.296416928876803,7.296416928876803,True,7.296416928876803,0.0,True,0.36,1.034000000800006
office,medio,105,alfombra,0.10281741830787691,0.8850979528945631,0.8850979528945631,1.0,36,36,160.9768000053009,0.03,1,teselado,WDT,28.389400002197362,8,0.4135000053793192,17.511599988210946,6.64800000959076,0.8482000121148303,0.21860000560991466,,0.2511000056983903,True,28.389400002197362,True,6.48999229583518,1.0,0.3219632061725384,0.9479643251601394,0.0,0,2,inf,6.48999229583518,6.48999229583518,True,6.48999229583518,0.0,True,0.4215110943450017,1.0048000112874433
office,medio,105,alfombra,0.10281741830787691,0.8850979528945631,0.8850979528945631,1.0,36,36,160.9768000053009,0.03,1,tve,TVE (proposed),43.40010001033079,32,0.3848000051220879,12.96039998123888,23.647600013646297,1.0611999896354973,0.19019999308511615,4.452699999092147,0.060600010328926146,True,43.40010001033079,True,6.48999229583518,1.0,0.32176504747421525,0.9479679461356745,0.0,0,2,11863283.203031443,6.48999229583518,6.48999229583518,True,6.48999229583518,0.0,True,0.42158201333482537,
office,medio,105,alfombra,0.10281741830787691,0.8850979528945631,0.8850979528945631,1.0,36,36,160.9768000053009,0.03,2,tve,TVE (proposed),48.15999999118503,32,0.4132000030949712,16.46299999265466,23.695399999269284,1.2537000002339482,0.2086000022245571,4.981799997040071,0.36210000689607114,True,48.15999999118503,True,7.505099144281596,1.0118829256798723,0.35150947021777573,0.4821835993477042,63.529398996599205,0,6,0.8352735626313058,7.505099144281596,7.505099144281596,True,7.505099144281596,0.0,True,0.4321156568724764,
office,medio,105,alfombra,0.10281741830787691,0.8850979528945631,0.8850979528945631,1.0,36,36,160.9768000053009,0.03,2,teselado,WDT,41.79120001208503,8,0.4010999982710928,22.551000001840293,7.0687999977963045,3.2051999878603965,0.2810000005410984,,3.230199989047833,True,41.79120001208503,True,7.94323581998421,1.070955166130608,0.2507752966251223,0.5302236303028093,130.92080448654687,0,13,0.85640795327635,7.94323581998421,7.94323581998421,True,7.94323581998421,0.0,True,0.3148529293617392,3.4656999923754483
office,medio,102,concreto,0.04156489970857221,0.8534933492265597,0.8534933492265597,1.0,60,60,165.7813000056194,0.03,0,tve,TVE (proposed),20.623499993234873,15,0.4243000003043562,6.991300004301593,6.47910000407137,1.1778999905800447,0.10509999992791563,4.445300000952557,0.7079000060912222,True,20.623499993234873,True,8.00068492006977,1.0122490063917888,0.2882680566999237,0.49665457315273936,108.29679065137312,0,8,0.5638789073940383,8.00068492006977,8.00068492006977,False,inf,0.0,True,0.3541545194307655,
office,medio,102,concreto,0.04156489970857221,0.8534933492265597,0.8534933492265597,1.0,60,60,165.7813000056194,0.03,0,teselado,WDT,42.0740000117803,8,0.39960000140126795,13.39140000345651,5.932900006882846,0.9646000107750297,0.23410000721924007,,11.370899999747053,True,42.0740000117803,True,15.060034956017727,1.9054000467152024,0.26580049623773705,0.5124395822803974,365.9989161326636,0,33,0.6736730960256004,15.060034956017727,15.060034956017727,False,inf,0.0,True,0.3388384773887365,7.966899996972643
office,medio,102,concreto,0.04156489970857221,0.8534933492265597,0.8534933492265597,1.0,60,60,165.7813000056194,0.03,1,teselado,WDT,50.50919999484904,8,0.5312000139383599,14.866999990772456,7.469100004527718,3.8690000073984265,0.23190000501926988,,14.508699998259544,True,50.50919999484904,True,12.311414870627393,1.1010654824600081,0.2874462064996552,0.5209771567499203,234.0233456804044,0,16,0.27161702081691386,12.311414870627393,12.311414870627393,False,inf,0.0,True,0.37578722804914805,6.846300006145611
office,medio,102,concreto,0.04156489970857221,0.8534933492265597,0.8534933492265597,1.0,60,60,165.7813000056194,0.03,1,tve,TVE (proposed),29.061000008368865,11,0.6354000070132315,9.47269999596756,7.193800003733486,1.747100002830848,0.06429999484680593,8.99099999514874,0.6460000004153699,True,29.061000008368865,True,11.25779340679364,1.0068353523249156,0.2839558613813277,0.42826804905363425,190.65133875901748,0,13,0.48387921123808975,11.25779340679364,11.25779340679364,False,inf,0.0,True,0.36433102440726284,
office,medio,102,concreto,0.04156489970857221,0.8534933492265597,0.8534933492265597,1.0,60,60,165.7813000056194,0.03,2,tve,TVE (proposed),20.95259999623522,14,0.39149999793153256,6.238800007849932,6.4565999928163365,0.9446000040043145,0.14439999358728528,6.043600005796179,0.44759998854715377,True,20.95259999623522,True,8.011462714605633,1.0104121512751982,0.30192056288986996,0.419294386160768,120.65895465101976,0,8,0.6016486634684967,8.011462714605633,8.011462714605633,False,inf,0.0,True,0.36782754531174494,
office,medio,102,concreto,0.04156489970857221,0.8534933492265597,0.8534933492265597,1.0,60,60,165.7813000056194,0.03,2,teselado,WDT,29.600699999718927,8,0.3738999948836863,13.303900006576441,5.878299998585135,0.9441000001970679,0.2854999911505729,,3.236100004869513,True,29.600699999718927,True,9.165114703079944,1.1559116722767906,0.32999999999999996,0.6138841085158867,165.92685977325922,0,18,1.379016948753636,9.165114703079944,9.165114703079944,True,9.165114703079944,0.0,True,0.42,3.9653999992879108
office,dificil,100,madera,0.15377553239552375,0.9095222133408968,0.9095222133408968,1.0,60,60,183.01789999532048,0.03,0,tve,TVE (proposed),20.76909999595955,18,0.3910000086762011,7.39169999724254,6.2803000037092716,2.3927000002004206,0.12930000957567245,3.8548000011360273,0.06510000093840063,True,20.76909999595955,True,6.788225099390856,1.0,0.5033489227294922,0.7431440566865638,0.0,0,2,11863283.203031443,6.788225099390856,6.788225099390856,True,6.788225099390856,0.0,True,0.551348934173584,
office,dificil,100,madera,0.15377553239552375,0.9095222133408968,0.9095222133408968,1.0,60,60,183.01789999532048,0.03,0,teselado,WDT,23.09649999369867,8,0.39230000402312726,13.13809999555815,5.59830000565853,0.9035000111907721,0.22610000451095402,,0.2948000037577003,True,23.09649999369867,True,6.788225099390856,1.0,0.5033489227294922,0.7431389271725777,0.0,0,2,11863283.203031443,6.788225099390856,6.788225099390856,True,6.788225099390856,0.0,True,0.551348934173584,1.1042999976780266
office,dificil,100,madera,0.15377553239552375,0.9095222133408968,0.9095222133408968,1.0,60,60,183.01789999532048,0.03,1,teselado,WDT,41.80929998983629,8,0.39930001366883516,12.964199995622039,5.851199995959178,0.9012999944388866,0.2246999938506633,,12.926299998071045,True,41.80929998983629,True,10.364123552020462,1.0926094870704883,0.2652882236935966,0.5677558481339113,286.6084057333395,0,21,0.31412136948054453,10.364123552020462,10.364123552020462,False,inf,0.0,True,0.34423311420169483,6.633999990299344
office,dificil,100,madera,0.15377553239552375,0.9095222133408968,0.9095222133408968,1.0,60,60,183.01789999532048,0.03,1,tve,TVE (proposed),26.173299993388355,14,0.6027999916113913,6.982899998547509,6.496900008642115,0.9698000067146495,0.10299999848939478,9.38740000128746,1.321300005656667,True,26.173299993388355,True,9.642742060754358,1.0165598088513643,0.27030461857270544,0.45808760829510525,194.28745628238346,0,13,0.5934302029210209,9.642742060754358,9.642742060754358,False,inf,0.0,True,0.3501970647620663,
office,dificil,100,madera,0.15377553239552375,0.9095222133408968,0.9095222133408968,1.0,60,60,183.01789999532048,0.03,2,tve,TVE (proposed),23.16199999768287,16,0.39450000622309744,6.615099991904572,9.923600009642541,1.440699998056516,0.13110000872984529,4.297700012102723,0.05800000508315861,True,23.16199999768287,True,6.937852693737451,1.0,0.32999999999999996,0.6865649279945795,0.0,0,2,11863283.203031443,6.937852693737451,6.937852693737451,True,6.937852693737451,0.0,True,0.32999999999999996,
office,dificil,100,madera,0.15377553239552375,0.9095222133408968,0.9095222133408968,1.0,60,60,183.01789999532048,0.03,2,teselado,WDT,29.244900011690333,8,0.37090000114403665,16.289200008031912,8.605999988503754,0.8944000001065433,0.22279999393504113,,0.2948000037577003,True,29.244900011690333,True,6.93785269373745,0.9999999999999999,0.32999999999999996,0.6865669228233023,0.0,0,2,11863283.203031443,6.93785269373745,6.93785269373745,True,6.93785269373745,0.0,True,0.32999999999999996,1.0974000033456832
office,medio,104,baldosa,0.08448997197655779,0.9233014382860926,0.9233014382860926,1.0,44,44,154.33500001381617,0.03,0,tve,TVE (proposed),54.68269999255426,13,0.5983999872114509,9.469900003750809,8.913700003176928,7.190299991634674,0.0965999934123829,27.77260000584647,0.32130000181496143,True,54.68269999255426,True,15.818893374030328,1.015451271439871,0.30748650343131156,0.5374942323615088,83.07043093502834,0,8,0.7987051627543146,15.818893374030328,15.818893374030328,True,15.818893374030328,0.0,True,0.32999999999999996,
office,medio,104,baldosa,0.08448997197655779,0.9233014382860926,0.9233014382860926,1.0,44,44,154.33500001381617,0.03,0,teselado,WDT,65.19680000201333,8,0.38610000046901405,15.266200003679842,7.576000003609806,29.804799996782094,0.26190000062342733,,5.539799996768124,True,65.19680000201333,True,16.15473192539461,1.0370095230771976,0.32999999999999996,0.5810804572818122,97.19999109391499,0,14,0.6399799595441835,16.15473192539461,16.15473192539461,False,inf,0.0,True,0.32999999999999996,4.446000006282702
office,medio,104,baldosa,0.08448997197655779,0.9233014382860926,0.9233014382860926,1.0,44,44,154.33500001381617,0.03,1,teselado,WDT,29.085600006510504,8,0.3791999915847555,15.549600007943809,5.952699997578748,1.0181999969063327,0.22139999782666564,,2.2883999918121845,True,29.085600006510504,True,6.759878767731424,1.0095663331808369,0.27,0.6078822394696556,23.107081046612947,0,5,2.6043962275348056,6.759878767731424,6.759878767731424,True,6.759878767731424,0.0,True,0.27,2.267000003485009
office,medio,104,baldosa,0.08448997197655779,0.9233014382860926,0.9233014382860926,1.0,44,44,154.33500001381617,0.03,1,tve,TVE (proposed),21.656199998687953,11,0.3758999955607578,6.2074000015854836,6.491199994343333,1.5829999902052805,0.10469999688211828,5.892300003324635,0.7093000021995977,True,21.656199998687953,True,6.734159854245597,1.0057252954827607,0.27,0.5407760717057456,40.09103566702054,0,5,0.5173061282393852,6.734159854245597,6.734159854245597,False,inf,0.0,True,0.27,
office,medio,104,baldosa,0.08448997197655779,0.9233014382860926,0.9233014382860926,1.0,44,44,154.33500001381617,0.03,2,tve,TVE (proposed),19.574499994632788,15,0.40530000114813447,6.430199995520525,6.664200001978315,1.1433000036049634,0.16199999663513154,4.3849000066984445,0.05909999890718609,True,19.574499994632788,True,5.880688735173797,1.0,0.54,0.7238570618401546,0.0,0,2,11863283.203031443,5.880688735173797,5.880688735173797,True,5.880688735173797,0.0,True,0.54,
office,medio,104,baldosa,0.08448997197655779,0.9233014382860926,0.9233014382860926,1.0,44,44,154.33500001381617,0.03,2,teselado,WDT,25.68289999908302,8,0.3690000012284145,15.474900006665848,5.857099997228943,1.1231000098632649,0.22850000823382288,,0.23859999782871455,True,25.68289999908302,True,5.880688735173797,0.9999999999999999,0.54,0.7238565418314377,0.0,0,2,11863283.203031443,5.880688735173797,5.880688735173797,True,5.880688735173797,0.0,True,0.54,1.04010000359267
office,medio,103,concreto,0.07871401911321718,0.9022377622377622,0.9022377622377622,1.0,54,54,158.2187000021804,0.03,0,tve,TVE (proposed),24.74340000480879,19,0.4015000013168901,6.524199998239055,7.180000000516884,1.2321999965934083,0.18649999401532114,7.592800000566058,1.3295000098878518,True,24.74340000480879,True,8.74048603625501,1.0086617073886825,0.2605467731147558,0.38981210168864644,172.87184833561557,0,14,0.4862484431833767,8.74048603625501,8.74048603625501,False,inf,0.0,True,0.33395738151639864,
office,medio,103,concreto,0.07871401911321718,0.9022377622377622,0.9022377622377622,1.0,54,54,158.2187000021804,0.03,0,teselado,WDT,40.73649999918416,12,0.3724999987753108,14.061599998967722,6.3532000058330595,1.1387999984435737,0.1951000012923032,,7.5450000003911555,True,40.73649999918416,True,9.258439577053734,1.0684341159987993,0.26745444338579083,0.42230251692696796,294.9000362252183,0,16,0.25450841012786457,9.258439577053734,9.258439577053734,False,inf,0.0,True,0.3304336842467262,9.388000005856156
office,medio,103,concreto,0.07871401911321718,0.9022377622377622,0.9022377622377622,1.0,54,54,158.2187000021804,0.03,1,teselado,WDT,45.796500009601004,12,0.4054999881191179,14.805300001171418,6.256200009374879,1.1503999994602054,0.34470000537112355,,10.708299989346415,True,45.796500009601004,True,17.736877978802603,1.2212804705028881,0.275906982421875,0.6042416438824453,348.4468187307647,0,31,0.736955566002376,17.736877978802603,17.736877978802603,False,inf,0.0,True,0.3,10.27050000266172
office,medio,103,concreto,0.07871401911321718,0.9022377622377622,0.9022377622377622,1.0,54,54,158.2187000021804,0.03,1,tve,TVE (proposed),28.17799999320414,18,0.39790000300854445,7.46499998786021,7.415700005367398,1.1072999914176762,0.08709999383427203,10.770799999590963,0.6089000089559704,True,28.17799999320414,True,14.62730032364869,1.0071691445812552,0.275906982421875,0.468340087219205,184.81618755336515,0,13,0.5000087520696737,14.62730032364869,14.62730032364869,False,inf,0.0,True,0.3,
office,medio,103,concreto,0.07871401911321718,0.9022377622377622,0.9022377622377622,1.0,54,54,158.2187000021804,0.03,2,tve,TVE (proposed),24.066499987384304,21,0.4015000013168901,6.209499988472089,7.084500015480444,1.2491999950725585,0.09240000508725643,7.942799988086335,0.6234000029508024,True,24.066499987384304,True,10.770879748020647,1.0113607579454142,0.3319971122275196,0.4608178652470328,109.89558304333552,0,9,0.847137237792441,10.770879748020647,10.770879748020647,True,10.770879748020647,0.0,True,0.36,
office,medio,103,concreto,0.07871401911321718,0.9022377622377622,0.9022377622377622,1.0,54,54,158.2187000021804,0.03,2,teselado,WDT,41.1378999997396,12,0.381799996830523,15.204600000288337,10.557000001426786,1.7655999981798232,0.8752000139793381,,4.365100001450628,True,41.1378999997396,True,13.337331201003305,1.2523446281065904,0.3047949852150797,0.4568108035638737,108.26123343150476,0,14,0.8800737771384501,13.337331201003305,13.337331201003305,True,13.337331201003305,0.0,True,0.34603410746031527,6.068400005460717
office,dificil,101,alfombra,0.10872548476138186,0.879294419117428,0.879294419117428,1.0,53,53,179.14579999342095,0.03,0,tve,TVE (proposed),20.541400008369237,17,0.3974999999627471,7.228699992992915,7.664600008865818,1.3293999945744872,0.17470000602770597,3.2571000047028065,0.20739999308716506,True,20.541400008369237,True,8.299724529966896,1.0050376907970016,0.39260178585297584,0.634408414511021,26.342529444652012,0,4,1.0572340111427134,8.299724529966896,8.299724529966896,True,8.299724529966896,0.0,True,0.44999999999999996,
office,dificil,101,alfombra,0.10872548476138186,0.879294419117428,0.879294419117428,1.0,53,53,179.14579999342095,0.03,0,teselado,WDT,29.134099997463636,8,0.37959999463055283,15.135000008740462,5.742399996961467,1.0088999988511205,0.22259999241214246,,2.3545000003650784,True,29.134099997463636,True,8.344244619241975,1.0104287573989772,0.4288530259411731,0.5696018421560658,29.518496376224974,0,6,2.1648325086442526,8.344244619241975,8.344244619241975,True,8.344244619241975,0.0,True,0.44999999999999996,2.6631000073393807
office,dificil,101,alfombra,0.10872548476138186,0.879294419117428,0.879294419117428,1.0,53,53,179.14579999342095,0.03,1,teselado,WDT,35.931099992012605,8,0.6460000004153699,18.257700008689426,6.17459999921266,0.9556000004522502,0.26960000104736537,,3.9561999874422327,True,35.931099992012605,True,8.401998685328099,1.0753665206475946,0.2974334524328533,0.5337232781690125,103.83364705321979,0,11,0.805576435169428,8.401998685328099,8.401998685328099,True,8.401998685328099,0.0,True,0.39,3.5880999930668622
office,dificil,101,alfombra,0.10872548476138186,0.879294419117428,0.879294419117428,1.0,53,53,179.14579999342095,0.03,1,tve,TVE (proposed),21.977800002787262,12,0.6078000005800277,7.346899990807287,6.444400001782924,1.670800003921613,0.09140001202467829,5.190700001548976,0.3612000000430271,True,21.977800002787262,True,8.023668005392603,1.0269442151731936,0.3,0.4581135173173278,109.06173000576023,0,8,0.43779380583681454,8.023668005392603,8.023668005392603,False,inf,0.0,True,0.39,
office,dificil,101,alfombra,0.10872548476138186,0.879294419117428,0.879294419117428,1.0,53,53,179.14579999342095,0.03,2,tve,TVE (proposed),34.362300008069724,13,0.6182999932207167,8.50360000913497,9.010099995066412,3.6063000006834045,0.1877999893622473,10.75650000711903,1.2566000077640638,True,34.362300008069724,True,8.67165522281261,1.007388213315786,0.27,0.5153776419655582,78.75973875839148,0,7,0.8039326406108768,8.67165522281261,8.67165522281261,True,8.67165522281261,0.0,True,0.27,
office,dificil,101,alfombra,0.10872548476138186,0.879294419117428,0.879294419117428,1.0,53,53,179.14579999342095,0.03,2,teselado,WDT,31.172700008028187,8,0.596800004132092,17.187799996463582,5.88189999689348,0.9680999937700108,0.16929999401327223,,2.498000001651235,True,31.172700008028187,True,9.298795260946664,1.0802432180734296,0.27,0.6843116413469381,97.98677794471791,0,10,0.7139488574661441,9.298795260946664,9.298795260946664,False,inf,0.0,True,0.27,2.334600008907728
office,dificil,102,madera,0.17672548044209418,0.8617076573742237,0.8618727083675368,0.9997778130455484,60,60,157.3608000035165,0.03,0,tve,TVE (proposed),18.751300012809224,10,0.3870999935315922,6.627399998251349,5.753699995693751,1.471400013542734,0.11239999730605632,3.8093000039225444,0.37170000723563135,True,18.751300012809224,True,5.875238420573315,1.015253289920325,0.27,0.7203665699769022,73.75292885238198,1,4,0.22731961619774652,5.875238420573315,6.5753757239613595,False,inf,0.0,True,0.27,
office,dificil,102,madera,0.17672548044209418,0.8617076573742237,0.8618727083675368,0.9997778130455484,60,60,157.3608000035165,0.03,0,teselado,WDT,22.717400002875365,6,0.9455999970668927,12.80709999264218,5.4041000112192705,0.7963000098243356,0.18640000780578703,,0.2435000060359016,True,22.717400002875365,True,5.786968118108133,0.9999999999999999,0.27,0.6612943919273111,0.0,0,2,11863283.203031443,5.786968118108133,5.786968118108133,True,5.786968118108133,0.0,True,0.27,0.9951000101864338
office,dificil,102,madera,0.17672548044209418,0.8617076573742237,0.8618727083675368,0.9997778130455484,60,60,157.3608000035165,0.03,1,teselado,WDT,80.33979999891017,6,0.3958000015700236,13.26399999379646,5.276500000036322,40.791499995975755,0.192599996807985,,8.917999992263503,True,80.33979999891017,True,13.543537177958822,1.3236244673112756,0.2662860718835183,0.49499529652359353,245.38918603092532,0,20,0.5595473978232408,13.543537177958822,13.543537177958822,False,inf,0.0,True,0.2981299281117614,9.825500004808418
office,dificil,102,madera,0.17672548044209418,0.8617076573742237,0.8618727083675368,0.9997778130455484,60,60,157.3608000035165,0.03,1,tve,TVE (proposed),19.634700001915917,12,0.38219999987632036,6.866299998364411,5.749699994339608,1.9142999954055995,0.09879999561235309,3.965800002333708,0.34440000308677554,True,19.634700001915917,True,10.277129885605786,1.004394966513017,0.287092767925562,0.5924261275228605,71.62165602676662,0,7,0.5110142833097,10.277129885605786,10.277129885605786,False,inf,0.0,True,0.33826521992645875,
office,dificil,102,madera,0.17672548044209418,0.8617076573742237,0.8618727083675368,0.9997778130455484,60,60,157.3608000035165,0.03,2,tve,TVE (proposed),136.4865999930771,6,0.4186000005574897,6.366999994497746,5.960200011031702,67.40389998594765,0.07819999882485718,52.52670000481885,3.4146999969379976,True,136.4865999930771,True,20.183765959131527,1.1056300263827892,0.23972099304199218,0.529663977034044,448.0905055830778,0,24,0.2410415667168477,20.183765959131527,20.183765959131527,False,inf,0.0,True,0.27,
office,dificil,102,madera,0.17672548044209418,0.8617076573742237,0.8618727083675368,0.9997778130455484,60,60,157.3608000035165,0.03,2,teselado,WDT,135.0040999968769,6,0.9245999972335994,13.660600001458079,5.624799989163876,56.79030000464991,0.2204000047640875,,30.716199995367788,True,135.0040999968769,True,19.84246770128695,1.0869343279393389,0.2478638992390726,0.46072071086230626,443.9745962871071,3,24,0.20012684374965556,19.84246770128695,20.637738041386786,False,inf,0.0,True,0.27,24.732999998377636
warehouse,facil,100,uniforme,0.0,0.9663705388706157,0.9663705388706157,1.0,17,17,148.9578999899095,0.04,0,tve,TVE (proposed),19.619099999545142,13,0.31769998895470053,6.284600007347763,6.797800000640564,1.4737000019522384,0.11199999426025897,4.182999997283332,0.17939999816007912,True,19.619099999545142,True,10.655724549909396,1.0021154078719898,0.5900559388663419,1.2628107028398146,7.459516806750935,0,3,2.7711741439426665,10.655724549909396,10.655724549909396,True,10.655724549909396,0.0,True,0.708569260169918,
warehouse,facil,100,uniforme,0.0,0.9663705388706157,0.9663705388706157,1.0,17,17,148.9578999899095,0.04,0,teselado,WDT,27.762400000938214,10,0.35000000207219273,17.013000004226342,5.779899991466664,1.201000006403774,0.2418000076431781,,0.28500000189524144,True,27.762400000938214,True,10.633230929496454,1.0,0.29665629270805965,1.2477016684582223,0.0,0,2,11863283.203031445,10.633230929496454,10.633230929496454,True,10.633230929496454,0.0,True,0.4102812848772321,1.4894999912939966
warehouse,facil,100,uniforme,0.0,0.9663705388706157,0.9663705388706157,1.0,17,17,148.9578999899095,0.04,1,teselado,WDT,41.62200000428129,10,0.2865000133169815,20.229099987773225,7.6792000036221,0.9069999941857532,0.29669998912140727,,3.226899993023835,True,41.62200000428129,True,11.73280550673142,1.060651808636992,0.2878759956359863,0.8108724355066805,125.24328192652524,0,11,0.3353447058342009,11.73280550673142,11.73280550673142,False,inf,0.0,True,0.38494468608137167,7.403299998259172
warehouse,facil,100,uniforme,0.0,0.9663705388706157,0.9663705388706157,1.0,17,17,148.9578999899095,0.04,1,tve,TVE (proposed),22.08260000043083,16,0.30169999809004366,5.86940000357572,6.359400009387173,1.3538000057451427,0.10150000161956996,7.492100005038083,0.3465000045252964,True,22.08260000043083,True,11.23813729972559,1.0159335417114104,0.2878759956359863,0.6790508400000081,110.76708508843335,0,8,0.4683463428074387,11.23813729972559,11.23813729972559,False,inf,0.0,True,0.415751953125,
warehouse,facil,100,uniforme,0.0,0.9663705388706157,0.9663705388706157,1.0,17,17,148.9578999899095,0.04,2,tve,TVE (proposed),24.890700005926192,14,0.3031999949598685,5.9406999935163185,7.826800007023849,2.3609000054420903,0.12009999772999436,7.731299992883578,0.2967000036733225,True,24.890700005926192,True,15.451165473985219,1.0067881435061747,0.2966828669358254,0.8217042702355752,66.92509690456411,0,6,0.834086794353254,15.451165473985219,15.451165473985219,True,15.451165473985219,0.0,True,0.3723611600624229,
warehouse,facil,100,uniforme,0.0,0.9663705388706157,0.9663705388706157,1.0,17,17,148.9578999899095,0.04,2,teselado,WDT,36.60500000114553,10,0.2960999991046265,17.41780000156723,6.194199988385662,1.1807999981101602,0.2964000013889745,,5.390599995735101,True,36.60500000114553,True,15.88584204258863,1.035111393054352,0.27124922435845195,0.8652584784495935,72.6044857090682,0,16,2.7752528152981,15.88584204258863,15.88584204258863,True,15.88584204258863,0.0,True,0.3436075283521648,3.693499995279126
warehouse,facil,101,uniforme,0.0,0.9515039333641833,0.9611779829379455,0.989532953150942,17,17,140.64900000812486,0.04,0,tve,TVE (proposed),40.33940000226721,27,0.4372000112198293,13.65229998191353,19.708800013177097,0.9773000056156889,0.24369999300688505,4.1268000059062615,0.42549999488983303,True,40.33940000226721,True,11.61409811132904,1.0065940773884907,0.32048760970393486,0.598466901926226,126.62848438456273,0,10,0.5465218811267698,11.61409811132904,11.61409811132904,False,inf,0.0,True,0.4090735172136719,
warehouse,facil,101,uniforme,0.0,0.9515039333641833,0.9611779829379455,0.989532953150942,17,17,140.64900000812486,0.04,0,teselado,WDT,35.066399999777786,8,0.30840000545140356,13.327199994819239,5.513600000995211,1.3888999965274706,0.46710000606253743,,5.776499994681217,True,35.066399999777786,True,13.397216372878168,1.1611369669140916,0.48,0.8095982048644532,213.9926439056468,0,20,0.9891558902249763,13.397216372878168,13.397216372878168,True,13.397216372878168,0.0,True,0.5166939378280826,5.91760000679642
warehouse,facil,101,uniforme,0.0,0.9515039333641833,0.9611779829379455,0.989532953150942,17,17,140.64900000812486,0.04,1,teselado,WDT,27.990800008410588,8,0.2922999992733821,12.716299999738112,5.7662999897729605,0.8070999901974574,0.26849999267142266,,3.081599992583506,True,27.990800008410588,True,7.7763863816521965,1.037666296433351,0.28,0.6974719621948013,52.26056598640587,0,7,1.9772161801239572,7.7763863816521965,7.7763863816521965,True,7.7763863816521965,0.0,True,0.3678759765625,3.6518999986583367
warehouse,facil,101,uniforme,0.0,0.9515039333641833,0.9611779829379455,0.989532953150942,17,17,140.64900000812486,0.04,1,tve,TVE (proposed),50.94960000133142,28,0.48439999227412045,17.241699999431148,24.331900000106543,2.1391000045696273,0.18289999570697546,4.994199989596382,0.7569000008516014,True,50.94960000133142,True,7.563535898616517,1.0092639304003561,0.28,0.49153399416671656,66.2755404676107,0,6,0.8211022355159849,7.563535898616517,7.563535898616517,True,7.563535898616517,0.0,True,0.3678759765625,
warehouse,facil,101,uniforme,0.0,0.9515039333641833,0.9611779829379455,0.989532953150942,17,17,140.64900000812486,0.04,2,tve,TVE (proposed),39.87819999747444,29,0.35010000283364207,13.712899992242455,19.850200013024732,1.2568999954964966,0.1601999974809587,3.668200006359257,0.0627999979769811,True,39.87819999747444,True,10.469001862641921,1.0,0.28775197982788087,0.7284121045833013,0.0,0,2,inf,10.469001862641921,10.469001862641921,True,10.469001862641921,0.0,True,0.37562797546386717,
warehouse,facil,101,uniforme,0.0,0.9515039333641833,0.9611779829379455,0.989532953150942,17,17,140.64900000812486,0.04,2,teselado,WDT,23.456099996110424,8,0.31829999352339655,13.327600012416951,5.3659999975934625,0.8706000080564991,0.28469999961089343,,0.28480000037234277,True,23.456099996110424,True,10.469001862641917,0.9999999999999996,0.28775197982788087,0.7284121045833014,0.0,0,2,inf,10.469001862641917,10.469001862641917,True,10.469001862641917,0.0,True,0.37562797546386717,1.5053999959491193
warehouse,facil,103,uniforme,0.0,0.9596523628462792,0.9596523628462792,1.0,18,18,138.12840000900906,0.04,0,tve,TVE (proposed),18.10650000697933,16,0.30690000858157873,6.566799987922423,6.659600010607392,0.9321999968960881,0.1694999955361709,2.896399993915111,0.2564999886089936,True,18.10650000697933,True,10.521142764913717,1.0040878874624413,0.32,0.5944890013531449,62.42413800676117,0,6,0.6056624252787183,10.521142764913717,10.521142764913717,False,inf,0.0,True,0.38954755615373676,
warehouse,facil,103,uniforme,0.0,0.9596523628462792,0.9596523628462792,1.0,18,18,138.12840000900906,0.04,0,teselado,WDT,31.232499997713603,10,0.27239999326411635,12.800200012861751,7.280999998329207,0.9846000029938295,0.5689999961759895,,3.279500000644475,True,31.232499997713603,True,10.99914061187359,1.0497057313687224,0.2780930305090976,0.6790702073992531,106.24024300282726,0,11,1.197199703809714,10.99914061187359,10.99914061187359,True,10.99914061187359,0.0,True,0.4023141115698159,4.443600002559833
warehouse,facil,103,uniforme,0.0,0.9596523628462792,0.9596523628462792,1.0,18,18,138.12840000900906,0.04,1,teselado,WDT,25.642799999332055,10,0.2896999940276146,11.523699999088421,5.89159999799449,0.9191999997710809,0.33009999606292695,,2.5200999953085557,True,25.642799999332055,True,11.424738680338796,1.1154324715282753,0.32,0.5412711725158211,115.57871591737776,0,14,0.733754644578998,11.424738680338796,11.424738680338796,False,inf,0.0,True,0.4,2.5982000079238787
warehouse,facil,103,uniforme,0.0,0.9596523628462792,0.9596523628462792,1.0,18,18,138.12840000900906,0.04,1,tve,TVE (proposed),18.2109000015771,20,0.27520000003278255,6.09900000563357,6.828899990068749,1.0686000023270026,0.21710000874008983,3.1420000013895333,0.3274999908171594,True,18.2109000015771,True,10.280606191162882,1.0037272880781236,0.31346333720139075,0.4184056104379681,92.23273592567388,0,7,0.5456625426453828,10.280606191162882,10.280606191162882,False,inf,0.0,True,0.3943805965497861,
warehouse,facil,103,uniforme,0.0,0.9596523628462792,0.9596523628462792,1.0,18,18,138.12840000900906,0.04,2,tve,TVE (proposed),22.479199993540533,17,0.3460000007180497,6.03449999471195,6.768300008843653,1.3621000107377768,0.0951000110944733,7.180100001278333,0.44049999269191176,True,22.479199993540533,True,16.08862495107473,1.0035041588717373,0.32384608001413084,0.5986702347471361,122.8730673323685,0,8,0.5311739161870187,16.08862495107473,16.08862495107473,False,inf,0.0,True,0.40316711536435373,
warehouse,facil,103,uniforme,0.0,0.9596523628462792,0.9596523628462792,1.0,18,18,138.12840000900906,0.04,2,teselado,WDT,31.11219999846071,10,0.29030001314822584,11.596999989706092,5.986100004520267,1.3285000022733584,0.40049999370239675,,4.243600007612258,True,31.11219999846071,True,16.32097683818374,1.0179967637863674,0.36,0.7140623487463543,124.32746458237531,0,14,0.7666047940038595,16.32097683818374,16.32097683818374,False,inf,0.0,True,0.44,5.538400000659749
warehouse,facil,102,uniforme,0.0,0.9637974081559862,0.9637974081559862,1.0,19,19,135.27669999166392,0.04,0,tve,TVE (proposed),18.67560000391677,20,0.305499997921288,6.319300009636208,7.071399988490157,0.890600000275299,0.115999995614402,3.5078999935649335,0.21059998834971339,True,18.67560000391677,True,11.370521884575876,1.0015137367803342,0.3202364263160233,0.6569617061658766,36.52353115198372,0,4,0.8006027440142794,11.370521884575876,11.370521884575876,True,11.370521884575876,0.0,True,0.42940745494242294,
warehouse,facil,102,uniforme,0.0,0.9637974081559862,0.9637974081559862,1.0,19,19,135.27669999166392,0.04,0,teselado,WDT,32.07660000771284,15,0.28110000130254775,15.04719999502413,6.37529999949038,1.0449999972479418,0.48430000606458634,,3.4875999990617856,True,32.07660000771284,True,11.468089619412847,1.0101074871550042,0.3341618235982775,0.7476683233375009,51.152783882897005,0,8,1.4349929071562837,11.468089619412847,11.468089619412847,True,11.468089619412847,0.0,True,0.42089564655731276,3.7456999998539686
warehouse,facil,102,uniforme,0.0,0.9637974081559862,0.9637974081559862,1.0,19,19,135.27669999166392,0.04,1,teselado,WDT,36.20750000118278,16,0.3051000094274059,16.352599996025674,6.52059999993071,1.3159000081941485,0.833700003568083,,4.43289999384433,True,36.20750000118278,True,13.539933562502897,1.322160187609476,0.502285875373182,0.8754005212289863,213.29092436953792,0,18,0.78358829776642,13.539933562502897,13.539933562502897,True,13.539933562502897,0.0,True,0.6172655156695861,4.749500003526919
warehouse,facil,102,uniforme,0.0,0.9637974081559862,0.9637974081559862,1.0,19,19,135.27669999166392,0.04,1,tve,TVE (proposed),20.020099997054785,25,0.2978999982587993,6.36060000397265,7.480500004021451,1.2565000070026144,0.112599998828955,4.014100006315857,0.19109999993816018,True,20.020099997054785,True,10.252389817795061,1.0011350190433033,0.3070609114669373,0.6903211472857305,44.49182129434383,0,5,0.8220887869556804,10.252389817795061,10.252389817795061,True,10.252389817795061,0.0,True,0.4022648885625422,
warehouse,facil,102,uniforme,0.0,0.9637974081559862,0.9637974081559862,1.0,19,19,135.27669999166392,0.04,2,tve,TVE (proposed),94.53570000187028,15,0.305800000205636,6.047600007150322,7.123399991542101,33.59329998784233,0.08280000474769622,43.7812999880407,3.168700000969693,True,94.53570000187028,True,17.402281733271018,1.0736714624056478,0.2540317898378288,0.6899067666411576,342.53345192032003,0,18,0.4969637863036833,17.402281733271018,17.402281733271018,False,inf,0.0,True,0.31003178911493834,
warehouse,facil,102,uniforme,0.0,0.9637974081559862,0.9637974081559862,1.0,19,19,135.27669999166392,0.04,2,teselado,WDT,67.43819999974221,16,0.2750999992713332,15.312800009269267,6.1523000040324405,25.326200004201382,0.36190000537317246,,8.324499998707324,True,67.43819999974221,True,19.07152413032764,1.1766589874340925,0.2570123314308495,0.9558575428972169,359.07980592185044,0,29,0.24850704148707523,19.07152413032764,19.07152413032764,False,inf,0.0,True,0.31962799072265624,9.79330000700429
warehouse,facil,104,uniforme,0.0,0.9494285480483348,0.9494285480483348,1.0,15,15,141.4578999974765,0.04,0,tve,TVE (proposed),30.632399997557513,23,0.3110000106971711,6.108899993705563,6.794100001570769,1.191799994558096,0.11199999426025897,13.53140000719577,2.320500003406778,True,30.632399997557513,True,10.333541852995017,0.9928382182576824,0.26,0.4608413529761098,143.8387860566984,0,9,0.4918982456332742,10.333541852995017,10.333541852995017,False,inf,0.0,True,0.34,
warehouse,facil,104,uniforme,0.0,0.9494285480483348,0.9494285480483348,1.0,15,15,141.4578999974765,0.04,0,teselado,WDT,33.60959999554325,12,0.2855000057024881,15.977100003510714,6.109299996751361,0.9385000012116507,0.33429999893996865,,4.096800010302104,True,33.60959999554325,True,11.61360953964313,1.1158260707617678,0.2695221100554876,0.5997373354674735,168.62711742266544,0,15,0.8489438521306888,11.61360953964313,11.61360953964313,True,11.61360953964313,0.0,True,0.34988477874630974,4.230200007441454
warehouse,facil,104,uniforme,0.0,0.9494285480483348,0.9494285480483348,1.0,15,15,141.4578999974765,0.04,1,teselado,WDT,34.27910000027623,12,0.2927000023191795,15.642300000763498,6.019099993864074,1.039800001308322,0.44129999878350645,,4.237499990267679,True,34.27910000027623,True,20.795720493126197,1.1091728321689864,0.4,0.7077449904182092,221.95604048726076,0,22,0.8634618168385749,20.795720493126197,20.795720493126197,True,20.795720493126197,0.0,True,0.4,4.872400008025579
warehouse,facil,104,uniforme,0.0,0.9494285480483348,0.9494285480483348,1.0,15,15,141.4578999974765,0.04,1,tve,TVE (proposed),20.531599991954863,19,0.3040000010514632,5.917300004512072,6.612699988181703,1.7340000049443915,0.1044000091496855,5.220299994107336,0.47450000420212746,True,20.531599991954863,True,19.03013678951528,1.015002616830074,0.3228049819509356,0.5605886227318184,161.6610490326305,0,10,0.61704329492985,19.03013678951528,19.03013678951528,False,inf,0.0,True,0.4,
warehouse,facil,104,uniforme,0.0,0.9494285480483348,0.9494285480483348,1.0,15,15,141.4578999974765,0.04,2,tve,TVE (proposed),21.181100004469045,14,0.3167999966535717,5.967699995380826,6.650400013313629,1.8527999927755445,0.09960000170394778,5.614900001091883,0.3659999929368496,True,21.181100004469045,True,11.997353564931373,1.0278851216599476,0.3321439558869065,0.91686007238766,107.02395935846695,0,7,0.5508444812663786,11.997353564931373,11.997353564931373,False,inf,0.0,True,0.45250641635359445,
warehouse,facil,104,uniforme,0.0,0.9494285480483348,0.9494285480483348,1.0,15,15,141.4578999974765,0.04,2,teselado,WDT,33.52719999384135,12,0.2896000078180805,15.925999992759898,6.199100011144765,1.0443000064697117,0.3156000020680949,,3.45730000117328,True,33.52719999384135,True,12.86458506197861,1.1021860371097822,0.38754388013423435,1.0317734549879207,125.43906374774767,0,15,2.4390183559175656,12.86458506197861,12.86458506197861,True,12.86458506197861,0.0,True,0.46439655340510416,4.783900003531016
office,dificil,103,baldosa,0.11299278081961037,0.837102663534207,0.9058441558441559,0.916881103704852,52,54,199.33440000750124,0.03,0,tve,TVE (proposed),25.470599997788668,27,0.3929999948013574,6.726899999193847,7.313199996133335,1.5548999945167452,0.12110000534448773,8.45689998823218,0.6858999986434355,True,25.470599997788668,True,10.696679788629137,1.0121349920807292,0.3072648651731997,0.5110498720774364,149.4772323834231,0,10,0.6104992756368643,10.696679788629137,10.696679788629137,False,inf,26.78777819926392,False,0.0,
office,dificil,103,baldosa,0.11299278081961037,0.837102663534207,0.9058441558441559,0.916881103704852,52,54,199.33440000750124,0.03,0,teselado,WDT,47.26979999395553,16,0.40079999598674476,16.18449999659788,7.5739000021712855,1.3099999923724681,0.6003000016789883,,12.184500010334887,True,47.26979999395553,True,12.19574638041457,1.1539787962318193,0.26167414526513105,0.5250552821603536,282.35430105974757,0,21,0.5386470300327587,12.19574638041457,12.19574638041457,False,inf,3.03832025631537,False,0.15725813177519643,7.232799995108508
office,dificil,103,baldosa,0.11299278081961037,0.837102663534207,0.9058441558441559,0.916881103704852,52,54,199.33440000750124,0.03,1,teselado,WDT,44.49689999455586,16,0.37650000012945384,17.1734000032302,7.033400004729629,1.2343999987933785,0.7683000003453344,,8.353600002010353,True,44.49689999455586,True,12.100100942137848,1.1446886293753418,0.29426978360862693,0.5486233320197729,235.07832488551412,0,23,0.7876504099651268,12.100100942137848,12.100100942137848,True,12.100100942137848,0.0,True,0.3560836539073579,7.815000004484318
office,dificil,103,baldosa,0.11299278081961037,0.837102663534207,0.9058441558441559,0.916881103704852,52,54,199.33440000750124,0.03,1,tve,TVE (proposed),26.155100000323728,24,0.3837000112980604,6.520099996123463,7.738400003290735,1.7679000011412427,0.11190000805072486,8.556599990697578,0.7083999953465536,True,26.155100000323728,True,10.790723184395125,1.020819428778387,0.28191340411475396,0.4274749956347415,153.7709017348227,0,10,0.49781944058739397,10.790723184395125,10.790723184395125,False,inf,0.0,True,0.34148247973373674,
office,dificil,103,baldosa,0.11299278081961037,0.837102663534207,0.9058441558441559,0.916881103704852,52,54,199.33440000750124,0.03,2,tve,TVE (proposed),27.57689999998547,23,0.39909999759402126,6.306299997959286,7.784800007357262,1.4273999986471608,0.09889999637380242,10.871399994357489,0.461499992525205,True,27.57689999998547,True,9.600502293138435,1.0151761788503173,0.2817209815979004,0.44577758221223585,153.83248661893163,0,9,0.33507234765827715,9.600502293138435,9.600502293138435,False,inf,0.0,True,0.31109343449016286,
office,dificil,103,baldosa,0.11299278081961037,0.837102663534207,0.9058441558441559,0.916881103704852,52,54,199.33440000750124,0.03,2,teselado,WDT,42.4912000016775,16,0.39600000309292227,16.13519999955315,7.083300006343052,1.2448000052245334,0.30810000316705555,,9.626699989894405,True,42.4912000016775,True,10.375313096491219,1.0971062119530426,0.2671951558285371,0.5213042270778379,158.49990843702548,0,14,0.5462804779243595,10.375313096491219,10.375313096491219,False,inf,0.0,True,0.32956152566373165,5.837099990458228
warehouse,facil,105,alfombra,0.0,0.9377971246921358,0.9377971246921358,1.0,19,19,133.4149000031175,0.04,0,tve,TVE (proposed),21.111699999892153,19,0.3164999943692237,6.703799997922033,8.462300000246614,1.1123000003863126,0.18309999722987413,3.5023999953409657,0.592500000493601,True,21.111699999892153,True,13.290978502330766,1.0103766606043958,0.312361551743425,0.4837129164284034,204.95073993706166,0,12,0.603576755307847,13.290978502330766,13.290978502330766,False,inf,0.0,True,0.4000281848777969,
warehouse,facil,105,alfombra,0.0,0.9377971246921358,0.9377971246921358,1.0,19,19,133.4149000031175,0.04,0,teselado,WDT,42.54150000633672,14,0.28330000350251794,18.145099995308556,7.522200001403689,1.0538000060478225,0.32300000020768493,,4.380099999252707,True,42.54150000633672,True,14.98136268999657,1.138879218213133,0.33284334799473103,0.7034269900408548,224.71480479857644,0,19,0.6842035320083103,14.98136268999657,14.98136268999657,False,inf,0.0,True,0.42071932461301687,9.008599998196587
warehouse,facil,105,alfombra,0.0,0.9377971246921358,0.9377971246921358,1.0,19,19,133.4149000031175,0.04,1,teselado,WDT,41.699499997776,14,0.29489998996723443,17.169800004921854,6.2329000065801665,1.0514000023249537,0.3991999983554706,,8.551999999326654,True,41.699499997776,True,17.228515331457185,1.1567829019010538,0.2902529014437377,0.6142115202901602,222.3278882544818,1,12,0.26302478754651193,17.228515331457185,17.228515331457185,False,inf,0.0,True,0.41025290144373766,5.903299999772571
warehouse,facil,105,alfombra,0.0,0.9377971246921358,0.9377971246921358,1.0,19,19,133.4149000031175,0.04,1,tve,TVE (proposed),24.90780000516679,22,0.44550000166054815,8.801700008916669,7.093499996699393,1.1140999995404854,0.09600000339560211,6.508800011943094,0.5268999957479537,True,24.90780000516679,True,15.00995693862665,1.0078211157969705,0.3198967252937518,0.6063055755811856,158.7757045035688,0,10,0.4229043996413246,15.00995693862665,15.00995693862665,False,inf,0.0,True,0.3754004994526875,
warehouse,facil,105,alfombra,0.0,0.9377971246921358,0.9377971246921358,1.0,19,19,133.4149000031175,0.04,2,tve,TVE (proposed),21.124400009284727,24,0.34720000985544175,6.344399997033179,7.203899993328378,1.5175000007729977,0.11560000712051988,4.437299998244271,0.8167000050889328,True,21.124400009284727,True,11.670243740460975,1.0040016564918905,0.30075158809217556,0.48200845112315777,114.77940219416723,0,8,0.4907062734687472,11.670243740460975,11.670243740460975,False,inf,0.0,True,0.41250377962258145,
warehouse,facil,105,alfombra,0.0,0.9377971246921358,0.9377971246921358,1.0,19,19,133.4149000031175,0.04,2,teselado,WDT,36.27670000423677,14,0.29320000612642616,17.663399994489737,6.286100004217587,1.1211999953957275,0.5467000009957701,,4.804299998795614,True,36.27670000423677,True,13.010455734589472,1.1193013102163603,0.36,0.7780637442816857,178.63909091825326,0,18,0.9930266948801878,13.010455734589472,13.010455734589472,True,13.010455734589472,0.0,True,0.48,3.8626000023214146
warehouse,medio,100,madera,0.013284131077627968,0.88039094880699,0.88039094880699,1.0,17,17,146.7349999875296,0.04,0,tve,TVE (proposed),22.381100003258325,16,0.3099999885307625,6.315400009043515,6.575999999768101,1.494500000262633,0.09509999654255807,6.947800007765181,0.447300000814721,True,22.381100003258325,True,15.275659607489677,1.0088346650471016,0.30238799853027554,0.7853947554718558,126.04969309236955,0,10,0.7999666586812206,15.275659607489677,15.275659607489677,True,15.275659607489677,0.0,True,0.35878833016788575,
warehouse,medio,100,madera,0.013284131077627968,0.88039094880699,0.88039094880699,1.0,17,17,146.7349999875296,0.04,0,teselado,WDT,40.112199989380315,10,0.2838000073097646,16.0390999953961,5.692699996870942,1.0700999991968274,0.24160000612027943,,6.887499999720603,True,40.112199989380315,True,16.059181680730084,1.06058000689322,0.2837491650010787,0.7851723269188473,196.53554228701034,0,16,0.5083397843155754,16.059181680730084,16.059181680730084,False,inf,0.0,True,0.3099885388913708,8.3341000135988
warehouse,medio,100,madera,0.013284131077627968,0.88039094880699,0.88039094880699,1.0,17,17,146.7349999875296,0.04,1,teselado,WDT,58.85689999558963,10,0.3048000071430579,16.160999992280267,6.930100003955886,24.906099992222153,0.2631999959703535,,3.058599992073141,True,58.85689999558963,True,9.192526499074226,0.9979484801837822,0.26362798690795897,0.6165222445931453,34.116854014845686,0,4,0.5818774085434758,9.192526499074226,9.192526499074226,False,inf,0.0,True,0.38799696082941754,5.482499997015111
warehouse,medio,100,madera,0.013284131077627968,0.88039094880699,0.88039094880699,1.0,17,17,146.7349999875296,0.04,1,tve,TVE (proposed),58.86449999525212,10,0.28989999555051327,5.924299999605864,6.454800008214079,26.077199989231303,0.08620000153314322,17.66089999000542,2.048900001682341,True,58.86449999525212,True,9.361682601841297,1.016312210295108,0.25396820208602,0.6321796696314238,140.41939326241118,0,8,0.4120671495045785,9.361682601841297,9.361682601841297,False,inf,0.0,True,0.36596818594788494,
warehouse,medio,100,madera,0.013284131077627968,0.88039094880699,0.88039094880699,1.0,17,17,146.7349999875296,0.04,2,tve,TVE (proposed),20.920299997669645,15,0.29999999969732016,6.623300010687672,6.654299984802492,1.5673000016249716,0.122799989185296,4.945799999404699,0.3659999929368496,True,20.920299997669645,True,9.768081842280678,1.0087446653496415,0.34839345000613425,0.8610493724714725,76.57928952186151,0,7,0.9305010915562848,9.768081842280678,9.768081842280678,True,9.768081842280678,0.0,True,0.5071904926497192,
warehouse,medio,100,madera,0.013284131077627968,0.88039094880699,0.88039094880699,1.0,17,17,146.7349999875296,0.04,2,teselado,WDT,29.887099997722544,10,0.2840999950421974,16.278100010822527,5.882099998416379,1.061999995727092,0.21949999791104347,,2.4307999992743134,True,29.887099997722544,True,10.898170411300567,1.1254483164633242,0.6,1.2607886893795233,125.55428419636391,0,15,2.4311535645392177,10.898170411300567,10.898170411300567,True,10.898170411300567,0.0,True,0.6,2.2259000106714666
office,dificil,104,concreto,0.1926606549590787,0.8780672832842179,0.8934742592482632,0.9807397751344306,44,44,189.3014000088442,0.03,0,tve,TVE (proposed),21.202200005063787,17,0.41059999784920365,7.027400017250329,6.886299990583211,1.0212000051978976,0.12009999772999436,5.2097000007051975,0.28509998810477555,True,21.202200005063787,True,9.368208336671733,1.0040853929269629,0.30082718918166845,0.4372704318179262,36.431350147767596,0,4,1.2212144767830535,9.368208336671733,9.368208336671733,True,9.368208336671733,0.0,True,0.3667341716035435,
office,dificil,104,concreto,0.1926606549590787,0.8780672832842179,0.8934742592482632,0.9807397751344306,44,44,189.3014000088442,0.03,0,teselado,WDT,32.99049999623094,10,0.3907000063918531,16.007800004445016,6.248099991353229,1.109300006646663,0.24950000806711614,,2.4729999859118834,True,32.99049999623094,True,9.415689123206441,1.0091743878009944,0.3126766874753349,0.44690429602399484,40.43677005965742,0,8,2.5444572852778724,9.415689123206441,9.415689123206441,True,9.415689123206441,0.0,True,0.38828352723950527,4.958500008797273
office,dificil,104,concreto,0.1926606549590787,0.8780672832842179,0.8934742592482632,0.9807397751344306,44,44,189.3014000088442,0.03,1,teselado,WDT,27.515699999639764,10,0.4014000005554408,16.082099988125265,6.552300008479506,1.1178999993717298,0.27350000164005905,,0.30949999927543104,True,27.515699999639764,True,8.19137351120067,1.0,0.31461678832116796,0.5814872817067152,0.0,0,2,11863283.203031443,8.19137351120067,8.19137351120067,True,8.19137351120067,0.0,True,0.40406934306569336,1.200400001835078
office,dificil,104,concreto,0.1926606549590787,0.8780672832842179,0.8934742592482632,0.9807397751344306,44,44,189.3014000088442,0.03,1,tve,TVE (proposed),25.922599990735762,17,0.39400000241585076,6.457900002715178,8.778000003076158,1.7114000074798241,0.3294000052846968,7.7852999966125935,0.11649999942164868,True,25.922599990735762,True,8.19137351120067,1.0,0.3146983546617915,0.5814884933385317,0.0,0,2,11863283.203031443,8.19137351120067,8.19137351120067,True,8.19137351120067,0.0,True,0.4041499085923218,
office,dificil,104,concreto,0.1926606549590787,0.8780672832842179,0.8934742592482632,0.9807397751344306,44,44,189.3014000088442,0.03,2,tve,TVE (proposed),23.40130000084173,20,0.3910999948857352,7.937499991385266,7.4151000153506175,1.2377000093692914,0.14290001126937568,5.203399996389635,0.8187000057660043,True,23.40130000084173,True,10.850645697651528,1.0052348387774568,0.27110223387933774,0.6277639161123554,79.47769770016103,0,8,0.9111000748612682,10.850645697651528,10.850645697651528,True,10.850645697651528,0.0,True,0.3513760718362016,
office,dificil,104,concreto,0.1926606549590787,0.8780672832842179,0.8934742592482632,0.9807397751344306,44,44,189.3014000088442,0.03,2,teselado,WDT,37.3812000034377,10,0.37090000114403665,16.19589999609161,6.920600004377775,1.0560999944573268,0.3063000040128827,,3.9437000086763874,True,37.3812000034377,True,11.009594376641587,1.0199602988238619,0.34958045176240915,0.6802150247470363,90.08990707412627,0,11,1.7999432930768593,11.009594376641587,11.009594376641587,True,11.009594376641587,0.0,True,0.37725841525743253,6.986100008361973
warehouse,medio,103,baldosa,0.06910944423558894,0.9394648402603479,0.9394648402603479,1.0,18,18,142.98750000307336,0.04,0,tve,TVE (proposed),26.172800004133023,17,0.47039998753461987,9.17120001395233,6.629099996644072,1.1501000117277727,0.09220000356435776,7.526400004280731,0.7685999880777672,True,26.172800004133023,True,16.993963783215424,1.0074132049747757,0.3012389112238,0.47039405385514876,242.64726797121426,0,14,0.49550194540656584,16.993963783215424,16.993963783215424,False,inf,0.0,True,0.39213190703207546,
warehouse,medio,103,baldosa,0.06910944423558894,0.9394648402603479,0.9394648402603479,1.0,18,18,142.98750000307336,0.04,0,teselado,WDT,32.62529999483377,10,0.3031999949598685,15.988600003765896,6.320700005744584,0.9511000098427758,0.3112999984296039,,3.1023000046843663,True,32.62529999483377,True,18.491695418013936,1.0961997085622863,0.2880658973289923,0.6650957451480436,99.16357100052728,0,9,0.36764172677057666,18.491695418013936,18.491695418013936,False,inf,0.0,True,0.438581865532251,3.906099998857826
warehouse,medio,103,baldosa,0.06910944423558894,0.9394648402603479,0.9394648402603479,1.0,18,18,142.98750000307336,0.04,1,teselado,WDT,32.224999988102354,10,0.4589000018313527,16.03080000495538,6.084099994041026,1.0605999996187165,0.27039999258704484,,2.5255000073229894,True,32.224999988102354,True,12.998780283873119,1.0003001388855284,0.288427663788749,0.5390702597633381,8.145599588940442,0,5,13.613557148392943,12.998780283873119,12.998780283873119,True,12.998780283873119,0.0,True,0.443207557615782,4.130300003453158
warehouse,medio,103,baldosa,0.06910944423558894,0.9394648402603479,0.9394648402603479,1.0,18,18,142.98750000307336,0.04,1,tve,TVE (proposed),24.5236000046134,17,0.301799998851493,6.396500000846572,6.588099990040064,1.7897999932756647,0.08820000221021473,8.869400000548922,0.19010000687558204,True,24.5236000046134,True,13.00084623178348,1.0004591205696969,0.3097705607503508,0.5496036210209416,7.656480239145726,0,3,2.6139434080619957,13.00084623178348,13.00084623178348,True,13.00084623178348,0.0,True,0.460587276222512,
warehouse,medio,103,baldosa,0.06910944423558894,0.9394648402603479,0.9394648402603479,1.0,18,18,142.98750000307336,0.04,2,tve,TVE (proposed),23.022800000035204,13,0.30080000578891486,6.153199996333569,6.597899991902523,2.4222000065492466,0.1385000068694353,6.355899997288361,0.7416000007651746,True,23.022800000035204,True,15.12165689266938,1.033392452492079,0.28,0.5536109389850146,155.13600031638646,0,10,0.6111015568643926,15.12165689266938,15.12165689266938,False,inf,0.0,True,0.28,
warehouse,medio,103,baldosa,0.06910944423558894,0.9394648402603479,0.9394648402603479,1.0,18,18,142.98750000307336,0.04,2,teselado,WDT,32.13560000585858,10,0.2775999892037362,11.729700010619126,6.410499991034158,1.6095000028144568,0.39260000630747527,,4.337899998063222,True,32.13560000585858,True,15.728325365240092,1.0748513101535957,0.28,0.6134491846212977,220.61496223427224,0,18,0.7620650702782515,15.728325365240092,15.728325365240092,False,inf,0.0,True,0.28,5.546300002606586
warehouse,medio,101,baldosa,0.0061768506505525695,0.8984065069479843,0.9192271933603937,0.9754084554488799,17,17,135.87790000019595,0.04,0,tve,TVE (proposed),44.707300010486506,26,0.4778000002261251,16.276700000162236,21.17599999473896,0.9972999978344887,0.25159999495372176,4.698000004282221,0.5504000000655651,True,44.707300010486506,True,16.083942473607557,1.0030713093562589,0.3125791632601076,0.5009564946632302,87.45551428330491,0,8,0.8530586346513153,16.083942473607557,16.083942473607557,True,16.083942473607557,0.0,True,0.36,
warehouse,medio,101,baldosa,0.0061768506505525695,0.8984065069479843,0.9192271933603937,0.9754084554488799,17,17,135.87790000019595,0.04,0,teselado,WDT,59.81810000957921,8,0.2803999959724024,13.241499997093342,5.427800002507865,23.958699996001087,0.2961999998660758,,5.628600003547035,True,59.81810000957921,True,16.357129449088568,1.0201085511671188,0.26015721807594083,0.7795365888016883,90.80463730446571,0,10,0.4775771388692535,16.357129449088568,16.357129449088568,False,inf,0.0,True,0.35505452637797824,9.27629999932833
warehouse,medio,101,baldosa,0.0061768506505525695,0.8984065069479843,0.9192271933603937,0.9754084554488799,17,17,135.87790000019595,0.04,1,teselado,WDT,35.82799999276176,8,0.3004000027431175,13.042499995208345,5.287400010274723,0.9159000037470832,0.5060999974375591,,6.094699987443164,True,35.82799999276176,True,20.399946834569125,1.1386472217313282,0.3078257454044433,0.7209368915533034,239.34196688799688,0,23,0.78507289051591,20.399946834569125,20.399946834569125,True,20.399946834569125,0.0,True,0.3878257454044433,7.936499998322688
warehouse,medio,101,baldosa,0.0061768506505525695,0.8984065069479843,0.9192271933603937,0.9754084554488799,17,17,135.87790000019595,0.04,1,tve,TVE (proposed),48.712999996496364,29,0.2889000024879351,13.462999995681457,23.132800008170307,1.128100004279986,0.13020000187680125,8.950500006903894,1.1513000063132495,True,48.712999996496364,True,17.97352739438156,1.0032137435595794,0.2661685066915447,0.5277193012456177,246.84654202184103,0,17,0.5584881447208213,17.97352739438156,17.97352739438156,False,inf,0.0,True,0.3770914180884262,
warehouse,medio,101,baldosa,0.0061768506505525695,0.8984065069479843,0.9192271933603937,0.9754084554488799,17,17,135.87790000019595,0.04,2,tve,TVE (proposed),39.723900001263246,30,0.2862999972421676,13.626800006022677,21.832200000062585,1.2301000097068027,0.145500001963228,1.2928999931318685,0.2443999983370304,True,39.723900001263246,True,8.061820550218485,1.0073248175843963,0.31962799072265624,0.5893658657415994,41.83252022970277,0,5,0.9631388764101507,8.061820550218485,8.061820550218485,True,8.061820550218485,0.0,True,0.3915039825439453,
warehouse,medio,101,baldosa,0.0061768506505525695,0.8984065069479843,0.9192271933603937,0.9754084554488799,17,17,135.87790000019595,0.04,2,teselado,WDT,34.976300012203865,8,0.28589999419637024,17.28150001144968,8.561399998143315,1.3951000000815839,0.27319999935571104,,3.6173000116832554,True,34.976300012203865,True,8.6485684760317,1.0806389956482831,0.26648470730551366,0.6717198020656736,119.69645383234386,0,7,0.2046569950309262,8.6485684760317,9.426235240208733,False,inf,0.0,True,0.3777239721913235,1.2781999976141378
office,dificil,105,alfombra,0.21962204149041875,0.6341481731816304,0.8708296808126643,0.6999917101881787,26,36,217.5404999870807,0.03,0,tve,TVE (proposed),59.75520001084078,32,0.4182999982731417,12.839299990446307,25.28060000622645,1.0943999950541183,0.14139999984763563,17.60719998856075,1.554800008307211,True,59.75520001084078,True,16.113707417927024,1.0559069044631233,0.2572795681591029,0.6209686336075914,313.20730392797475,0,21,0.45122383580293174,16.113707417927024,16.113707417927024,False,inf,24.19244164265773,False,0.0,
office,dificil,105,alfombra,0.21962204149041875,0.6341481731816304,0.8708296808126643,0.6999917101881787,26,36,217.5404999870807,0.03,0,teselado,WDT,191.07840000651777,16,0.4410999972606078,25.242399991839193,8.572999999159947,128.47390001115855,0.47060000360943377,,12.268499995116144,True,191.07840000651777,True,15.94508949580251,1.0448576267537972,0.24827052744446737,0.7160745530562239,354.7961862093928,0,22,0.3364497026017998,15.94508949580251,15.94508949580251,False,inf,22.116981764677256,False,0.0,13.360900004045106
office,dificil,105,alfombra,0.21962204149041875,0.6341481731816304,0.8708296808126643,0.6999917101881787,26,36,217.5404999870807,0.03,1,teselado,WDT,31.43899999849964,14,0.414399997680448,19.704199992702343,6.246000004466623,1.0608000011416152,0.32140000257641077,,0.2514000079827383,True,31.43899999849964,True,6.111317370256597,1.0,0.32999999999999996,0.7249728229074985,0.0,0,2,11863283.203031443,6.111317370256597,6.111317370256597,True,6.111317370256597,0.0,True,0.32999999999999996,1.9656000076793134
office,dificil,105,alfombra,0.21962204149041875,0.6341481731816304,0.8708296808126643,0.6999917101881787,26,36,217.5404999870807,0.03,1,tve,TVE (proposed),45.27829999278765,36,0.4158000083407387,13.209800017648377,22.402599977795035,1.5112999972188845,0.11539999104570597,6.645200002822094,0.06120000034570694,True,45.27829999278765,True,6.111317370256597,1.0,0.32999999999999996,0.7249728229074985,0.0,0,2,11863283.203031443,6.111317370256597,6.111317370256597,True,6.111317370256597,0.0,True,0.32999999999999996,
office,dificil,105,alfombra,0.21962204149041875,0.6341481731816304,0.8708296808126643,0.6999917101881787,26,36,217.5404999870807,0.03,2,tve,TVE (proposed),46.56580000300892,33,0.5994999955873936,15.035000003990717,20.090099991648458,2.2052999993320554,0.13830000534653664,6.955200005904771,0.8340999920619652,True,46.56580000300892,True,8.991494365367185,1.0053965233451063,0.27,0.6187563338233252,47.57527609818628,0,6,1.3645080001717487,8.991494365367185,8.991494365367185,True,8.991494365367185,0.0,True,0.27,
office,dificil,105,alfombra,0.21962204149041875,0.6341481731816304,0.8708296808126643,0.6999917101881787,26,36,217.5404999870807,0.03,2,teselado,WDT,38.70390000520274,14,0.3944999916711822,21.11010000226088,6.52950000949204,1.284700003452599,0.30530001095030457,,3.2349000102840364,True,38.70390000520274,True,10.714591600989555,1.1980670517005505,0.27,1.0366622649974562,122.3460913280354,0,12,0.6183540695492789,10.714591600989555,10.714591600989555,False,inf,0.0,True,0.27,3.1423000036738813
warehouse,medio,102,concreto,0.022853366687089115,0.920487126351946,0.920487126351946,1.0,19,19,132.99059998826124,0.04,0,tve,TVE (proposed),96.53930000786204,14,0.4641999985324219,6.7374999925959855,6.987000015215017,43.092599997180514,0.23599999258294702,36.64999999455176,2.034499993897043,True,96.53930000786204,True,14.284858666353117,1.0752292151191551,0.257348488454885,0.5611448829813256,224.19315688755353,0,14,0.6828078739733529,14.284858666353117,14.284858666353117,False,inf,0.0,True,0.3133484865633659,
warehouse,medio,102,concreto,0.022853366687089115,0.920487126351946,0.920487126351946,1.0,19,19,132.99059998826124,0.04,0,teselado,WDT,65.85620000259951,14,0.28539999038912356,15.422800002852455,6.292599995504133,25.742499987245537,0.3364000003784895,,5.311799992341548,True,65.85620000259951,True,14.224691933654954,1.0707004318608575,0.2757500263236928,0.6470178796982269,153.0671894322869,0,16,1.358239927312641,14.224691933654954,14.224691933654954,True,14.224691933654954,0.0,True,0.34294906156279026,10.769500004244037
warehouse,medio,102,concreto,0.022853366687089115,0.920487126351946,0.920487126351946,1.0,19,19,132.99059998826124,0.04,1,teselado,WDT,33.13490000437014,14,0.30359999800566584,15.295000004698522,6.284799994318746,1.147200004197657,0.3263000107835978,,4.702200007159263,True,33.13490000437014,True,13.193801780153748,1.128695302282602,0.30762590727611155,0.5509772684827604,141.3748483627244,0,16,1.6873381035865616,13.193801780153748,13.193801780153748,True,13.193801780153748,0.0,True,0.3199564569007897,3.3485000021755695
warehouse,medio,102,concreto,0.022853366687089115,0.920487126351946,0.920487126351946,1.0,19,19,132.99059998826124,0.04,1,tve,TVE (proposed),34.98630000103731,17,0.2896999940276146,6.645899993600324,10.894000006373972,3.9244999934453517,0.23879999935161322,11.573299998417497,1.017999995383434,True,34.98630000103731,True,11.862382771403114,1.0147958815101088,0.3059403641763288,0.5214435433583519,122.62401429622679,0,8,0.48299715984568786,11.862382771403114,11.862382771403114,False,inf,0.0,True,0.4256667236331316,
warehouse,medio,102,concreto,0.022853366687089115,0.920487126351946,0.920487126351946,1.0,19,19,132.99059998826124,0.04,2,tve,TVE (proposed),20.078400004422292,15,0.301799998851493,6.253399988054298,7.423900009598583,1.9489999976940453,0.07650000043213367,3.5277999995741993,0.05660000897478312,True,20.078400004422292,True,7.20044443072787,1.0,0.72,0.7457013328225586,0.0,0,2,16777216.0,7.20044443072787,7.20044443072787,True,7.20044443072787,0.0,True,0.72,
warehouse,medio,102,concreto,0.022853366687089115,0.920487126351946,0.920487126351946,1.0,19,19,132.99059998826124,0.04,2,teselado,WDT,27.436699994723313,13,0.29260000155773014,16.887199992197566,6.923199995071627,1.142900000559166,0.15980000898707658,,0.23740000324323773,True,27.436699994723313,True,7.2004444307278685,0.9999999999999999,0.72,0.7457015273469976,0.0,0,2,16777216.0,7.2004444307278685,7.2004444307278685,True,7.2004444307278685,0.0,True,0.72,0.27889999910257757
warehouse,medio,105,madera,0.1044235280090632,0.8997142543136608,0.8997142543136608,1.0,19,19,145.18249999673571,0.04,0,tve,TVE (proposed),21.51979999325704,24,0.3085000062128529,7.434800005285069,7.362099990132265,1.3256999955046922,0.12759999663103372,4.316499995184131,0.32709998777136207,True,21.51979999325704,True,9.740807361405384,1.0013002892369898,0.3185579867550223,0.6410988457834151,13.712087163506803,0,4,2.328486926067242,9.740807361405384,9.740807361405384,True,9.740807361405384,0.0,True,0.4370886592672402,
warehouse,medio,105,madera,0.1044235280090632,0.8997142543136608,0.8997142543136608,1.0,19,19,145.18249999673571,0.04,0,teselado,WDT,33.636899999692105,16,0.2808999997796491,17.630900008953176,6.511300001875497,1.4134000084595755,0.4130000015720725,,2.594099991256371,True,33.636899999692105,True,9.747477286904934,1.0019859201178907,0.30445338822356754,0.6507708729929591,13.262780907655499,0,5,16.404253399569658,9.747477286904934,9.747477286904934,True,9.747477286904934,0.0,True,0.41739929875400805,3.217599994968623
warehouse,medio,105,madera,0.1044235280090632,0.8997142543136608,0.8997142543136608,1.0,19,19,145.18249999673571,0.04,1,teselado,WDT,43.70409999683034,16,0.30649999098386616,17.16360000136774,6.430800000089221,1.2692000018432736,0.43829999049194157,,10.508800012758002,True,43.70409999683034,True,21.304715426664654,1.1976867102551978,0.28609083939170654,0.7020981947232571,362.63013221702664,1,28,0.283714562479131,21.304715426664654,21.304715426664654,False,inf,0.0,True,0.32,5.727499999920838
warehouse,medio,105,madera,0.1044235280090632,0.8997142543136608,0.8997142543136608,1.0,19,19,145.18249999673571,0.04,1,tve,TVE (proposed),22.42649999971036,19,0.28819999715778977,6.428499997127801,7.243000000016764,1.8684000096982345,0.10070001007989049,5.595399998128414,0.589100003708154,True,22.42649999971036,True,17.89401652083388,1.005947526211331,0.2945002043819242,0.511612638789187,190.48501558686993,0,12,0.552190053470334,17.89401652083388,17.89401652083388,False,inf,0.0,True,0.32,
warehouse,medio,105,madera,0.1044235280090632,0.8997142543136608,0.8997142543136608,1.0,19,19,145.18249999673571,0.04,2,tve,TVE (proposed),25.988699999288656,21,0.30819998937658966,6.154200003948063,7.215100005851127,1.9712000066647306,0.09220000356435776,8.665999994263984,1.2424000015016645,True,25.988699999288656,True,9.288082418558297,1.2074658206333122,0.2557519912719727,0.6324153363374639,205.8686300004973,1,11,0.22491023539488555,9.288082418558297,9.995720035905766,False,inf,0.0,True,0.34562739032931405,
warehouse,medio,105,madera,0.1044235280090632,0.8997142543136608,0.8997142543136608,1.0,19,19,145.18249999673571,0.04,2,teselado,WDT,41.35919999680482,16,0.2927000023191795,16.829699990921654,6.477400005678646,1.1054000060539693,0.5374000029405579,,7.793700002366677,True,41.35919999680482,True,10.120765714804852,1.315716003428962,0.2557519912719727,0.7290297999877787,178.47940697143895,0,13,0.4812613916707793,10.120765714804852,10.120765714804852,False,inf,0.0,True,0.3480775826530703,6.742300000041723
warehouse,dificil,100,madera,0.12265678260489316,0.8249825929536276,0.8689313268209686,0.9422336736965995,16,17,146.20129999821074,0.04,0,tve,TVE (proposed),19.059700003708713,19,0.29570001061074436,6.25459999719169,6.672300005448051,1.0827999940374866,0.1691999932518229,3.84180000401102,0.3403000009711832,True,19.059700003708713,True,9.948742445309874,1.0035975480515595,0.31055509178097945,0.6135958311256637,91.51190431695477,0,7,0.7134814095594401,9.948742445309874,9.948742445309874,False,inf,0.0,True,0.5633443194698738,
warehouse,dificil,100,madera,0.12265678260489316,0.8249825929536276,0.8689313268209686,0.9422336736965995,16,17,146.20129999821074,0.04,0,teselado,WDT,39.88559999561403,12,0.27099999715574086,17.63109999592416,5.954699998255819,0.977099989540875,0.5804999964311719,,3.5924999974668026,True,39.88559999561403,True,14.731459704899015,1.486062878834181,0.47871109954637975,0.9599721350470578,180.961669936306,0,17,1.0767876598467048,14.731459704899015,14.731459704899015,True,14.731459704899015,0.0,True,0.5999500801717739,9.2103000060888
warehouse,dificil,100,madera,0.12265678260489316,0.8249825929536276,0.8689313268209686,0.9422336736965995,16,17,146.20129999821074,0.04,1,teselado,WDT,41.92750000220258,12,0.2906000008806586,17.79549999628216,5.995900006382726,1.25859999388922,0.38579999818466604,,5.796400000690483,True,41.92750000220258,True,21.07743855832423,1.0892767725367622,0.33111721677686,0.8402420877047604,220.5091320997401,0,19,0.5967250309914143,21.07743855832423,21.07743855832423,False,inf,0.0,True,0.42352816516543457,8.74380000459496
warehouse,dificil,100,madera,0.12265678260489316,0.8249825929536276,0.8689313268209686,0.9422336736965995,16,17,146.20129999821074,0.04,1,tve,TVE (proposed),25.933899989468046,17,0.2820999943651259,6.34639999771025,7.189700001617894,1.6810999950394034,0.07340000593103468,9.573000003001653,0.47890000860206783,True,25.933899989468046,True,19.55807307228733,1.010756342819727,0.3315886606771023,0.8792019380276673,139.62577420071875,0,11,0.8004572170340356,19.55807307228733,19.55807307228733,True,19.55807307228733,0.0,True,0.3071567309571092,
warehouse,dificil,100,madera,0.12265678260489316,0.8249825929536276,0.8689313268209686,0.9422336736965995,16,17,146.20129999821074,0.04,2,tve,TVE (proposed),19.319699989864603,15,0.31149999995250255,5.9883999929297715,7.111000013537705,1.2181999918539077,0.15150000399444252,3.727900009835139,0.4349999944679439,True,19.319699989864603,True,12.430267585737681,1.0038571204234645,0.29484376188134087,0.5238576150442629,139.1923012163154,0,11,0.5654710974708228,12.430267585737681,12.430267585737681,False,inf,0.0,True,0.3178585234769015,
warehouse,dificil,100,madera,0.12265678260489316,0.8249825929536276,0.8689313268209686,0.9422336736965995,16,17,146.20129999821074,0.04,2,teselado,WDT,37.01320000982378,12,0.2871000033337623,17.565199988894165,5.997700005536899,1.0221999982604757,0.3245999978389591,,5.16050000442192,True,37.01320000982378,True,20.285243317258043,1.6382178262129106,0.4319094900096053,0.607931693295442,195.1058932005478,0,22,0.7462695499659486,20.285243317258043,20.285243317258043,False,inf,0.0,True,0.4319094900096053,4.939399994327687
warehouse,medio,104,alfombra,0.01842953117477959,0.8615807321963415,0.8615807321963415,1.0,15,15,169.1900000005262,0.04,0,tve,TVE (proposed),57.11760000849608,39,0.3112999984296039,17.01790001243353,29.60999999777414,1.8600999901536852,0.24480000138282776,7.130400001187809,0.43840000580530614,True,57.11760000849608,True,8.820744512042149,1.0045095302641116,0.29514462093994775,0.9055975032446969,59.47302671805832,0,5,0.5379804335984576,8.820744512042149,8.820744512042149,False,inf,0.0,True,0.3619713311064625,
warehouse,medio,104,alfombra,0.01842953117477959,0.8615807321963415,0.8615807321963415,1.0,15,15,169.1900000005262,0.04,0,teselado,WDT,204.3850000045495,9,0.28199999360367656,14.394700003322214,5.2143000066280365,177.48110000684392,0.28330000350251794,,2.3394000018015504,True,204.3850000045495,True,9.591877787759032,1.0923264626674802,0.5129920471937272,1.139594900976805,105.07433666616797,0,13,2.3259232091799324,9.591877787759032,9.591877787759032,True,9.591877787759032,0.0,True,0.6928342544730571,2.4495000106981024
warehouse,medio,104,alfombra,0.01842953117477959,0.8615807321963415,0.8615807321963415,1.0,15,15,169.1900000005262,0.04,1,teselado,WDT,271.6919000085909,9,0.3009999927598983,17.52350000606384,6.607500006793998,236.1652999970829,0.29490000451914966,,4.24629999906756,True,271.6919000085909,True,13.638247529899246,1.094480917754119,0.32547016678871143,0.6389551640974106,235.91473999809557,0,17,0.6518841425351367,13.638247529899246,13.638247529899246,False,inf,0.0,True,0.43836956526337995,4.9048000073526055
warehouse,medio,104,alfombra,0.01842953117477959,0.8615807321963415,0.8615807321963415,1.0,15,15,169.1900000005262,0.04,1,tve,TVE (proposed),42.10079999756999,39,0.29469998844433576,13.278300015372224,21.586399991065264,1.4555999950971454,0.3083000046899542,3.9013999921735376,0.7148000004235655,True,42.10079999756999,True,12.662465371691457,1.0161735729356574,0.29986478767901537,0.5317195050102724,129.22690420562716,1,8,0.44693674814114004,12.662465371691457,12.662465371691457,False,inf,0.0,True,0.4129096794137845,
warehouse,medio,104,alfombra,0.01842953117477959,0.8615807321963415,0.8615807321963415,1.0,15,15,169.1900000005262,0.04,2,tve,TVE (proposed),40.40490000625141,38,0.30849999166093767,13.120800009346567,20.724899994092993,1.2023000017507002,0.2384999970672652,3.803600004175678,0.2035999932559207,True,40.40490000625141,True,9.198569828829259,1.0006585244462805,0.2945323034630779,0.9027648649397003,47.96211753000581,0,4,0.7993655567832423,9.198569828829259,9.198569828829259,True,9.198569828829259,0.0,True,0.4099349391309861,
warehouse,medio,104,alfombra,0.01842953117477959,0.8615807321963415,0.8615807321963415,1.0,15,15,169.1900000005262,0.04,2,teselado,WDT,210.17869999923278,10,0.31689999741502106,15.157100002397783,5.500900006154552,180.9190999920247,0.35370000114198774,,3.1543000077363104,True,210.17869999923278,True,10.104700598099235,1.0992311825231145,0.5393718683363209,1.0704854326853335,149.45406712325178,0,11,0.6015030486172507,10.104700598099235,10.104700598099235,False,inf,0.0,True,0.6059945281312384,3.1611000013072044
warehouse,dificil,101,baldosa,0.19724940906387728,0.8401159205820693,0.8520950594121326,0.9835414711614813,16,17,172.0186000020476,0.04,0,tve,TVE (proposed),42.03409999900032,34,0.3100000030826777,14.302099982160144,21.29830000922084,1.2110000097891316,0.17800000205170363,3.6533000093186274,0.3409999917494133,True,42.03409999900032,True,8.251540521745834,1.0026617464200014,0.2954239330805963,0.6376809930175346,90.73144675150914,0,7,0.6364268975451056,8.251540521745834,8.251540521745834,False,inf,0.0,True,0.3858134180213784,
warehouse,dificil,101,baldosa,0.19724940906387728,0.8401159205820693,0.8520950594121326,0.9835414711614813,16,17,172.0186000020476,0.04,0,teselado,WDT,35.66410001076292,10,0.3212000010535121,15.568799994071014,8.700300008058548,1.2968000082764775,0.5152999947313219,,3.157699989969842,True,35.66410001076292,True,9.285588964197082,1.128311110251967,0.3930591641905217,0.5896666789050623,92.4855741163032,0,9,0.9315415952673004,9.285588964197082,9.285588964197082,True,9.285588964197082,0.0,True,0.43871105625626117,4.339499995694496
warehouse,dificil,101,baldosa,0.19724940906387728,0.8401159205820693,0.8520950594121326,0.9835414711614813,16,17,172.0186000020476,0.04,1,teselado,WDT,29.462999998941086,10,0.302100001135841,13.839299994288012,8.795999994617887,1.4347000105772167,0.5043999990448356,,0.4034000012325123,True,29.462999998941086,True,9.001422109866864,1.0000000000000002,0.4,0.48,0.0,0,2,11863283.203031445,9.001422109866864,9.001422109866864,True,9.001422109866864,0.0,True,0.4,2.214100008131936
warehouse,dificil,101,baldosa,0.19724940906387728,0.8401159205820693,0.8520950594121326,0.9835414711614813,16,17,172.0186000020476,0.04,1,tve,TVE (proposed),44.47769999387674,32,0.28700000257231295,14.392400000360794,22.702200003550388,1.0529999999562278,0.404200007324107,4.749799991259351,0.06920000305399299,True,44.47769999387674,True,9.001422109866862,1.0,0.4,0.48,0.0,0,2,11863283.203031445,9.001422109866862,9.001422109866862,True,9.001422109866862,0.0,True,0.4,
warehouse,dificil,101,baldosa,0.19724940906387728,0.8401159205820693,0.8520950594121326,0.9835414711614813,16,17,172.0186000020476,0.04,2,tve,TVE (proposed),54.211700000450946,31,0.35770000249613076,15.920199992251582,21.577400009846315,1.6958000051090494,0.28639999800361693,13.256700010970235,0.6431000074371696,True,54.211700000450946,True,16.879342607091704,1.0338583463707196,0.3138357529581833,0.5002067911340722,136.92558774728477,0,10,0.48205339175559564,16.879342607091704,16.879342607091704,False,inf,0.0,True,0.43686551627189063,
warehouse,dificil,101,baldosa,0.19724940906387728,0.8401159205820693,0.8520950594121326,0.9835414711614813,16,17,172.0186000020476,0.04,2,teselado,WDT,31.837200003792532,10,0.30109999352134764,13.276300000143237,5.6435000005876645,0.9416000102646649,0.4064999957336113,,3.9517999975942075,True,31.837200003792532,True,18.27795684935828,1.1195233536745435,0.31841096136453645,0.5766140337926943,105.33688552244996,0,9,0.6092738704757731,18.27795684935828,18.27795684935828,False,inf,0.0,True,0.43841096136453644,5.607800005236641
home,facil,100,uniforme,0.0,0.9105510646166851,0.9105510646166851,1.0,17,17,145.30550000199582,0.025,0,tve,TVE (proposed),32.1570999949472,30,0.4457000031834468,12.449699992430396,15.848300012294203,1.197600009618327,0.16429999959655106,1.316699999733828,0.06120000034570694,True,32.1570999949472,True,4.613296001775737,1.0,0.6943023681640625,1.2260303018483008,0.0,0,2,inf,4.613296001775737,4.613296001775737,True,4.613296001775737,0.0,True,0.7643798828125,
home,facil,100,uniforme,0.0,0.9105510646166851,0.9105510646166851,1.0,17,17,145.30550000199582,0.025,0,teselado,WDT,505.1666999934241,4,0.47980000090319663,17.4540000007255,5.270200010272674,479.582300002221,0.1252000074600801,,0.2758000046014786,True,505.1666999934241,True,4.613296001775737,1.0,0.6943023681640625,1.2260303018483008,0.0,0,2,16777216.0,4.613296001775737,4.613296001775737,True,4.613296001775737,0.0,True,0.7643798828125,0.37799999699927866
home,facil,100,uniforme,0.0,0.9105510646166851,0.9105510646166851,1.0,17,17,145.30550000199582,0.025,1,teselado,WDT,495.66330001107417,4,0.4864999937126413,16.882199997780845,5.08119999722112,470.97399999620393,0.1083999959519133,,0.26889999571722,True,495.66330001107417,True,5.445238745913719,1.0000000000000002,0.55,1.1953989928925042,0.0,0,2,16777216.0,5.445238745913719,5.445238745913719,True,5.445238745913719,0.0,True,0.55,0.3606000100262463
home,facil,100,uniforme,0.0,0.9105510646166851,0.9105510646166851,1.0,17,17,145.30550000199582,0.025,1,tve,TVE (proposed),31.500099998083897,27,0.44999999227002263,11.992699990514666,16.188700014026836,1.2403000000631437,0.1576000067871064,0.7702000002609566,0.06600000779144466,True,31.500099998083897,True,5.445238745913718,1.0,0.55,1.1953989928925042,0.0,0,2,16777216.0,5.445238745913718,5.445238745913718,True,5.445238745913718,0.0,True,0.55,
home,facil,100,uniforme,0.0,0.9105510646166851,0.9105510646166851,1.0,17,17,145.30550000199582,0.025,2,tve,TVE (proposed),34.605700013344176,29,0.49330000183545053,12.577799992868677,16.310999999404885,1.0965000110445544,0.20009999570902437,3.2156000088434666,0.301199994282797,True,34.605700013344176,True,4.8279016600725155,1.0079964033629614,0.2864845026000817,0.43149105980795055,61.81815798184454,0,6,0.8554874203789018,4.8279016600725155,4.8279016600725155,True,4.8279016600725155,0.0,True,0.3375709913635212,
home,facil,100,uniforme,0.0,0.9105510646166851,0.9105510646166851,1.0,17,17,145.30550000199582,0.025,2,teselado,WDT,31.263500000932254,6,0.43590000132098794,16.986000002361834,5.055700006778352,0.6781999982194975,0.14399999054148793,,3.063500000280328,True,31.263500000932254,True,4.88285430804369,1.0194697256073468,0.25910274063822697,0.4364670733174225,67.69731710349237,0,8,0.9173540191829668,4.88285430804369,4.88285430804369,True,4.88285430804369,0.0,True,0.25910274063822697,3.2986000005621463
warehouse,dificil,102,madera,0.19037569666131185,0.8730210016155089,0.8730680165867845,0.9999383211003515,19,19,161.77010000683367,0.04,0,tve,TVE (proposed),23.40409999305848,23,0.3218999918317422,6.532700004754588,6.979500001762062,1.4822999946773052,0.09970000246539712,6.7703999957302585,0.924100007978268,True,23.40409999305848,True,12.593479854692845,1.006630006491417,0.299309373656067,0.5692327593450834,135.18363954937226,0,9,0.4138294924191827,12.593479854692845,12.593479854692845,False,inf,0.0,True,0.38634611765445803,
warehouse,dificil,102,madera,0.19037569666131185,0.8730210016155089,0.8730680165867845,0.9999383211003515,19,19,161.77010000683367,0.04,0,teselado,WDT,33.989700008532964,14,0.2936999953817576,15.17969999986235,6.1415000091074035,1.0513999877730384,0.7752999954391271,,4.404599996632896,True,33.989700008532964,True,14.356265944944294,1.147534140531188,0.29164097103349607,0.6442168587401147,122.12591116521938,0,14,1.6791918105366284,14.356265944944294,14.356265944944294,True,14.356265944944294,0.0,True,0.39064528377170066,4.467599996132776
warehouse,dificil,102,madera,0.19037569666131185,0.8730210016155089,0.8730680165867845,0.9999383211003515,19,19,161.77010000683367,0.04,1,teselado,WDT,32.439799993881024,14,0.3324999997857958,15.302299987524748,5.981200010864995,1.0313000093447044,0.41629999759607017,,3.163200002745725,True,32.439799993881024,True,12.326280003069849,1.0438156422933866,0.3993323427466072,1.0101657887144189,137.13701989821598,0,14,1.0386898685996275,12.326280003069849,12.326280003069849,True,12.326280003069849,0.0,True,0.5701224365335833,4.707900006906129
warehouse,dificil,102,madera,0.19037569666131185,0.8730210016155089,0.8730680165867845,0.9999383211003515,19,19,161.77010000683367,0.04,1,tve,TVE (proposed),19.340999991982244,21,0.295300007564947,5.961699993349612,6.837499997345731,1.0473000002093613,0.11950000771321356,4.444899997906759,0.2764999953797087,True,19.340999991982244,True,11.843430232103222,1.0029268953488728,0.31170256142860553,0.9202642004916263,60.980916337920874,0,6,0.8484050063727168,11.843430232103222,11.843430232103222,True,11.843430232103222,0.0,True,0.40438143431137263,
warehouse,dificil,102,madera,0.19037569666131185,0.8730210016155089,0.8730680165867845,0.9999383211003515,19,19,161.77010000683367,0.04,2,tve,TVE (proposed),28.26890000142157,18,0.5196999991312623,7.004299986874685,6.764900012058206,1.9066000095335767,0.0897999998414889,9.772100005648099,1.8427000031806529,True,28.26890000142157,True,11.115795411859626,0.9820185944501701,0.26,0.4184746893656383,162.86110871443822,0,12,0.599332032320032,11.115795411859626,11.115795411859626,False,inf,0.0,True,0.3175667574410251,
warehouse,dificil,102,madera,0.19037569666131185,0.8730210016155089,0.8730680165867845,0.9999383211003515,19,19,161.77010000683367,0.04,2,teselado,WDT,34.00919999694452,14,0.2843000111170113,15.785999989020638,6.552700011525303,1.0823000047821552,0.4329000075813383,,3.9355000044452026,True,34.00919999694452,True,12.585126319232899,1.1118257939332974,0.33751441562875406,0.8551861651032914,140.5791627366986,0,12,0.49676901936202206,12.585126319232899,12.585126319232899,False,inf,0.0,True,0.42539039371685855,4.384599989862181
home,facil,103,uniforme,0.0,0.862884284148442,0.862884284148442,1.0,15,15,153.23850000277162,0.025,0,tve,TVE (proposed),34.81140000803862,25,0.46070000098552555,12.244300014572218,17.393199988873675,1.1144000018248335,0.21520000882446766,2.4558000004617497,0.07169999298639596,True,34.81140000803862,True,7.224480950213655,1.0,0.4,0.9200082236927667,0.0,0,2,16777216.0,7.224480950213655,7.224480950213655,True,7.224480950213655,0.0,True,0.4,
home,facil,103,uniforme,0.0,0.862884284148442,0.862884284148442,1.0,15,15,153.23850000277162,0.025,0,teselado,WDT,29.244400007883087,7,0.4749999934574589,18.09170001070015,5.636999994749203,1.2786000006599352,0.21159999596420676,,0.2796000044327229,True,29.244400007883087,True,7.224480950213655,1.0,0.4,0.9200082236927667,0.0,0,2,16777216.0,7.224480950213655,7.224480950213655,True,7.224480950213655,0.0,True,0.4,1.695400002063252
home,facil,103,uniforme,0.0,0.862884284148442,0.862884284148442,1.0,15,15,153.23850000277162,0.025,1,teselado,WDT,38.988999993307516,7,0.4577000072458759,17.828099997132085,8.553699997719377,1.2483000027714297,0.21860000560991466,,4.05740000132937,True,38.988999993307516,True,7.577354132747314,1.0017251162801493,0.23791268282095906,0.9198309761148388,15.248980017095185,0,6,6.579947294915266,7.577354132747314,7.577354132747314,True,7.577354132747314,0.0,True,0.31741263137877707,4.67670000216458
home,facil,103,uniforme,0.0,0.862884284148442,0.862884284148442,1.0,15,15,153.23850000277162,0.025,1,tve,TVE (proposed),41.8614000082016,26,0.5901999975321814,15.14649999444373,20.35210000758525,1.3257999962661415,0.22319999698083848,3.17140000697691,0.2789999998640269,True,41.8614000082016,True,7.589795365373407,1.003369845427119,0.29342155859242525,0.8943630326499049,23.505228113266245,0,4,1.5062933100703713,7.589795365373407,7.589795365373407,True,7.589795365373407,0.0,True,0.35000000000000003,
home,facil,103,uniforme,0.0,0.862884284148442,0.862884284148442,1.0,15,15,153.23850000277162,0.025,2,tve,TVE (proposed),35.07900000840891,27,0.56669999321457,12.590299986186437,17.016000012517907,1.173000011476688,0.23990000772755593,2.727500002947636,0.058999998145736754,True,35.07900000840891,True,4.985604276313956,1.0,0.38333304268973223,0.9091995417853443,0.0,0,2,inf,4.985604276313956,4.985604276313956,True,4.985604276313956,0.0,True,0.43989868164062546,
home,facil,103,uniforme,0.0,0.862884284148442,0.862884284148442,1.0,15,15,153.23850000277162,0.025,2,teselado,WDT,28.079099996830337,8,0.5089000042062253,17.942499995115213,5.953600004431792,0.9120000031543896,0.15069999790284783,,0.29830000130459666,True,28.079099996830337,True,4.985604276313957,1.0000000000000002,0.3830624999999998,0.9091969827172183,0.0,0,2,16777216.0,4.985604276313957,4.985604276313957,True,4.985604276313957,0.0,True,0.440288566589355,0.7657999958610162
home,facil,101,alfombra,0.0,0.8853786958282706,0.8853786958282706,1.0,19,19,134.92729999416042,0.025,0,tve,TVE (proposed),39.00170000270009,28,0.48439999227412045,13.449600010062568,17.62790000066161,1.524999999674037,0.1680999994277954,4.491500003496185,0.39840000681579113,True,39.00170000270009,True,7.845867277590741,1.008173072582134,0.27385197823153523,0.6471493693522217,106.67725606824524,0,10,0.7983935330145064,7.845867277590741,7.845867277590741,True,7.845867277590741,0.0,True,0.3394746201394755,
home,facil,101,alfombra,0.0,0.8853786958282706,0.8853786958282706,1.0,19,19,134.92729999416042,0.025,0,teselado,WDT,33.9012000040384,8,0.5363999953260645,18.71689999825321,5.823800005600788,0.8380000072065741,0.271999990218319,,2.5495000008959323,True,33.9012000040384,True,8.392338928028813,1.0783932258690452,0.40739316493916794,0.7579738263512864,127.52769543601242,0,12,0.5102012003291537,8.392338928028813,8.392338928028813,False,inf,0.0,True,0.464756784583295,3.5137999948346987
home,facil,101,alfombra,0.0,0.8853786958282706,0.8853786958282706,1.0,19,19,134.92729999416042,0.025,1,teselado,WDT,37.665199997718446,8,0.45280001359060407,19.415399990975857,5.462500004796311,0.8491999906254932,0.2578999992692843,,4.409000001032837,True,37.665199997718446,True,6.328408190299884,1.0174104490064648,0.234767484664917,0.4159472599002926,140.51747216462496,2,8,0.23211440529402025,6.328408190299884,6.328408190299884,False,inf,0.0,True,0.26234553433228913,5.155700011528097
home,facil,101,alfombra,0.0,0.8853786958282706,0.8853786958282706,1.0,19,19,134.92729999416042,0.025,1,tve,TVE (proposed),46.08949999965262,22,0.4406000080052763,12.540199983050115,17.121000011684373,2.0209999929647893,0.11229999654460698,12.21570000052452,1.1841000086860731,True,46.08949999965262,True,6.380657378753949,1.025810487165627,0.234767484664917,0.42485424089888985,199.33473796262984,1,9,0.12352830207473127,6.380657378753949,7.669066111156107,False,inf,0.0,True,0.2625,
home,facil,101,alfombra,0.0,0.8853786958282706,0.8853786958282706,1.0,19,19,134.92729999416042,0.025,2,tve,TVE (proposed),35.24630000174511,28,0.4993999900761992,13.228499999968335,17.81840001058299,1.4116999955149367,0.16580001101829112,1.7672000103630126,0.0577000027988106,True,35.24630000174511,True,5.881538914263851,1.0,0.35984497070312504,1.0224482745512575,0.0,0,2,inf,5.881538914263851,5.881538914263851,True,5.881538914263851,0.0,True,0.45,
home,facil,101,alfombra,0.0,0.8853786958282706,0.8853786958282706,1.0,19,19,134.92729999416042,0.025,2,teselado,WDT,518.7351999920793,6,0.45479999971576035,17.835599996033125,6.107699999120086,492.0179000037024,0.11110000195913017,,0.2886000002035871,True,518.7351999920793,True,5.881538914263852,1.0000000000000002,0.35984497070312504,1.0224493024720178,0.0,0,2,16777216.0,5.881538914263852,5.881538914263852,True,5.881538914263852,0.0,True,0.45,0.3539000026648864
home,facil,102,uniforme,0.0,0.9133891656949009,0.9133891656949009,1.0,18,18,134.7130000067409,0.025,0,tve,TVE (proposed),43.65150000376161,23,0.4709999921033159,12.749200002872385,17.81160000246018,1.900000002933666,0.09529999806545675,9.750099998200312,0.5317000031936914,True,43.65150000376161,True,5.261262766177797,1.05486738623689,0.2299224853515625,0.5757779006033448,163.60183102494267,2,5,0.14943510900387244,5.261262766177797,6.326306611314425,False,inf,0.0,True,0.29992246627807617,
home,facil,102,uniforme,0.0,0.9133891656949009,0.9133891656949009,1.0,18,18,134.7130000067409,0.025,0,teselado,WDT,34.3354999931762,8,0.44859999616164714,19.37290000205394,5.862399993930012,0.9988999954657629,0.21109999215696007,,3.187399997841567,True,34.3354999931762,True,5.829653703760316,1.1688280624727945,0.2299224853515625,0.785344389300035,190.62457587301517,0,15,0.5595113759016459,5.829653703760316,5.829653703760316,False,inf,0.0,True,0.29992246627807617,2.543800001149066
home,facil,102,uniforme,0.0,0.9133891656949009,0.9133891656949009,1.0,18,18,134.7130000067409,0.025,1,teselado,WDT,371.27580000378657,10,0.4638999962480739,18.648099998245016,6.063299995730631,338.0048999970313,0.3915999986929819,,3.2977000082610175,True,371.27580000378657,True,7.077266087523009,1.131777827518403,0.3632198611956241,0.7271861036835436,166.25717173781135,0,12,0.3670270995224407,7.077266087523009,7.077266087523009,False,inf,0.0,True,0.41321986119562415,2.7301000081934035
home,facil,102,uniforme,0.0,0.9133891656949009,0.9133891656949009,1.0,18,18,134.7130000067409,0.025,1,tve,TVE (proposed),40.024200003244914,28,0.44920000073034316,12.461100006476045,18.033899992587976,1.145300004282035,0.20160000713076442,6.208499995409511,0.6583999929716811,True,40.024200003244914,True,6.251059148467473,0.999652981143978,0.24633892839637,0.5947027889129042,54.201992541359445,0,6,0.8000435589658266,6.251059148467473,6.251059148467473,True,6.251059148467473,0.0,True,0.2926072001947599,
home,facil,102,uniforme,0.0,0.9133891656949009,0.9133891656949009,1.0,18,18,134.7130000067409,0.025,2,tve,TVE (proposed),37.16039999562781,31,0.4881000058958307,13.087299987091683,17.862600012449548,1.345600001513958,0.17590000061318278,3.372600011061877,0.3630999999586493,True,37.16039999562781,True,6.140599218651139,1.0123821758819211,0.28869508604011873,0.45545537966908256,94.85598348281385,0,9,0.5086425378446487,6.140599218651139,6.140599218651139,False,inf,0.0,True,0.3647822472575011,
home,facil,102,uniforme,0.0,0.9133891656949009,0.9133891656949009,1.0,18,18,134.7130000067409,0.025,2,teselado,WDT,43.4495999943465,8,0.43710001045838,22.129999997559935,9.48749999224674,1.4537999959429726,0.23019999207463115,,3.250199995818548,True,43.4495999943465,True,6.409656190116182,1.0567407917936456,0.25896347730996994,0.507154943918568,90.97809834568483,0,8,0.4611739424726937,6.409656190116182,6.409656190116182,False,inf,0.0,True,0.3105151056863472,4.4713999959640205
warehouse,dificil,104,baldosa,0.1969742941158683,0.8431928294573643,0.8431928294573643,1.0,15,15,156.94460000668187,0.04,0,tve,TVE (proposed),42.8057999961311,36,0.3304999991087243,14.509800006635487,21.07629999227356,1.7743000062182546,0.21460000425577164,3.4257999941473827,0.625400003627874,True,42.8057999961311,True,12.543800139534278,1.0272601182060466,0.28,0.5502656054764495,180.14111013000348,0,11,0.34224411685232303,12.543800139534278,12.543800139534278,False,inf,0.0,True,0.44,
warehouse,dificil,104,baldosa,0.1969742941158683,0.8431928294573643,0.8431928294573643,1.0,15,15,156.94460000668187,0.04,0,teselado,WDT,163.47610000229906,5,0.3082000039285049,16.042399991420098,5.420900008175522,109.30169999483041,0.19579999207053334,,4.688599990913644,True,163.47610000229906,True,12.955094076057863,1.0609425631709528,0.2587007046301128,0.5719317653121349,204.70021821049693,2,10,0.3285209765716943,12.955094076057863,12.955094076057863,False,inf,0.0,True,0.3508073379759078,25.601000001188368
warehouse,dificil,104,baldosa,0.1969742941158683,0.8431928294573643,0.8431928294573643,1.0,15,15,156.94460000668187,0.04,1,teselado,WDT,26.557200006209314,6,0.2967000036733225,14.307299992651679,5.037900002207607,0.8470000029774383,0.20229999790899456,,2.2326000034809113,True,26.557200006209314,True,8.372782934538845,1.016735571501393,0.524201263668595,1.1911532828598754,37.775123347573484,0,6,1.8579714956453617,8.372782934538845,8.372782934538845,True,8.372782934538845,0.0,True,0.6078759765625,1.8800999969244003
warehouse,dificil,104,baldosa,0.1969742941158683,0.8431928294573643,0.8431928294573643,1.0,15,15,156.94460000668187,0.04,1,tve,TVE (proposed),50.4986000014469,43,0.3205999964848161,17.461699986597523,27.298900022287853,1.184399996418506,0.08999998681247234,3.2473000028403476,0.16930000856518745,True,50.4986000014469,True,8.256309069892119,1.0025917531004578,0.3435807638929411,1.1281258568611785,23.89345348897008,0,4,1.022896939721407,8.256309069892119,8.256309069892119,True,8.256309069892119,0.0,True,0.48568975800511105,
warehouse,dificil,104,baldosa,0.1969742941158683,0.8431928294573643,0.8431928294573643,1.0,15,15,156.94460000668187,0.04,2,tve,TVE (proposed),42.710399997304194,44,0.32900000223889947,14.354700004332699,21.08899998711422,1.20749999769032,0.1638999965507537,4.556400002911687,0.17559999832883477,True,42.710399997304194,True,9.115887375915033,1.0016706654413319,0.31468099397265736,1.1109829713098713,38.83092592478278,0,4,0.7999599993387396,9.115887375915033,9.115887375915033,True,9.115887375915033,0.0,True,0.4581675182285007,
warehouse,dificil,104,baldosa,0.1969742941158683,0.8431928294573643,0.8431928294573643,1.0,15,15,156.94460000668187,0.04,2,teselado,WDT,27.622000008705072,6,0.2961999998660758,15.155100001720712,5.019599993829615,0.7311999943340197,0.18679999629966915,,2.4714000028325245,True,27.622000008705072,True,9.959016247403559,1.0943152345249794,0.6985658881592781,1.2188971649468103,88.31973392969508,0,12,3.3138058778732664,9.959016247403559,9.959016247403559,True,9.959016247403559,0.0,True,0.7778068263597857,2.200200004153885
warehouse,dificil,105,baldosa,0.11136238983516408,0.8260014125718899,0.8260014125718899,1.0,19,19,170.29829999955837,0.04,0,tve,TVE (proposed),19.359500001883134,24,0.30250000418163836,6.646599984378554,7.317800002056174,1.21489999582991,0.11970000923611224,3.19510001281742,0.28700000257231295,True,19.359500001883134,True,9.44581115393814,1.0037502053224672,0.34755562560245545,0.6909697507203498,31.61409587769399,0,4,1.1653237487941734,9.44581115393814,9.44581115393814,True,9.44581115393814,0.0,True,0.45403903915455274,
warehouse,dificil,105,baldosa,0.11136238983516408,0.8260014125718899,0.8260014125718899,1.0,19,19,170.29829999955837,0.04,0,teselado,WDT,35.98709999641869,16,0.2744999947026372,16.88940000894945,10.264199998346157,1.7143000004580244,0.27460001001600176,,2.2837999858893454,True,35.98709999641869,True,9.49389065696746,1.0088593283242924,0.2772373287007585,0.6148024691065327,21.574504345579165,0,6,6.011519257551769,9.49389065696746,9.49389065696746,True,9.49389065696746,0.0,True,0.40658657929950887,2.3649000067962334
warehouse,dificil,105,baldosa,0.11136238983516408,0.8260014125718899,0.8260014125718899,1.0,19,19,170.29829999955837,0.04,1,teselado,WDT,37.46980000869371,16,0.4552999889710918,18.899800008512102,6.780499999877065,1.2379999971017241,0.2840999950421974,,3.309299994725734,True,37.46980000869371,True,12.894586041426992,1.0401193925210976,0.36,0.5359977118767527,160.23690910945672,0,13,0.7579448565159018,12.894586041426992,12.894586041426992,False,inf,0.0,True,0.36,4.621399988536723
warehouse,dificil,105,baldosa,0.11136238983516408,0.8260014125718899,0.8260014125718899,1.0,19,19,170.29829999955837,0.04,1,tve,TVE (proposed),25.485400008619763,21,0.2980000135721639,6.6682999895419925,7.643300006748177,1.7287999944528565,0.17699999443721026,8.222400007070974,0.3786000015679747,True,25.485400008619763,True,12.484172565752852,1.0070141021589871,0.2996272131184174,0.43726278180583644,109.61010434427494,0,8,0.7359659320163082,12.484172565752852,12.484172565752852,False,inf,0.0,True,0.36,
warehouse,dificil,105,baldosa,0.11136238983516408,0.8260014125718899,0.8260014125718899,1.0,19,19,170.29829999955837,0.04,2,tve,TVE (proposed),24.42729999893345,22,0.3082000039285049,8.074099983787164,7.610400003613904,1.0273999942000955,0.12919999426230788,6.720300007145852,0.2587999915704131,True,24.42729999893345,True,8.113918665404722,1.0041730309849486,0.304258458612375,0.7655432713231153,63.05674836187677,0,6,0.838480864943203,8.113918665404722,8.113918665404722,True,8.113918665404722,0.0,True,0.37267360630128255,
warehouse,dificil,105,baldosa,0.11136238983516408,0.8260014125718899,0.8260014125718899,1.0,19,19,170.29829999955837,0.04,2,teselado,WDT,36.82769999431912,16,0.3532000118866563,18.01790000172332,7.1084999945014715,1.2257999915163964,0.46519999159500003,,2.939899990451522,True,36.82769999431912,True,8.13595559419173,1.0069003062370414,0.29068307356924883,0.805569159966685,67.4106734185728,0,8,1.3159572661921464,8.13595559419173,8.13595559419173,True,8.13595559419173,0.0,True,0.3911115357615757,4.855299994233064
warehouse,dificil,103,baldosa,0.180993288065883,0.8738697742516274,0.8738697742516274,1.0,18,18,171.8959999998333,0.04,0,tve,TVE (proposed),30.299999998533167,20,0.4754000110551715,9.400199982337654,10.517800008528866,1.9662999984575436,0.16239999968092889,6.296499996096827,1.0968999995384365,True,30.299999998533167,True,11.74672375192259,1.0048625720377993,0.2935185795237614,0.523617305608058,104.90205495101391,0,8,0.5360349504101918,11.74672375192259,11.74672375192259,False,inf,0.0,True,0.4318745213368508,
warehouse,dificil,103,baldosa,0.180993288065883,0.8738697742516274,0.8738697742516274,1.0,18,18,171.8959999998333,0.04,0,teselado,WDT,36.00619999633636,10,0.28870000096503645,13.199099994380958,5.980700007057749,1.0034000006271526,0.29779999749735,,6.6479000088293105,True,36.00619999633636,True,13.51676694911166,1.1562792731800484,0.261627930903569,0.48170569987951795,162.6157406138215,0,14,0.6858334753558536,13.51676694911166,13.51676694911166,False,inf,0.0,True,0.40762609726243454,6.856300009530969
warehouse,dificil,103,baldosa,0.180993288065883,0.8738697742516274,0.8738697742516274,1.0,18,18,171.8959999998333,0.04,1,teselado,WDT,25.256599998101592,10,0.29549999453593045,11.417800007620826,6.014900005538948,0.9991000115405768,0.28390000807121396,,2.185799996368587,True,25.256599998101592,True,8.383379261217433,1.0265138057103718,0.38507834753928727,0.7006548176430266,60.527065794162745,0,8,1.745121243881591,8.383379261217433,8.383379261217433,True,8.383379261217433,0.0,True,0.44,2.664800005732104
warehouse,dificil,103,baldosa,0.180993288065883,0.8738697742516274,0.8738697742516274,1.0,18,18,171.8959999998333,0.04,1,tve,TVE (proposed),19.956100004492328,17,0.28279999969527125,6.207700003869832,6.652900003246032,1.5568000089842826,0.17610000213608146,4.642900006729178,0.17719999596010894,True,19.956100004492328,True,8.212490656413513,1.0055891276534787,0.3127440069102946,0.5732667263237881,50.297890723903485,0,5,0.7999148633562682,8.212490656413513,8.212490656413513,True,8.212490656413513,0.0,True,0.4187097461869416,
warehouse,dificil,103,baldosa,0.180993288065883,0.8738697742516274,0.8738697742516274,1.0,18,18,171.8959999998333,0.04,2,tve,TVE (proposed),18.997599996509962,18,0.295000005280599,6.282000002101995,6.715099996654317,1.1569999915082008,0.12450000212993473,3.9344999968307093,0.32449999707750976,True,18.997599996509962,True,11.683629508312933,1.0037343013135733,0.3099508885310797,0.6032019292064897,82.67162689617568,0,7,0.5574722037768856,11.683629508312933,11.683629508312933,False,inf,0.0,True,0.42420881115117254,
warehouse,dificil,103,baldosa,0.180993288065883,0.8738697742516274,0.8738697742516274,1.0,18,18,171.8959999998333,0.04,2,teselado,WDT,27.563299998291768,10,0.27540000155568123,11.223299996345304,5.9412999980850145,0.9968000085791573,0.22200000239536166,,3.3106999908341095,True,27.563299998291768,True,11.880552480329015,1.020651847491199,0.2739495769870291,0.6388795130848097,99.93030690051509,0,9,0.7521070662811515,11.880552480329015,11.880552480329015,False,inf,0.0,True,0.432611618552337,3.984199996921234
home,facil,105,uniforme,0.0,0.9083355108440031,0.9083355108440031,1.0,19,19,140.6898999994155,0.025,0,tve,TVE (proposed),32.87260000070091,25,0.46910000673960894,12.73889999720268,15.910000001895241,1.2647999974433333,0.18399998953100294,1.5064000035636127,0.06570000550709665,True,32.87260000070091,True,6.918498753342376,1.0,0.4156979557409183,0.749760445745411,0.0,0,2,16777216.0,6.918498753342376,6.918498753342376,True,6.918498753342376,0.0,True,0.4906979557409182,
home,facil,105,uniforme,0.0,0.9083355108440031,0.9083355108440031,1.0,19,19,140.6898999994155,0.025,0,teselado,WDT,560.4338999983156,4,0.451300002168864,17.259799991734326,5.176000006031245,534.1838000022108,0.1109999866457656,,0.3228999994462356,True,560.4338999983156,True,6.918498753342376,1.0,0.4156979557409183,0.749760445745411,0.0,0,2,11863283.203031445,6.918498753342376,6.918498753342376,True,6.918498753342376,0.0,True,0.4906979557409182,0.38050000148359686
home,facil,105,uniforme,0.0,0.9083355108440031,0.9083355108440031,1.0,19,19,140.6898999994155,0.025,1,teselado,WDT,489.28320000413805,4,0.4631000047083944,16.43859999603592,4.954899995937012,465.2892000012798,0.11020000965800136,,0.2721999917412177,True,489.28320000413805,True,6.025829818373566,1.0000000000000002,0.8689776777675609,1.3718730467130673,0.0,0,2,11863283.203031445,6.025829818373566,6.025829818373566,True,6.025829818373566,0.0,True,0.915668219544916,0.3561000048648566
home,facil,105,uniforme,0.0,0.9083355108440031,0.9083355108440031,1.0,19,19,140.6898999994155,0.025,1,tve,TVE (proposed),32.09860000060871,25,0.4495000030146912,12.209699998493306,15.819699998246506,1.4367999974638224,0.24130000383593142,1.315799992880784,0.11110000195913017,True,32.09860000060871,True,6.025829818373566,1.0,0.8689120869555418,1.3718692361117835,0.0,0,2,16777216.0,6.025829818373566,6.025829818373566,True,6.025829818373566,0.0,True,0.9156794174256829,
home,facil,105,uniforme,0.0,0.9083355108440031,0.9083355108440031,1.0,19,19,140.6898999994155,0.025,2,tve,TVE (proposed),31.91460001107771,25,0.4852999991271645,12.131700001191348,16.00000000325963,1.4478000084636733,0.15900000289548188,0.90230000205338,0.07320000440813601,True,31.91460001107771,True,6.352410959627849,1.0,0.47706933623276715,1.1668190392028894,0.0,0,2,11863283.203031445,6.352410959627849,6.352410959627849,True,6.352410959627849,0.0,True,0.5232324503728123,
home,facil,105,uniforme,0.0,0.9083355108440031,0.9083355108440031,1.0,19,19,140.6898999994155,0.025,2,teselado,WDT,528.9962999959243,4,0.45340000360738486,18.52359999611508,5.392800012486987,502.33139999909326,0.11309998808428645,,0.26980000257026404,True,528.9962999959243,True,6.35241095962785,1.0000000000000002,0.47707820068932894,1.1668221637583895,0.0,0,2,16777216.0,6.35241095962785,6.35241095962785,True,6.35241095962785,0.0,True,0.523437523785759,0.3563999925972894
home,medio,100,baldosa,0.09548429327675191,0.8268483423691407,0.8268483423691407,1.0,17,17,149.52809999522287,0.025,0,tve,TVE (proposed),16.91269999719225,14,0.47420000191777945,6.250599995837547,6.034699996234849,0.9296000062022358,0.1331000094069168,2.314400000614114,0.46749999455641955,True,16.91269999719225,True,6.142404218837562,1.007267957431598,0.28304950778982996,0.5918457055975107,68.36569000752665,0,7,0.8371364665567915,6.142404218837562,6.142404218837562,True,6.142404218837562,0.0,True,0.32891658582019573,
home,medio,100,baldosa,0.09548429327675191,0.8268483423691407,0.8268483423691407,1.0,17,17,149.52809999522287,0.025,0,teselado,WDT,37.60419999889564,8,0.6814999942434952,21.80430000589695,5.4066000011516735,0.862000000779517,0.1446999958716333,,3.1218000076478347,True,37.60419999889564,True,6.218894353518164,1.019811264413433,0.26615372406201965,0.611833350131989,76.40239217214587,0,9,0.6257852336113081,6.218894353518164,6.218894353518164,False,inf,0.0,True,0.26615372406201965,3.5826999956043437
home,medio,100,baldosa,0.09548429327675191,0.8268483423691407,0.8268483423691407,1.0,17,17,149.52809999522287,0.025,1,teselado,WDT,33.82949999650009,8,0.45989999489393085,17.573999997694045,5.350599996745586,0.7998000073712319,0.16780001169536263,,4.095299998880364,True,33.82949999650009,True,7.148675355976886,1.0903915131934396,0.290253714194492,0.5782895835736425,172.88261175917867,0,14,0.6037200171170656,7.148675355976886,7.148675355976886,False,inf,0.0,True,0.290253714194492,3.771600007894449
home,medio,100,baldosa,0.09548429327675191,0.8268483423691407,0.8268483423691407,1.0,17,17,149.52809999522287,0.025,1,tve,TVE (proposed),20.94849999411963,16,0.5206000059843063,5.920800002058968,5.96870000299532,1.175500001409091,0.1396000006934628,6.532500003231689,0.4430000117281452,True,20.94849999411963,True,6.643570829896295,1.0133476328816293,0.27048925077447145,0.412416309408299,156.07182507434706,0,10,0.4948408459383215,6.643570829896295,6.643570829896295,False,inf,0.0,True,0.3094119394850447,
home,medio,100,baldosa,0.09548429327675191,0.8268483423691407,0.8268483423691407,1.0,17,17,149.52809999522287,0.025,2,tve,TVE (proposed),20.792499999515712,9,0.4712999943876639,5.809199996292591,6.0114000079920515,4.965300002368167,0.07909999112598598,2.9434000025503337,0.1849999971454963,True,20.792499999515712,True,5.897054243686951,1.006742609651101,0.25468997955322265,0.7957938195104773,28.2431087226676,0,4,0.9807117312512805,5.897054243686951,5.897054243686951,True,5.897054243686951,0.0,True,0.3496124744415283,
home,medio,100,baldosa,0.09548429327675191,0.8268483423691407,0.8268483423691407,1.0,17,17,149.52809999522287,0.025,2,teselado,WDT,95.38290000637062,8,0.45649999810848385,17.73799999500625,6.229100006748922,55.64069999672938,0.17129999469034374,,4.784399992786348,True,95.38290000637062,True,5.849555877111037,0.9986337085718897,0.24002877816306922,0.7306417230389957,17.7804702814095,0,3,1.1986031464973228,5.849555877111037,5.849555877111037,True,5.849555877111037,0.0,True,0.31500315334630996,8.327599993208423
home,facil,104,uniforme,0.0,0.8910927169555938,0.8910927169555938,1.0,17,17,150.53939999779686,0.025,0,tve,TVE (proposed),45.83660000935197,35,0.4693000082625076,15.899899997748435,20.232399998349138,1.4573999942513183,0.14050000754650682,5.883000005269423,0.9991999977501109,True,45.83660000935197,True,6.495345286491653,1.0158459930827264,0.2562781292588218,0.3582086569566553,137.71058235556214,0,10,0.7207698100719592,6.495345286491653,6.495345286491653,False,inf,0.0,True,0.3125,
home,facil,104,uniforme,0.0,0.8910927169555938,0.8910927169555938,1.0,17,17,150.53939999779686,0.025,0,teselado,WDT,37.73929999442771,12,0.4935999895678833,19.32680000027176,6.255800006329082,0.9488999930908903,0.29799999902024865,,4.032299999380484,True,37.73929999442771,True,7.298795164913209,1.141502336762369,0.2675839555025272,0.4071196366599097,132.64037848435294,0,12,0.43441093329777103,7.298795164913209,7.298795164913209,False,inf,0.0,True,0.30047648971438834,4.778199989232235
home,facil,104,uniforme,0.0,0.8910927169555938,0.8910927169555938,1.0,17,17,150.53939999779686,0.025,1,teselado,WDT,536.8118000042159,14,0.4636999947251752,22.872200002893806,9.390200008056127,489.0488999953959,0.41290000081062317,,6.903299989062361,True,536.8118000042159,True,9.479685160223486,1.1289994491215818,0.27482390416444474,0.5108705706466252,289.1794908121213,0,18,0.38397359608162945,9.479685160223486,9.479685160223486,False,inf,0.0,True,0.33965581506407944,5.767099995864555
home,facil,104,uniforme,0.0,0.8910927169555938,0.8910927169555938,1.0,17,17,150.53939999779686,0.025,1,tve,TVE (proposed),43.59299999487121,30,0.4664000007323921,13.168700010282919,19.2176999989897,1.62899999122601,0.17290000687353313,7.272900009411387,0.8831000013742596,True,43.59299999487121,True,8.43425909966156,1.0044926299052426,0.2399216399512601,0.38144514025328324,116.47299367163944,0,9,0.636209252440429,8.43425909966156,8.43425909966156,False,inf,0.0,True,0.3131296433232264,
home,facil,104,uniforme,0.0,0.8910927169555938,0.8910927169555938,1.0,17,17,150.53939999779686,0.025,2,tve,TVE (proposed),50.18789999303408,24,0.4774999979417771,13.745099990046583,20.704900001874194,2.3886999988462776,0.40020000596996397,11.5046999999322,0.5493999924510717,True,50.18789999303408,True,8.658192070997517,1.06233486352584,0.25,0.7128272464805965,88.93066160781935,0,5,0.3297115592803946,8.658192070997517,8.658192070997517,False,inf,0.0,True,0.325,
home,facil,104,uniforme,0.0,0.8910927169555938,0.8910927169555938,1.0,17,17,150.53939999779686,0.025,2,teselado,WDT,93.76740000152495,12,0.44669999624602497,18.543900005170144,6.038000006810762,59.457600000314415,0.3043000033358112,,0.32929998997133225,True,93.76740000152495,True,8.150153372789987,1.0,0.25,0.655145571482606,0.0,0,2,inf,8.150153372789987,8.150153372789987,True,8.150153372789987,0.0,True,0.31857798165137585,7.095799999660812
home,medio,103,concreto,0.05528263409646079,0.8308372700773947,0.8308372700773947,1.0,15,15,145.30059999378864,0.025,0,tve,TVE (proposed),39.23160000704229,30,0.4861999914282933,12.59300000674557,16.69259999471251,1.2847999896621332,0.12450000212993473,7.019199998467229,0.27859999681822956,True,39.23160000704229,True,6.4166094767175395,1.0054928702824624,0.2676181997698383,0.6742156072745978,71.07168948759926,0,8,0.8089197839211253,6.4166094767175395,6.4166094767175395,True,6.4166094767175395,0.0,True,0.32593917647183823,
home,medio,103,concreto,0.05528263409646079,0.8308372700773947,0.8308372700773947,1.0,15,15,145.30059999378864,0.025,0,teselado,WDT,328.97599998977967,10,0.4945999971823767,18.31759999913629,5.5967000080272555,294.873999999254,0.34690000757109374,,3.2992000051308423,True,328.97599998977967,True,7.9576165795258875,1.2469711245771387,0.326432828761457,0.9371500996100162,158.29493616748633,0,15,0.5382546378749047,7.9576165795258875,7.9576165795258875,False,inf,0.0,True,0.3897400949798189,4.234599997289479
home,medio,103,concreto,0.05528263409646079,0.8308372700773947,0.8308372700773947,1.0,15,15,145.30059999378864,0.025,1,teselado,WDT,36.64520000165794,8,0.43729999742936343,18.49279999441933,8.527500001946464,1.3624999992316589,0.2835000050254166,,2.4797999940346926,True,36.64520000165794,True,5.200107471526525,1.0097327592807006,0.39067907553930803,1.0039070861780557,24.434943717243904,0,6,3.941294414667862,5.200107471526525,5.200107471526525,True,5.200107471526525,0.0,True,0.4585163074578126,3.03140000323765
home,medio,103,concreto,0.05528263409646079,0.8308372700773947,0.8308372700773947,1.0,15,15,145.30059999378864,0.025,1,tve,TVE (proposed),39.91969999333378,28,0.6159000040497631,14.814699985436164,18.090800018399023,1.1854999902425334,0.10400000610388815,4.234000007272698,0.16959999629762024,True,39.91969999333378,True,5.170814239593653,1.0040447353177757,0.32373184123937254,0.943317262974558,16.396868348586207,0,3,1.2298560768786286,5.170814239593653,5.170814239593653,True,5.170814239593653,0.0,True,0.40245249383978304,
home,medio,103,concreto,0.05528263409646079,0.8308372700773947,0.8308372700773947,1.0,15,15,145.30059999378864,0.025,2,tve,TVE (proposed),46.33260000264272,28,0.5238000012468547,12.622199996258132,16.674400001647882,1.3330999936442822,0.15579999308101833,12.90339999832213,1.1586000036913902,True,46.33260000264272,True,5.300625246643431,1.0364042343201674,0.25806702736618514,0.4780452238101105,117.7528923064449,0,9,0.6938100397518703,5.300625246643431,5.300625246643431,False,inf,0.0,True,0.32242923376126104,
home,medio,103,concreto,0.05528263409646079,0.8308372700773947,0.8308372700773947,1.0,15,15,145.30059999378864,0.025,2,teselado,WDT,336.6337999905227,10,0.7011999987298623,19.587799994042143,5.575899995164946,298.07350000191946,0.4937000048812479,,5.324700003257021,True,336.6337999905227,True,6.631929813773772,1.2967074299511712,0.28924267131723547,0.7076277248840895,248.81547486890668,0,16,0.4032978427819597,6.631929813773772,6.631929813773772,False,inf,0.0,True,0.33924265937447484,4.7556000063195825
home,medio,101,madera,0.045879725427136815,0.8237011916537139,0.8237011916537139,1.0,19,19,189.78870000864845,0.025,0,tve,TVE (proposed),36.58020000148099,22,0.4552000027615577,13.06839998869691,16.868700011400506,1.0177000076510012,0.12320000678300858,4.078199999639764,0.17840000509750098,True,36.58020000148099,True,4.914104998286075,1.0013356442970276,0.2573988952681174,0.45786389735507554,7.647374381260113,0,3,2.0590577074843908,4.914104998286075,4.914104998286075,True,4.914104998286075,0.0,True,0.275,
home,medio,101,madera,0.045879725427136815,0.8237011916537139,0.8237011916537139,1.0,19,19,189.78870000864845,0.025,0,teselado,WDT,33.639799992670305,8,0.46969999675638974,18.506399996113032,5.786800000350922,0.8725999941816553,0.22629999148193747,,3.991399993537925,True,33.639799992670305,True,4.993216607150597,1.017456031195834,0.2483929236496205,0.5044097584070413,75.65446449235,0,6,0.5166759696308894,4.993216607150597,4.993216607150597,False,inf,0.0,True,0.275,2.1893999946769327
home,medio,101,madera,0.045879725427136815,0.8237011916537139,0.8237011916537139,1.0,19,19,189.78870000864845,0.025,1,teselado,WDT,42.810900005861185,8,0.45530000352300704,21.50400000391528,9.076599992113188,1.334500004304573,0.20920000679325312,,3.540599995176308,True,42.810900005861185,True,9.007385343603515,1.0468967140050005,0.25003115495646855,0.4811501019862018,157.26655875915796,0,12,0.36227161154466064,9.007385343603515,9.007385343603515,False,inf,0.0,True,0.30000000000000004,4.632799988030456
home,medio,101,madera,0.045879725427136815,0.8237011916537139,0.8237011916537139,1.0,19,19,189.78870000864845,0.025,1,tve,TVE (proposed),43.109599995659664,24,0.4641999985324219,13.773099999525584,17.458800008171238,1.1068000021623448,0.1396000006934628,8.503100005327724,1.086899996153079,True,43.109599995659664,True,8.616348187072221,1.0014478408181569,0.2573313488456949,0.44285069457813386,85.91953379789848,0,7,0.45825939503264773,8.616348187072221,8.616348187072221,False,inf,0.0,True,0.29479966847441835,
home,medio,101,madera,0.045879725427136815,0.8237011916537139,0.8237011916537139,1.0,19,19,189.78870000864845,0.025,2,tve,TVE (proposed),44.13219999696594,25,0.5668000085279346,13.436099994578399,19.681799996760674,1.1488999880384654,0.09760000102687627,7.512800002587028,0.981699995463714,True,44.13219999696594,True,8.92436457440775,1.006758664039057,0.24323720783873948,0.4853790834283461,128.30846553797775,0,11,0.7968291723245475,8.92436457440775,8.92436457440775,True,8.92436457440775,0.0,True,0.3088972955408674,
home,medio,101,madera,0.045879725427136815,0.8237011916537139,0.8237011916537139,1.0,19,19,189.78870000864845,0.025,2,teselado,WDT,39.39700000046287,8,0.4870000120718032,22.703999988152646,5.6336000125156716,1.0803000041050836,0.24020001001190394,,3.855000002658926,True,39.39700000046287,True,9.930006369622914,1.120205238505099,0.2732836255065905,0.7308030699566537,96.48167101822516,0,9,0.5688833007305938,9.930006369622914,9.930006369622914,False,inf,0.0,True,0.33737857745202793,3.676899999845773
home,medio,104,uniforme,0.09143045920496401,0.8906754084712248,0.8906754084712248,1.0,17,17,165.86710000410676,0.025,0,tve,TVE (proposed),38.92059999634512,30,0.5070000042906031,12.954000019817613,17.505499985418282,1.5939999866532162,0.20920000679325312,4.918299993732944,0.42209999810438603,True,38.92059999634512,True,5.827568712085586,1.0169033067313948,0.26789156220931803,0.3803640489989622,156.99880383713082,0,13,0.6102070341943735,5.827568712085586,5.827568712085586,False,inf,0.0,True,0.32083744318121316,
home,medio,104,uniforme,0.09143045920496401,0.8906754084712248,0.8906754084712248,1.0,17,17,165.86710000410676,0.025,0,teselado,WDT,491.96360001224093,11,0.49510000098962337,21.55730000231415,7.117599991033785,450.9591999958502,0.24339999072253704,,5.6761000014375895,True,491.96360001224093,True,7.747361797919297,1.3519047513605558,0.30314847228938674,0.6837156966560904,306.3654126837177,0,22,0.4456836382888363,7.747361797919297,7.747361797919297,False,inf,0.0,True,0.35592677556521,3.7460000021383166
home,medio,104,uniforme,0.09143045920496401,0.8906754084712248,0.8906754084712248,1.0,17,17,165.86710000410676,0.025,1,teselado,WDT,328.8911000126973,11,0.45789999421685934,18.969600001582876,5.966099997749552,291.89549999136943,0.2511999919079244,,4.349700000602752,True,328.8911000126973,True,7.514896283484152,1.21530915359444,0.27703794313692404,0.6844764651929293,295.8884700020606,0,20,0.551367814047858,7.514896283484152,7.514896283484152,False,inf,0.0,True,0.33135951833985283,5.400900001404807
home,medio,104,uniforme,0.09143045920496401,0.8906754084712248,0.8906754084712248,1.0,17,17,165.86710000410676,0.025,1,tve,TVE (proposed),39.836799987824634,31,0.4540000081760809,12.661099986871704,17.75840000482276,1.5392999921459705,0.264599992078729,5.989500001305714,0.3575000009732321,True,39.836799987824634,True,6.261287633749532,1.0125755416354876,0.2833765826485604,0.46444931030042735,123.52312544935683,0,10,0.5726426061064375,6.261287633749532,6.261287633749532,False,inf,0.0,True,0.3389237195609132,
home,medio,104,uniforme,0.09143045920496401,0.8906754084712248,0.8906754084712248,1.0,17,17,165.86710000410676,0.025,2,tve,TVE (proposed),45.95339999650605,32,0.7653999928152189,14.834699992206879,18.313200009288266,1.2048000062350184,0.12840000272262841,9.926600003382191,0.29399999766610563,True,45.95339999650605,True,7.4983186900991585,1.0062814514150462,0.28460999020471467,0.7324022295154302,91.36793640581516,0,6,0.4375000447540016,7.4983186900991585,7.4983186900991585,False,inf,0.0,True,0.3454737206117648,
home,medio,104,uniforme,0.09143045920496401,0.8906754084712248,0.8906754084712248,1.0,17,17,165.86710000410676,0.025,2,teselado,WDT,330.53380000637844,12,0.4616000078385696,19.196900000679307,5.990299992845394,296.1984000139637,0.4490999999688938,,3.30989999929443,True,330.53380000637844,True,7.804688866449695,1.0473966184904835,0.28833421611177384,0.8354288181827108,102.85707659286435,0,11,0.7275363432820936,7.804688866449695,7.804688866449695,False,inf,0.0,True,0.33988974149523943,3.375700005562976
home,medio,105,concreto,0.06663556103896867,0.7980989989898062,0.7980989989898062,1.0,19,19,159.0765000000829,0.025,0,tve,TVE (proposed),33.16010000708047,25,0.45510000200010836,13.346799983992241,16.671100005623884,1.0286999895470217,0.1373999984934926,0.7688000041525811,0.06410000787582248,True,33.16010000708047,True,5.758146403140511,1.0,0.4,1.3035557915021214,0.0,0,2,16777216.0,5.758146403140511,5.758146403140511,True,5.758146403140511,0.0,True,0.4,
home,medio,105,concreto,0.06663556103896867,0.7980989989898062,0.7980989989898062,1.0,19,19,159.0765000000829,0.025,0,teselado,WDT,602.3140000033891,4,0.48129999777302146,16.86610000615474,5.25589998869691,577.2833999944851,0.1205000007757917,,0.30610000248998404,True,602.3140000033891,True,5.758146403140511,1.0,0.4,1.3035596739917141,0.0,0,2,16777216.0,5.758146403140511,5.758146403140511,True,5.758146403140511,0.0,True,0.4,0.38570001197513193
home,medio,105,concreto,0.06663556103896867,0.7980989989898062,0.7980989989898062,1.0,19,19,159.0765000000829,0.025,1,teselado,WDT,34.08159999526106,6,0.46239999937824905,16.437499987659976,5.305300001055002,0.7264000014401972,0.1677000109339133,,3.9246999949682504,True,34.08159999526106,True,7.288182107352734,1.02719002878597,0.325,0.6913634031268554,67.52277239133073,0,10,2.1652365174330406,7.288182107352734,7.288182107352734,True,7.288182107352734,0.0,True,0.4,4.582600013236515
home,medio,105,concreto,0.06663556103896867,0.7980989989898062,0.7980989989898062,1.0,19,19,159.0765000000829,0.025,1,tve,TVE (proposed),43.720500005292706,24,0.7001999911153689,16.02970002568327,19.158899973263033,1.0734000097727403,0.20029999723192304,5.621099990094081,0.19309998606331646,True,43.720500005292706,True,7.1070826897929935,1.0016660348467077,0.26150834517278454,0.6101656823106444,43.45891070091071,0,6,0.8000728171847036,7.1070826897929935,7.1070826897929935,True,7.1070826897929935,0.0,True,0.34156346641635166,
home,medio,105,concreto,0.06663556103896867,0.7980989989898062,0.7980989989898062,1.0,19,19,159.0765000000829,0.025,2,tve,TVE (proposed),41.7200999945635,27,0.48719999904278666,17.58489999338053,18.55710000381805,1.57789999502711,0.17329999536741525,2.7070000069215894,0.2830000012181699,True,41.7200999945635,True,6.9199229989872,1.004958767489906,0.27202448589642664,0.6488472777791701,57.510237666255655,0,6,0.6604506095960332,6.9199229989872,6.9199229989872,False,inf,0.0,True,0.35556689889450693,
home,medio,105,concreto,0.06663556103896867,0.7980989989898062,0.7980989989898062,1.0,19,19,159.0765000000829,0.025,2,teselado,WDT,28.963399992790073,6,0.4565999988699332,15.983199991751462,4.898800005321391,0.7730999932391569,0.14179998834151775,,2.4564000050304458,True,28.963399992790073,True,6.92011582454785,1.0049867709428058,0.26308772000652486,0.6559314476366542,53.68242441754137,0,6,0.5736662667278015,6.92011582454785,6.92011582454785,False,inf,0.0,True,0.34607951520485725,2.1778999944217503
home,medio,102,concreto,0.0726857970984824,0.8421464177499756,0.8421464177499756,1.0,18,18,146.61009999690577,0.025,0,tve,TVE (proposed),48.37309999857098,33,0.46109998947940767,12.94169999891892,17.532500001834705,1.248400003532879,0.12399999832268804,14.80710000032559,0.7740000000922009,True,48.37309999857098,True,14.229360625700366,1.0119502909599312,0.27029750176388706,0.6440744512971168,247.36934350465165,0,15,0.3665366679137505,14.229360625700366,14.229360625700366,False,inf,0.0,True,0.3425407940072148,
home,medio,102,concreto,0.0726857970984824,0.8421464177499756,0.8421464177499756,1.0,18,18,146.61009999690577,0.025,0,teselado,WDT,390.4554999899119,10,0.44979999074712396,17.4200000037672,5.6687000032979995,336.01899999484885,0.42039999971166253,,11.71269999758806,True,390.4554999899119,True,15.28893004077992,1.0873037524461335,0.240625,0.7418152661648527,270.3236789773916,2,17,0.34751488359281196,15.28893004077992,15.28893004077992,False,inf,0.375,True,0.240625,16.75480000267271
home,medio,102,concreto,0.0726857970984824,0.8421464177499756,0.8421464177499756,1.0,18,18,146.61009999690577,0.025,1,teselado,WDT,28.137899993453175,8,0.4938000056426972,18.15169998735655,5.644900011247955,0.8702000050107017,0.18060000729747117,,0.2423999976599589,True,28.137899993453175,True,5.095157014263643,1.0,0.4329818434047959,1.0226555462230156,0.0,0,2,11863283.203031445,5.095157014263643,5.095157014263643,True,5.095157014263643,0.0,True,0.5263410035301671,0.9871999936876819
home,medio,102,concreto,0.0726857970984824,0.8421464177499756,0.8421464177499756,1.0,18,18,146.61009999690577,0.025,1,tve,TVE (proposed),42.50250000040978,34,0.701400000252761,12.993500000447966,23.310300006414764,1.1974000080954283,0.13130001025274396,3.247499989811331,0.06969999230932444,True,42.50250000040978,True,5.095157014263643,1.0,0.4329818434047959,1.0226555462230156,0.0,0,2,11863283.203031445,5.095157014263643,5.095157014263643,True,5.095157014263643,0.0,True,0.5263410035301654,
home,medio,102,concreto,0.0726857970984824,0.8421464177499756,0.8421464177499756,1.0,18,18,146.61009999690577,0.025,2,tve,TVE (proposed),61.07470000279136,29,0.46969999675638974,16.128000017488375,21.959999983664602,2.1963000035611913,0.1581999968038872,18.338499998208135,1.2540000025182962,True,61.07470000279136,True,12.398143545850807,1.0201839386381477,0.25,0.40192326762986047,338.48232980159236,1,17,0.28719477260864673,12.398143545850807,12.398143545850807,False,inf,0.0,True,0.325,
home,medio,102,concreto,0.0726857970984824,0.8421464177499756,0.8421464177499756,1.0,18,18,146.61009999690577,0.025,2,teselado,WDT,415.30509998847265,10,0.447900005383417,20.760500003234483,5.761099993833341,356.8074000068009,0.5594999965978786,,7.5170000054640695,True,415.30509998847265,True,13.047364861181956,1.0736052557952658,0.23523127541299005,0.5012230926580638,300.3045599070423,1,22,0.30645615685920735,13.047364861181956,13.047364861181956,False,inf,0.013013676516598238,True,0.24967465808708506,21.51669999875594
home,dificil,100,concreto,0.19008261316450292,0.6941004506882131,0.6980400163331972,0.9919345479865382,17,17,161.6546000004746,0.025,0,tve,TVE (proposed),17.204099989612587,13,0.4575000057229772,6.29309999931138,6.313399993814528,1.0057999897981063,0.1432999997632578,2.4006000021472573,0.3684999974211678,True,17.204099989612587,True,7.609921107047331,1.0084080852842672,0.2771395717662431,0.6999901711195674,79.12796068697747,0,7,0.8209922253882186,7.609921107047331,7.609921107047331,True,7.609921107047331,0.0,True,0.3751110026528775,
home,dificil,100,concreto,0.19008261316450292,0.6941004506882131,0.6980400163331972,0.9919345479865382,17,17,161.6546000004746,0.025,0,teselado,WDT,31.65199999057222,8,0.4489999992074445,17.326700006378815,5.679399997461587,0.9251000010408461,0.17260000458918512,,2.7504000026965514,True,31.65199999057222,True,8.67527136031572,1.1495800887706897,0.65,0.9121938643652586,112.88253966945913,0,15,0.9072348183209421,8.67527136031572,8.67527136031572,True,8.67527136031572,0.0,True,0.65,2.605099987704307
home,dificil,100,concreto,0.19008261316450292,0.6941004506882131,0.6980400163331972,0.9919345479865382,17,17,161.6546000004746,0.025,1,teselado,WDT,32.35930000664666,8,0.450699997600168,17.353300005197525,5.704499999410473,0.8735000010346994,0.1799000019673258,,2.446900005452335,True,32.35930000664666,True,7.959284208151027,1.0165338489336295,0.44676393523870445,0.9103971883936905,46.70745267409398,0,11,5.870490245438776,7.959284208151027,7.959284208151027,True,7.959284208151027,0.0,True,0.539333018731884,3.73810000019148
home,dificil,100,concreto,0.19008261316450292,0.6941004506882131,0.6980400163331972,0.9919345479865382,17,17,161.6546000004746,0.025,1,tve,TVE (proposed),17.06729999568779,13,0.4262000002199784,6.020100001478568,6.3039999949978665,1.169000010122545,0.11570000788196921,2.5203999975929037,0.19410000822972506,True,17.06729999568779,True,7.855096477581717,1.003227331413019,0.3215378299512196,0.808717702818017,24.397811757447727,0,4,1.0769861840396695,7.855096477581717,7.855096477581717,True,7.855096477581717,0.0,True,0.4090179642089302,
home,dificil,100,concreto,0.19008261316450292,0.6941004506882131,0.6980400163331972,0.9919345479865382,17,17,161.6546000004746,0.025,2,tve,TVE (proposed),21.923299995251,13,0.4540000081760809,5.93379998463206,6.169000014779158,2.318400001968257,0.12200001219753176,6.188100000144914,0.3868000057991594,True,21.923299995251,True,8.334919146247584,1.006892168694609,0.26557766634528607,0.5766884097171513,101.36768464705722,0,9,0.7122682331464871,8.334919146247584,8.334919146247584,False,inf,0.0,True,0.35531213571619347,
home,dificil,100,concreto,0.19008261316450292,0.6941004506882131,0.6980400163331972,0.9919345479865382,17,17,161.6546000004746,0.025,2,teselado,WDT,53.02179999125656,8,0.43929999810643494,17.470900012995116,5.637599999317899,13.3819000038784,0.18760000239126384,,7.268099987413734,True,53.02179999125656,True,10.390458819738322,1.2552097304325283,0.23099620445289856,0.5093594200052601,410.36004670431885,1,27,0.2557792726839546,10.390458819738322,10.390458819738322,False,inf,0.0,True,0.25023013935158284,6.7745999986073
home,dificil,105,madera,0.12806567910306196,0.7393967754285957,0.7393967754285957,1.0,19,19,150.4683999955887,0.025,0,tve,TVE (proposed),33.97499999846332,24,0.4954000032739714,13.056099996902049,16.04560000123456,1.142599998274818,0.16910000704228878,2.434300011373125,0.3487999929348007,True,33.97499999846332,True,7.273886805307751,1.0073710055226606,0.27657104759445844,0.6466764187932077,96.47081720639812,0,8,0.7742371138512083,7.273886805307751,7.273886805307751,False,inf,0.0,True,0.3247808579574734,
home,dificil,105,madera,0.12806567910306196,0.7393967754285957,0.7393967754285957,1.0,19,19,150.4683999955887,0.025,0,teselado,WDT,32.359200005885214,6,0.46949999523349106,16.76640000368934,4.92629999644123,0.6902000022819266,0.16500000492669642,,4.06479999946896,True,32.359200005885214,True,7.748062670965438,1.0730403005457292,0.2517056930799159,0.419144113189496,115.74163594789995,0,13,0.5690673449635526,7.748062670965438,7.748062670965438,False,inf,0.0,True,0.2517056930799159,3.6053999938303605
home,dificil,105,madera,0.12806567910306196,0.7393967754285957,0.7393967754285957,1.0,19,19,150.4683999955887,0.025,1,teselado,WDT,36.75749999820255,6,0.7523000094806775,19.4504999963101,5.891499997233041,1.1843000102089718,0.2717000024858862,,3.7423999892780557,True,36.75749999820255,True,5.772299498501258,1.089644893606274,0.28484497070312503,0.5013191499517391,81.64703919601486,0,11,1.885226403456783,5.772299498501258,5.772299498501258,True,5.772299498501258,0.0,True,0.30000000000000004,3.2036000047810376
home,dificil,105,madera,0.12806567910306196,0.7393967754285957,0.7393967754285957,1.0,19,19,150.4683999955887,0.025,1,tve,TVE (proposed),39.34670001035556,20,0.679599994327873,15.720700001111254,17.692100009298883,1.0603999980958179,0.15920000441838056,3.28619999345392,0.2953999937744811,True,39.34670001035556,True,5.324437398693746,1.0051013507388693,0.28484497070312503,0.5049558553867384,35.879264015923155,0,5,0.8328384427021076,5.324437398693746,5.324437398693746,True,5.324437398693746,0.0,True,0.30000000000000004,
home,dificil,105,madera,0.12806567910306196,0.7393967754285957,0.7393967754285957,1.0,19,19,150.4683999955887,0.025,2,tve,TVE (proposed),35.99759998905938,23,0.47959999938029796,12.770099987392314,17.45280002069194,1.1028000008082017,0.17250000382773578,3.425300004892051,0.18200000340584666,True,35.99759998905938,True,5.649848949521054,1.0041273615868873,0.29379375847637185,0.6621111988398072,31.155615952714548,0,5,0.9952471489415177,5.649848949521054,5.649848949521054,True,5.649848949521054,0.0,True,0.45856121453105936,
home,dificil,105,madera,0.12806567910306196,0.7393967754285957,0.7393967754285957,1.0,19,19,150.4683999955887,0.025,2,teselado,WDT,32.38289999717381,6,0.4298999992897734,18.04009999614209,5.012599998735823,0.7785000052535906,0.16310000501107424,,2.1320000087143853,True,32.38289999717381,True,5.749522323732092,1.021841952394749,0.39391328945299486,0.6801568231407339,43.75163398548747,0,7,3.131101474020298,5.749522323732092,5.749522323732092,True,5.749522323732092,0.0,True,0.5019897403527395,4.265099996700883
home,dificil,103,baldosa,0.12235446441584308,0.6770377733598409,0.7915165601394538,0.8239777401403339,14,15,181.2699000001885,0.025,0,tve,TVE (proposed),48.51220001000911,30,0.458399998024106,15.411000000312924,24.383900003158487,1.4787999971304089,0.15839999832678586,5.713700011256151,0.20470000163186342,True,48.51220001000911,True,6.6734419020056865,1.0014363749362354,0.30000000000000004,0.9022628368425343,8.56699415503336,0,3,2.104285938836815,6.6734419020056865,6.6734419020056865,True,6.6734419020056865,0.0,True,0.375,
home,dificil,103,baldosa,0.12235446441584308,0.6770377733598409,0.7915165601394538,0.8239777401403339,14,15,181.2699000001885,0.025,0,teselado,WDT,233.3109000028344,12,0.48299999616574496,18.788700006552972,6.077800004277378,200.810399997863,0.30810000316705555,,2.3184999881777912,True,233.3109000028344,True,6.676775885877328,1.0019366823895015,0.29647433734944595,0.9203151451114672,11.597632731906355,0,5,8.033430616938684,6.676775885877328,6.676775885877328,True,6.676775885877328,0.0,True,0.34647433734944594,2.886899994337
home,dificil,103,baldosa,0.12235446441584308,0.6770377733598409,0.7915165601394538,0.8239777401403339,14,15,181.2699000001885,0.025,1,teselado,WDT,89.96010001283139,10,0.4582000110531226,19.284299996797927,5.812899995362386,45.40050000650808,0.26339999749325216,,8.209299994632602,True,89.96010001283139,True,7.213884289815731,1.0735283858035407,0.23343581990869122,0.5818615822512262,209.63902801566587,0,13,0.18636359315104442,7.213884289815731,8.067886621499168,False,inf,0.0,True,0.30000000000000004,8.923700006562285
home,dificil,103,baldosa,0.12235446441584308,0.6770377733598409,0.7915165601394538,0.8239777401403339,14,15,181.2699000001885,0.025,1,tve,TVE (proposed),41.216800003894605,28,0.44380000326782465,12.050499994074926,18.909300008090213,1.5660000062780455,0.42499999108258635,6.151299996417947,0.9193000005325302,True,41.216800003894605,True,6.772476526950662,1.007840644759694,0.24498196812544376,0.5667444818809501,80.84697825971244,0,8,0.5320636640692882,6.772476526950662,6.772476526950662,False,inf,0.0,True,0.28808797568905936,
home,dificil,103,baldosa,0.12235446441584308,0.6770377733598409,0.7915165601394538,0.8239777401403339,14,15,181.2699000001885,0.025,2,tve,TVE (proposed),37.11230000772048,29,0.4828999954042956,12.628900003619492,17.589900002349168,1.2344999995548278,0.25549999554641545,4.019699990749359,0.21479999122675508,True,37.11230000772048,True,7.847613433554168,1.0023008453765052,0.320641658661145,0.7305491649501455,14.67521244398745,0,3,1.227350101027547,7.847613433554168,7.847613433554168,True,7.847613433554168,0.0,True,0.5058095548389531,
home,dificil,103,baldosa,0.12235446441584308,0.6770377733598409,0.7915165601394538,0.8239777401403339,14,15,181.2699000001885,0.025,2,teselado,WDT,234.71650001010858,12,0.4628999886335805,18.630100006703287,6.074199991417117,199.78039999841712,0.3479000006336719,,3.531399997882545,True,234.71650001010858,True,8.344664041762359,1.0657843807239318,0.40681050141021075,0.9218323151722374,107.17678141630272,0,14,1.1189706761938467,8.344664041762359,8.344664041762359,True,8.344664041762359,0.0,True,0.5896574947564721,4.196399997454137
home,dificil,101,alfombra,0.13960373806499865,0.7760173967070518,0.776086281123785,0.9998856358645929,19,19,162.6583000033861,0.025,0,tve,TVE (proposed),35.700799999176525,20,0.4602000117301941,13.668299987330101,16.627500008326024,0.9489000076428056,0.1357000001007691,2.8697000088868663,0.25009999808389693,True,35.700799999176525,True,5.364902101442702,1.0086066008228347,0.2849483683489325,0.4646448347558356,47.57588894807343,0,6,0.9104006057082247,5.364902101442702,5.364902101442702,True,5.364902101442702,0.0,True,0.42234435025151823,
home,dificil,101,alfombra,0.13960373806499865,0.7760173967070518,0.776086281123785,0.9998856358645929,19,19,162.6583000033861,0.025,0,teselado,WDT,199.56000000820495,9,0.5000000091968104,17.213300001458265,5.33519999589771,169.1902000020491,0.2199000009568408,,2.26390000898391,True,199.56000000820495,True,5.861536269186932,1.1019742877460097,0.4993374453568077,0.72292363613969,90.71712674813051,0,12,1.7852824667899327,5.861536269186932,5.861536269186932,True,5.861536269186932,0.0,True,0.6148838265531793,3.1048000091686845
home,dificil,101,alfombra,0.13960373806499865,0.7760173967070518,0.776086281123785,0.9998856358645929,19,19,162.6583000033861,0.025,1,teselado,WDT,360.0773000071058,10,0.5149999924469739,16.915800006245263,5.164500005776063,325.417700005346,0.30420000257436186,,3.786799992667511,True,360.0773000071058,True,11.00797316529554,1.0652875011988354,0.2970239133129681,0.7161643017305702,122.5580739327914,0,11,0.8002804170996294,11.00797316529554,11.00797316529554,True,11.00797316529554,0.0,True,0.3007153816256165,6.205600002431311
home,dificil,101,alfombra,0.13960373806499865,0.7760173967070518,0.776086281123785,0.9998856358645929,19,19,162.6583000033861,0.025,1,tve,TVE (proposed),45.753500002319925,26,0.43730001198127866,13.054700000793673,18.821999998181127,1.782100007403642,0.12900000729132444,10.19800000358373,0.48129999777302146,True,45.753500002319925,True,10.420987938363915,1.0084824912075312,0.27879031834351925,0.6115830855714303,117.99117718958898,0,9,0.7601667469570461,10.420987938363915,10.420987938363915,False,inf,0.0,True,0.30292766994986825,
home,dificil,101,alfombra,0.13960373806499865,0.7760173967070518,0.776086281123785,0.9998856358645929,19,19,162.6583000033861,0.025,2,tve,TVE (proposed),37.35980000055861,22,0.6012999947415665,13.409800012595952,16.874900000402704,1.4565000019501895,0.17010000010486692,3.7346000026445836,0.3625000099418685,True,37.35980000055861,True,8.292763889120678,1.0083572812423143,0.2965767679519507,0.5542192805233753,73.99154690969802,0,8,0.8870299217986907,8.292763889120678,8.292763889120678,True,8.292763889120678,0.0,True,0.3331824060536728,
home,dificil,101,alfombra,0.13960373806499865,0.7760173967070518,0.776086281123785,0.9998856358645929,19,19,162.6583000033861,0.025,2,teselado,WDT,386.4309999917168,10,0.80080000043381,19.319599989103153,5.5958000011742115,348.03729999111965,0.3480000013951212,,4.502399999182671,True,386.4309999917168,True,8.709670769603381,1.0590510058141984,0.32947567512606785,0.618269951975568,84.50208506681147,0,11,1.118775128316053,8.709670769603381,8.709670769603381,True,8.709670769603381,0.0,True,0.42869792743730817,5.852699992829002
home,dificil,104,madera,0.10337130278061857,0.8109247678605268,0.8109247678605268,1.0,17,17,162.11160000239033,0.025,0,tve,TVE (proposed),44.99569999461528,34,0.4521000082604587,12.83900001726579,18.79139998345636,1.595399997313507,0.15890000213403255,9.710300000733696,0.5550000059884042,True,44.99569999461528,True,10.335885822125299,1.0086595137569396,0.257885930978394,0.4558491815594155,180.6986281939691,0,14,0.7997210501515434,10.335885822125299,10.335885822125299,True,10.335885822125299,0.0,True,0.34249740729029465,
home,dificil,104,madera,0.10337130278061857,0.8109247678605268,0.8109247678605268,1.0,17,17,162.11160000239033,0.025,0,teselado,WDT,528.6502999952063,10,0.5016000068280846,20.274299997254275,5.961100003332831,483.51020000700373,0.42350000876467675,,8.583600007114,True,528.6502999952063,True,11.654224916561205,1.1373137280976178,0.25828338306966236,0.5490721514083019,375.2693521403284,0,26,0.3338210562633765,11.654224916561205,11.654224916561205,False,inf,0.0,True,0.33058562953557297,7.626799997524358
home,dificil,104,madera,0.10337130278061857,0.8109247678605268,0.8109247678605268,1.0,17,17,162.11160000239033,0.025,1,teselado,WDT,57.867800001986325,8,0.7059000054141507,24.71739999600686,8.926700000301935,1.4257000002544373,0.30720001086592674,,8.233199987444095,True,57.867800001986325,True,10.493706079533315,1.0590380097845309,0.27486380507438934,0.4310922069261561,243.99874575955334,0,21,0.5524710033325796,10.493706079533315,10.493706079533315,False,inf,0.0,True,0.279533174014815,11.575900003663264
home,dificil,104,madera,0.10337130278061857,0.8109247678605268,0.8109247678605268,1.0,17,17,162.11160000239033,0.025,1,tve,TVE (proposed),55.61640000087209,32,0.4774999979417771,13.87139999133069,20.417600011569448,2.5406999920960516,0.33739999344106764,16.1043999978574,1.279799995245412,True,55.61640000087209,True,10.034418790965535,1.0126861592259544,0.26474247411515883,0.39875885846842596,153.82990354152912,0,12,0.317838099634123,10.034418790965535,10.034418790965535,False,inf,0.0,True,0.29618970147033846,
home,dificil,104,madera,0.10337130278061857,0.8109247678605268,0.8109247678605268,1.0,17,17,162.11160000239033,0.025,2,tve,TVE (proposed),61.98490000679158,27,0.8106000022962689,19.20470001641661,23.822199989808723,3.6244999937480316,0.41870000131893903,11.331200003041886,1.576000009663403,True,61.98490000679158,True,8.236450279976376,1.0108064395990888,0.25,0.4791633088137059,113.79483986423917,0,10,0.6292024410045215,8.236450279976376,8.236450279976376,False,inf,0.0,True,0.3632773634045239,
home,dificil,104,madera,0.10337130278061857,0.8109247678605268,0.8109247678605268,1.0,17,17,162.11160000239033,0.025,2,teselado,WDT,379.44050000805873,9,0.7373000116785988,19.670099994982593,5.733400001190603,339.28330001072027,0.3524000057950616,,5.139200002304278,True,379.44050000805873,True,8.794829971579743,1.0793327790813028,0.24359991694095556,0.5700515585005749,156.3940353730738,0,16,0.7844010846958611,8.794829971579743,8.794829971579743,True,8.794829971579743,0.0,True,0.3185999169409556,6.946200010133907
home,dificil,102,alfombra,0.15138842820693638,0.7797637902167519,0.7797637902167519,1.0,18,18,174.13780000060797,0.025,0,tve,TVE (proposed),50.50449998816475,38,0.45369999133981764,13.022899991483428,17.18880001862999,1.5959000011207536,0.19099999917671084,16.72559999860823,0.749099999666214,True,50.50449998816475,True,12.918620513387408,1.012933019924493,0.26903650820155084,0.5265334841239216,255.9004531471253,0,17,0.47869153838245354,12.918620513387408,12.918620513387408,False,inf,0.0,True,0.30235469124117054,
home,dificil,102,alfombra,0.15138842820693638,0.7797637902167519,0.7797637902167519,1.0,18,18,174.13780000060797,0.025,0,teselado,WDT,409.2367999983253,10,0.44350000098347664,21.184400000493042,8.450299996184185,352.2116999956779,0.3077000001212582,,8.39329999871552,True,409.2367999983253,True,13.673361316065979,1.0721113106502866,0.2326705213926891,0.6217999702094396,286.3627920412984,1,18,0.5412236827723856,13.673361316065979,13.673361316065979,False,inf,0.010475966284909433,True,0.2497381008428773,15.5908000015188
home,dificil,102,alfombra,0.15138842820693638,0.7797637902167519,0.7797637902167519,1.0,18,18,174.13780000060797,0.025,1,teselado,WDT,237.37940000137314,10,0.4735999973490834,17.626700006076135,6.125999992946163,194.00269999459852,0.3443000023253262,,9.554099990054965,True,237.37940000137314,True,11.104095916139968,1.061697080411541,0.2432403430513778,0.5973748545486164,276.27683620761417,0,18,0.344518596897481,11.104095916139968,11.104095916139968,False,inf,0.0,True,0.29992246627807617,7.260400001541711
home,dificil,102,alfombra,0.15138842820693638,0.7797637902167519,0.7797637902167519,1.0,18,18,174.13780000060797,0.025,1,tve,TVE (proposed),50.18789999303408,32,0.45089999912306666,13.249699986772612,22.927300014998764,1.2559000024339184,0.501199989230372,9.865100000752136,0.9766000002855435,True,50.18789999303408,True,10.584236426521716,1.011991700836272,0.24499998092651368,0.5619250767015799,229.39272038206187,0,15,0.49329138635280156,10.584236426521716,10.584236426521716,False,inf,0.0,True,0.29992246627807617,
home,dificil,102,alfombra,0.15138842820693638,0.7797637902167519,0.7797637902167519,1.0,18,18,174.13780000060797,0.025,2,tve,TVE (proposed),39.49859998829197,35,0.4695999959949404,13.744299998506904,17.61100000294391,1.3928000116720796,0.3080000024056062,5.219200000283308,0.26590000197757035,True,39.49859998829197,True,5.365334596550884,1.0103539268897581,0.27450812203543506,0.5006503012473069,72.10389255457376,0,6,0.6243541305384855,5.365334596550884,5.365334596550884,False,inf,0.0,True,0.3191269398307909,
home,dificil,102,alfombra,0.15138842820693638,0.7797637902167519,0.7797637902167519,1.0,18,18,174.13780000060797,0.025,2,teselado,WDT,33.114799996837974,8,0.43569999979808927,18.357599998125806,5.440699998871423,0.8565000025555491,0.17100000695791095,,3.06099999579601,True,33.114799996837974,True,6.111042398847878,1.150779242926421,0.30000000000000004,0.6191182787753674,173.23060769563435,0,14,0.4890935502518211,6.111042398847878,6.111042398847878,False,inf,0.0,True,0.35000000000000003,2.819500004989095
workshop,facil,100,alfombra,0.0,0.9092990489609017,0.9092990489609017,1.0,15,15,159.9841999995988,0.03,0,tve,TVE (proposed),21.667499997420236,28,0.38899999344721437,6.010900004184805,7.372000007308088,1.632900006370619,0.12830000196117908,5.627400008961558,0.25769999774638563,True,21.667499997420236,True,6.7934158595034075,1.0095204719018365,0.3454608307924664,0.6803949663070817,48.32182453499799,0,6,0.8947953742831919,6.7934158595034075,6.7934158595034075,True,6.7934158595034075,0.0,True,0.40392184901231304,
workshop,facil,100,alfombra,0.0,0.9092990489609017,0.9092990489609017,1.0,15,15,159.9841999995988,0.03,0,teselado,WDT,40.56439999840222,16,0.4245000018272549,22.9754000029061,6.495199995697476,1.3116000045556575,0.6824000010965392,,3.043199991225265,True,40.56439999840222,True,7.856191190362617,1.1674518389377193,0.31144910929269887,0.6270456547766715,66.00387572191737,0,7,0.8553559222642704,7.856191190362617,7.856191190362617,True,7.856191190362617,0.0,True,0.37735609171457385,3.8952000031713396
workshop,facil,100,alfombra,0.0,0.9092990489609017,0.9092990489609017,1.0,15,15,159.9841999995988,0.03,1,teselado,WDT,37.41850001097191,16,0.3727000002982095,23.192099994048476,6.2796999991405755,1.0892999998759478,0.37760000850539654,,2.1409000037238,True,37.41850001097191,True,5.614207165444446,1.005492323688049,0.32297731116203093,1.0497739126280736,18.960572318795055,0,4,1.9136864284274795,5.614207165444446,5.614207165444446,True,5.614207165444446,0.0,True,0.3989967065635763,2.3677999997744337
workshop,facil,100,alfombra,0.0,0.9092990489609017,0.9092990489609017,1.0,15,15,159.9841999995988,0.03,1,tve,TVE (proposed),17.750800005160272,27,0.38130000757519156,5.492299984325655,7.0992000109981745,1.3590000016847625,0.10639999527484179,2.8227000002516434,0.1581999968038872,True,17.750800005160272,True,5.591688888915825,1.001459349213652,0.3522723545511004,1.0686788798727165,6.722604436463253,0,3,2.966923986660805,5.591688888915825,5.591688888915825,True,5.591688888915825,0.0,True,0.4317533157543914,
workshop,facil,100,alfombra,0.0,0.9092990489609017,0.9092990489609017,1.0,15,15,159.9841999995988,0.03,2,tve,TVE (proposed),23.550500001874752,25,0.4351999959908426,5.674200001521967,7.242799998493865,2.056600002106279,0.2099999983329326,7.4724000005517155,0.11760000779759139,True,23.550500001874752,True,10.33189721203226,1.0,0.4021958032860779,1.4649296861991625,0.0,0,2,inf,10.33189721203226,10.33189721203226,True,10.33189721203226,0.0,True,0.4653880625919959,
workshop,facil,100,alfombra,0.0,0.9092990489609017,0.9092990489609017,1.0,15,15,159.9841999995988,0.03,2,teselado,WDT,38.86670000792947,16,0.599899998633191,24.986800010083243,6.845099997008219,1.2026000040350482,0.40979999175760895,,0.32040000951383263,True,38.86670000792947,True,10.33189721203226,1.0,0.40225924744272423,1.4649286266095114,0.0,0,2,8388608.0,10.33189721203226,10.33189721203226,True,10.33189721203226,0.0,True,0.4653710174560545,2.9073999903630465
workshop,facil,101,alfombra,0.0,0.8493649980067202,0.8493649980067202,1.0,18,18,159.5892999903299,0.03,0,tve,TVE (proposed),19.735399997443892,25,0.38740001036785543,6.0255000134930015,6.799199982197024,1.2190999987069517,0.17179999849759042,4.5762999943690374,0.2815000043483451,True,19.735399997443892,True,9.298310720972955,1.0131607276564423,0.3089415361444549,0.8518182088165697,76.05325500191358,0,7,0.8071843291514939,9.298310720972955,9.298310720972955,True,9.298310720972955,0.0,True,0.36834488738034904,
workshop,facil,101,alfombra,0.0,0.8493649980067202,0.8493649980067202,1.0,18,18,159.5892999903299,0.03,0,teselado,WDT,39.73599999153521,14,0.38330000825226307,22.12929999222979,6.134800001746044,1.3373999972827733,0.26810000417754054,,3.3727000118233263,True,39.73599999153521,True,9.961970573631147,1.0854743036825598,0.3855773489180433,1.1622683621898853,87.99988594583608,0,14,2.505086042064009,9.961970573631147,9.961970573631147,True,9.961970573631147,0.0,True,0.4666477432962534,3.9591000095242634
workshop,facil,101,alfombra,0.0,0.8493649980067202,0.8493649980067202,1.0,18,18,159.5892999903299,0.03,1,teselado,WDT,37.91300000739284,14,0.38070000300649554,21.503500000108033,6.116200005635619,1.1732000129995868,0.5623000033665448,,2.4990000092657283,True,37.91300000739284,True,8.574853799010153,1.0200137306076498,0.3713683848061356,1.0672078509034366,30.228039515707607,0,7,6.4092532791891434,8.574853799010153,8.574853799010153,True,8.574853799010153,0.0,True,0.4361532774342334,3.9588000072399154
workshop,facil,101,alfombra,0.0,0.8493649980067202,0.8493649980067202,1.0,18,18,159.5892999903299,0.03,1,tve,TVE (proposed),18.15030000580009,21,0.37799999699927866,5.835400006617419,6.739000004017726,1.0110000002896413,0.09610000415705144,3.514500000164844,0.18190000264439732,True,18.15030000580009,True,8.428024278932991,1.0025477620853027,0.32862851586982655,1.1419835533695148,18.9287197819616,0,4,1.0372772201246792,8.428024278932991,8.428024278932991,True,8.428024278932991,0.0,True,0.4143882977864687,
workshop,facil,101,alfombra,0.0,0.8493649980067202,0.8493649980067202,1.0,18,18,159.5892999903299,0.03,2,tve,TVE (proposed),24.6396000002278,21,0.40530000114813447,5.837599994265474,6.740900003933348,1.598499991814606,0.09879999561235309,9.372400003485382,0.28569999267347157,True,24.6396000002278,True,9.972178509069476,1.0365095443850474,0.275906982421875,1.0145855981637821,115.59912339175789,0,6,0.34290604006758213,9.972178509069476,9.972178509069476,False,inf,0.0,True,0.3599069595336914,
workshop,facil,101,alfombra,0.0,0.8493649980067202,0.8493649980067202,1.0,18,18,159.5892999903299,0.03,2,teselado,WDT,45.35510001005605,14,0.3958000015700236,25.642799999332055,6.476499998825602,1.0389999952167273,0.4714999959105626,,3.5364999930607155,True,45.35510001005605,True,10.48041734386005,1.0893359556459827,0.275906982421875,0.9966273473485503,130.4488015845808,0,9,0.4636005580295845,10.48041734386005,10.48041734386005,False,inf,0.0,True,0.3462278978073143,6.04719998955261
workshop,facil,102,uniforme,0.0,0.92939871003537,0.92939871003537,1.0,16,16,155.386800004635,0.03,0,tve,TVE (proposed),21.5885000070557,24,0.39590000233147293,6.3461000099778175,8.942099986597896,1.423100009560585,0.11560000712051988,3.8979999953880906,0.18570000247564167,True,21.5885000070557,True,9.898697747735426,1.0003242657188618,0.2821937618184484,1.0941059068477081,3.362349979952383,0,3,7.110920048309187,9.898697747735426,9.898697747735426,True,9.898697747735426,0.0,True,0.32419375037435666,
workshop,facil,102,uniforme,0.0,0.92939871003537,0.92939871003537,1.0,16,16,155.386800004635,0.03,0,teselado,WDT,39.078899993910454,15,0.43060000461991876,22.158599997055717,6.2803000037092716,1.2602999922819436,0.457499991171062,,2.6291999965906143,True,39.078899993910454,True,9.89876750431596,1.0003313150501962,0.25459468214179154,1.0875523544845875,4.6178118888424295,0,3,5.204219576718272,9.89876750431596,9.89876750431596,True,9.89876750431596,0.0,True,0.2965946706976997,4.155999995418824
workshop,facil,102,uniforme,0.0,0.92939871003537,0.92939871003537,1.0,16,16,155.386800004635,0.03,1,teselado,WDT,37.329699989641085,15,0.39539999852422625,22.111900005256757,6.418699995265342,1.260699995327741,0.3556000010576099,,2.2526999964611605,True,37.329699989641085,True,6.7951139602222135,1.01852672014644,0.3552306531924111,0.8937243068652955,31.162369064001563,0,7,4.720966094001525,6.7951139602222135,6.7951139602222135,True,6.7951139602222135,0.0,True,0.4152306531924111,2.887400012696162
workshop,facil,102,uniforme,0.0,0.92939871003537,0.92939871003537,1.0,16,16,155.386800004635,0.03,1,tve,TVE (proposed),27.351199998520315,30,0.3727000002982095,6.372100004227832,11.185599985765293,2.530300000216812,0.14709999959450215,6.222399999387562,0.18010000349022448,True,27.351199998520315,True,6.689880807271148,1.0027532130715988,0.3174159207316816,0.7316120618879314,17.65734622819675,0,3,1.061880977188865,6.689880807271148,6.689880807271148,True,6.689880807271148,0.0,True,0.37741592073168156,
workshop,facil,102,uniforme,0.0,0.92939871003537,0.92939871003537,1.0,16,16,155.386800004635,0.03,2,tve,TVE (proposed),20.69649999612011,25,0.40299999818671495,6.048800001735799,7.335600006626919,1.4733999996678904,0.14409999130293727,4.8685000074328855,0.0678999931551516,True,20.69649999612011,True,8.881722805852478,1.0,0.4397192053449091,1.1891189988292177,0.0,0,2,11863283.203031443,8.881722805852478,8.881722805852478,True,8.881722805852478,0.0,True,0.51,
workshop,facil,102,uniforme,0.0,0.92939871003537,0.92939871003537,1.0,16,16,155.386800004635,0.03,2,teselado,WDT,36.36549999646377,15,0.3966000076616183,22.492799995234236,6.531799997901544,1.116499988711439,0.5667999939760193,,0.33150000672321767,True,36.36549999646377,True,8.881722805852478,1.0,0.4393434343434336,1.1891190660149227,0.0,0,2,11863283.203031443,8.881722805852478,8.881722805852478,True,8.881722805852478,0.0,True,0.51,3.3393000048818067
workshop,facil,105,alfombra,0.0,0.8662078458362009,0.8662078458362009,1.0,16,16,158.42229999543633,0.03,0,tve,TVE (proposed),18.122600013157353,20,0.39509999623987824,5.983199996990152,6.860499997856095,1.0391000105300918,0.10119999933522195,3.3632999984547496,0.06310000026132911,True,18.122600013157353,True,7.003377756482938,1.0,0.39299864182890826,0.9151300331689245,0.0,0,2,11863283.203031443,7.003377756482938,7.003377756482938,True,7.003377756482938,0.0,True,0.4728176873688217,
workshop,facil,105,alfombra,0.0,0.8662078458362009,0.8662078458362009,1.0,16,16,158.42229999543633,0.03,0,teselado,WDT,34.00260000489652,12,0.3851000074064359,23.006799994618632,5.969200006802566,1.002899996819906,0.3335999936098233,,0.25320000713691115,True,34.00260000489652,True,7.003377756482939,1.0000000000000002,0.39368602899404653,0.9151283830247683,0.0,0,2,16777216.0,7.003377756482939,7.003377756482939,True,7.003377756482939,0.0,True,0.47279039505200454,1.5621000056853518
workshop,facil,105,alfombra,0.0,0.8662078458362009,0.8662078458362009,1.0,16,16,158.42229999543633,0.03,1,teselado,WDT,33.12990000995342,12,0.40750000334810466,21.602499997243285,6.068800008506514,1.1244999914197251,0.3004000027431175,,0.28279999969527125,True,33.12990000995342,True,8.634008339120365,1.0,0.245906982421875,1.025198181682888,0.0,0,2,inf,8.634008339120365,8.634008339120365,True,8.634008339120365,0.0,True,0.3418139934539795,1.7698000010568649
workshop,facil,105,alfombra,0.0,0.8662078458362009,0.8662078458362009,1.0,16,16,158.42229999543633,0.03,1,tve,TVE (proposed),20.732500008307397,14,0.3912999964086339,5.732199992053211,6.524800002807751,1.972900005057454,0.07749999349471182,5.219400001806207,0.45390000741463155,True,20.732500008307397,True,8.675604261926072,1.0048176838812208,0.245906982421875,1.060660925573913,36.75830565356658,0,4,0.5281686354946128,8.675604261926072,8.675604261926072,False,inf,0.0,True,0.3418139934539795,
workshop,facil,105,alfombra,0.0,0.8662078458362009,0.8662078458362009,1.0,16,16,158.42229999543633,0.03,2,tve,TVE (proposed),20.755000005010515,16,0.40499999886378646,5.914300010772422,7.592499983729795,1.6124000103445724,0.11190000805072486,4.554599989205599,0.21229998674243689,True,20.755000005010515,True,11.664415806596248,1.0011150523428225,0.3179069709777832,1.0773438208179207,8.982832911155278,0,3,2.8873309457449503,11.664415806596248,11.664415806596248,True,11.664415806596248,0.0,True,0.3779999542236328,
workshop,facil,105,alfombra,0.0,0.8662078458362009,0.8662078458362009,1.0,16,16,158.42229999543633,0.03,2,teselado,WDT,38.33389999635983,12,0.3836000105366111,21.76409999083262,5.998500011628494,1.095200001145713,0.31689999741502106,,2.766300007351674,True,38.33389999635983,True,11.659691617806256,1.0007095921306537,0.2878963599184885,1.0774143100460218,9.872813014549518,0,4,7.787594943368688,11.659691617806256,11.659691617806256,True,11.659691617806256,0.0,True,0.3779999542236328,4.3191000004298985
workshop,facil,103,uniforme,0.0,0.9398970612651503,0.9398970612651503,1.0,20,20,140.16830000036862,0.03,0,tve,TVE (proposed),23.525600001448765,26,0.6159000040497631,8.878799984813668,7.1675000071991235,1.5525000053457916,0.1083999959519133,4.576799998176284,0.2525000018067658,True,23.525600001448765,True,6.296205614931334,1.0037986897742135,0.33519021502836344,0.8631771183214361,33.427752240693806,0,5,1.0012462852870831,6.296205614931334,6.296205614931334,True,6.296205614931334,0.0,True,0.3997310002490137,
workshop,facil,103,uniforme,0.0,0.9398970612651503,0.9398970612651503,1.0,20,20,140.16830000036862,0.03,0,teselado,WDT,35.480699996696785,14,0.36869999894406646,21.138299998710863,6.159500000649132,1.1070000036852434,0.28059999749530107,,2.349400005186908,True,35.480699996696785,True,7.430920557988369,1.1847053250986215,0.695441951751709,1.5353019020419227,97.41015784819433,0,13,2.0737208738512525,7.430920557988369,7.430920557988369,True,7.430920557988369,0.0,True,0.791348934173584,2.276599989272654
workshop,facil,103,uniforme,0.0,0.9398970612651503,0.9398970612651503,1.0,20,20,140.16830000036862,0.03,1,teselado,WDT,32.60279999813065,14,0.3834999952232465,21.0922000114806,6.191499996930361,1.1590000067371875,0.3217000048607588,,0.2367999986745417,True,32.60279999813065,True,5.923081968029819,1.0,1.1012349222061792,1.9244083382361894,0.0,0,2,11863283.203031443,5.923081968029819,5.923081968029819,True,5.923081968029819,0.0,True,1.1733249173019868,1.6165999986696988
workshop,facil,103,uniforme,0.0,0.9398970612651503,0.9398970612651503,1.0,20,20,140.16830000036862,0.03,1,tve,TVE (proposed),18.0609000090044,22,0.38270000368356705,6.270699988817796,6.980100006330758,1.173900003777817,0.10449999535921961,2.8027999942423776,0.058599995099939406,True,18.0609000090044,True,5.923081968029819,1.0,1.1011517402809063,1.9244056910789296,0.0,0,2,11863283.203031443,5.923081968029819,5.923081968029819,True,5.923081968029819,0.0,True,1.1733450551154505,
workshop,facil,103,uniforme,0.0,0.9398970612651503,0.9398970612651503,1.0,20,20,140.16830000036862,0.03,2,tve,TVE (proposed),21.393600007286295,19,0.4203000135021284,5.838099983520806,6.829200006905012,1.2846000026911497,0.09760000102687627,6.166200008010492,0.3353999927639961,True,21.393600007286295,True,10.670235627498553,1.0085583906907662,0.33951347444860125,1.0223483148199972,26.491352452005277,0,4,1.2391703832322658,10.670235627498553,10.670235627498553,True,10.670235627498553,0.0,True,0.40614122259985375,
workshop,facil,103,uniforme,0.0,0.9398970612651503,0.9398970612651503,1.0,20,20,140.16830000036862,0.03,2,teselado,WDT,39.72000000067055,14,0.3786000015679747,21.63709999877028,6.32870000845287,1.2903000024380162,0.28530000417958945,,3.7651000020559877,True,39.72000000067055,True,10.828567951428417,1.0235240764911337,0.280330554223426,1.1731345414477374,122.72036300707829,0,11,0.5859276122640513,10.828567951428417,10.828567951428417,False,inf,0.0,True,0.361038753957719,4.368199995951727
workshop,facil,104,alfombra,0.0,0.8770861967406244,0.8770861967406244,1.0,16,16,141.53049999731593,0.03,0,tve,TVE (proposed),27.363400004105642,24,0.4015000013168901,8.085599998594262,11.465399991720915,1.54899999324698,0.09780000254977494,5.125900002894923,0.2872000040952116,True,27.363400004105642,True,11.366329587468744,1.0031627266903047,0.33721830099207645,0.9096419699554624,35.843521645543404,0,5,0.8524588044072071,11.366329587468744,11.366329587468744,True,11.366329587468744,0.0,True,0.40046960601345727,
workshop,facil,104,alfombra,0.0,0.8770861967406244,0.8770861967406244,1.0,16,16,141.53049999731593,0.03,0,teselado,WDT,44.631899989326485,16,0.4061999934492633,24.79670000320766,6.685300002573058,1.1430000013206154,0.4254000086802989,,5.465800000820309,True,44.631899989326485,True,11.413367235689192,1.0073141473475014,0.2552981290170488,1.0475721532843059,31.16009045442547,0,7,0.9651284760920035,11.413367235689192,11.413367235689192,True,11.413367235689192,0.0,True,0.3298088303928382,3.888899998855777
workshop,facil,104,alfombra,0.0,0.8770861967406244,0.8770861967406244,1.0,16,16,141.53049999731593,0.03,1,teselado,WDT,71.19680001051165,16,0.4067999980179593,26.690300001064315,6.378499994752929,1.8777000077534467,0.9531999967293814,,21.479999995790422,True,71.19680001051165,True,16.749085305423502,2.5342969106489908,0.25045507409195367,0.8813419499701531,436.6304812095491,0,31,0.2433560537596619,16.749085305423502,16.749085305423502,False,inf,0.0,True,0.3312730941890955,11.287300003459677
workshop,facil,104,alfombra,0.0,0.8770861967406244,0.8770861967406244,1.0,16,16,141.53049999731593,0.03,1,tve,TVE (proposed),21.141700010048226,27,0.3826000029221177,5.799300008220598,8.820499991998076,1.5731000021332875,0.14180000289343297,3.8451000000350177,0.17610000213608146,True,21.141700010048226,True,6.634712035907062,1.003895431244852,0.33417550324733974,0.7483647072858796,26.774793177093358,0,3,0.8513791874515599,6.634712035907062,6.634712035907062,True,6.634712035907062,0.0,True,0.40008248566921467,
workshop,facil,104,alfombra,0.0,0.8770861967406244,0.8770861967406244,1.0,16,16,141.53049999731593,0.03,2,tve,TVE (proposed),23.092699993867427,26,0.414699999964796,5.78420000965707,7.147699987399392,1.2055000115651637,0.14150000060908496,6.787000005715527,1.2021000002278015,True,23.092699993867427,True,6.188091218979599,1.0082232912343452,0.26832024276061395,0.4642486028094148,153.07912623159064,0,10,0.4802055406981241,6.188091218979599,6.188091218979599,False,inf,0.0,True,0.3367491521166207,
workshop,facil,104,alfombra,0.0,0.8770861967406244,0.8770861967406244,1.0,16,16,141.53049999731593,0.03,2,teselado,WDT,43.43930000322871,16,0.39420000393874943,22.181199994520284,6.796400004532188,1.1636999988695607,0.5815999902551994,,4.055800003698096,True,43.43930000322871,True,7.90479976819276,1.287925946274269,0.25472638755713256,0.6718723210519482,324.8124425976353,0,22,0.42309890668310557,7.90479976819276,7.90479976819276,False,inf,0.0,True,0.32801997656598225,6.078399994294159
workshop,medio,101,uniforme,0.11469986156643519,0.7790023504831549,0.7790023504831549,1.0,18,18,165.91269998752978,0.03,0,tve,TVE (proposed),22.43899999302812,25,0.4087999986950308,6.247900004382245,9.072999993804842,1.6635000065434724,0.1151999895228073,4.446000006282702,0.2506000018911436,True,22.43899999302812,True,6.941958262324024,1.0137207948592253,0.28504594941371353,1.0331117175168711,53.272989051486036,0,6,0.8952002987281468,6.941958262324024,6.941958262324024,True,6.941958262324024,0.0,True,0.3480721522364015,
workshop,medio,101,uniforme,0.11469986156643519,0.7790023504831549,0.7790023504831549,1.0,18,18,165.91269998752978,0.03,0,teselado,WDT,37.79669999494217,14,0.37620001239702106,21.358599988161586,6.520299997646362,1.1196999985259026,0.32529998861718923,,2.265100003569387,True,37.79669999494217,True,7.514291403791053,1.0972975011959758,0.55576406579183,1.1944327504460117,89.17218252064886,0,12,1.5684677502666455,7.514291403791053,7.514291403791053,True,7.514291403791053,0.0,True,0.5751602224179508,4.2901999986497685
workshop,medio,101,uniforme,0.11469986156643519,0.7790023504831549,0.7790023504831549,1.0,18,18,165.91269998752978,0.03,1,teselado,WDT,39.66149999178015,14,0.38699999277014285,22.422499998356216,6.07010000385344,1.0729999921750277,0.27879999834112823,,3.7214000039966777,True,39.66149999178015,True,11.452939948876155,1.1438877199497628,0.3672974729592959,1.1777100291407454,84.97664514262877,0,14,2.5893854903779676,11.452939948876155,11.452939948876155,True,11.452939948876155,0.0,True,0.4843210626861322,4.050299990922213
workshop,medio,101,uniforme,0.11469986156643519,0.7790023504831549,0.7790023504831549,1.0,18,18,165.91269998752978,0.03,1,tve,TVE (proposed),23.644100001547486,22,0.39770000148564577,5.570899986196309,6.805400000303052,1.1189999931957573,0.10170000314246863,8.99839999328833,0.367900007404387,True,23.644100001547486,True,10.084863902030854,1.007248097553304,0.31958895832487516,0.7566568948390391,69.69984131744212,0,6,0.6244234850380284,10.084863902030854,10.084863902030854,False,inf,0.0,True,0.3598450840071269,
workshop,medio,101,uniforme,0.11469986156643519,0.7790023504831549,0.7790023504831549,1.0,18,18,165.91269998752978,0.03,2,tve,TVE (proposed),37.69820000161417,16,0.4445999948075041,6.908700001076795,9.108099999139085,6.24489999609068,0.11280000035185367,13.76860000891611,0.7455000013578683,True,37.69820000161417,True,12.751796884381204,1.0819370038726221,0.27,0.7752877942850249,59.08252894211322,0,6,0.4625604856430943,12.751796884381204,12.751796884381204,False,inf,0.0,True,0.27,
workshop,medio,101,uniforme,0.11469986156643519,0.7790023504831549,0.7790023504831549,1.0,18,18,165.91269998752978,0.03,2,teselado,WDT,52.91340000985656,14,0.3782999992836267,25.58159999898635,9.64070000918582,4.772600004798733,0.7541999948443845,,3.7142999935895205,True,52.91340000985656,True,12.79817335328639,1.0858718546448238,0.27,0.7643176804091956,49.649182632003075,0,6,0.8807308638976047,12.79817335328639,12.79817335328639,True,12.79817335328639,0.0,True,0.27,6.048299997928552
workshop,medio,100,alfombra,0.004200529560141168,0.7788505053552572,0.7788505053552572,1.0,15,15,173.2995999918785,0.03,0,tve,TVE (proposed),23.24860000226181,32,0.6286999996518716,7.327400002395734,8.183800004189834,2.61799999861978,0.2238000015495345,3.9472000062232837,0.062099992646835744,True,23.24860000226181,True,7.26997248963158,1.0,0.2984543754068419,0.7262738715183698,0.0,0,2,11863283.203031443,7.26997248963158,7.26997248963158,True,7.26997248963158,0.0,True,0.4151007609735203,
workshop,medio,100,alfombra,0.004200529560141168,0.7788505053552572,0.7788505053552572,1.0,15,15,173.2995999918785,0.03,0,teselado,WDT,41.97649999696296,20,0.37480000173673034,25.91329999268055,8.704000007128343,1.2519000010797754,0.7140999950934201,,0.2589000068837777,True,41.97649999696296,True,7.26997248963158,1.0,0.2984239654384037,0.7262746375662836,0.0,0,2,11863283.203031443,7.26997248963158,7.26997248963158,True,7.26997248963158,0.0,True,0.41512783545034915,2.9697999998461455
workshop,medio,100,alfombra,0.004200529560141168,0.7788505053552572,0.7788505053552572,1.0,15,15,173.2995999918785,0.03,1,teselado,WDT,47.12950000248384,20,0.377499993192032,23.689400011789985,6.719499986502342,1.4119999977992848,0.3863000019919127,,4.943300009472296,True,47.12950000248384,True,10.989081238351371,1.0955815471666799,0.27487095670301465,1.018373427755194,135.70069660832064,0,14,1.1192016389665866,10.989081238351371,10.989081238351371,True,10.989081238351371,0.0,True,0.3393854515884184,7.692900006077252
workshop,medio,100,alfombra,0.004200529560141168,0.7788505053552572,0.7788505053552572,1.0,15,15,173.2995999918785,0.03,1,tve,TVE (proposed),23.97209999617189,25,0.38579999818466604,6.217000001925044,7.769200004986487,1.583100005518645,0.12579999747686088,7.210399999166839,0.3671000013127923,True,23.97209999617189,True,10.0697275072522,1.0039244776388,0.2816671176244701,0.8687376784135116,41.19708993787417,0,6,0.9713738645773036,10.0697275072522,10.0697275072522,True,10.0697275072522,0.0,True,0.34724838395318497,
workshop,medio,100,alfombra,0.004200529560141168,0.7788505053552572,0.7788505053552572,1.0,15,15,173.2995999918785,0.03,2,tve,TVE (proposed),21.161000011488795,29,0.38949999725446105,5.885599995963275,8.788000006461516,1.2504999904194847,0.11549999180715531,4.081999999471009,0.2832000027410686,True,21.161000011488795,True,7.310825508833954,1.0031193665024645,0.2984588067298014,0.7668885701626453,32.432656826685665,0,5,1.043733022201527,7.310825508833954,7.310825508833954,True,7.310825508833954,0.0,True,0.34152923164795534,
workshop,medio,100,alfombra,0.004200529560141168,0.7788505053552572,0.7788505053552572,1.0,15,15,173.2995999918785,0.03,2,teselado,WDT,43.01310000300873,20,0.37799999699927866,23.705400002654642,7.628899998962879,1.1611999943852425,0.5544000014197081,,3.911399995558895,True,43.01310000300873,True,7.294680624491221,1.0009041247169002,0.2783645713415102,0.7640552692459202,33.18912620260943,0,6,1.582171428879065,7.294680624491221,7.294680624491221,True,7.294680624491221,0.0,True,0.3103168404915297,4.073899996001273
workshop,medio,102,alfombra,0.08861753074177024,0.795122819508722,0.795122819508722,1.0,16,16,174.93970000941772,0.03,0,tve,TVE (proposed),19.581999993533827,28,0.6171999993966892,6.272600017837249,7.652999993297271,1.0503999947104603,0.14180000289343297,3.3174000127473846,0.17090000619646162,True,19.581999993533827,True,6.714117001292837,1.003321597210819,0.34282182292692115,1.3984843096836779,22.629674075603376,0,4,1.2603635974596046,6.714117001292837,6.714117001292837,True,6.714117001292837,0.0,True,0.43859312082087554,
workshop,medio,102,alfombra,0.08861753074177024,0.795122819508722,0.795122819508722,1.0,16,16,174.93970000941772,0.03,0,teselado,WDT,40.85029999259859,20,0.3778999962378293,22.21909999207128,6.626000002142973,1.2620000052265823,0.4575000057229772,,3.4156000037910417,True,40.85029999259859,True,6.800081963326542,1.016167739599344,0.4559076696164659,1.385314082482213,32.21677537231428,0,6,2.449666306359794,6.800081963326542,6.800081963326542,True,6.800081963326542,0.0,True,0.5240754899112697,4.938099998980761
workshop,medio,102,alfombra,0.08861753074177024,0.795122819508722,0.795122819508722,1.0,16,16,174.93970000941772,0.03,1,teselado,WDT,44.87410000001546,20,0.40160000207833946,22.057800000766292,10.201800003414974,1.982499990845099,1.1208999931113794,,2.596200007246807,True,44.87410000001546,True,10.173373636303594,1.01506103310194,0.4244222453546341,1.2271563963602325,31.346545151239777,0,6,2.0433498557445278,10.173373636303594,10.173373636303594,True,10.173373636303594,0.0,True,0.51170957148426,4.52919999952428
workshop,medio,102,alfombra,0.08861753074177024,0.795122819508722,0.795122819508722,1.0,16,16,174.93970000941772,0.03,1,tve,TVE (proposed),19.81300000625197,27,0.37980001070536673,5.788299997220747,7.474700003513135,1.3315000105649233,0.11320000339765102,4.151999994064681,0.20989999757148325,True,19.81300000625197,True,10.035914905531163,1.0013459169315442,0.3490664716637845,1.222267545029042,10.338336154761373,0,3,1.739762124023733,10.035914905531163,10.035914905531163,True,10.035914905531163,0.0,True,0.43905292986261485,
workshop,medio,102,alfombra,0.08861753074177024,0.795122819508722,0.795122819508722,1.0,16,16,174.93970000941772,0.03,2,tve,TVE (proposed),20.772000003489666,32,0.4010999982710928,5.8462000015424564,7.59769999422133,1.4408999995794147,0.12450000212993473,4.68410000030417,0.2869000018108636,True,20.772000003489666,True,11.272529326552998,1.0039326599048408,0.3450103950604366,0.8782486485179687,42.58579604727179,0,5,1.149687329619688,11.272529326552998,11.272529326552998,True,11.272529326552998,0.0,True,0.4270567339129819,
workshop,medio,102,alfombra,0.08861753074177024,0.795122819508722,0.795122819508722,1.0,16,16,174.93970000941772,0.03,2,teselado,WDT,41.36360000120476,20,0.3738000086741522,22.158899999340065,6.719700002577156,1.2308000004850328,0.7092000014381483,,3.6167999933240935,True,41.36360000120476,True,11.43124756910726,1.0180681234558278,0.31931348741414084,0.9843042069085391,73.70595755356516,0,12,2.565206048215516,11.43124756910726,11.43124756910726,True,11.43124756910726,0.0,True,0.4060003465612963,4.717399991932325
workshop,dificil,101,madera,0.10072966543467375,0.5514521333811402,0.835264301230992,0.618747485584015,12,18,166.53070000756998,0.03,0,tve,TVE (proposed),23.883200003183447,24,0.3964999923482537,7.635999994818121,10.441900012665428,1.79569999454543,0.13109999417793006,3.0989000078989193,0.062399994931183755,True,23.883200003183447,True,5.748112733758794,1.0,0.5453489112854004,0.9826051515380114,0.0,0,2,11863283.203031443,5.748112733758794,5.748112733758794,True,5.748112733758794,0.0,True,0.6683251911401747,
workshop,dificil,101,madera,0.10072966543467375,0.5514521333811402,0.835264301230992,0.618747485584015,12,18,166.53070000756998,0.03,0,teselado,WDT,36.16260000853799,14,0.46660000225529075,24.35890000197105,6.2098999915178865,1.1408999998820946,0.4006999952252954,,0.23669999791309237,True,36.16260000853799,True,5.748112733758794,1.0,0.5453489112854004,0.9826051515380114,0.0,0,2,11863283.203031443,5.748112733758794,5.748112733758794,True,5.748112733758794,0.0,True,0.6683251911401747,1.6291000065393746
workshop,dificil,101,madera,0.10072966543467375,0.5514521333811402,0.835264301230992,0.618747485584015,12,18,166.53070000756998,0.03,1,teselado,WDT,43.851200010976754,14,0.38409999979194254,24.3989999871701,6.12130000081379,1.0935000027529895,0.28059999749530107,,4.412700000102632,True,43.851200010976754,True,11.068157304554665,1.0083578241371038,0.36,1.0365208565893393,25.21657777967819,0,7,11.32960038141251,11.068157304554665,11.068157304554665,True,11.068157304554665,0.0,True,0.44999999999999996,4.918299993732944
workshop,dificil,101,madera,0.10072966543467375,0.5514521333811402,0.835264301230992,0.618747485584015,12,18,166.53070000756998,0.03,1,tve,TVE (proposed),20.48159998957999,20,0.5909000028623268,6.60349999088794,6.847600001492538,1.8634999869391322,0.11229999654460698,3.8924999971641228,0.19899998733308166,True,20.48159998957999,True,10.998235406330378,1.001987631591687,0.3388937555263983,1.0394984190801366,17.04277156126947,0,3,1.5136441070295013,10.998235406330378,10.998235406330378,True,10.998235406330378,0.0,True,0.4492768313123812,
workshop,dificil,101,madera,0.10072966543467375,0.5514521333811402,0.835264301230992,0.618747485584015,12,18,166.53070000756998,0.03,2,tve,TVE (proposed),19.165999998222105,24,0.41760000749491155,5.590600005234592,7.258599987835623,1.1811000003945082,0.12660000356845558,4.125000006752089,0.05640000745188445,True,19.165999998222105,True,6.288060114216466,1.0,0.42323051343645374,1.0172972410001389,0.0,0,2,11863283.203031443,6.288060114216466,6.288060114216466,True,6.288060114216466,0.0,True,0.51307168611799,
workshop,dificil,101,madera,0.10072966543467375,0.5514521333811402,0.835264301230992,0.618747485584015,12,18,166.53070000756998,0.03,2,teselado,WDT,35.74630001094192,14,0.381799996830523,24.02810000057798,6.22270000167191,1.1367999977665022,0.38470000436063856,,0.2508000034140423,True,35.74630001094192,True,6.288060114216465,0.9999999999999999,0.42323051343645374,1.0172972410001389,0.0,0,2,inf,6.288060114216465,6.288060114216465,True,6.288060114216465,0.0,True,0.51307168611799,1.6908999969018623
workshop,medio,104,concreto,0.014451274962591215,0.8385582879669607,0.8385582879669607,1.0,16,16,155.31999999075197,0.03,0,tve,TVE (proposed),21.485100005520508,23,0.7210000039776787,7.5677000131690875,7.544799984316342,1.3155999913578853,0.12939999578520656,3.827399996225722,0.0557999883312732,True,21.485100005520508,True,5.502444911128143,1.0,1.2,1.6238093668773188,0.0,0,2,11863283.203031443,5.502444911128143,5.502444911128143,True,5.502444911128143,0.0,True,1.29,
workshop,medio,104,concreto,0.014451274962591215,0.8385582879669607,0.8385582879669607,1.0,16,16,155.31999999075197,0.03,0,teselado,WDT,35.30030000547413,14,0.3850999928545207,24.188600000343286,6.1271000013221055,1.207799999974668,0.38559999666176736,,0.22200000239536166,True,35.30030000547413,True,5.502444911128143,1.0,1.2,1.6238088481510002,0.0,0,2,11863283.203031443,5.502444911128143,5.502444911128143,True,5.502444911128143,0.0,True,1.29,1.2215000024298206
workshop,medio,104,concreto,0.014451274962591215,0.8385582879669607,0.8385582879669607,1.0,16,16,155.31999999075197,0.03,1,teselado,WDT,46.67399999743793,14,0.6067000067560002,24.707099990337156,6.287500000325963,1.4649000077042729,0.3294000052846968,,6.733600006555207,True,46.67399999743793,True,6.496126632466784,1.144826061702388,0.25485826597386535,0.8200938227442615,215.3695279240988,1,12,0.33949415338960953,6.496126632466784,6.496126632466784,False,inf,0.0,True,0.330700457149068,4.679799996665679
workshop,medio,104,concreto,0.014451274962591215,0.8385582879669607,0.8385582879669607,1.0,16,16,155.31999999075197,0.03,1,tve,TVE (proposed),23.36289999948349,25,0.375000003259629,5.681900001945905,8.109100002911873,2.329499999177642,0.20959999528713524,5.933499996899627,0.28729999030474573,True,23.36289999948349,True,5.735238778929805,1.0107331946686147,0.31349778606892237,0.9849418094380129,47.3212094998776,0,4,0.6725885602471018,5.735238778929805,5.735238778929805,False,inf,0.0,True,0.4048042726767523,
workshop,medio,104,concreto,0.014451274962591215,0.8385582879669607,0.8385582879669607,1.0,16,16,155.31999999075197,0.03,2,tve,TVE (proposed),21.290400007274002,26,0.3924000047845766,5.870599998161197,6.925100009539165,2.3760999902151525,0.13380000018514693,5.011999994167127,0.30759999935980886,True,21.290400007274002,True,9.036622975612818,1.0145537542962018,0.3194973476812879,0.9698581567059031,59.00759568349423,0,5,0.8056015789193687,9.036622975612818,9.036622975612818,True,9.036622975612818,0.0,True,0.36366034622893284,
workshop,medio,104,concreto,0.014451274962591215,0.8385582879669607,0.8385582879669607,1.0,16,16,155.31999999075197,0.03,2,teselado,WDT,46.644000001833774,14,0.3958000015700236,25.260899987188168,9.218800012604333,1.083199997083284,0.4965999978594482,,2.8661999967880547,True,46.644000001833774,True,10.237186756279279,1.149342656548107,0.2950347423305625,0.8090158895280625,113.33270761476369,0,9,0.38408361449900935,10.237186756279279,10.237186756279279,False,inf,0.0,True,0.367231956145184,5.626800004392862
workshop,medio,105,alfombra,0.037806613786395195,0.7847122638568489,0.7847122638568489,1.0,16,16,174.54130000260193,0.03,0,tve,TVE (proposed),20.111500009079464,23,0.5105000018374994,5.947500001639128,7.143099996028468,1.7174999957205728,0.112900001113303,4.304699992644601,0.06620000931434333,True,20.111500009079464,True,9.361634472676231,1.0,0.40772094726562497,1.0145531274878516,0.0,0,2,11863283.203031443,9.361634472676231,9.361634472676231,True,9.361634472676231,0.0,True,0.47953496932983397,
workshop,medio,105,alfombra,0.037806613786395195,0.7847122638568489,0.7847122638568489,1.0,16,16,174.54130000260193,0.03,0,teselado,WDT,39.48829999717418,16,0.6160000048112124,24.42249999148771,7.349999999860302,1.502500002970919,0.40160000207833946,,0.3256999916629866,True,39.48829999717418,True,9.36163447267623,0.9999999999999998,0.40772094726562497,1.0145549337869144,0.0,0,2,11863283.203031443,9.36163447267623,9.36163447267623,True,9.36163447267623,0.0,True,0.47953496932983397,3.0232999997679144
workshop,medio,105,alfombra,0.037806613786395195,0.7847122638568489,0.7847122638568489,1.0,16,16,174.54130000260193,0.03,1,teselado,WDT,39.76459999103099,16,0.49700000090524554,22.3204999929294,8.181500001228414,1.2396000092849135,0.30899999546818435,,2.5021000037668273,True,39.76459999103099,True,6.665432809460382,1.1121313820721501,0.545441951751709,1.166070231835503,76.81353878366144,0,9,1.3199703786636494,6.665432809460382,6.665432809460382,True,6.665432809460382,0.0,True,0.7010698699951171,3.006800005096011
workshop,medio,105,alfombra,0.037806613786395195,0.7847122638568489,0.7847122638568489,1.0,16,16,174.54130000260193,0.03,1,tve,TVE (proposed),26.049799998872913,27,0.3802999999606982,5.907999991904944,7.0865000016056,2.477499991073273,0.31119999766815454,9.237399994162843,0.3034999972442165,True,26.049799998872913,True,6.201627849050614,1.0347452518121116,0.34718059165932663,0.9747180368026136,47.37820563934153,0,5,0.8003626487679267,6.201627849050614,6.201627849050614,True,6.201627849050614,0.0,True,0.4330207244599144,
workshop,medio,105,alfombra,0.037806613786395195,0.7847122638568489,0.7847122638568489,1.0,16,16,174.54130000260193,0.03,2,tve,TVE (proposed),19.977399992058054,23,0.3880000003846362,5.549699999392033,7.228900009067729,2.3228000063681975,0.1545999984955415,3.5989000025438145,0.4828999954042956,True,19.977399992058054,True,5.610711190769527,1.0045238477518612,0.2519999885559082,0.7538985541303463,35.382499486480036,0,5,0.8584694922968771,5.610711190769527,5.610711190769527,True,5.610711190769527,0.0,True,0.3599069595336914,
workshop,medio,105,alfombra,0.037806613786395195,0.7847122638568489,0.7847122638568489,1.0,16,16,174.54130000260193,0.03,2,teselado,WDT,36.928900008206256,16,0.3667999990284443,21.681800004444085,6.303000001935288,1.1362999939592555,0.27650000993162394,,2.722500008530915,True,36.928900008206256,True,6.016622507726896,1.0771969161191741,0.2519999885559082,0.8700442723890885,132.230071555614,0,7,0.300696238724668,6.016622507726896,6.016622507726896,False,inf,0.0,True,0.35914615959936663,2.908300011768006
workshop,medio,103,concreto,0.03050256882734516,0.8587682038834952,0.8587682038834952,1.0,20,20,151.70869999565184,0.03,0,tve,TVE (proposed),29.534000001149252,21,0.4135999915888533,6.082200008677319,7.130099998903461,3.486700006760657,0.13000000035390258,11.266399989835918,0.6267999997362494,True,29.534000001149252,True,11.605750559076137,1.0429603823806968,0.24966047389263907,1.0296703864113639,111.48105783121817,0,8,0.7366352206715387,11.605750559076137,11.605750559076137,False,inf,0.0,True,0.28825353233651163,
workshop,medio,103,concreto,0.03050256882734516,0.8587682038834952,0.8587682038834952,1.0,20,20,151.70869999565184,0.03,0,teselado,WDT,66.30960000620689,18,0.3909999941242859,20.359000001917593,10.540600007516332,20.797099990886636,0.3116000007139519,,4.611299998941831,True,66.30960000620689,True,11.145080462130258,1.0015618827303412,0.253047631323835,1.0131038269044517,77.12316938886235,0,8,0.5165677126268992,11.145080462130258,11.145080462130258,False,inf,0.0,True,0.29312467602812264,7.369000013568439
workshop,medio,103,concreto,0.03050256882734516,0.8587682038834952,0.8587682038834952,1.0,20,20,151.70869999565184,0.03,1,teselado,WDT,36.34220000822097,18,0.3812000068137422,20.546599989756942,7.193900004494935,1.1516999948071316,0.3552999987732619,,2.4132999969879165,True,36.34220000822097,True,6.8457203265997215,1.2051375688773196,0.32362798690795896,1.147033959800843,105.84846868168238,0,13,1.5938981997542974,6.8457203265997215,6.8457203265997215,True,6.8457203265997215,0.0,True,0.395906982421875,2.5936000020010397
workshop,medio,103,concreto,0.03050256882734516,0.8587682038834952,0.8587682038834952,1.0,20,20,151.70869999565184,0.03,1,tve,TVE (proposed),22.944500000448897,30,0.40049999370239675,5.927799997152761,7.006800005910918,1.8246000108774751,0.12340000830590725,7.079999995767139,0.18020000425167382,True,22.944500000448897,True,5.948424539112926,1.0471753950949716,0.32003437924649325,0.6599011594979138,52.831362249750974,0,6,0.8001270407134354,5.948424539112926,5.948424539112926,True,5.948424539112926,0.0,True,0.39500859481162337,
workshop,medio,103,concreto,0.03050256882734516,0.8587682038834952,0.8587682038834952,1.0,20,20,151.70869999565184,0.03,2,tve,TVE (proposed),22.10410000407137,31,0.39600000309292227,5.9169000160181895,7.078199982061051,2.209500002209097,0.24300000222865492,5.621499993139878,0.3124999930150807,True,22.10410000407137,True,6.3986749097503886,1.003555299652012,0.31440620990660745,0.6995034617468674,34.37629262654263,0,4,0.8055116361088211,6.3986749097503886,6.3986749097503886,True,6.3986749097503886,0.0,True,0.3811792902163537,
workshop,medio,103,concreto,0.03050256882734516,0.8587682038834952,0.8587682038834952,1.0,20,20,151.70869999565184,0.03,2,teselado,WDT,38.17909999634139,18,0.6085000059101731,22.17079998808913,6.571500009158626,1.2302999966777861,0.4334999975981191,,2.981300000101328,True,38.17909999634139,True,6.813269139832418,1.0685794245954368,0.36605663658755866,0.7295118110834259,147.07675879894035,0,10,0.34600353459799343,6.813269139832418,6.813269139832418,False,inf,0.0,True,0.44586734843182213,2.6123999996343628
workshop,dificil,100,madera,0.12891172945304105,0.23036252091466816,0.23036252091466816,1.0,15,15,169.86829999950714,0.03,0,tve,TVE (proposed),31.132599993725307,25,0.7073999877320603,7.02800000726711,11.077300005126745,1.859399999375455,0.20519999088719487,9.010100009618327,1.0642999986885116,True,31.132599993725307,True,7.702728012108822,1.0000329433384132,0.2639534854888916,0.9283730094173737,60.35336541279396,0,6,0.7552413454042708,7.702728012108822,7.702728012108822,False,inf,0.0,True,0.47245513367278236,
workshop,dificil,100,madera,0.12891172945304105,0.23036252091466816,0.23036252091466816,1.0,15,15,169.86829999950714,0.03,0,teselado,WDT,34.13929999805987,18,0.3909999941242859,17.66670000506565,6.415500000002794,1.1596999975154176,0.3465999907348305,,3.0120000010356307,True,34.13929999805987,True,7.775424790398623,1.0094710505973072,0.2632409983151625,0.9434875700819827,65.56401511083618,0,7,0.9097658081415287,7.775424790398623,7.775424790398623,True,7.775424790398623,0.0,True,0.4704887328447607,3.383799994480796
workshop,dificil,100,madera,0.12891172945304105,0.23036252091466816,0.23036252091466816,1.0,15,15,169.86829999950714,0.03,1,teselado,WDT,40.118799995980226,18,0.37650000012945384,17.61560000886675,6.452899993746541,1.1535999947227538,0.5497999954968691,,5.9745000035036355,True,40.118799995980226,True,11.638793005748838,1.2685558829266714,0.256955424732078,0.8005455412553205,183.2019796930095,0,13,0.29624670143103066,11.638793005748838,11.638793005748838,False,inf,0.0,True,0.3720380662162606,6.284999995841645
workshop,dificil,100,madera,0.12891172945304105,0.23036252091466816,0.23036252091466816,1.0,15,15,169.86829999950714,0.03,1,tve,TVE (proposed),23.331800010055304,24,0.38070000300649554,6.173100002342835,7.345999998506159,1.4663999900221825,0.11739999172277749,7.210099996882491,0.28900000324938446,True,23.331800010055304,True,9.255385973280442,1.0087793742325852,0.3255505129307372,0.8521378595614894,52.31860809927106,0,6,0.926571577915198,9.255385973280442,9.255385973280442,True,9.255385973280442,0.0,True,0.43589527296153224,
workshop,dificil,100,madera,0.12891172945304105,0.23036252091466816,0.23036252091466816,1.0,15,15,169.86829999950714,0.03,2,tve,TVE (proposed),21.317399994586594,28,0.43899999582208693,6.119300000136718,7.183699999586679,1.4126999885775149,0.12549999519251287,5.509900001925416,0.1770999951986596,True,21.317399994586594,True,6.27420015770189,1.003617192744772,0.3169974099511552,0.9835930429516382,23.937990674718286,0,4,0.9007050365521462,6.27420015770189,6.27420015770189,True,6.27420015770189,0.0,True,1.342232666015625,
workshop,dificil,100,madera,0.12891172945304105,0.23036252091466816,0.23036252091466816,1.0,15,15,169.86829999950714,0.03,2,teselado,WDT,37.48910001013428,18,0.3786000015679747,18.051299994112924,6.491500011179596,1.4903999981470406,0.9151999984169379,,2.1231999999145046,True,37.48910001013428,True,6.33111318342169,1.012720965284352,0.3840730366013232,1.0574493922231665,33.421708523006274,0,6,2.070734071721562,6.33111318342169,6.33111318342169,True,6.33111318342169,0.0,True,1.342232666015625,6.4087000064319
store,facil,102,uniforme,0.0,0.9208385347165425,0.9208385347165425,1.0,11,11,146.5294000081485,0.035,0,tve,TVE (proposed),35.527499989257194,17,0.3443000023253262,5.6570999877294526,7.27990000450518,1.9566999981179833,0.08100000559352338,17.798400003812276,2.0216999982949346,True,35.527499989257194,True,14.775123642822173,1.192038645420257,0.28,0.4720470833419976,383.1422782860631,1,15,0.14153068869360302,14.775123642822173,15.89964967008151,False,inf,0.0,True,0.3538926250411605,
store,facil,102,uniforme,0.0,0.9208385347165425,0.9208385347165425,1.0,11,11,146.5294000081485,0.035,0,teselado,WDT,47.636499992222525,14,0.32300000020768493,21.301800006767735,10.46449999557808,1.1158999986946583,0.39339999784715474,,7.016599993221462,True,47.636499992222525,True,15.502000458566405,1.2506821651479634,0.28,0.7444015702980946,339.3154352271414,0,23,0.44546845151489683,15.502000458566405,15.502000458566405,False,inf,0.0,True,0.37067450523376466,5.09369999053888
store,facil,102,uniforme,0.0,0.9208385347165425,0.9208385347165425,1.0,11,11,146.5294000081485,0.035,1,teselado,WDT,40.361299994401634,14,0.34890000824816525,21.982799997203983,6.796700006816536,1.2787000014213845,0.48909999895840883,,2.98099999781698,True,40.361299994401634,True,9.954610255011906,1.007188114174191,0.29941565276289056,0.8130830738186492,42.08107399653536,0,5,1.0578223423033002,9.954610255011906,9.954610255011906,True,9.954610255011906,0.0,True,0.36941565276289057,4.819900001166388
store,facil,102,uniforme,0.0,0.9208385347165425,0.9208385347165425,1.0,11,11,146.5294000081485,0.035,1,tve,TVE (proposed),23.443600002792664,22,0.4794999986188486,5.915899993851781,8.15560000773985,1.5019999991636723,0.15359999088104814,6.60059999790974,0.3659999929368496,True,23.443600002792664,True,10.071778130832566,1.019042932079311,0.31572535349029857,0.6656244514417035,80.04496262158442,0,7,0.8131846755938407,10.071778130832566,10.071778130832566,True,10.071778130832566,0.0,True,0.402143859717509,
store,facil,102,uniforme,0.0,0.9208385347165425,0.9208385347165425,1.0,11,11,146.5294000081485,0.035,2,tve,TVE (proposed),24.225499990279786,18,0.39999998989515007,6.105699998443015,7.221000007120892,1.7164999881060794,0.08650000381749123,8.04960000095889,0.27010000485461205,True,24.225499990279786,True,12.039390173427115,1.0029642335952873,0.28376821180269746,0.837600221774758,55.74279662598285,0,5,0.8730040654761322,12.039390173427115,12.039390173427115,True,12.039390173427115,0.0,True,0.3589984594935069,
store,facil,102,uniforme,0.0,0.9208385347165425,0.9208385347165425,1.0,11,11,146.5294000081485,0.035,2,teselado,WDT,40.846400006557815,14,0.32700000156182796,20.97929999581538,6.475900008808821,1.0852999985218048,0.5009000014979392,,5.802799991215579,True,40.846400006557815,True,13.205528434910013,1.1001115932909487,0.32796573751908836,1.0222044971573945,158.51397038249823,0,13,0.73141248245914,13.205528434910013,13.205528434910013,False,inf,0.0,True,0.42131915896139854,4.062899999553338
store,facil,100,uniforme,0.0,0.9200447510721611,0.9200447510721611,1.0,14,14,157.0069000008516,0.035,0,tve,TVE (proposed),24.375000008149073,26,0.3541999903973192,6.789000020944513,9.858099991106428,1.130299991928041,0.1976999919861555,5.282800004351884,0.43539999751374125,True,24.375000008149073,True,10.637831713176084,1.004863978236563,0.28371505656437174,0.5190783674898484,154.03576913624678,0,11,0.5909711715354542,10.637831713176084,10.637831713176084,False,inf,0.0,True,0.33286708102920887,
store,facil,100,uniforme,0.0,0.9200447510721611,0.9200447510721611,1.0,14,14,157.0069000008516,0.035,0,teselado,WDT,48.89560000447091,20,0.32449999707750976,21.136900002602488,10.275399996316992,1.8841999990399927,1.3468999968608841,,5.662800002028234,True,48.89560000447091,True,11.445604805649378,1.0811673175918741,0.4584024714067508,0.6517166614725407,197.19246385643518,0,18,1.4296743287024634,11.445604805649378,11.445604805649378,True,11.445604805649378,0.0,True,0.4584024714067508,6.398199999239296
store,facil,100,uniforme,0.0,0.9200447510721611,0.9200447510721611,1.0,14,14,157.0069000008516,0.035,1,teselado,WDT,47.14569999487139,20,0.3406000032555312,19.274799997219816,6.981800004723482,1.2271000014152378,0.5876999930478632,,9.823899992625229,True,47.14569999487139,True,14.969636424547817,1.0457654697811065,0.310524150488164,0.7149338912296881,133.6954579350231,0,14,0.5459531310085061,14.969636424547817,14.969636424547817,False,inf,0.0,True,0.4107250978364069,6.709099994623102
store,facil,100,uniforme,0.0,0.9200447510721611,0.9200447510721611,1.0,14,14,157.0069000008516,0.035,1,tve,TVE (proposed),21.182799988309853,28,0.3380000125616789,5.899299983866513,7.713800005149096,1.444699999410659,0.11570000788196921,5.074199987575412,0.3800999984377995,True,21.182799988309853,True,14.388806792990309,1.0051892289638968,0.3083514560215758,0.645939725817908,96.09226454966056,0,8,0.5418351792826013,14.388806792990309,14.388806792990309,False,inf,0.0,True,0.41525210675310364,
store,facil,100,uniforme,0.0,0.9200447510721611,0.9200447510721611,1.0,14,14,157.0069000008516,0.035,2,tve,TVE (proposed),27.35509999911301,24,0.5494999932125211,6.374499993398786,7.674700013012625,1.6706000023987144,0.10340000153519213,8.832199993776157,1.775099997757934,True,27.35509999911301,True,14.838551827317112,1.0060739810349437,0.28,0.6037168149383905,160.550542554454,0,10,0.4527490015388092,14.838551827317112,14.838551827317112,False,inf,0.0,True,0.28,
store,facil,100,uniforme,0.0,0.9200447510721611,0.9200447510721611,1.0,14,14,157.0069000008516,0.035,2,teselado,WDT,54.00519999966491,20,0.33059999987017363,19.680800003698096,7.367600002908148,1.297900002100505,0.5951000057393685,,12.68839999102056,True,54.00519999966491,True,15.769304964237504,1.0691803087089409,0.2737665890967207,0.6936889837551177,225.91299979896618,1,15,0.23034661252668087,15.769304964237504,16.46024172838662,False,inf,0.0,True,0.28,9.867200002190657
workshop,dificil,102,concreto,0.18026105790824454,0.67900167467992,0.7109565020645964,0.9379150809641071,15,16,175.865099998191,0.03,0,tve,TVE (proposed),24.329799998668022,29,0.3981000045314431,6.590699995285831,10.056999992229976,2.0435000042198226,0.2761999930953607,4.55369999690447,0.17100000695791095,True,24.329799998668022,True,5.758321523604344,1.0029651416119798,0.42362179628482066,1.3727005823295886,10.15134978303845,0,3,2.7360063626534346,5.758321523604344,5.758321523604344,True,5.758321523604344,0.0,True,0.6464937352983728,
workshop,dificil,102,concreto,0.18026105790824454,0.67900167467992,0.7109565020645964,0.9379150809641071,15,16,175.865099998191,0.03,0,teselado,WDT,36.94950000499375,20,0.374399998690933,24.227300003985874,6.8140999937895685,1.3246000016806647,0.6278999935602769,,0.23469999723602086,True,36.94950000499375,True,5.74129776270139,0.9999999999999999,0.2500703909783629,1.3252827531054083,0.0,0,2,11863283.203031443,5.74129776270139,5.74129776270139,True,5.74129776270139,0.0,True,0.45987218856811524,1.858100004028529
workshop,dificil,102,concreto,0.18026105790824454,0.67900167467992,0.7109565020645964,0.9379150809641071,15,16,175.865099998191,0.03,1,teselado,WDT,37.73010001168586,20,0.3952999977627769,21.42420000745915,6.600099994102493,1.2762000114889815,0.5532999930437654,,2.2038000024622306,True,37.73010001168586,True,6.958690665176305,1.0018080457624279,0.3260711684350789,1.289863952618837,14.71883295912875,0,4,4.222259591381183,6.958690665176305,6.958690665176305,True,6.958690665176305,0.0,True,0.40575895310523225,3.1242999975802377
workshop,dificil,102,concreto,0.18026105790824454,0.67900167467992,0.7109565020645964,0.9379150809641071,15,16,175.865099998191,0.03,1,tve,TVE (proposed),18.607899997732602,31,0.3622000076575205,5.65459999779705,7.325899990973994,1.291100008529611,0.24080000002868474,3.3196000003954396,0.18000000272877514,True,18.607899997732602,True,6.959598190260089,1.0019386976299143,0.3454826686962374,1.284778531781329,12.216879260701743,0,3,1.4486699618483392,6.959598190260089,6.959598190260089,True,6.959598190260089,0.0,True,0.4355793586875979,
workshop,dificil,102,concreto,0.18026105790824454,0.67900167467992,0.7109565020645964,0.9379150809641071,15,16,175.865099998191,0.03,2,tve,TVE (proposed),24.270599998999387,29,0.4059999919263646,5.568399996263906,7.349999999860302,1.4997999969637021,0.12119999155402184,8.627200004411861,0.3761999978451058,True,24.270599998999387,True,10.294481074401686,1.1551484389159214,0.29478028046569055,0.8487014125450204,100.22709171305678,0,9,0.8055765394973092,10.294481074401686,10.294481074401686,True,10.294481074401686,0.0,True,0.4421264632770507,
workshop,dificil,102,concreto,0.18026105790824454,0.67900167467992,0.7109565020645964,0.9379150809641071,15,16,175.865099998191,0.03,2,teselado,WDT,60.06560000241734,20,0.380899989977479,21.396700001787394,6.573999999091029,1.217900004121475,0.7067999977152795,,16.71820000046864,True,60.06560000241734,True,11.620348440946918,1.3039246237090247,0.24816592489142664,0.6229174187951761,256.92065257785544,1,12,0.19812985195055113,11.620348440946918,12.423634475459359,False,inf,0.0,True,0.3781957404059915,11.327200001687743
store,facil,101,uniforme,0.0,0.9129033934417711,0.9129033934417711,1.0,12,12,145.4859000077704,0.035,0,tve,TVE (proposed),22.965099997236393,32,0.34220000088680536,5.907300001126714,7.705399999395013,1.6041000053519383,0.14450000890064985,6.646900001214817,0.2793000021483749,True,22.965099997236393,True,9.69469812486961,1.0052237314344947,0.304109655123503,0.6415571252861193,81.3617698081337,0,7,0.8007825667305075,9.69469812486961,9.69469812486961,True,9.69469812486961,0.0,True,0.37800335335112867,
store,facil,101,uniforme,0.0,0.9129033934417711,0.9129033934417711,1.0,12,12,145.4859000077704,0.035,0,teselado,WDT,40.173700006562285,22,0.32709998777136207,21.41440000559669,7.075400004396215,1.3042999926256016,0.7340000011026859,,3.176700003677979,True,40.173700006562285,True,10.662005201696813,1.1055218548713512,0.3400160166657455,0.8463271007296732,88.71807768160036,0,9,1.1053545830515672,10.662005201696813,10.662005201696813,True,10.662005201696813,0.0,True,0.4130116791839712,4.431499997735955
store,facil,101,uniforme,0.0,0.9129033934417711,0.9129033934417711,1.0,12,12,145.4859000077704,0.035,1,teselado,WDT,33.76690000004601,22,0.3367000026628375,21.159500000067055,7.048400002531707,1.2692000018432736,0.5057999951532111,,0.301199994282797,True,33.76690000004601,True,7.372465666247622,0.9999999999999998,0.733596607949496,1.287896235398603,0.0,0,2,16777216.0,7.372465666247622,7.372465666247622,True,7.372465666247622,0.0,True,0.838596607949496,1.665899995714426
store,facil,101,uniforme,0.0,0.9129033934417711,0.9129033934417711,1.0,12,12,145.4859000077704,0.035,1,tve,TVE (proposed),19.80069999990519,28,0.3285999991931021,5.527799992705695,7.657099995412864,1.029099992592819,0.19029999384656549,4.658999998355284,0.06059999577701092,True,19.80069999990519,True,7.372465666247623,1.0,0.733596607949496,1.287896235398603,0.0,0,2,16777216.0,7.372465666247623,7.372465666247623,True,7.372465666247623,0.0,True,0.838596607949496,
store,facil,101,uniforme,0.0,0.9129033934417711,0.9129033934417711,1.0,12,12,145.4859000077704,0.035,2,tve,TVE (proposed),32.95500000240281,32,0.3429999924264848,7.136999993235804,8.962800013250671,2.1492999949259683,0.2162000018870458,11.68830000096932,1.927099991007708,True,32.95500000240281,True,11.044221741530947,0.9836125387147268,0.26793689948722677,0.7769731138346624,121.64241215235705,0,8,0.4969957246784303,11.044221741530947,11.044221741530947,False,inf,0.0,True,0.344963812413928,
store,facil,101,uniforme,0.0,0.9129033934417711,0.9129033934417711,1.0,12,12,145.4859000077704,0.035,2,teselado,WDT,57.18200000410434,22,0.522399990586564,24.40220001153648,7.145899988245219,1.4839000068604946,0.7829999958630651,,10.515800007851794,True,57.18200000410434,True,11.39549026314058,1.014896963312229,0.27205407180318675,0.7779025780715331,216.01902047510646,1,13,0.28288641009693444,11.39549026314058,11.39549026314058,False,inf,0.0,True,0.3602977258756135,10.689500006265007
workshop,dificil,103,alfombra,0.21100515801107902,0.7527678695511187,0.7792270068092453,0.9568391921333098,20,20,153.8150999986101,0.03,0,tve,TVE (proposed),20.11869999114424,24,0.5410000012489036,6.379099999321625,7.087599995429628,1.3520000065909699,0.09919999865815043,3.807000000961125,0.5800000071758404,True,20.11869999114424,True,8.646847189275503,1.0056615296900775,0.33680089810230146,0.6991916783225861,49.30962834286172,0,5,0.9530019613375184,8.646847189275503,8.646847189275503,True,8.646847189275503,0.0,True,0.41130562312370533,
workshop,dificil,103,alfombra,0.21100515801107902,0.7527678695511187,0.7792270068092453,0.9568391921333098,20,20,153.8150999986101,0.03,0,teselado,WDT,40.664700005436316,15,0.5952999927103519,22.37020000757184,6.276400003116578,1.0726000036811456,0.40639999497216195,,3.5365000076126307,True,40.664700005436316,True,9.926877989453667,1.1545340267262423,0.341350668382325,0.9049267389195569,184.57250002600108,0,16,0.6631221453894719,9.926877989453667,9.926877989453667,False,inf,0.0,True,0.4184318017307341,4.7707000048831105
workshop,dificil,103,alfombra,0.21100515801107902,0.7527678695511187,0.7792270068092453,0.9568391921333098,20,20,153.8150999986101,0.03,1,teselado,WDT,40.17069999827072,15,0.3826999891316518,20.595100009813905,6.377300000167452,1.0806000063894317,0.3397999971639365,,3.4411999949952587,True,40.17069999827072,True,9.71916137453017,1.027425057819219,0.2959585251827552,0.8392261755265318,66.1740428435049,0,8,0.9955875128133952,9.71916137453017,9.71916137453017,True,9.71916137453017,0.0,True,0.4506347323323968,6.261400005314499
workshop,dificil,103,alfombra,0.21100515801107902,0.7527678695511187,0.7792270068092453,0.9568391921333098,20,20,153.8150999986101,0.03,1,tve,TVE (proposed),20.729600000777282,24,0.39340001239906996,5.96419999783393,7.054299989249557,1.1471999896457419,0.15609999536536634,5.456900005810894,0.21319999359548092,True,20.729600000777282,True,9.472832482881282,1.001385313648685,0.35211176679910333,0.9665682567580801,9.430977620092545,0,3,2.872632005143513,9.472832482881282,9.472832482881282,True,9.472832482881282,0.0,True,0.46134893417358397,
workshop,dificil,103,alfombra,0.21100515801107902,0.7527678695511187,0.7792270068092453,0.9568391921333098,20,20,153.8150999986101,0.03,2,tve,TVE (proposed),22.669500001939014,25,0.6259000074351206,8.520200004568323,8.164999992004596,1.447700007702224,0.13720001152250916,3.2407000107923523,0.20460000087041408,True,22.669500001939014,True,6.59783446985886,1.0027983708647077,0.3119728588244607,0.7020369443965352,23.215153156675232,0,3,1.0964138451336363,6.59783446985886,6.59783446985886,True,6.59783446985886,0.0,True,0.5437378922346543,
workshop,dificil,103,alfombra,0.21100515801107902,0.7527678695511187,0.7792270068092453,0.9568391921333098,20,20,153.8150999986101,0.03,2,teselado,WDT,38.35099999560043,15,0.39090000791475177,22.923700002138503,6.979699988733046,1.1618999997153878,0.35450000723358244,,2.178399998228997,True,38.35099999560043,True,6.866967229325416,1.043703594233423,0.4012511901132051,0.7147353482446309,53.114152840302175,0,7,1.1599305965707771,6.866967229325416,6.866967229325416,True,6.866967229325416,0.0,True,0.4671581725350801,2.81649999669753
store,facil,103,uniforme,0.0,0.9310266229029905,0.9310266229029905,1.0,14,14,138.90059999539517,0.035,0,tve,TVE (proposed),27.299700013827533,31,0.34509999386500567,5.7782000076258555,7.824200001778081,1.3307000044733286,0.13339999713934958,10.38529998913873,1.1683000047923997,True,27.299700013827533,True,13.08457019892488,1.011051156304331,0.26235635720813455,0.649271834539956,163.76240280102033,0,10,0.7999355432153196,13.08457019892488,13.08457019892488,True,13.08457019892488,0.0,True,0.3606069949599172,
store,facil,103,uniforme,0.0,0.9310266229029905,0.9310266229029905,1.0,14,14,138.90059999539517,0.035,0,teselado,WDT,45.07940000621602,22,0.32900000223889947,20.776099991053343,7.27760000154376,1.3168000004952773,0.6188999977894127,,6.445399994845502,True,45.07940000621602,True,14.919193877544917,1.152813427701255,0.27799110514366815,0.7306480547550006,291.723939638658,0,19,0.4982639050369795,14.919193877544917,14.919193877544917,False,inf,0.0,True,0.36891820987901464,6.442400001105852
store,facil,103,uniforme,0.0,0.9310266229029905,0.9310266229029905,1.0,14,14,138.90059999539517,0.035,1,teselado,WDT,49.83499999798369,22,0.3431999939493835,26.091400010045618,8.630799988168292,1.299800002016127,0.6050999945728108,,6.098600002587773,True,49.83499999798369,True,12.558584576481982,1.140334134070532,0.26722977715868396,0.9995131152553803,282.3570245994005,0,19,0.4834164129050152,12.558584576481982,12.558584576481982,False,inf,0.0,True,0.3557269973107121,5.065199991804548
store,facil,103,uniforme,0.0,0.9310266229029905,0.9310266229029905,1.0,14,14,138.90059999539517,0.035,1,tve,TVE (proposed),28.24299999338109,25,0.33260000054724514,5.700299996533431,8.480400007101707,1.9113000016659498,0.10689999908208847,10.359499996411614,0.9098000009544194,True,28.24299999338109,True,11.409312737442074,1.0359789100083037,0.28,0.9061242016447245,224.2352191723711,0,14,0.29785625698102214,11.409312737442074,11.409312737442074,False,inf,0.0,True,0.3587395405983146,
store,facil,103,uniforme,0.0,0.9310266229029905,0.9310266229029905,1.0,14,14,138.90059999539517,0.035,2,tve,TVE (proposed),23.204600001918152,26,0.3445000038482249,5.739999993238598,8.045700000366196,1.9177000067429617,0.11709998943842947,6.060200001229532,0.6861000001663342,True,23.204600001918152,True,11.787518317980876,1.0147924739633947,0.28,0.6263882818447798,122.32674071492825,0,8,0.2848905056332051,11.787518317980876,11.787518317980876,False,inf,0.0,True,0.35000000000000003,
store,facil,103,uniforme,0.0,0.9310266229029905,0.9310266229029905,1.0,14,14,138.90059999539517,0.035,2,teselado,WDT,45.996499989996664,22,0.33680000342428684,24.80719999584835,8.44439999491442,1.3172999897506088,0.4098999925190583,,3.583000012440607,True,45.996499989996664,True,12.231302988602236,1.05299808532774,0.28,0.7002612932336122,130.40637450366634,0,13,0.8492761272972357,12.231302988602236,12.231302988602236,True,12.231302988602236,0.0,True,0.35000000000000003,5.19749999511987
workshop,dificil,105,concreto,0.17975629965473844,0.7490774907749077,0.7490774907749077,1.0,16,16,164.9665000004461,0.03,0,tve,TVE (proposed),22.599400006583892,28,0.41289998625870794,6.447500010835938,8.120999991660938,1.1597000120673329,0.12229999992996454,5.767800001194701,0.262100002146326,True,22.599400006583892,True,5.982088513008751,1.0061629650154746,0.3235863528731056,0.7739016932381078,42.66825895196886,0,5,1.0439273451790878,5.982088513008751,5.982088513008751,True,5.982088513008751,0.0,True,0.4141025781083427,
workshop,dificil,105,concreto,0.17975629965473844,0.7490774907749077,0.7490774907749077,1.0,16,16,164.9665000004461,0.03,0,teselado,WDT,37.91349999664817,20,0.3873999958159402,22.251699992921203,6.767700004274957,1.2170999980298802,0.451600004453212,,2.883500012103468,True,37.91349999664817,True,6.170306856108347,1.0378205250384605,0.35078999863005234,0.7993222499488792,129.7037590234805,0,9,0.3370113142764045,6.170306856108347,6.170306856108347,False,inf,0.0,True,0.4751101100864613,2.26390000898391
workshop,dificil,105,concreto,0.17975629965473844,0.7490774907749077,0.7490774907749077,1.0,16,16,164.9665000004461,0.03,1,teselado,WDT,39.98149999824818,20,0.4157999937888235,23.267099997610785,6.636900012381375,1.2085999915143475,0.5500999977812171,,2.3455000045942143,True,39.98149999824818,True,7.999648514247877,1.109360256528254,0.41491170834264746,0.8958530116043384,75.33347553605807,0,11,1.9825001935301947,7.999648514247877,7.999648514247877,True,7.999648514247877,0.0,True,0.5375907748136521,3.9649000100325793
workshop,dificil,105,concreto,0.17975629965473844,0.7490774907749077,0.7490774907749077,1.0,16,16,164.9665000004461,0.03,1,tve,TVE (proposed),22.920200004591607,26,0.4065000102855265,5.924799988861196,8.785500001977198,1.0829999955603853,0.09940000018104911,6.023199995979667,0.2601000014692545,True,22.920200004591607,True,7.852117823754873,1.0889012720666729,0.3442432911397146,0.7954733832725251,52.80809232150412,0,5,0.5669573305399394,7.852117823754873,7.852117823754873,False,inf,0.0,True,0.4405026237869049,
workshop,dificil,105,concreto,0.17975629965473844,0.7490774907749077,0.7490774907749077,1.0,16,16,164.9665000004461,0.03,2,tve,TVE (proposed),21.910299998125993,29,0.44920000073034316,6.461000011768192,8.118099998682737,1.259100012248382,0.1255999959539622,4.965000000083819,0.17549999756738544,True,21.910299998125993,True,6.508908721341709,1.003635605815756,0.3550720912892524,0.8165999936055319,19.253453889520603,0,3,1.1595338385139826,6.508908721341709,6.508908721341709,True,6.508908721341709,0.0,True,0.44999999999999996,
workshop,dificil,105,concreto,0.17975629965473844,0.7490774907749077,0.7490774907749077,1.0,16,16,164.9665000004461,0.03,2,teselado,WDT,44.32440000528004,20,0.38389999826904386,25.5643999989843,8.088399990811013,1.3297999976202846,0.7227000023704022,,2.2659999958705157,True,44.32440000528004,True,6.596691971254349,1.0171712688551953,0.36,0.7988163215028155,29.526054643418043,0,7,3.354857033877624,6.596691971254349,6.596691971254349,True,6.596691971254349,0.0,True,0.44999999999999996,4.264200004399754
workshop,dificil,104,concreto,0.1832195337275827,0.7332747928214697,0.7348880699631484,0.9970151481232744,16,16,154.8766999912914,0.03,0,tve,TVE (proposed),23.034000012557954,26,0.39319999632425606,6.156200004625134,7.727200005319901,1.3464999938150868,0.1294999965466559,6.592599995201454,0.34020000020973384,True,23.034000012557954,True,9.013113208848095,1.0598618779675266,0.2842610673755601,0.5425570461838353,66.42764813790542,0,8,0.8558619912914736,9.013113208848095,9.013113208848095,True,9.013113208848095,0.0,True,0.39307599085541367,
workshop,dificil,104,concreto,0.1832195337275827,0.7332747928214697,0.7348880699631484,0.9970151481232744,16,16,154.8766999912914,0.03,0,teselado,WDT,38.356600009137765,16,0.37650000012945384,22.050300001865253,6.452200002968311,1.1470999888842925,0.3699999942909926,,2.7053999947384,True,38.356600009137765,True,9.701841012269988,1.140850136544661,0.46312030220978523,1.3119641602894043,92.3968458271931,0,14,2.6900522025391678,9.701841012269988,9.701841012269988,True,9.701841012269988,0.0,True,0.5584119060588681,3.589899992221035
workshop,dificil,104,concreto,0.1832195337275827,0.7332747928214697,0.7348880699631484,0.9970151481232744,16,16,154.8766999912914,0.03,1,teselado,WDT,32.55930000159424,16,0.37570000858977437,21.54760000121314,6.404600004316308,1.0888000106206164,0.3125000075669959,,0.2531999925849959,True,32.55930000159424,True,6.124777546980789,1.0000000000000002,1.5899999999999999,1.8685349087191365,0.0,0,2,11863283.203031443,6.124777546980789,6.124777546980789,True,6.124777546980789,0.0,True,1.71,1.007800005027093
workshop,dificil,104,concreto,0.1832195337275827,0.7332747928214697,0.7348880699631484,0.9970151481232744,16,16,154.8766999912914,0.03,1,tve,TVE (proposed),21.418400006950833,23,0.3867999912472442,5.8911000087391585,9.685400000307709,1.6906999953789636,0.1370999962091446,3.3250999986194074,0.05990000499878079,True,21.418400006950833,True,6.124777546980788,1.0,1.5899999999999999,1.8685332956616323,0.0,0,2,inf,6.124777546980788,6.124777546980788,True,6.124777546980788,0.0,True,1.71,
workshop,dificil,104,concreto,0.1832195337275827,0.7332747928214697,0.7348880699631484,0.9970151481232744,16,16,154.8766999912914,0.03,2,tve,TVE (proposed),23.843499991926365,23,0.4056999896420166,6.380300008459017,7.614799993461929,1.3860999897588044,0.11379999341443181,7.354300003498793,0.22709999757353216,True,23.843499991926365,True,11.269363271422197,1.0020285851637218,0.2907309490327639,0.8087870359899643,19.491818824169837,0,4,1.132351809890949,11.269363271422197,11.269363271422197,True,11.269363271422197,0.0,True,0.32999999999999996,
workshop,dificil,104,concreto,0.1832195337275827,0.7332747928214697,0.7348880699631484,0.9970151481232744,16,16,154.8766999912914,0.03,2,teselado,WDT,44.043699992471375,16,0.3761999978451058,23.635600009583868,6.613399993511848,1.144699999713339,0.7658999966224656,,2.8172000020276755,True,44.043699992471375,True,11.289781847212232,1.0038441266559224,0.27088585398902687,0.8071701425963832,24.054636539699022,0,6,2.423081948324049,11.289781847212232,11.289781847212232,True,11.289781847212232,0.0,True,0.32999999999999996,7.043600009637885
store,facil,104,alfombra,0.0,0.9399359525111302,0.9399359525111302,1.0,11,11,138.5496000002604,0.035,0,tve,TVE (proposed),25.052299999515526,32,0.35239999124314636,5.9200000105192885,8.379599996260367,1.6015000001061708,0.15359999088104814,7.867599997553043,0.4827999946428463,True,25.052299999515526,True,14.055607012903398,1.2322603493929492,0.2888275335934325,0.61427411216348,139.8984330485849,0,8,0.4016002738815645,14.055607012903398,14.055607012903398,False,inf,0.0,True,0.34157338911031754,
store,facil,104,alfombra,0.0,0.9399359525111302,0.9399359525111302,1.0,11,11,138.5496000002604,0.035,0,teselado,WDT,41.99700000754092,20,0.33420001273043454,21.070899994811043,7.869599998230115,1.2462000013329089,0.5814000032842159,,3.343100004713051,True,41.99700000754092,True,11.974883049573851,1.0498424975215261,0.3563152305395575,0.8674846038002352,96.69002090612759,0,12,0.8578686613841653,11.974883049573851,11.974883049573851,True,11.974883049573851,0.0,True,0.4225160179971606,5.909800005611032
store,facil,104,alfombra,0.0,0.9399359525111302,0.9399359525111302,1.0,11,11,138.5496000002604,0.035,1,teselado,WDT,39.4566000031773,20,0.34139999479521066,20.16689999436494,7.513800010201521,1.3094000023556873,0.5803000094601884,,2.932199990027584,True,39.4566000031773,True,14.01241955714616,1.1339674610060777,0.3986527404103231,0.8146229833563232,106.30637743727871,0,14,1.5253288182550702,14.01241955714616,14.01241955714616,True,14.01241955714616,0.0,True,0.3986527404103231,4.93300000380259
store,facil,104,alfombra,0.0,0.9399359525111302,0.9399359525111302,1.0,11,11,138.5496000002604,0.035,1,tve,TVE (proposed),20.24840000376571,30,0.33769999572541565,5.741400003898889,7.932799999252893,1.1863999970955774,0.13899999612476677,4.366699999081902,0.3693999897222966,True,20.24840000376571,True,12.41430630570701,1.0046387309645612,0.33931339995500137,0.7506230711042452,61.95530180186601,0,6,0.5661786841613986,12.41430630570701,12.41430630570701,False,inf,0.0,True,0.4140516340346805,
store,facil,104,alfombra,0.0,0.9399359525111302,0.9399359525111302,1.0,11,11,138.5496000002604,0.035,2,tve,TVE (proposed),19.023500004550442,30,0.5180000007385388,5.617899994831532,7.60660000378266,1.223799990839325,0.1247000036528334,3.4697999944910407,0.17759999900590628,True,19.023500004550442,True,9.870642861418888,1.002049904381585,0.30956744255324203,0.7431187761631299,29.77507270756745,0,4,1.0269912822012754,9.870642861418888,9.870642861418888,True,9.870642861418888,0.0,True,0.3928690444088134,
store,facil,104,alfombra,0.0,0.9399359525111302,0.9399359525111302,1.0,11,11,138.5496000002604,0.035,2,teselado,WDT,35.154799988958985,20,0.32199999259319156,19.98460000322666,6.8832999968435615,1.2005000025965273,0.32729998929426074,,2.3741999902995303,True,35.154799988958985,True,10.161325907684478,1.0315595242518667,0.4511130676500072,0.7198466212204496,45.93184962232215,0,8,1.9856086433198956,10.161325907684478,10.161325907684478,True,10.161325907684478,0.0,True,0.5227364757965599,2.5526999961584806
store,facil,105,alfombra,0.0,0.9069136041888878,0.9069136041888878,1.0,13,13,143.2275999977719,0.035,0,tve,TVE (proposed),22.82180001202505,32,0.36269999691285193,5.707299991627224,8.52370000211522,1.326500001596287,0.1412999990861863,5.653200001688674,0.8030000026337802,True,22.82180001202505,True,8.594010611259579,1.0074050388643794,0.28058745655155115,0.7030435205952874,117.30718820388455,0,8,0.45461231078764136,8.594010611259579,8.594010611259579,False,inf,0.0,True,0.3286615707049385,
store,facil,105,alfombra,0.0,0.9069136041888878,0.9069136041888878,1.0,13,13,143.2275999977719,0.035,0,teselado,WDT,37.807400003657676,21,0.3902999887941405,21.270199998980388,7.1969000127865,1.2916999985463917,0.6269000004976988,,2.8378999995766208,True,37.807400003657676,True,9.67655423085615,1.1343027059144124,0.507801856591985,1.0734991059368104,101.25506000500395,0,12,1.3450674178700532,9.67655423085615,9.67655423085615,True,9.67655423085615,0.0,True,0.5846933360841725,2.5101999926846474
store,facil,105,alfombra,0.0,0.9069136041888878,0.9069136041888878,1.0,13,13,143.2275999977719,0.035,1,teselado,WDT,39.05340000346769,21,0.34440000308677554,22.401499998522922,7.421000002068467,1.3885000080335885,0.6436000112444162,,2.494000000297092,True,39.05340000346769,True,9.518660134397186,1.0544888275669684,0.43345745086669923,0.670306167571084,93.99835546098417,0,12,1.179724352079737,9.518660134397186,9.518660134397186,True,9.518660134397186,0.0,True,0.5246744251251221,2.551800003857352
store,facil,105,alfombra,0.0,0.9069136041888878,0.9069136041888878,1.0,13,13,143.2275999977719,0.035,1,tve,TVE (proposed),24.940700008301064,32,0.3434999962337315,5.884500016691163,8.29919999523554,1.6457000019727275,0.17559999832883477,7.8588000033050776,0.3049000079045072,True,24.940700008301064,True,9.16807298161542,1.0156503534038923,0.3190337110031495,0.4521490247844868,65.69706514133308,0,5,0.3869124325351707,9.16807298161542,9.16807298161542,False,inf,0.0,True,0.3897772418231122,
store,facil,105,alfombra,0.0,0.9069136041888878,0.9069136041888878,1.0,13,13,143.2275999977719,0.035,2,tve,TVE (proposed),21.144500002264977,28,0.3800999984377995,5.698400011169724,8.86289999471046,1.14229999599047,0.2604000037536025,4.2710999987320974,0.05269999383017421,True,21.144500002264977,True,6.488607323609591,1.0,0.31500000000000006,0.525,0.0,0,2,16777216.0,6.488607323609591,6.488607323609591,True,6.488607323609591,0.0,True,0.31500000000000006,
store,facil,105,alfombra,0.0,0.9069136041888878,0.9069136041888878,1.0,13,13,143.2275999977719,0.035,2,teselado,WDT,34.69220000260975,21,0.33090000215452164,21.71509999607224,7.318100004340522,1.3485999952536076,0.39989998913370073,,0.23609999334439635,True,34.69220000260975,True,6.488607323609591,1.0,0.31500000000000006,0.525,0.0,0,2,16777216.0,6.488607323609591,6.488607323609591,True,6.488607323609591,0.0,True,0.31500000000000006,1.672300000791438
store,medio,102,alfombra,0.08456799718670932,0.8425032491827813,0.8425032491827813,1.0,11,11,147.7695999928983,0.035,0,tve,TVE (proposed),20.79039999807719,26,0.3586000093491748,6.194900008267723,7.863399980124086,1.6099000058602542,0.14109999756328762,4.101299986359663,0.2901999978348613,True,20.79039999807719,True,7.696298935792625,1.0052573103303792,0.30645941950970146,0.9839070321273703,45.89945827198342,0,5,0.7555839101295567,7.696298935792625,7.696298935792625,False,inf,0.0,True,0.41145941950970155,
store,medio,102,alfombra,0.08456799718670932,0.8425032491827813,0.8425032491827813,1.0,11,11,147.7695999928983,0.035,0,teselado,WDT,41.627800004789606,15,0.3412999940337613,21.774399996502325,9.483100002398714,1.9655999931273982,0.712799999746494,,2.1681000071112067,True,41.627800004789606,True,8.138238279455347,1.0629815177248532,0.6302924480499004,1.0564766304944746,84.31615138676108,0,11,2.5244169463099886,8.138238279455347,8.138238279455347,True,8.138238279455347,0.0,True,0.7448546753221718,3.381300004548393
store,medio,102,alfombra,0.08456799718670932,0.8425032491827813,0.8425032491827813,1.0,11,11,147.7695999928983,0.035,1,teselado,WDT,41.275199997471645,15,0.534399994648993,21.679099998436868,6.740400000126101,1.129699987359345,0.4731999943032861,,4.340500003308989,True,41.275199997471645,True,13.288951080969593,1.0256556601582094,0.28,0.9430856215192184,80.0224497939178,0,10,1.4717826174054651,13.288951080969593,13.288951080969593,True,13.288951080969593,0.0,True,0.29750000000000004,4.718800002592616
store,medio,102,alfombra,0.08456799718670932,0.8425032491827813,0.8425032491827813,1.0,11,11,147.7695999928983,0.035,1,tve,TVE (proposed),32.604099993477575,27,0.33819999953266233,7.833700001356192,11.699900001985952,2.6406999968457967,0.21770001330878586,8.553799998480827,0.9461000008741394,True,32.604099993477575,True,13.111261268018678,1.0119413676384224,0.28,0.8876553803150129,77.64492435410617,0,7,0.8011303322167767,13.111261268018678,13.111261268018678,True,13.111261268018678,0.0,True,0.3067564271099244,
store,medio,102,alfombra,0.08456799718670932,0.8425032491827813,0.8425032491827813,1.0,11,11,147.7695999928983,0.035,2,tve,TVE (proposed),21.263200003886595,23,0.35940000088885427,6.025499998941086,8.798900002148002,1.3412000116659328,0.14630000805482268,4.011599987279624,0.2023999986704439,True,21.263200003886595,True,8.73515729715251,1.0023634279705582,0.31421897718538755,1.0882003825806281,24.960606719443415,0,4,1.0539572454188,8.73515729715251,8.73515729715251,True,8.73515729715251,0.0,True,0.44308007097952096,
store,medio,102,alfombra,0.08456799718670932,0.8425032491827813,0.8425032491827813,1.0,11,11,147.7695999928983,0.035,2,teselado,WDT,36.87369999533985,15,0.31790000502951443,21.52619999833405,6.808899997849949,1.2024000025121495,0.3029999934369698,,2.401499994448386,True,36.87369999533985,True,9.14905183336739,1.0498580216024176,0.35000000000000003,1.301253706501259,52.404324725649445,0,9,4.697467513302502,9.14905183336739,9.14905183336739,True,9.14905183336739,0.0,True,0.4613489437103272,2.8279999969527125
store,medio,104,uniforme,0.11365949003694073,0.8686299985563736,0.8686299985563736,1.0,11,11,147.1771000069566,0.035,0,tve,TVE (proposed),24.203000008128583,23,0.34840000444091856,6.165500002680346,7.699699999648146,1.6288999904645607,0.11419999646022916,7.5877999915974215,0.29260000155773014,True,24.203000008128583,True,10.418000142204601,1.0042271452922762,0.3054059958586383,0.6045564369143356,66.29728349517605,0,7,0.8604118929233733,10.418000142204601,10.418000142204601,True,10.418000142204601,0.0,True,0.35178947298728075,
store,medio,104,uniforme,0.11365949003694073,0.8686299985563736,0.8686299985563736,1.0,11,11,147.1771000069566,0.035,0,teselado,WDT,37.33900000224821,18,0.3146999952150509,20.27079999970738,6.97980000404641,1.276099996175617,0.45700000191573054,,2.8488999960245565,True,37.33900000224821,True,12.14581938052864,1.1707776307596383,0.4575243113889059,1.1834246535514703,118.72112800041512,0,15,2.9897370373320444,12.14581938052864,12.14581938052864,True,12.14581938052864,0.0,True,0.56,3.4001000021817163
store,medio,104,uniforme,0.11365949003694073,0.8686299985563736,0.8686299985563736,1.0,11,11,147.1771000069566,0.035,1,teselado,WDT,43.479100000695325,18,0.33969999640248716,19.995499998913147,6.92729999718722,1.2171999987913296,0.5111999926157296,,5.707999996957369,True,43.479100000695325,True,12.853405658660394,1.0707853753021428,0.2888049380474499,0.8970894387484809,239.9841680020075,0,15,0.32382235236767337,12.853405658660394,12.853405658660394,False,inf,0.0,True,0.36525935927522774,6.964799991692416
store,medio,104,uniforme,0.11365949003694073,0.8686299985563736,0.8686299985563736,1.0,11,11,147.1771000069566,0.035,1,tve,TVE (proposed),24.15080000355374,26,0.34840000444091856,5.976600019494072,8.492699984344654,1.9903999927919358,0.2052000054391101,6.528099998831749,0.3146999952150509,True,24.15080000355374,True,13.074515190769059,1.0892054625233325,0.3224835427828589,0.9419304572811127,65.23886431081073,0,6,0.6508809715164244,13.074515190769059,13.074515190769059,False,inf,0.0,True,0.3791168368242518,
store,medio,104,uniforme,0.11365949003694073,0.8686299985563736,0.8686299985563736,1.0,11,11,147.1771000069566,0.035,2,tve,TVE (proposed),26.58010000595823,21,0.34759999834932387,6.027900002663955,7.622799996170215,1.998400010052137,0.12740000966005027,9.174999999231659,0.8667999936733395,True,26.58010000595823,True,12.956507186575886,1.0115078112388083,0.28,0.5957074365149396,149.11581093070944,0,10,0.30276889183043404,12.956507186575886,12.956507186575886,False,inf,0.0,True,0.31500000000000006,
store,medio,104,uniforme,0.11365949003694073,0.8686299985563736,0.8686299985563736,1.0,11,11,147.1771000069566,0.035,2,teselado,WDT,44.660100000328384,18,0.3327000013086945,21.287700001266785,11.735799998859875,2.0176999969407916,0.39629999082535505,,3.6364999978104606,True,44.660100000328384,True,13.355887139329562,1.042687197476566,0.28,0.553110799335703,111.39051865720431,0,9,0.6566805024097724,13.355887139329562,13.355887139329562,False,inf,0.0,True,0.31500000000000006,3.0648999963887036
store,medio,100,uniforme,0.09847353798946121,0.8278303469565801,0.8278303469565801,1.0,14,14,148.46310000575613,0.035,0,tve,TVE (proposed),19.30849999189377,22,0.3566999948816374,6.119199999375269,7.472800003597513,1.5580999897792935,0.11550000635907054,3.3682999928714707,0.07150000601541251,True,19.30849999189377,True,6.99343442094083,1.0,0.45500000000000007,0.7414508455945524,0.0,0,2,16777216.0,6.99343442094083,6.99343442094083,True,6.99343442094083,0.0,True,0.45500000000000007,
store,medio,100,uniforme,0.09847353798946121,0.8278303469565801,0.8278303469565801,1.0,14,14,148.46310000575613,0.035,0,teselado,WDT,30.225800001062453,18,0.36079999699722975,18.509700006688945,6.595999991986901,1.2146999943070114,0.43590000132098794,,0.2373000024817884,True,30.225800001062453,True,6.9934344209408295,0.9999999999999999,0.45500000000000007,0.7414508455945524,0.0,0,2,16777216.0,6.9934344209408295,6.9934344209408295,True,6.9934344209408295,0.0,True,0.45500000000000007,1.3891999988118187
store,medio,100,uniforme,0.09847353798946121,0.8278303469565801,0.8278303469565801,1.0,14,14,148.46310000575613,0.035,1,teselado,WDT,39.15009999764152,18,0.32449999707750976,18.575399997644126,6.798000002163462,1.2212000001454726,0.4820000031031668,,6.141900012153201,True,39.15009999764152,True,7.996633583911291,1.1118079330886335,0.2824900452451386,0.6222125830595117,262.3486120708368,0,17,0.2503688749568461,7.996633583911291,7.996633583911291,False,inf,0.0,True,0.3582823614374215,3.925800003344193
store,medio,100,uniforme,0.09847353798946121,0.8278303469565801,0.8278303469565801,1.0,14,14,148.46310000575613,0.035,1,tve,TVE (proposed),21.98560000397265,24,0.3440000000409782,6.1295999912545085,7.540799997514114,0.9966999932657927,0.10140000085812062,5.388300007325597,1.1518999963300303,True,21.98560000397265,True,7.276047637604956,1.0116216280430412,0.295457318834776,0.5335902350441035,111.32940732458967,0,8,0.5375728886971897,7.276047637604956,7.276047637604956,False,inf,0.0,True,0.3783273616613809,
store,medio,100,uniforme,0.09847353798946121,0.8278303469565801,0.8278303469565801,1.0,14,14,148.46310000575613,0.035,2,tve,TVE (proposed),24.004599996260367,28,0.3541999903973192,6.804000004194677,7.397499997750856,1.9066000095335767,0.2094000083161518,6.77469999936875,0.08820000221021473,True,24.004599996260367,True,6.560796445554457,1.0,0.4056745052337647,0.782787658126273,0.0,0,2,16777216.0,6.560796445554457,6.560796445554457,True,6.560796445554457,0.0,True,0.665,
store,medio,100,uniforme,0.09847353798946121,0.8278303469565801,0.8278303469565801,1.0,14,14,148.46310000575613,0.035,2,teselado,WDT,33.82749999582302,18,0.5116000102134421,21.51739998953417,7.257000004756264,1.1900999961653724,0.3282999969087541,,0.28419999580364674,True,33.82749999582302,True,6.560796445554455,0.9999999999999997,0.4056745052337647,0.7827875856067412,0.0,0,2,inf,6.560796445554455,6.560796445554455,True,6.560796445554455,0.0,True,0.665,1.2304000119911507
store,medio,103,baldosa,0.09216713248856032,0.8606768089679295,0.8606768089679295,1.0,14,14,147.99399999901652,0.035,0,tve,TVE (proposed),21.859200001927093,32,0.3735000063898042,5.851800000527874,8.1923999969149,1.2260999938007444,0.13110000872984529,5.388500008848496,0.45259999751579016,True,21.859200001927093,True,11.732470622644312,1.0106446152022313,0.32344837580354463,0.6530938235329896,126.48017890817896,0,10,0.46430162190099716,11.732470622644312,11.732470622644312,False,inf,0.0,True,0.4055659580230713,
store,medio,103,baldosa,0.09216713248856032,0.8606768089679295,0.8606768089679295,1.0,14,14,147.99399999901652,0.035,0,teselado,WDT,45.10930000105873,24,0.3479000006336719,25.339900006656535,7.118599998648278,1.3041999918641523,0.651299997116439,,3.874400004860945,True,45.10930000105873,True,12.00207027378986,1.0338681496524063,0.2642532625363821,0.7236777643089454,79.91355243923535,0,8,1.055249918271524,12.00207027378986,12.00207027378986,True,12.00207027378986,0.0,True,0.3532825356628728,4.748699997435324
store,medio,103,baldosa,0.09216713248856032,0.8606768089679295,0.8606768089679295,1.0,14,14,147.99399999901652,0.035,1,teselado,WDT,53.98929999500979,24,0.5291999987093732,23.022000008495525,12.892099999589846,2.219600006355904,1.2500000011641532,,3.695699997479096,True,53.98929999500979,True,9.273630237065575,1.0003314074102159,0.302712624982396,1.206790069318527,5.6217167719824035,0,4,30.176951862661237,9.273630237065575,9.273630237065575,True,9.273630237065575,0.0,True,0.442712624982396,8.119199992506765
store,medio,103,baldosa,0.09216713248856032,0.8606768089679295,0.8606768089679295,1.0,14,14,147.99399999901652,0.035,1,tve,TVE (proposed),23.36469999863766,33,0.3409000055398792,5.907999991904944,7.881500001531094,1.5719000075478107,0.1584999990882352,6.8802000023424625,0.2818999928422272,True,23.36469999863766,True,9.278351637799341,1.000840697226633,0.3793238609933126,1.2445640256234691,6.217572689280272,0,3,3.1380333274364025,9.278351637799341,9.278351637799341,True,9.278351637799341,0.0,True,0.5193238609933127,
store,medio,103,baldosa,0.09216713248856032,0.8606768089679295,0.8606768089679295,1.0,14,14,147.99399999901652,0.035,2,tve,TVE (proposed),19.78610000514891,33,0.3632000007200986,5.762199987657368,8.121999999275431,1.4727999950991943,0.15409999468829483,3.5035000037169084,0.17100000695791095,True,19.78610000514891,True,7.100497599396917,1.0026483107698005,0.3526720504158913,0.9491957532618551,19.790267491540263,0,3,1.0890838339281863,7.100497599396917,7.100497599396917,True,7.100497599396917,0.0,True,0.4639369410846569,
store,medio,103,baldosa,0.09216713248856032,0.8606768089679295,0.8606768089679295,1.0,14,14,147.99399999901652,0.035,2,teselado,WDT,38.0105999938678,24,0.33569999504834414,21.25430000887718,7.164499998907559,1.3472999999066815,0.7585999992443249,,2.0581999997375533,True,38.0105999938678,True,7.200831057716109,1.0168162153552445,0.38496623057604507,0.934075278939446,31.709178529192464,0,7,5.643471116545791,7.200831057716109,7.200831057716109,True,7.200831057716109,0.0,True,0.49000000000000005,3.514500000164844
store,medio,101,alfombra,0.06524023171856015,0.8300023623907394,0.8300023623907394,1.0,12,12,133.98179999785498,0.035,0,tve,TVE (proposed),40.96699999354314,27,0.35200000274926424,12.64840000658296,22.0425999868894,1.3880000042263418,0.1703000016277656,3.740500003914349,0.1824999926611781,True,40.96699999354314,True,8.689305609394358,1.0015962946173764,0.31313905772855294,1.086679868484426,36.79047250049566,0,4,0.8409036709433012,8.689305609394358,8.689305609394358,True,8.689305609394358,0.0,True,0.42000000000000004,
store,medio,101,alfombra,0.06524023171856015,0.8300023623907394,0.8300023623907394,1.0,12,12,133.98179999785498,0.035,0,teselado,WDT,39.28939999605063,20,0.36780000664293766,21.89009998983238,6.911000004038215,1.3359000004129484,0.626600012765266,,2.570600001490675,True,39.28939999605063,True,8.7681257630299,1.0106817126440113,0.4099454834340072,1.1676568966513086,43.45364538354991,0,6,1.5289026677435356,8.7681257630299,8.7681257630299,True,8.7681257630299,0.0,True,0.42000000000000004,3.5149000032106414
store,medio,101,alfombra,0.06524023171856015,0.8300023623907394,0.8300023623907394,1.0,12,12,133.98179999785498,0.035,1,teselado,WDT,44.002999988151714,20,0.5545000021811575,25.15750000020489,9.093999993638135,1.3582999963546172,0.36780000664293766,,2.4732000019866973,True,44.002999988151714,True,10.532526506208312,1.0445804989271041,0.45500000000000007,1.1352655029874494,59.18641343258136,0,11,5.318488204167144,10.532526506208312,10.532526506208312,True,10.532526506208312,0.0,True,0.45500000000000007,3.299699994386174
store,medio,101,alfombra,0.06524023171856015,0.8300023623907394,0.8300023623907394,1.0,12,12,133.98179999785498,0.035,1,tve,TVE (proposed),43.99130000092555,29,0.3378999972483143,14.51170000655111,23.069099988788366,1.487400004407391,0.11950000771321356,3.4905999928014353,0.19669999892357737,True,43.99130000092555,True,10.104966356382365,1.0021765235501345,0.3424380841400017,1.0974962716158576,26.92194902770692,0,4,0.9192125684776163,10.104966356382365,10.104966356382365,True,10.104966356382365,0.0,True,0.3936595402129451,
store,medio,101,alfombra,0.06524023171856015,0.8300023623907394,0.8300023623907394,1.0,12,12,133.98179999785498,0.035,2,tve,TVE (proposed),44.26570000941865,29,0.3569000109564513,12.662899986025877,21.02470000681933,1.3609999878099188,0.1348999940091744,7.289200002560392,0.4454000008990988,True,44.26570000941865,True,10.005179706962386,1.0037240535803444,0.3202779403418255,0.5532563118454651,61.92047025523169,0,6,0.8812890685131775,10.005179706962386,10.005179706962386,True,10.005179706962386,0.0,True,0.38467180258820405,
store,medio,101,alfombra,0.06524023171856015,0.8300023623907394,0.8300023623907394,1.0,12,12,133.98179999785498,0.035,2,teselado,WDT,41.126300013274886,20,0.4997000069124624,21.909000002779067,6.997499993303791,1.224699997692369,0.4528999998001382,,3.1501000048592687,True,41.126300013274886,True,10.566329107689416,1.0600188096625336,0.3967594705308099,0.7772318322497909,133.49516507577522,0,13,1.3047254906606855,10.566329107689416,10.566329107689416,True,10.566329107689416,0.0,True,0.42000000000000004,5.274900002405047
store,medio,105,baldosa,0.004232040960628702,0.7871239217336419,0.7871239217336419,1.0,13,13,147.1678000089014,0.035,0,tve,TVE (proposed),24.71710000827443,33,0.5430999881355092,8.343699999386445,8.091399999102578,1.3040000048931688,0.1314999972237274,4.8633999977028,0.9808000031625852,True,24.71710000827443,True,8.790332967102625,0.9996266147467113,0.2818674692370229,0.8009956649307031,49.544195147268375,0,5,0.8002294801284636,8.790332967102625,8.790332967102625,True,8.790332967102625,0.0,True,0.395279865982995,
store,medio,105,baldosa,0.004232040960628702,0.7871239217336419,0.7871239217336419,1.0,13,13,147.1678000089014,0.035,0,teselado,WDT,45.622899997397326,24,0.5154999962542206,24.427500000456348,7.866800006013364,1.4229999942472205,0.792499995441176,,3.605200006859377,True,45.622899997397326,True,8.913098616080925,1.0135873839865837,0.3031866915804801,0.8543692114970698,53.29627342913114,0,6,0.6028198276566475,8.913098616080925,8.913098616080925,False,inf,0.0,True,0.43630435986133,5.248299989034422
store,medio,105,baldosa,0.004232040960628702,0.7871239217336419,0.7871239217336419,1.0,13,13,147.1678000089014,0.035,1,teselado,WDT,41.853999995510094,24,0.3558000025805086,21.822599999723025,7.643799996003509,1.4542999997502193,0.7612999906996265,,3.8032999873394147,True,41.853999995510094,True,10.698742095821743,1.185366059090748,0.31677197831721415,1.0218055556079682,204.46345162181066,0,14,0.5494949111244387,10.698742095821743,10.698742095821743,False,inf,0.0,True,0.8188335979856637,4.198599999654107
store,medio,105,baldosa,0.004232040960628702,0.7871239217336419,0.7871239217336419,1.0,13,13,147.1678000089014,0.035,1,tve,TVE (proposed),22.27679999487009,35,0.34949999826494604,6.1710000154562294,8.024699985980988,1.5962999896146357,0.1331999956164509,5.2503000042634085,0.3559000033419579,True,22.27679999487009,True,9.11346029801555,1.0097249210594184,0.2906984998352962,0.6868241418588695,46.512334530926395,0,6,0.8563500268305442,9.11346029801555,9.11346029801555,True,9.11346029801555,0.0,True,0.4721195793067089,
store,medio,105,baldosa,0.004232040960628702,0.7871239217336419,0.7871239217336419,1.0,13,13,147.1678000089014,0.035,2,tve,TVE (proposed),31.285999997635372,33,0.3622999938670546,6.005600007483736,12.771699999575503,2.4993000115500763,0.26610000350046903,8.598599990364164,0.27990000671707094,True,31.285999997635372,True,11.684425957704084,1.0054985021483627,0.33874637569689253,0.9287722080997822,58.75908206669136,0,6,0.801600344304935,11.684425957704084,11.684425957704084,True,11.684425957704084,0.0,True,0.385,
store,medio,105,baldosa,0.004232040960628702,0.7871239217336419,0.7871239217336419,1.0,13,13,147.1678000089014,0.035,2,teselado,WDT,42.32770000817254,24,0.3443000023253262,21.498399990377948,7.234300006530248,1.5269999857991934,0.902600004337728,,5.212699994444847,True,42.32770000817254,True,12.248247185928374,1.0540179075955063,0.25186417941375916,0.8691717589756707,61.128277023497375,0,8,0.7003835167119117,12.248247185928374,12.248247185928374,False,inf,0.0,True,0.385,3.811000002315268
store,dificil,101,concreto,0.19505277191217835,0.8330382351533713,0.8394252097598611,0.9909489383503159,11,12,188.86739999288693,0.035,0,tve,TVE (proposed),20.651200000429526,28,0.345199994626455,5.807000008644536,7.549699992523529,1.4044000126887113,0.12569999671541154,4.831800004467368,0.21340000967029482,True,20.651200000429526,True,14.606592031842085,1.0019186592939024,0.34917514197364197,0.9889273636415794,20.440919154124597,0,3,0.9803520691691829,14.606592031842085,14.606592031842085,True,14.606592031842085,0.0,True,0.3460921376512144,
store,dificil,101,concreto,0.19505277191217835,0.8330382351533713,0.8394252097598611,0.9909489383503159,11,12,188.86739999288693,0.035,0,teselado,WDT,41.648099999292754,18,0.32219999411609024,23.708200009423308,6.631500000366941,1.160400002845563,0.6314000056590885,,2.8888999950140715,True,41.648099999292754,True,14.800728399761086,1.0152351707047482,0.38643331604536096,0.9833929408556916,41.77252371117188,0,11,11.387888668838771,14.800728399761086,14.800728399761086,True,14.800728399761086,0.0,True,0.28064101821570514,4.491500003496185
store,dificil,101,concreto,0.19505277191217835,0.8330382351533713,0.8394252097598611,0.9909489383503159,11,12,188.86739999288693,0.035,1,teselado,WDT,40.98580000572838,18,0.3231999871786684,21.424600010504946,6.800599992857315,1.2361999979475513,0.44180000259075314,,4.3615999893518165,True,40.98580000572838,True,12.612163538329487,1.2141547678008058,0.28,0.9741717137286309,130.32448712827372,0,15,2.3662384109897676,12.612163538329487,12.612163538329487,True,12.612163538329487,0.0,True,0.28,4.201799994916655
store,dificil,101,concreto,0.19505277191217835,0.8330382351533713,0.8394252097598611,0.9909489383503159,11,12,188.86739999288693,0.035,1,tve,TVE (proposed),29.313499995623715,22,0.5273999995552003,6.352999989758246,7.52360001206398,2.453699999023229,0.11949999316129833,11.175499996170402,0.8218000002671033,True,29.313499995623715,True,10.586678448000965,1.0191642436089863,0.28,0.5801482574369137,131.47749602319968,0,8,0.36230726312625866,10.586678448000965,10.586678448000965,False,inf,0.0,True,0.28,
store,dificil,101,concreto,0.19505277191217835,0.8330382351533713,0.8394252097598611,0.9909489383503159,11,12,188.86739999288693,0.035,2,tve,TVE (proposed),20.651800004998222,23,0.36920000275131315,5.628300001262687,7.976900000358,0.8959000115282834,0.10830000974237919,5.028699990361929,0.30080000578891486,True,20.651800004998222,True,11.85918148177186,1.003025742822473,0.29979893811666236,1.0480851214238973,77.08648530407132,0,7,0.827359292519806,11.85918148177186,11.85918148177186,True,11.85918148177186,0.0,True,0.3537889850880722,
store,dificil,101,concreto,0.19505277191217835,0.8330382351533713,0.8394252097598611,0.9909489383503159,11,12,188.86739999288693,0.035,2,teselado,WDT,46.45850000088103,18,0.35119999665766954,21.94989999406971,6.78949999564793,1.189000002341345,0.7162999972933903,,6.65679998928681,True,46.45850000088103,True,12.477925282848226,1.05535785036677,0.32189147949218755,1.2270467300539067,149.89329942009957,0,16,0.39825219323987404,12.477925282848226,12.477925282848226,False,inf,0.0,True,0.3949739837684699,6.851099999039434
store,dificil,102,madera,0.164212088391876,0.7924430450083348,0.7924430450083348,1.0,11,11,155.53250000812113,0.035,0,tve,TVE (proposed),19.021900006919168,20,0.36299999919719994,6.096899989643134,7.128000012016855,1.413299993146211,0.08630000229459256,3.522499988321215,0.18180000188294798,True,19.021900006919168,True,7.333476021638389,1.0006872728095602,0.3574116219783407,0.9804923310972385,5.853887796740944,0,3,3.15911520243059,7.333476021638389,7.333476021638389,True,7.333476021638389,0.0,True,0.49000000000000005,
store,dificil,102,madera,0.164212088391876,0.7924430450083348,0.7924430450083348,1.0,11,11,155.53250000812113,0.035,0,teselado,WDT,34.7291999933077,12,0.3308999876026064,20.214000003761612,6.383700005244464,1.1171999940415844,0.32869999995455146,,2.1566000068560243,True,34.7291999933077,True,7.340761669688061,1.0016814337307882,0.31099290233889093,0.9463985957510803,13.568844618827741,0,4,2.429997700493035,7.340761669688061,7.340761669688061,True,7.340761669688061,0.0,True,0.49000000000000005,2.591600001323968
store,dificil,102,madera,0.164212088391876,0.7924430450083348,0.7924430450083348,1.0,11,11,155.53250000812113,0.035,1,teselado,WDT,48.48689999198541,12,0.3429999924264848,20.65510000102222,6.501900003058836,1.1558999976841733,0.31210000452119857,,6.943000000319444,True,48.48689999198541,True,16.407482770539293,1.0908147219611675,0.31500000000000006,0.7012002464731838,185.5017954007983,0,16,0.6178119853599982,16.407482770539293,16.407482770539293,False,inf,0.0,True,0.31500000000000006,10.74460000381805
store,dificil,102,madera,0.164212088391876,0.7924430450083348,0.7924430450083348,1.0,11,11,155.53250000812113,0.035,1,tve,TVE (proposed),36.97620000457391,18,0.48970000352710485,8.83849999809172,11.276899997028522,1.9142000091960654,0.18840000848285854,13.275400007842109,0.5571999936364591,True,36.97620000457391,True,15.896214338127962,1.0568241860119436,0.3116682416083886,0.7668183481997124,169.57716056411905,0,12,0.6182604274805399,15.896214338127962,15.896214338127962,False,inf,0.0,True,0.31500000000000006,
store,dificil,102,madera,0.164212088391876,0.7924430450083348,0.7924430450083348,1.0,11,11,155.53250000812113,0.035,2,tve,TVE (proposed),21.090600013849325,20,0.345199994626455,6.041700005880557,7.246099994517863,1.0708000045269728,0.10770000517368317,5.455399994389154,0.41939999209716916,True,21.090600013849325,True,11.711270519052563,1.0072018820541027,0.30427617612518143,0.6879717450281424,108.98215900756587,0,9,0.6535794952534109,11.711270519052563,11.711270519052563,False,inf,0.0,True,0.36290388973010995,
store,dificil,102,madera,0.164212088391876,0.7924430450083348,0.7924430450083348,1.0,11,11,155.53250000812113,0.035,2,teselado,WDT,45.37920000439044,12,0.33379999513272196,20.625499993911944,6.402700004400685,1.0954999888781458,0.3845000028377399,,6.821900009526871,True,45.37920000439044,True,12.55716035611647,1.0799507639551016,0.385,0.6981728241430745,146.62431974907724,0,15,1.112690524352,12.55716035611647,12.55716035611647,True,12.55716035611647,0.0,True,0.385,7.458599997335114
store,dificil,100,madera,0.1696661718204755,0.779716191017983,0.779716191017983,1.0,14,14,148.62739999080077,0.035,0,tve,TVE (proposed),20.899099996313453,29,0.35519999801181257,6.330600008368492,7.671600003959611,1.32310000481084,0.11319998884573579,4.614000004949048,0.26699999580159783,True,20.899099996313453,True,9.838393794962602,1.0075214425767882,0.35502947292456233,0.7914879296830629,59.53758054185741,0,5,0.6189530019568265,9.838393794962602,9.838393794962602,False,inf,0.0,True,0.4509874139733548,
store,dificil,100,madera,0.1696661718204755,0.779716191017983,0.779716191017983,1.0,14,14,148.62739999080077,0.035,0,teselado,WDT,34.66009999101516,20,0.3357999958097935,18.39250000193715,6.761099997675046,1.2559000024339184,0.5772000004071742,,2.453699999023229,True,34.66009999101516,True,10.028112678571993,1.0269500045231559,0.3134586888788193,0.7790585490919851,66.19767352999142,0,7,0.6705034278772348,10.028112678571993,10.028112678571993,False,inf,0.0,True,0.422449128417451,3.3690999989630654
store,dificil,100,madera,0.1696661718204755,0.779716191017983,0.779716191017983,1.0,14,14,148.62739999080077,0.035,1,teselado,WDT,43.10460000124294,20,0.33290000283159316,19.04600000125356,6.830599988461472,1.3252999924588948,0.417799994465895,,6.166300008771941,True,43.10460000124294,True,12.540220676348394,1.0906784395895817,0.26062421363770927,0.7258107714866568,164.7730609143066,0,14,0.7016293667139052,12.540220676348394,12.540220676348394,False,inf,0.0,True,0.365398431195197,7.338700001128018
store,dificil,100,madera,0.1696661718204755,0.779716191017983,0.779716191017983,1.0,14,14,148.62739999080077,0.035,1,tve,TVE (proposed),25.350500000058673,26,0.3364000003784895,6.119199984823354,7.639100003871135,1.888300001155585,0.14119999832473695,8.505500009050593,0.374700000975281,True,25.350500000058673,True,11.816767274868415,1.0277564984685483,0.2914856654117364,0.7008369580421026,98.32939108368515,0,8,0.7999372397687774,11.816767274868415,11.816767274868415,True,11.816767274868415,0.0,True,0.38638063530935385,
store,dificil,100,madera,0.1696661718204755,0.779716191017983,0.779716191017983,1.0,14,14,148.62739999080077,0.035,2,tve,TVE (proposed),23.5679000033997,28,0.35489999572746456,6.401699996786192,7.571499998448417,1.087800003006123,0.145800004247576,7.274500007042661,0.46239999937824905,True,23.5679000033997,True,10.98878036576089,1.006010820517462,0.2865225929963565,0.5372127917998923,158.17360050182808,0,10,0.5677604480298301,10.98878036576089,10.98878036576089,False,inf,0.0,True,0.365108287218885,
store,dificil,100,madera,0.1696661718204755,0.779716191017983,0.779716191017983,1.0,14,14,148.62739999080077,0.035,2,teselado,WDT,42.37250000005588,20,0.3243000101065263,18.475999997463077,6.766599995899014,2.1092000097269192,1.0019000037573278,,6.197299997438677,True,42.37250000005588,True,11.750044883818394,1.0757037543054628,0.26951922159085057,0.5549333142707363,207.2101649406558,0,19,0.5488617076060708,11.750044883818394,11.750044883818394,False,inf,0.0,True,0.4173962194382963,5.784100008895621
store,dificil,104,madera,0.20733217033687396,0.8290448141641693,0.8290448141641693,1.0,11,11,150.79879999393597,0.035,0,tve,TVE (proposed),20.455000005313195,29,0.3530999965732917,5.820700011099689,7.405299998936243,1.4072999911149964,0.12540000898297876,5.013500005588867,0.06260001100599766,True,20.455000005313195,True,10.36378309306018,1.0,0.4307419898819561,0.6752123573851067,0.0,0,2,16777216.0,10.36378309306018,10.36378309306018,True,10.36378309306018,0.0,True,0.5537436762225975,
store,dificil,104,madera,0.20733217033687396,0.8290448141641693,0.8290448141641693,1.0,11,11,150.79879999393597,0.035,0,teselado,WDT,33.57730001152959,16,0.3262999962316826,19.081000005826354,6.877599997096695,1.8018999980995432,0.7889999978942797,,0.31709999893791974,True,33.57730001152959,True,10.363783093060178,0.9999999999999998,0.43060606060606094,0.6752115072318593,0.0,0,2,16777216.0,10.363783093060178,10.363783093060178,True,10.363783093060178,0.0,True,0.5536363636363635,2.5327000039396808
store,dificil,104,madera,0.20733217033687396,0.8290448141641693,0.8290448141641693,1.0,11,11,150.79879999393597,0.035,1,teselado,WDT,40.60189999290742,16,0.555599996005185,20.765499997651204,6.6617999982554466,1.1565999884624034,0.7095000037224963,,3.848200009088032,True,40.60189999290742,True,15.405379892446357,1.143015123708342,0.2744841785711378,0.7020720994115756,133.8586038878873,0,14,0.6022519492980353,15.405379892446357,15.405379892446357,False,inf,0.0,True,0.35058468557534256,5.124000002979301
store,dificil,104,madera,0.20733217033687396,0.8290448141641693,0.8290448141641693,1.0,11,11,150.79879999393597,0.035,1,tve,TVE (proposed),23.18580000428483,26,0.3476999991107732,5.9385000058682635,8.342499990249053,1.31639999744948,0.1078000059351325,6.342399996356107,0.44499999785330147,True,23.18580000428483,True,13.541972064610281,1.0047580119900201,0.302324446819627,0.6279478897208587,114.47312999368744,0,9,0.735539149108139,13.541972064610281,13.541972064610281,False,inf,0.0,True,0.4050802580870099,
store,dificil,104,madera,0.20733217033687396,0.8290448141641693,0.8290448141641693,1.0,11,11,150.79879999393597,0.035,2,tve,TVE (proposed),29.91949999704957,24,0.5636999994749203,8.748499996727332,11.759000000893138,2.8389999934006482,0.22270000772550702,5.01589999475982,0.28469999961089343,True,29.91949999704957,True,8.715237946191488,1.0054930741966581,0.3261383781582688,0.7584545335397258,66.23656347202022,0,6,0.5477139690542855,8.715237946191488,8.715237946191488,False,inf,0.0,True,0.39045315234285843,
store,dificil,104,madera,0.20733217033687396,0.8290448141641693,0.8290448141641693,1.0,11,11,150.79879999393597,0.035,2,teselado,WDT,37.889700004598126,16,0.34729999606497586,20.341600000392646,6.869699995149858,1.5801999979885295,0.45140000293031335,,3.576300005079247,True,37.889700004598126,True,8.750374922554933,1.009546891958122,0.3331548997968875,0.7939917014717204,67.95454390915744,0,7,0.7241331521229382,8.750374922554933,8.750374922554933,False,inf,0.0,True,0.423208140898092,3.117300002486445
store,dificil,103,alfombra,0.11109356169833169,0.6979756390461486,0.849063494547921,0.7968466924545855,11,14,182.62500000128057,0.035,0,tve,TVE (proposed),23.053100012475625,35,0.34759999834932387,6.36800000211224,8.693700001458637,1.4836999907856807,0.1370999962091446,5.445000002509914,0.26450000586919487,True,23.053100012475625,True,7.563779406268634,1.0065123616102438,0.30182645518719997,0.7516685129031451,78.99791308370405,0,7,0.7987266259491694,7.563779406268634,7.563779406268634,True,7.563779406268634,0.0,True,0.3988108808654768,
store,dificil,103,alfombra,0.11109356169833169,0.6979756390461486,0.849063494547921,0.7968466924545855,11,14,182.62500000128057,0.035,0,teselado,WDT,43.17629999422934,25,0.3132999991066754,24.137900007190183,8.035999999265186,1.3881000049877912,0.512500002514571,,2.2896000009495765,True,43.17629999422934,True,8.759955430629159,1.1656875424970439,0.37545091120640445,0.9623645407763829,102.7921096313444,0,13,2.3691465337631707,8.759955430629159,8.759955430629159,True,8.759955430629159,0.0,True,0.48044483621726264,4.418900003656745
store,dificil,103,alfombra,0.11109356169833169,0.6979756390461486,0.849063494547921,0.7968466924545855,11,14,182.62500000128057,0.035,1,teselado,WDT,47.616399999242276,25,0.3249000001233071,21.66090000537224,7.301599995116703,1.9881000043824315,0.8838999929139391,,7.678900001337752,True,47.616399999242276,True,12.970955220370254,1.1928745202439897,0.2517829823493958,0.5176371363496115,306.8704937841234,1,19,0.2631343470313144,12.970955220370254,12.970955220370254,False,inf,19.005909085489634,False,0.0,5.985900002997369
store,dificil,103,alfombra,0.11109356169833169,0.6979756390461486,0.849063494547921,0.7968466924545855,11,14,182.62500000128057,0.035,1,tve,TVE (proposed),30.864999993355013,27,0.367300002835691,5.883199992240407,8.052200006204657,2.1105999912833795,0.10969999129883945,13.10189999639988,0.858300001709722,True,30.864999993355013,True,11.645135639687785,1.0709454587857432,0.2517829823493958,0.5960464514256214,251.82322385147663,2,11,0.1851840064218873,11.645135639687785,12.504577803009965,False,inf,0.26737717304291664,True,0.27064179894349794,
store,dificil,103,alfombra,0.11109356169833169,0.6979756390461486,0.849063494547921,0.7968466924545855,11,14,182.62500000128057,0.035,2,tve,TVE (proposed),24.862400008714758,33,0.40159998752642423,5.827200002386235,8.433900002273731,1.4595000102417544,0.13050000416114926,7.687499994062819,0.490699996589683,True,24.862400008714758,True,12.226191686981565,1.0046430863431597,0.29820767448958935,0.5822019770426914,105.15534223913298,0,7,0.5572816904831726,12.226191686981565,12.226191686981565,False,inf,0.0,True,0.276923481262324,
store,dificil,103,alfombra,0.11109356169833169,0.6979756390461486,0.849063494547921,0.7968466924545855,11,14,182.62500000128057,0.035,2,teselado,WDT,50.33009999897331,25,0.3288000007160008,22.890499996719882,7.892599998740479,1.455199992051348,1.1750999983632937,,7.979900008649565,True,50.33009999897331,True,14.02946806075183,1.1528208008806557,0.30122179346147254,0.748737663272933,358.74397999658214,0,24,0.45321603339982064,14.02946806075183,14.02946806075183,False,inf,0.0,True,0.338342166377856,6.709900000714697
store,dificil,105,madera,0.18772183603211196,0.8527923410075222,0.8527923410075222,1.0,13,13,173.699699997087,0.035,0,tve,TVE (proposed),19.552300000214018,26,0.33930000790860504,6.065599998692051,7.2949000023072585,1.17790000513196,0.11039999662898481,3.6262999929022044,0.6248000136110932,True,19.552300000214018,True,11.025836450156321,1.0014716870279166,0.2878201159893736,1.0577662887102486,43.86548150404369,0,5,0.8229951404210037,11.025836450156321,11.025836450156321,True,11.025836450156321,0.0,True,0.34332714421360333,
store,dificil,105,madera,0.18772183603211196,0.8527923410075222,0.8527923410075222,1.0,13,13,173.699699997087,0.035,0,teselado,WDT,42.98819998803083,18,0.32049999572336674,20.784100008313544,6.6396000038366765,1.2042000016663224,0.42130000656470656,,6.253999992622994,True,42.98819998803083,True,12.733566238699641,1.1565840034541282,0.29762825577957036,0.8080418221739314,255.08469822969172,2,12,0.23038783595381226,12.733566238699641,14.08234322820997,False,inf,0.0,True,0.3026207896880806,5.722100002458319
store,dificil,105,madera,0.18772183603211196,0.8527923410075222,0.8527923410075222,1.0,13,13,173.699699997087,0.035,1,teselado,WDT,40.09829999995418,18,0.3364000003784895,22.108100005425513,7.491099997423589,1.2630999990506098,0.5444999987957999,,3.922799995052628,True,40.09829999995418,True,8.26808703107439,1.0148622038911368,0.26562345920589736,0.7367817957605287,32.82510190406297,0,5,0.877258887805207,8.26808703107439,8.26808703107439,True,8.26808703107439,0.0,True,0.3308894064993078,2.7985000051558018
store,dificil,105,madera,0.18772183603211196,0.8527923410075222,0.8527923410075222,1.0,13,13,173.699699997087,0.035,1,tve,TVE (proposed),21.685799991246313,22,0.34270000469405204,6.676799996057525,7.3419000109424815,1.4173000090522692,0.09789998875930905,5.297800002153963,0.1770000089891255,True,21.685799991246313,True,8.168895895116394,1.0026870375598607,0.31500000000000006,0.7674649417622712,25.17799811426849,0,3,1.1498365606852121,8.168895895116394,8.168895895116394,True,8.168895895116394,0.0,True,0.364206700040841,
store,dificil,105,madera,0.18772183603211196,0.8527923410075222,0.8527923410075222,1.0,13,13,173.699699997087,0.035,2,tve,TVE (proposed),22.72330000414513,22,0.3735999925993383,5.876900002476759,7.5827999971807,1.8247999978484586,0.12029999925289303,6.0182000015629455,0.535300001502037,True,22.72330000414513,True,14.689200424335507,1.007391475585696,0.31500000000000006,0.9009391575676233,119.36980685665482,0,8,0.6348760698552472,14.689200424335507,14.689200424335507,False,inf,0.0,True,0.31500000000000006,
store,dificil,105,madera,0.18772183603211196,0.8527923410075222,0.8527923410075222,1.0,13,13,173.699699997087,0.035,2,teselado,WDT,51.28309999417979,18,0.33819999953266233,25.283900002250448,7.181200009654276,1.251800000318326,0.4285000031813979,,7.549799993284978,True,51.28309999417979,True,15.15882370584504,1.039598435587788,0.3117507250531469,0.948674712510763,177.3480841838835,0,15,0.474604484858799,15.15882370584504,15.15882370584504,False,inf,0.0,True,0.31500000000000006,7.4105999956373125
plaza,facil,101,alfombra,0.0,0.8872884407634137,0.8872884407634137,1.0,19,19,162.9979999997886,0.045,0,tve,TVE (proposed),22.322200005874038,49,0.29749999521300197,6.225200020708144,10.84019998961594,1.7789999983506277,0.18770000315271318,2.7300999936414883,0.05909999890718609,True,22.322200005874038,True,9.37081106415021,1.0,0.39904830184771983,0.9850703049831202,0.0,0,2,16777215.999999998,9.37081106415021,9.37081106415021,True,9.37081106415021,0.0,True,0.5028232384167333,
plaza,facil,101,alfombra,0.0,0.8872884407634137,0.8872884407634137,1.0,19,19,162.9979999997886,0.045,0,teselado,WDT,53.69020000216551,36,0.24140000459738076,32.22449999884702,8.305299998028204,1.749899995047599,0.5756999889854342,,3.9909000042825937,True,53.69020000216551,True,12.404803051185224,1.3237704790188458,0.2900246442764518,0.9602887101983208,166.95475974112458,0,14,0.6998543672429107,12.404803051185224,12.404803051185224,False,inf,0.0,True,0.2900246442764518,4.925000001094304
plaza,facil,101,alfombra,0.0,0.8872884407634137,0.8872884407634137,1.0,19,19,162.9979999997886,0.045,1,teselado,WDT,48.74040000140667,36,0.3929000085918233,26.81339999253396,8.542099996702746,1.9087999971816316,0.8876999927451834,,3.6360999947646633,True,48.74040000140667,True,13.272979946974534,1.0517420942033697,0.2529953229145181,1.0206963826367066,59.95439691851861,0,8,2.0029656467357064,13.272979946974534,13.272979946974534,True,13.272979946974534,0.0,True,0.3459775352335891,4.811499995412305
plaza,facil,101,alfombra,0.0,0.8872884407634137,0.8872884407634137,1.0,19,19,162.9979999997886,0.045,1,tve,TVE (proposed),31.281300005503,46,0.39629999082535505,7.317399999010377,12.926000010338612,1.5610000118613243,0.20170000789221376,8.336200000485405,0.19609999435488135,True,31.281300005503,True,12.777013004833396,1.0124420039096251,0.37385533827708795,1.0111727405500457,31.992007525206468,0,3,0.8883475078521378,12.777013004833396,12.777013004833396,True,12.777013004833396,0.0,True,0.4903252534463971,
plaza,facil,101,alfombra,0.0,0.8872884407634137,0.8872884407634137,1.0,19,19,162.9979999997886,0.045,2,tve,TVE (proposed),25.02900001127273,46,0.2967000036733225,5.753399993409403,12.02470000134781,1.893499997095205,0.15940000594127923,4.265100011252798,0.26790000265464187,True,25.02900001127273,True,10.989905817192774,1.0405226076649334,0.3040517627867668,0.722016402077721,79.50919988244044,0,6,0.8060853624016096,10.989905817192774,10.989905817192774,True,10.989905817192774,0.0,True,0.4231390152220074,
plaza,facil,101,alfombra,0.0,0.8872884407634137,0.8872884407634137,1.0,19,19,162.9979999997886,0.045,2,teselado,WDT,47.8819999989355,36,0.23620000865776092,28.530699986731634,8.681600011186674,1.7091000045184046,0.8612999954493716,,2.519599991501309,True,47.8819999989355,True,12.826618655400102,1.2144222992303817,0.5402496479211097,1.2709875600625495,114.7933799503967,0,15,2.940506994469591,12.826618655400102,12.826618655400102,True,12.826618655400102,0.0,True,0.6587602575104847,3.67289999849163
plaza,facil,104,alfombra,0.0,0.8727368144843873,0.8727368144843873,1.0,19,19,155.6196000019554,0.045,0,tve,TVE (proposed),28.555999990203418,35,0.27150000096298754,5.6687000032979995,10.079200001200661,1.2336999934632331,0.15829999756533653,10.663399996701628,0.22909999825060368,True,28.555999990203418,True,21.374126503408686,1.0113309344472292,0.3010391778771891,1.0305287009768471,27.93526476768275,0,4,1.0202476030886798,21.374126503408686,21.374126503408686,True,21.374126503408686,0.0,True,0.424437772975716,
plaza,facil,104,alfombra,0.0,0.8727368144843873,0.8727368144843873,1.0,19,19,155.6196000019554,0.045,0,teselado,WDT,60.3417999955127,30,0.2525000018067658,28.130599996075034,8.604500006185845,1.5639999910490587,0.6418999982997775,,9.309300003224052,True,60.3417999955127,True,25.5802373641032,1.2103458521542263,0.2518614694359479,0.9771337680605586,379.4563047953913,0,26,0.37587833857269703,25.5802373641032,25.5802373641032,False,inf,0.0,True,0.3072326111866079,9.6754999976838
plaza,facil,104,alfombra,0.0,0.8727368144843873,0.8727368144843873,1.0,19,19,155.6196000019554,0.045,1,teselado,WDT,45.971999992616475,30,0.26030000299215317,27.70089999830816,7.615099995746277,1.639399997657165,0.6561999907717109,,2.694900002097711,True,45.971999992616475,True,12.119411674936401,1.1014426279589797,0.4607629082598071,1.517670023388146,81.35234147765618,0,12,3.228366098858983,12.119411674936401,12.119411674936401,True,12.119411674936401,0.0,True,0.5616119811668352,3.599700008635409
plaza,facil,104,alfombra,0.0,0.8727368144843873,0.8727368144843873,1.0,19,19,155.6196000019554,0.045,1,tve,TVE (proposed),23.877900006482378,42,0.2364999963901937,6.168799998704344,8.726100000785664,1.680300003499724,0.13869999384041876,6.372000003466383,0.33569999504834414,True,23.877900006482378,True,11.855024410371662,1.0774144481024193,0.3052353935932338,1.3227321062272364,55.06641961222368,0,5,0.926752527408453,11.855024410371662,11.855024410371662,True,11.855024410371662,0.0,True,0.40409588861851564,
plaza,facil,104,alfombra,0.0,0.8727368144843873,0.8727368144843873,1.0,19,19,155.6196000019554,0.045,2,tve,TVE (proposed),20.00729998690076,40,0.24980001035146415,5.362399999285117,8.463499994832091,1.2909999932162464,0.15150000399444252,3.934699998353608,0.38070000300649554,True,20.00729998690076,True,15.919883244132054,1.0013404451786467,0.30117481637174404,0.8180609227099632,36.198468447700996,0,6,1.0509050929591046,15.919883244132054,15.919883244132054,True,15.919883244132054,0.0,True,0.4519409901934564,
plaza,facil,104,alfombra,0.0,0.8727368144843873,0.8727368144843873,1.0,19,19,155.6196000019554,0.045,2,teselado,WDT,55.87690000538714,30,0.22999999055173248,29.20119999907911,7.729900011327118,1.5530000091530383,0.6043000030331314,,5.036600006860681,True,55.87690000538714,True,16.307097279095995,1.0256957163954208,0.3010997411818449,0.8701857948159804,96.49064635249174,0,11,0.9540761577015231,16.307097279095995,16.307097279095995,True,16.307097279095995,0.0,True,0.3979223934667425,9.859500001766719
plaza,facil,102,alfombra,0.0,0.7923360704510294,0.7923360704510294,1.0,18,18,161.2516000022879,0.045,0,tve,TVE (proposed),24.908400009735487,44,0.30699999479111284,5.859600016265176,9.057999981450848,1.472600008128211,0.17839999054558575,7.2949000023072585,0.39000000106170774,True,24.908400009735487,True,15.739642825476176,1.064842303829223,0.4505104425927528,1.1216688646725435,111.80016949126906,0,9,0.8001921983968102,15.739642825476176,15.739642825476176,True,15.739642825476176,0.0,True,0.5696769391546198,
plaza,facil,102,alfombra,0.0,0.7923360704510294,0.7923360704510294,1.0,18,18,161.2516000022879,0.045,0,teselado,WDT,49.922100006369874,31,0.2690999972401187,27.10589999333024,8.244900003774092,1.7030000017257407,1.0307000047760084,,3.5191999922972172,True,49.922100006369874,True,15.090066681259295,1.0208961885590069,0.2727930508788834,0.9690935466697568,52.647339843028895,0,6,0.8221767277306682,15.090066681259295,15.090066681259295,True,15.090066681259295,0.0,True,0.36801331111633,6.192400003783405
plaza,facil,102,alfombra,0.0,0.7923360704510294,0.7923360704510294,1.0,18,18,161.2516000022879,0.045,1,teselado,WDT,65.82439999328926,31,0.28059999749530107,26.39939999789931,7.7708000026177615,2.1237999899312854,1.6521999932592735,,9.654499997850507,True,65.82439999328926,True,13.838711642399156,1.339276969263708,0.26122020171000937,0.6694308202510981,331.58297764402926,0,21,0.7081241988035301,13.838711642399156,13.838711642399156,False,inf,0.0,True,0.3753230099066254,16.25679999415297
plaza,facil,102,alfombra,0.0,0.7923360704510294,0.7923360704510294,1.0,18,18,161.2516000022879,0.045,1,tve,TVE (proposed),26.273600000422448,46,0.24890000349842012,5.536000011488795,9.17859998298809,1.7010000010486692,0.20209999638609588,8.212899992940947,0.6630999996559694,True,26.273600000422448,True,12.154641822758279,1.1762967741155637,0.3608692745857955,1.0151150884438722,153.51952320225652,0,11,0.7991345948344079,12.154641822758279,12.154641822758279,True,12.154641822758279,0.0,True,0.459729755816557,
plaza,facil,102,alfombra,0.0,0.7923360704510294,0.7923360704510294,1.0,18,18,161.2516000022879,0.045,2,tve,TVE (proposed),29.48860000469722,42,0.26130001060664654,6.105799999204464,14.000499999383464,1.3341000012587756,0.16209999739658087,6.434299997636117,0.6969999958528206,True,29.48860000469722,True,13.878427945351387,1.03578693412071,0.29058975172353574,0.9461883205031988,70.8898708588862,0,7,0.9569613491952621,13.878427945351387,13.878427945351387,True,13.878427945351387,0.0,True,0.42902287240476517,
plaza,facil,102,alfombra,0.0,0.7923360704510294,0.7923360704510294,1.0,18,18,161.2516000022879,0.045,2,teselado,WDT,51.82839999906719,31,0.38129999302327633,30.8841000078246,7.741699999314733,1.6640999965602532,0.9194000012939796,,2.703899997868575,True,51.82839999906719,True,15.610899154835307,1.1650862358564524,0.6354827265707169,1.416375408849774,117.39499021624175,0,15,3.4753076436974073,15.610899154835307,15.610899154835307,True,15.610899154835307,0.0,True,0.7343432002035293,5.828100009239279
plaza,facil,100,uniforme,0.0,0.8476938391770822,0.8476938391770822,1.0,22,22,146.90540000447072,0.045,0,tve,TVE (proposed),26.03169999201782,42,0.2877999941119924,5.831400005263276,8.830599996144883,1.479400001699105,0.16290000348817557,8.796500012977049,0.33660000190138817,True,26.03169999201782,True,15.510212836846462,1.0023507124046989,0.2990085874106354,0.7786249929827109,44.81262926005768,0,4,1.0257160649173764,15.510212836846462,15.510212836846462,True,15.510212836846462,0.0,True,0.40893857634215475,
plaza,facil,100,uniforme,0.0,0.8476938391770822,0.8476938391770822,1.0,22,22,146.90540000447072,0.045,0,teselado,WDT,54.390000004787,34,0.24189999385271221,25.824099997407757,8.725000006961636,1.692000005277805,0.9564000065438449,,4.143199999816716,True,54.390000004787,True,16.871023561360868,1.0902933869194285,0.2636726755605488,0.7441531928250052,104.58283618483796,0,11,0.8164391282449365,16.871023561360868,16.871023561360868,True,16.871023561360868,0.0,True,0.3709703247039447,11.031300004106015
plaza,facil,100,uniforme,0.0,0.8476938391770822,0.8476938391770822,1.0,22,22,146.90540000447072,0.045,1,teselado,WDT,55.37390000245068,34,0.30009998590685427,29.431300004944205,13.363899997784756,2.7971000090474263,1.7957000090973452,,0.5278999888105318,True,55.37390000245068,True,11.841927630246689,1.0,0.5993906677030957,1.3287821676513882,0.0,0,2,16777215.999999998,11.841927630246689,11.841927630246689,True,11.841927630246689,0.0,True,0.6820066083019435,4.936299999826588
plaza,facil,100,uniforme,0.0,0.8476938391770822,0.8476938391770822,1.0,22,22,146.90540000447072,0.045,1,tve,TVE (proposed),20.499000005656853,47,0.40019999141804874,5.965000003925525,8.807200007140636,1.6010999970603734,0.17660000594332814,3.226599990739487,0.05919999966863543,True,20.499000005656853,True,11.841927630246689,1.0,0.5991715318473513,1.3287803568039627,0.0,0,2,16777215.999999998,11.841927630246689,11.841927630246689,True,11.841927630246689,0.0,True,0.6818142614605374,
plaza,facil,100,uniforme,0.0,0.8476938391770822,0.8476938391770822,1.0,22,22,146.90540000447072,0.045,2,tve,TVE (proposed),23.55850000458304,43,0.2677999873412773,6.132800001068972,9.335599999758415,1.6818000003695488,0.15799999528098851,5.2167999965604395,0.5135999963385984,True,23.55850000458304,True,11.523446718123905,1.0069167505072805,0.30454729632666927,0.6381671432205089,94.80750449795362,0,8,0.833921522287274,11.523446718123905,11.523446718123905,True,11.523446718123905,0.0,True,0.41792235737501415,
plaza,facil,100,uniforme,0.0,0.8476938391770822,0.8476938391770822,1.0,22,22,146.90540000447072,0.045,2,teselado,WDT,49.393099994631484,34,0.22760000138077885,27.635899998131208,7.991199992829934,1.6490999987581745,0.8955999946920201,,5.623600009130314,True,49.393099994631484,True,13.318061680054852,1.163729890714471,0.2646572837945013,0.9108213612119553,160.83477583598366,0,11,0.46752594605013653,13.318061680054852,13.318061680054852,False,inf,0.0,True,0.38276599349708235,3.7346000026445836
plaza,facil,103,uniforme,0.0,0.7688013136288998,0.7688013136288998,1.0,20,20,144.27499999874271,0.045,0,tve,TVE (proposed),31.5588000084972,48,0.26870000874623656,8.210100000724196,14.966799993999302,1.1987000034423545,0.1613000058569014,6.163800004287623,0.33629999961704016,True,31.5588000084972,True,12.99442605845538,1.0024194815078582,0.29684511093431104,0.7550683628605352,32.67225046059942,0,5,1.2517030522278094,12.99442605845538,12.99442605845538,True,12.99442605845538,0.0,True,0.41934756713128696,
plaza,facil,103,uniforme,0.0,0.7688013136288998,0.7688013136288998,1.0,20,20,144.27499999874271,0.045,0,teselado,WDT,53.53159998776391,40,0.25579999783076346,29.495299997506663,10.778900003060699,1.8801999976858497,0.8494000067003071,,3.7988000112818554,True,53.53159998776391,True,14.16238516447095,1.0925184944390747,0.2542351679692899,0.9163023763504444,78.74890868082161,0,10,2.671658425268841,14.16238516447095,14.16238516447095,True,14.16238516447095,0.0,True,0.38158635592127366,4.629500006558374
plaza,facil,103,uniforme,0.0,0.7688013136288998,0.7688013136288998,1.0,20,20,144.27499999874271,0.045,1,teselado,WDT,51.9479000067804,40,0.3060000017285347,30.438200003118254,8.45169999229256,1.8522000027587637,0.9046999912243336,,2.811199999996461,True,51.9479000067804,True,14.422211385794867,1.0001271286064586,0.2682122248265762,0.9560779088437,2.4166275439370533,0,3,86.54002381092701,14.422211385794867,14.422211385794867,True,14.422211385794867,0.0,True,0.3974758106559801,5.354900000384077
plaza,facil,103,uniforme,0.0,0.7688013136288998,0.7688013136288998,1.0,20,20,144.27499999874271,0.045,1,tve,TVE (proposed),23.64520000992343,51,0.25409999943803996,5.861199999344535,10.29420000850223,1.9825000053970143,0.3558000025805086,4.353099997388199,0.18510001245886087,True,23.64520000992343,True,14.424086615834554,1.0002571688884168,0.3657112795349222,0.980615695675313,4.317444122415997,0,3,3.6148055527944267,14.424086615834554,14.424086615834554,True,14.424086615834554,0.0,True,0.4919939985411131,
plaza,facil,103,uniforme,0.0,0.7688013136288998,0.7688013136288998,1.0,20,20,144.27499999874271,0.045,2,tve,TVE (proposed),25.624699992476963,56,0.3158000035909936,5.846899992320687,10.296899999957532,1.8058999994536862,0.20340000628493726,6.5747000044211745,0.1829000102588907,True,25.624699992476963,True,11.18206911310767,1.015672669248116,0.378499860368458,1.1408539894539518,23.794527191265633,0,3,1.1622926017542958,11.18206911310767,11.18206911310767,True,11.18206911310767,0.0,True,0.500492194770243,
plaza,facil,103,uniforme,0.0,0.7688013136288998,0.7688013136288998,1.0,20,20,144.27499999874271,0.045,2,teselado,WDT,51.05360000743531,40,0.24049999774433672,28.784900001483038,8.231700005126186,1.8394999933661893,0.6104000058257952,,3.584899997804314,True,51.05360000743531,True,11.159520135551741,1.013624534865169,0.4224229027018676,1.1187048276302185,26.543118100897956,0,7,7.9832540705315775,11.159520135551741,11.159520135551741,True,11.159520135551741,0.0,True,0.5477800068592803,5.590100001427345
plaza,facil,105,uniforme,0.0,0.8741308190925162,0.8741308190925162,1.0,21,21,148.43509999627713,0.045,0,tve,TVE (proposed),20.295299997087568,43,0.2714000002015382,5.838100012624636,8.89489999099169,1.501599996117875,0.1832000125432387,3.115500003332272,0.25800000003073364,True,20.295299997087568,True,12.081686082462502,1.0003828029609665,0.3655303308931299,1.596090172772559,5.338816919074557,0,3,3.673341113321372,12.081686082462502,12.081686082462502,True,12.081686082462502,0.0,True,0.4772617547077379,
plaza,facil,105,uniforme,0.0,0.8741308190925162,0.8741308190925162,1.0,21,21,148.43509999627713,0.045,0,teselado,WDT,51.20360000000801,34,0.24259999918285757,31.32979999645613,7.850399997550994,2.620700004626997,0.7065999961923808,,2.274399987072684,True,51.20360000000801,True,12.128675732513132,1.004273620642121,0.296526751366896,1.6734440147593042,19.030458472991473,0,4,3.0737681995068047,12.128675732513132,12.128675732513132,True,12.128675732513132,0.0,True,0.4116746993374126,4.455500005860813
plaza,facil,105,uniforme,0.0,0.8741308190925162,0.8741308190925162,1.0,21,21,148.43509999627713,0.045,1,teselado,WDT,60.13779999921098,34,0.27119999867863953,25.74270000332035,9.806399990338832,1.5768000012030825,1.06160000723321,,5.815099997562356,True,60.13779999921098,True,17.711490909929093,1.3744434172589044,0.2833010511324838,0.9536068996667447,270.92052314673504,0,21,0.7933391014929088,17.711490909929093,17.711490909929093,True,17.711490909929093,0.0,True,0.40733468206165246,14.04190000903327
plaza,facil,105,uniforme,0.0,0.8741308190925162,0.8741308190925162,1.0,21,21,148.43509999627713,0.045,1,tve,TVE (proposed),25.194700006977655,47,0.25320000713691115,5.616999987978488,9.098300011828542,1.6898000030778348,0.1680999994277954,7.776400001603179,0.28330000350251794,True,25.194700006977655,True,13.447879498995146,1.0435795353130353,0.33662567611260286,0.9973645304529488,49.942844102935155,0,6,0.7068432813700013,13.447879498995146,13.447879498995146,False,inf,0.0,True,0.44814719734531927,
plaza,facil,105,uniforme,0.0,0.8741308190925162,0.8741308190925162,1.0,21,21,148.43509999627713,0.045,2,tve,TVE (proposed),21.312600001692772,42,0.2668000088306144,5.453599995234981,8.743200000026263,1.1898999946424738,0.14350000128615648,5.050799998571165,0.18170000112149864,True,21.312600001692772,True,9.748977857739003,1.030454286281456,0.32606571663441053,1.441898780136095,30.40339448589111,0,4,0.8718322637201028,9.748977857739003,9.748977857739003,True,9.748977857739003,0.0,True,0.45195696194880974,
plaza,facil,105,uniforme,0.0,0.8741308190925162,0.8741308190925162,1.0,21,21,148.43509999627713,0.045,2,teselado,WDT,42.69380000187084,34,0.23419999342877418,25.45749999990221,7.929100000183098,1.6348000062862411,0.5282999918563291,,2.267000003485009,True,42.69380000187084,True,9.824780580432742,1.0384665355296745,0.6324013724829793,1.7205021668848341,52.774091821579695,0,6,0.9160480718083357,9.824780580432742,9.824780580432742,True,9.824780580432742,0.0,True,0.7419480455031822,3.0774999904679134
plaza,medio,101,concreto,0.0584089601311703,0.7201169020944959,0.7201169020944959,1.0,19,19,172.20660000748467,0.045,0,tve,TVE (proposed),27.659699990181252,47,0.5288000102154911,6.089099988457747,10.941100001218729,2.3641000007046387,0.3175000019837171,6.768599996576086,0.33710000570863485,True,27.659699990181252,True,14.989173805034598,1.002753258105074,0.331720028540832,0.9118632947135349,56.29069318771513,0,6,0.9349381163605189,14.989173805034598,14.989173805034598,True,14.989173805034598,0.0,True,0.38720562811281667,
plaza,medio,101,concreto,0.0584089601311703,0.7201169020944959,0.7201169020944959,1.0,19,19,172.20660000748467,0.045,0,teselado,WDT,50.480700010666624,38,0.24489998759236187,26.037100004032254,8.237400004873052,1.7976999952225015,0.6840999994892627,,4.073399992194027,True,50.480700010666624,True,16.69283455251135,1.1167256082464965,0.32308216806999307,0.9208431238991539,94.62511489043962,0,11,1.2835295736161745,16.69283455251135,16.69283455251135,True,16.69283455251135,0.0,True,0.32308216806999307,7.641599993803538
plaza,medio,101,concreto,0.0584089601311703,0.7201169020944959,0.7201169020944959,1.0,19,19,172.20660000748467,0.045,1,teselado,WDT,47.22619999665767,38,0.2598999999463558,26.703299998189323,8.265600001323037,1.690199991571717,0.7065999961923808,,3.456300008110702,True,47.22619999665767,True,14.769084313465726,1.043168157219823,0.2641083216899119,0.9718303276130248,54.20976674946652,0,8,2.9212963255465016,14.769084313465726,14.769084313465726,True,14.769084313465726,0.0,True,0.35831691719699305,4.406899999594316
plaza,medio,101,concreto,0.0584089601311703,0.7201169020944959,0.7201169020944959,1.0,19,19,172.20660000748467,0.045,1,tve,TVE (proposed),26.2224000034621,44,0.2725000085774809,5.866999985300936,12.444200008758344,1.2233000015839934,0.2150999935111031,5.428699994808994,0.4101000085938722,True,26.2224000034621,True,14.195072213319996,1.0026246047542884,0.3125254477875568,0.7197169107807297,43.036780664196286,0,5,1.2145740796100353,14.195072213319996,14.195072213319996,True,14.195072213319996,0.0,True,0.41167923427955705,
plaza,medio,101,concreto,0.0584089601311703,0.7201169020944959,0.7201169020944959,1.0,19,19,172.20660000748467,0.045,2,tve,TVE (proposed),26.65700000943616,46,0.31829999352339655,5.647400001180358,9.93499999458436,1.2789000029442832,0.22390000231098384,8.572799997637048,0.28920000477228314,True,26.65700000943616,True,16.359498037279817,1.0024887351945564,0.3015549590133792,1.065783501261741,51.33999621204478,0,5,0.9805107460294982,16.359498037279817,16.359498037279817,True,16.359498037279817,0.0,True,0.36,
plaza,medio,101,concreto,0.0584089601311703,0.7201169020944959,0.7201169020944959,1.0,19,19,172.20660000748467,0.045,2,teselado,WDT,48.73139999108389,38,0.23540000256616622,26.10449999338016,8.101300001726486,1.7210999940289184,0.8889000018825755,,3.4217000065837055,True,48.73139999108389,True,17.759830602361564,1.088299291167701,0.36,1.0228218450304936,97.58264037386822,0,15,2.9785289649794464,17.759830602361564,17.759830602361564,True,17.759830602361564,0.0,True,0.36,6.417200012947433
plaza,medio,100,concreto,0.029497961576722787,0.751593605962538,0.751593605962538,1.0,22,22,163.2382000098005,0.045,0,tve,TVE (proposed),25.136900003417395,49,0.31909999961499125,6.174800000735559,9.124199990765192,1.8210999987786636,0.18000000272877514,7.137900000088848,0.06130000110715628,True,25.136900003417395,True,8.40066961616751,1.0,0.31271390374331565,0.7538469836397897,0.0,0,2,16777215.999999998,8.40066961616751,8.40066961616751,True,8.40066961616751,0.0,True,0.4269439126081009,
plaza,medio,100,concreto,0.029497961576722787,0.751593605962538,0.751593605962538,1.0,22,22,163.2382000098005,0.045,0,teselado,WDT,41.47870000451803,37,0.2525000018067658,26.199599989922717,8.182600009604357,1.7872000025818124,0.6725999992340803,,0.27740000223275274,True,41.47870000451803,True,8.40066961616751,0.9999999999999999,0.31271390374331504,0.7538469836397899,0.0,0,2,16777215.999999998,8.40066961616751,8.40066961616751,True,8.40066961616751,0.0,True,0.4269439126081006,2.5886000075843185
plaza,medio,100,concreto,0.029497961576722787,0.751593605962538,0.751593605962538,1.0,22,22,163.2382000098005,0.045,1,teselado,WDT,56.771999996271916,37,0.28670000028796494,29.394800003501587,10.363399997004308,3.0221999913919717,1.5442000003531575,,3.4321999992243946,True,56.771999996271916,True,10.894907090991994,1.0705970769546416,0.2884972065469094,1.024815371022004,68.81698880559085,0,11,4.933645153194163,10.894907090991994,10.894907090991994,True,10.894907090991994,0.0,True,0.3826543695832231,6.6866999986814335
plaza,medio,100,concreto,0.029497961576722787,0.751593605962538,0.751593605962538,1.0,22,22,163.2382000098005,0.045,1,tve,TVE (proposed),27.899600012460724,46,0.2714000002015382,5.994300008751452,9.984499993151985,1.832900001318194,0.24449999909847975,8.330499986186624,0.8801000076346099,True,27.899600012460724,True,10.75063419980321,1.0564199817026578,0.30755315900779395,0.8955637221357093,62.5389518927516,0,6,0.5934909670998203,10.75063419980321,10.75063419980321,False,inf,0.0,True,0.43355313613771523,
plaza,medio,100,concreto,0.029497961576722787,0.751593605962538,0.751593605962538,1.0,22,22,163.2382000098005,0.045,2,tve,TVE (proposed),26.433899998664856,45,0.2838000073097646,5.81969998893328,9.077400012756698,1.2029000063193962,0.17519999528303742,8.357800004887395,1.1812000011559576,True,26.433899998664856,True,14.844023714413956,1.042616029754556,0.2879074578630225,0.6260856338914438,148.78223486251574,0,10,0.32489311804446336,14.844023714413956,14.844023714413956,False,inf,0.0,True,0.4000798642528678,
plaza,medio,100,concreto,0.029497961576722787,0.751593605962538,0.751593605962538,1.0,22,22,163.2382000098005,0.045,2,teselado,WDT,58.80170001182705,37,0.3890999942086637,30.353900001500733,8.029200005694292,1.6240999975707382,1.1270999966654927,,6.796600006055087,True,58.80170001182705,True,16.421529745995155,1.1534170569695672,0.2681026052812349,0.8045562265578473,289.69877145257294,0,16,0.28476120970396174,16.421529745995155,16.421529745995155,False,inf,0.0,True,0.363176767463157,8.661899992148392
plaza,medio,102,baldosa,0.049107905392967444,0.7104139991463935,0.7104139991463935,1.0,18,18,153.297199998633,0.045,0,tve,TVE (proposed),24.531099988962524,50,0.265199996647425,6.066500005545095,9.167800002614968,1.6982999950414523,0.1674999948590994,6.091999995987862,0.7141999958548695,True,24.531099988962524,True,12.385229506616941,1.0119280296131137,0.30510367696299523,0.4735398926954552,200.27069980261197,0,12,0.43126916329919013,12.385229506616941,12.385229506616941,False,inf,0.0,True,0.4150378498696329,
plaza,medio,102,baldosa,0.049107905392967444,0.7104139991463935,0.7104139991463935,1.0,18,18,153.297199998633,0.045,0,teselado,WDT,50.36899998958688,35,0.24470000062137842,28.559599988511764,8.195400005206466,1.6539000062039122,0.7654000073671341,,3.574499991373159,True,50.36899998958688,True,15.808848067208627,1.2916528084164056,0.5657192201084048,1.4112188359491462,176.63814127936965,0,19,1.0606664459185149,15.808848067208627,15.808848067208627,True,15.808848067208627,0.0,True,0.8338688070533701,5.527499990421347
plaza,medio,102,baldosa,0.049107905392967444,0.7104139991463935,0.7104139991463935,1.0,18,18,153.297199998633,0.045,1,teselado,WDT,53.20360000769142,35,0.39709999691694975,31.026299999211915,8.421699996688403,1.7930000030901283,0.7427999953506514,,3.683700007968582,True,53.20360000769142,True,15.639507441567304,1.2141732461290453,0.255836437291517,1.246405093240796,166.18583245537693,0,15,0.5393656494801378,15.639507441567304,15.639507441567304,False,inf,0.0,True,0.46734767629658175,5.226599998422898
plaza,medio,102,baldosa,0.049107905392967444,0.7104139991463935,0.7104139991463935,1.0,18,18,153.297199998633,0.045,1,tve,TVE (proposed),27.64960000058636,40,0.24059999850578606,5.790299997897819,8.843600007821806,1.9916000019293278,0.1607999874977395,9.250700008124113,0.9972999978344887,True,27.64960000058636,True,13.277187097155347,1.0307744932151293,0.26072099447250363,1.0639503516635371,321.8960418405841,1,13,0.18831329548064876,13.277187097155347,14.956782932008638,False,inf,0.0,True,0.4117367319707208,
plaza,medio,102,baldosa,0.049107905392967444,0.7104139991463935,0.7104139991463935,1.0,18,18,153.297199998633,0.045,2,tve,TVE (proposed),24.19250000093598,40,0.2552999940235168,5.927499994868413,9.155500010820106,1.9990000000689179,0.16280000272672623,5.91310000163503,0.3542000049492344,True,24.19250000093598,True,23.001197154232543,1.0021265281145553,0.31408288611622487,1.0581349820079808,43.245762034420956,0,5,1.0967575399129919,23.001197154232543,23.001197154232543,True,23.001197154232543,0.0,True,0.36,
plaza,medio,102,baldosa,0.049107905392967444,0.7104139991463935,0.7104139991463935,1.0,18,18,153.297199998633,0.045,2,teselado,WDT,58.94360000093002,35,0.24710000434424728,28.118599992012605,8.191600005375221,1.6736999968998134,1.2362999987090006,,4.604600006132387,True,58.94360000093002,True,23.403269992422143,1.0196442188104922,0.29430448003991727,1.0956929868845486,37.34031263060801,0,6,1.4555393114637827,23.403269992422143,23.403269992422143,True,23.403269992422143,0.0,True,0.36,12.960699998075143
plaza,medio,104,madera,0.09491236159716991,0.6883990479147263,0.6883990479147263,1.0,19,19,156.8803999980446,0.045,0,tve,TVE (proposed),25.168599997414276,43,0.27210000553168356,5.801099992822856,9.040300006745383,1.6637999942759052,0.15570000687148422,7.438400003593415,0.4656000091927126,True,25.168599997414276,True,15.125915022588128,1.0226448938238666,0.39901333850095894,1.2838388188793695,77.40933453055712,0,6,0.7941916538886004,15.125915022588128,15.125915022588128,True,15.125915022588128,0.0,True,0.48837899842928606,
plaza,medio,104,madera,0.09491236159716991,0.6883990479147263,0.6883990479147263,1.0,19,19,156.8803999980446,0.045,0,teselado,WDT,50.30899999837857,34,0.3766000008909032,28.179399989312515,7.746500006760471,1.7663999897195026,1.3451999984681606,,3.4546000097179785,True,50.30899999837857,True,15.80674669370591,1.0686751029703834,0.3898352793447642,1.2448052887705972,160.4536946504098,0,12,0.4779919440561874,15.80674669370591,15.80674669370591,False,inf,0.0,True,0.47570528918819455,5.56710000091698
plaza,medio,104,madera,0.09491236159716991,0.6883990479147263,0.6883990479147263,1.0,19,19,156.8803999980446,0.045,1,teselado,WDT,62.547499997890554,34,0.2505000011296943,27.6060000032885,7.981000002473593,1.606199992238544,0.7781000022077933,,14.538100003846921,True,62.547499997890554,True,13.250671785344409,1.0308724591484761,0.2562686144913139,0.5515266773037032,147.8478842780568,0,9,0.362724279135872,13.250671785344409,13.250671785344409,False,inf,0.0,True,0.3730651168368062,8.035300008486956
plaza,medio,104,madera,0.09491236159716991,0.6883990479147263,0.6883990479147263,1.0,19,19,156.8803999980446,0.045,1,tve,TVE (proposed),23.83679999911692,40,0.24229999689850956,5.692199993063696,8.859800000209361,1.38229998992756,0.14910000027157366,6.708999993861653,0.483600000734441,True,23.83679999911692,True,12.911892001911603,1.0045161540407281,0.32354455223786216,0.5273921275637912,76.46608023880987,0,7,0.9460116502476867,12.911892001911603,12.911892001911603,True,12.911892001911603,0.0,True,0.4142570346591714,
plaza,medio,104,madera,0.09491236159716991,0.6883990479147263,0.6883990479147263,1.0,19,19,156.8803999980446,0.045,2,tve,TVE (proposed),21.08629999565892,38,0.2724999940255657,5.587399995420128,9.292200003983453,1.2873000086983666,0.17579999985173345,3.9628999948035926,0.29799999902024865,True,21.08629999565892,True,15.477408946813132,1.0016181872524825,0.35161082264487303,0.9965644680608585,21.906016930554728,0,4,1.7714951333791238,15.477408946813132,15.477408946813132,True,15.477408946813132,0.0,True,0.44999999999999996,
plaza,medio,104,madera,0.09491236159716991,0.6883990479147263,0.6883990479147263,1.0,19,19,156.8803999980446,0.045,2,teselado,WDT,45.183199996245094,34,0.2435000060359016,26.37469999899622,7.638700000825338,1.580699987243861,0.6826000026194379,,2.579200008767657,True,45.183199996245094,True,15.730252329818024,1.017980908675327,0.44999999999999996,1.145275500780902,38.45906245838571,0,8,2.540852805512864,15.730252329818024,15.730252329818024,True,15.730252329818024,0.0,True,0.44999999999999996,4.412100010085851
plaza,dificil,101,madera,0.15806192402788471,0.5835824952432727,0.6386079714455681,0.8713474025974026,14,19,184.0500999969663,0.045,0,tve,TVE (proposed),20.378899993374944,49,0.2632999967318028,5.707100019208156,8.986899978481233,1.6187000001082197,0.1711000077193603,3.17949999589473,0.2536999963922426,True,20.378899993374944,True,9.431795489335823,1.002899928876629,0.3214312860504433,0.8676580894352887,37.247030734371435,0,4,1.1445576158799695,9.431795489335823,9.431795489335823,True,9.431795489335823,0.0,True,0.38795899738338807,
plaza,dificil,101,madera,0.15806192402788471,0.5835824952432727,0.6386079714455681,0.8713474025974026,14,19,184.0500999969663,0.045,0,teselado,WDT,49.200400011613965,35,0.31439999293070287,29.96490000805352,8.495699992636219,1.7584000015631318,0.66230000811629,,2.285499998833984,True,49.200400011613965,True,9.591715508929179,1.0199045147433885,0.44816269587423835,1.036490743909804,42.75443732178654,0,7,2.872144135799478,9.591715508929179,9.591715508929179,True,9.591715508929179,0.0,True,0.7055602759909987,4.139900003792718
plaza,dificil,101,madera,0.15806192402788471,0.5835824952432727,0.6386079714455681,0.8713474025974026,14,19,184.0500999969663,0.045,1,teselado,WDT,52.800700010266155,35,0.2449000021442771,26.36960000381805,13.644699996802956,2.6562999992165715,1.491700008045882,,2.5719000113895163,True,52.800700010266155,True,11.630813629352222,1.060477702409607,0.6078518576801478,1.9954165130218664,55.005446021256624,0,9,5.457209365754586,11.630813629352222,11.630813629352222,True,11.630813629352222,0.0,True,0.7699729714767257,3.905400008079596
plaza,dificil,101,madera,0.15806192402788471,0.5835824952432727,0.6386079714455681,0.8713474025974026,14,19,184.0500999969663,0.045,1,tve,TVE (proposed),20.414600003277883,47,0.2435000060359016,5.588899992289953,9.050900000147521,1.5850999916438013,0.13580000086221844,3.408999997191131,0.16419999883510172,True,20.414600003277883,True,10.983193976943841,1.0014288496889228,0.34052176464960177,1.3605559730020815,13.910052336989793,0,3,1.3031918896815915,10.983193976943841,10.983193976943841,True,10.983193976943841,1.3949329609033008,False,0.1841012096796255,
plaza,dificil,101,madera,0.15806192402788471,0.5835824952432727,0.6386079714455681,0.8713474025974026,14,19,184.0500999969663,0.045,2,tve,TVE (proposed),22.19170000171289,45,0.4110999871045351,6.930400006240234,8.972499999799766,1.336100001935847,0.17939999816007912,3.878399991663173,0.21720000950153917,True,22.19170000171289,True,14.943173998958596,1.000552115936099,0.35137938286966564,1.3357783067001867,9.207143782960918,0,3,2.5095386601607084,14.943173998958596,14.943173998958596,True,14.943173998958596,1.3507669810890388,False,0.19574976842280495,
plaza,dificil,101,madera,0.15806192402788471,0.5835824952432727,0.6386079714455681,0.8713474025974026,14,19,184.0500999969663,0.045,2,teselado,WDT,49.87120001169387,35,0.23589999182149768,26.533700001891702,8.22129999869503,1.6656000079819933,1.048100006300956,,5.525200002011843,True,49.87120001169387,True,15.005828905239186,1.0047473089424304,0.26004852525418726,1.3604368276403747,12.396620724542865,0,3,2.1474496041271833,15.005828905239186,15.005828905239186,True,15.005828905239186,3.208403922632378,False,0.11063169401102191,4.989399996702559
plaza,dificil,100,madera,0.11445069685145719,0.5633632178337775,0.5965617516250428,0.9100991649269311,18,22,174.94969999825116,0.045,0,tve,TVE (proposed),21.55730000231415,42,0.2609000075608492,6.001499990816228,8.998600009363145,1.211499999044463,0.20179999410174787,4.428500003996305,0.18930000078398734,True,21.55730000231415,True,12.375092911497342,1.002933228266192,0.2982817632249493,0.7393847381554106,26.873069853167497,0,4,1.070415356094875,12.375092911497342,12.375092911497342,True,12.375092911497342,0.0,True,0.33136421439525077,
plaza,dificil,100,madera,0.11445069685145719,0.5633632178337775,0.5965617516250428,0.9100991649269311,18,22,174.94969999825116,0.045,0,teselado,WDT,52.97279999649618,32,0.23720000172033906,26.290900001185946,8.123699997668155,1.5527000068686903,0.556200000573881,,5.196600002818741,True,52.97279999649618,True,15.228031598562007,1.2341482201799026,0.3328812163017142,0.7538523551951293,197.7591641341576,0,16,0.6873120246354114,15.228031598562007,15.228031598562007,False,inf,0.0,True,0.3328812163017142,9.229300005245022
plaza,dificil,100,madera,0.11445069685145719,0.5633632178337775,0.5965617516250428,0.9100991649269311,18,22,174.94969999825116,0.045,1,teselado,WDT,49.96309999842197,32,0.25370001094415784,25.735899995197542,7.842000006348826,1.5608999965479597,1.1525000008987263,,4.83669999812264,True,49.96309999842197,True,18.291441584586455,1.0674884820598045,0.2566601956905703,1.2050757420684863,97.56527002162174,0,13,2.7168074625741134,18.291441584586455,18.291441584586455,True,18.291441584586455,0.0,True,0.5669999313354492,6.871399993542582
plaza,dificil,100,madera,0.11445069685145719,0.5633632178337775,0.5965617516250428,0.9100991649269311,18,22,174.94969999825116,0.045,1,tve,TVE (proposed),27.01099999831058,44,0.2415000053588301,5.629099992802367,8.630800002720207,1.7760999908205122,0.17090000619646162,9.772400007932447,0.41900000360328704,True,27.01099999831058,True,17.492503905234308,1.0208624812250384,0.28772099018096925,0.9119971040439733,88.06059257986772,0,7,0.4237654580520202,17.492503905234308,17.492503905234308,False,inf,0.0,True,0.49834711420527317,
plaza,dificil,100,madera,0.11445069685145719,0.5633632178337775,0.5965617516250428,0.9100991649269311,18,22,174.94969999825116,0.045,2,tve,TVE (proposed),32.54010000091512,44,0.3280000091763213,5.781999992905185,8.737600001040846,1.8357999942963943,0.1694999955361709,14.529599997331388,0.6935000128578395,True,32.54010000091512,True,14.479379036361467,1.0540673481187233,0.28786048650741575,0.7082215960342805,131.7630550831132,0,8,0.4177826310362855,14.479379036361467,14.479379036361467,False,inf,0.0,True,0.44044198036193843,
plaza,dificil,100,madera,0.11445069685145719,0.5633632178337775,0.5965617516250428,0.9100991649269311,18,22,174.94969999825116,0.045,2,teselado,WDT,55.90479999955278,32,0.3767999878618866,28.278199999476783,8.314200007589534,1.6493000002810732,1.1727999954018742,,6.098099998780526,True,55.90479999955278,True,16.40806627888291,1.1944715907295207,0.26800858128495175,1.1050782839106503,184.65719454565058,0,18,1.041234723496924,16.40806627888291,16.40806627888291,True,16.40806627888291,0.0,True,0.3740175274146878,8.254100001067854
plaza,medio,103,baldosa,0.026982711508071647,0.7209732060363412,0.7209732060363412,1.0,20,20,195.96459998865612,0.045,0,tve,TVE (proposed),26.55840000079479,56,0.40610000723972917,8.676700002979487,10.85880000027828,1.6042999923229218,0.21270000434014946,4.348999995272607,0.2817000058712438,True,26.55840000079479,True,13.602840535601722,1.0012894590642891,0.3276297876618989,1.3730928243409326,33.60552836189227,0,4,0.8157651704854942,13.602840535601722,13.602840535601722,True,13.602840535601722,0.0,True,0.42649028061656774,
plaza,medio,103,baldosa,0.026982711508071647,0.7209732060363412,0.7209732060363412,1.0,20,20,195.96459998865612,0.045,0,teselado,WDT,47.899500001221895,44,0.2514000079827383,26.363800003309734,8.44669999787584,1.89200000022538,1.0805999918375164,,2.615899997181259,True,47.899500001221895,True,13.897037167548097,1.0229449350429387,0.5419067018951107,1.5982821686136115,56.173314631096844,0,9,3.8391205372713184,13.897037167548097,13.897037167548097,True,13.897037167548097,0.0,True,0.6407671755279233,5.6284000020241365
plaza,medio,103,baldosa,0.026982711508071647,0.7209732060363412,0.7209732060363412,1.0,20,20,195.96459998865612,0.045,1,teselado,WDT,66.03909999830648,44,0.29749999521300197,26.315700000850484,8.2237000024179,1.8115000129910186,1.1946000013267621,,9.337399998912588,True,66.03909999830648,True,16.679434111301827,1.1484544680245166,0.2651086623795986,0.6722698131777455,307.16755933137676,1,21,0.24817654753747106,16.679434111301827,16.679434111301827,False,inf,0.0,True,0.34426739473018114,17.07449999230448
plaza,medio,103,baldosa,0.026982711508071647,0.7209732060363412,0.7209732060363412,1.0,20,20,195.96459998865612,0.045,1,tve,TVE (proposed),29.08739999111276,56,0.24529999063815922,5.8132999984081835,9.910100008710288,1.7758000030880794,0.19559999054763466,9.260999999241903,1.583400007802993,True,29.08739999111276,True,14.600627089353493,1.0053192035673362,0.2585544949980075,0.5692118958028499,145.14262975996027,0,10,0.3450880327975535,14.600627089353493,14.600627089353493,False,inf,0.0,True,0.341640060838014,
plaza,medio,103,baldosa,0.026982711508071647,0.7209732060363412,0.7209732060363412,1.0,20,20,195.96459998865612,0.045,2,tve,TVE (proposed),29.59930000361055,51,0.29340000764932483,5.772700009401888,9.45339999452699,1.1699000024236739,0.21460000425577164,10.193900001468137,2.0585000020219013,True,29.59930000361055,True,15.069317097076159,1.1511294388658453,0.25791788266918214,0.5138813401128605,311.89108320517,0,16,0.45451853004928566,15.069317097076159,15.069317097076159,False,inf,0.0,True,0.3256787104916642,
plaza,medio,103,baldosa,0.026982711508071647,0.7209732060363412,0.7209732060363412,1.0,20,20,195.96459998865612,0.045,2,teselado,WDT,57.39200000243727,44,0.23360000341199338,27.19579999393318,9.06000001123175,1.7736000008881092,1.3291999930515885,,5.81679999595508,True,57.39200000243727,True,17.47209281339181,1.3346749734262386,0.28402666690330125,0.7875093549511462,341.8264660729842,0,24,0.6390844845687089,17.47209281339181,17.47209281339181,False,inf,0.0,True,0.3821717961625128,10.23929999792017
plaza,dificil,102,alfombra,0.1904478766413649,0.685210159586424,0.7313182199832073,0.9157404626013818,16,18,183.14870000176597,0.045,0,tve,TVE (proposed),24.146099996869452,39,0.30270000570453703,5.887699997401796,8.570899997721426,1.3270999916130677,0.13760000001639128,7.205899994005449,0.39169999945443124,True,24.146099996869452,True,14.63619306123057,1.102766758555043,0.34337685438963506,1.3409565509875947,152.25469963812685,0,8,0.3950336877596835,14.63619306123057,14.63619306123057,False,inf,0.0,True,0.4134801653262702,
plaza,dificil,102,alfombra,0.1904478766413649,0.685210159586424,0.7313182199832073,0.9157404626013818,16,18,183.14870000176597,0.045,0,teselado,WDT,67.7853000088362,32,0.2415000053588301,27.099200000520796,12.169499997980893,2.108600005158223,0.9148999961325899,,12.76779999898281,True,67.7853000088362,True,17.32696694329798,1.3055036300569665,0.25618934251494685,1.190214114737536,287.21842329805145,0,17,0.5504198532574436,17.32696694329798,17.32696694329798,False,inf,0.0,True,0.29478084358063156,10.34159999107942
plaza,dificil,102,alfombra,0.1904478766413649,0.685210159586424,0.7313182199832073,0.9157404626013818,16,18,183.14870000176597,0.045,1,teselado,WDT,46.28950000915211,32,0.2565000031609088,27.03050000127405,7.610000000568107,1.4977000100770965,0.6102000043028966,,2.8177999920444563,True,46.28950000915211,True,8.643586852594094,1.0283070139520782,0.2705205606935118,0.711918259836845,98.23419025231861,0,6,0.3497762581264334,8.643586852594094,8.643586852594094,False,inf,0.0,True,0.3546062717781817,4.704100007074885
plaza,dificil,102,alfombra,0.1904478766413649,0.685210159586424,0.7313182199832073,0.9157404626013818,16,18,183.14870000176597,0.045,1,tve,TVE (proposed),25.900199994794093,41,0.2705999941099435,5.660300012095831,9.706999990157783,2.4921000003814697,0.45900000259280205,6.695400006719865,0.2592999953776598,True,25.900199994794093,True,8.427573078121739,1.0026083678705016,0.32101484224329646,0.6652419167547303,31.122205603112505,0,4,0.8417963656267669,8.427573078121739,8.427573078121739,True,8.427573078121739,0.0,True,0.3711847951315662,
plaza,dificil,102,alfombra,0.1904478766413649,0.685210159586424,0.7313182199832073,0.9157404626013818,16,18,183.14870000176597,0.045,2,tve,TVE (proposed),24.92480000364594,42,0.25240000104531646,5.689400000846945,8.634600002551451,2.41430000460241,0.27520000003278255,6.794500004616566,0.28900000324938446,True,24.92480000364594,True,12.754990207231916,1.0006902049662825,0.3529955263948089,1.5399190369646987,9.84015293048745,0,3,1.7089721565804554,12.754990207231916,12.754990207231916,True,12.754990207231916,0.0,True,0.446769974243424,
plaza,dificil,102,alfombra,0.1904478766413649,0.685210159586424,0.7313182199832073,0.9157404626013818,16,18,183.14870000176597,0.045,2,teselado,WDT,57.738700008485466,32,0.3761999978451058,30.681299991556443,7.624700010637753,1.516300006187521,0.9780999971553683,,4.069699993124232,True,57.738700008485466,True,14.383271840937018,1.1284367147873045,0.2795097549457928,1.1033957581704845,114.07785162553029,0,9,0.5277492534250778,14.383271840937018,14.383271840937018,False,inf,0.0,True,0.3571140318082808,10.786800005007535
plaza,medio,105,alfombra,0.08286592111400881,0.6628831888461882,0.6628831888461882,1.0,21,21,193.56479999260046,0.045,0,tve,TVE (proposed),20.180499996058643,52,0.2995000104419887,5.999099987093359,9.024100014357828,1.4968999894335866,0.17970000044442713,2.790999991702847,0.18560000171419233,True,20.180499996058643,True,8.598132380348963,1.001311594007562,0.3569919589639777,1.2391594050156514,13.692004759439573,0,3,1.3214373031880124,8.598132380348963,8.598132380348963,True,8.598132380348963,0.0,True,0.4815421967821091,
plaza,medio,105,alfombra,0.08286592111400881,0.6628831888461882,0.6628831888461882,1.0,21,21,193.56479999260046,0.045,0,teselado,WDT,44.07140001421794,40,0.23879999935161322,25.632700009737164,8.32809999701567,1.7151000065496191,0.7667000027140602,,2.0823000086238608,True,44.07140001421794,True,8.596259452032818,1.001093478636137,0.3353630959337593,1.2515533366750906,15.227490193028906,0,4,4.246181694574343,8.596259452032818,8.596259452032818,True,8.596259452032818,0.0,True,0.46634937012870287,3.742799992323853
plaza,medio,105,alfombra,0.08286592111400881,0.6628831888461882,0.6628831888461882,1.0,21,21,193.56479999260046,0.045,1,teselado,WDT,69.35530000191648,40,0.4135000053793192,27.65769998950418,8.209600011468865,2.132800000254065,5.878299998585135,,13.46929999999702,True,69.35530000191648,True,16.797841591018926,1.0076417405554754,0.23391908737817113,0.904901950286279,76.14844860287377,0,9,0.761074996819313,16.797841591018926,16.797841591018926,False,inf,0.0,True,0.38288659793196955,9.943299999576993
plaza,medio,105,alfombra,0.08286592111400881,0.6628831888461882,0.6628831888461882,1.0,21,21,193.56479999260046,0.045,1,tve,TVE (proposed),36.77900000184309,48,0.24510000366717577,5.575099989073351,10.388599999714643,1.786199994967319,0.1782000035746023,16.642399990814738,1.6592000029049814,True,36.77900000184309,True,16.531918223232772,0.9916899598627895,0.23351532649288487,0.8634117276802706,73.89628271672197,0,8,1.0801092700454862,16.531918223232772,16.531918223232772,True,16.531918223232772,0.0,True,0.384970362080635,
plaza,medio,105,alfombra,0.08286592111400881,0.6628831888461882,0.6628831888461882,1.0,21,21,193.56479999260046,0.045,2,tve,TVE (proposed),24.810600007185712,48,0.2750999992713332,5.729900003643706,9.108300000661984,1.4839999930700287,0.17610000213608146,7.395399996312335,0.35650000791065395,True,24.810600007185712,True,17.339618442661923,1.0021990808415748,0.3074298328543949,0.8294431369276886,52.993578198285896,0,6,1.0624447467678704,17.339618442661923,17.339618442661923,True,17.339618442661923,0.0,True,0.40499999999999997,
plaza,medio,105,alfombra,0.08286592111400881,0.6628831888461882,0.6628831888461882,1.0,21,21,193.56479999260046,0.045,2,teselado,WDT,52.60949999501463,40,0.22999999055173248,25.4309000010835,8.048799994867295,1.6640999965602532,1.065399992512539,,4.169500010902993,True,52.60949999501463,True,17.519780920136245,1.0126121513439028,0.26275435977150813,0.9391199386722886,97.32809130537662,0,12,1.6197969137717612,17.519780920136245,17.519780920136245,True,17.519780920136245,0.0,True,0.40499999999999997,10.198100004345179
hospital,facil,100,uniforme,0.0,0.8277737490935461,0.8277737490935461,1.0,21,21,152.82059999299236,0.035,0,tve,TVE (proposed),43.473800003994256,46,0.4549000004772097,15.120399999432266,21.075399999972433,1.6518000047653913,0.3284999984316528,2.9316000000108033,1.2130999966757372,True,43.473800003994256,True,15.58909537062343,1.0158654871578015,0.2888773808114658,0.645291638101067,228.0857342797827,0,14,0.4567549752511794,15.58909537062343,15.58909537062343,False,inf,0.0,True,0.37294241535154954,
hospital,facil,100,uniforme,0.0,0.8277737490935461,0.8277737490935461,1.0,21,21,152.82059999299236,0.035,0,teselado,WDT,481.99339999700896,2,0.33059999987017363,15.624399995431304,5.158400002983399,441.41620000300463,0.26789998810272664,,9.68910001392942,True,481.99339999700896,True,16.13824382173316,1.0516508195036276,0.3278242791944129,0.7139730021732849,248.90617847306405,0,18,0.3389266359207547,16.13824382173316,16.13824382173316,False,inf,0.0,True,0.39782427919441293,7.535600001574494
hospital,facil,100,uniforme,0.0,0.8277737490935461,0.8277737490935461,1.0,21,21,152.82059999299236,0.035,1,teselado,WDT,618.339200009359,2,0.3257999924244359,13.634100003400818,4.339599996455945,580.4697999992641,0.12060000153724104,,7.432300000800751,True,618.339200009359,True,17.863488356844435,1.0459890506211533,0.2898092810915775,0.6987725613907537,255.182212697831,0,19,0.4253624952782986,17.863488356844435,17.863488356844435,False,inf,0.0,True,0.3612461405970056,10.28319999750238
hospital,facil,100,uniforme,0.0,0.8277737490935461,0.8277737490935461,1.0,21,21,152.82059999299236,0.035,1,tve,TVE (proposed),36.98900000017602,42,0.3288000007160008,12.043099995935336,18.386900002951734,0.9529999952064827,0.27489999774843454,3.677200002130121,0.5766000103903934,True,36.98900000017602,True,17.210172020277724,1.0077343871987723,0.2876710797557031,0.5085865987494919,194.16639974313122,0,12,0.395471423054395,17.210172020277724,17.210172020277724,False,inf,0.0,True,0.36456255924789066,
hospital,facil,100,uniforme,0.0,0.8277737490935461,0.8277737490935461,1.0,21,21,152.82059999299236,0.035,2,tve,TVE (proposed),53.924399995594285,44,0.3519000019878149,13.426499994238839,28.221600005053915,1.5524999907938763,0.2818000066326931,8.712300012120977,0.618399993982166,True,53.924399995594285,True,15.709925246833716,1.0950695414924079,0.2844333668087264,0.5549844474186079,246.21789709909285,0,16,0.45968909459412277,15.709925246833716,15.709925246833716,False,inf,0.0,True,0.37148482265455635,
hospital,facil,100,uniforme,0.0,0.8277737490935461,0.8277737490935461,1.0,21,21,152.82059999299236,0.035,2,teselado,WDT,453.40920001035556,2,0.3440000000409782,14.997999998740852,4.841000001761131,416.8716999993194,0.1196000084746629,,7.953399996040389,True,453.40920001035556,True,15.642236109501866,1.090351230525464,0.2657680052599614,0.7148243843186876,263.5131571807718,0,20,0.5555779082663359,15.642236109501866,15.642236109501866,False,inf,0.0,True,0.34966154830097107,6.489100007456727
hospital,facil,102,alfombra,0.0,0.7763327601031814,0.7763327601031814,1.0,27,27,137.42610000190325,0.035,0,tve,TVE (proposed),43.29509999661241,49,0.352299990481697,16.983199995593168,19.960500008892268,1.6388999938499182,0.305800000205636,2.885699999751523,0.4192000051261857,True,43.29509999661241,True,11.296798053243158,1.0022067495690212,0.28,0.6379337988541394,12.323964743206137,0,3,1.3965662723826573,11.296798053243158,11.296798053243158,True,11.296798053243158,0.0,True,0.28,
hospital,facil,102,alfombra,0.0,0.7763327601031814,0.7763327601031814,1.0,27,27,137.42610000190325,0.035,0,teselado,WDT,403.1001999974251,2,0.3778999962378293,12.929399992572144,4.3566000094870105,378.8784999924246,0.11169999197591096,,2.5541000068187714,True,403.1001999974251,True,11.303279892901777,1.0027817924639082,0.28,0.6396685126772075,16.188256826549424,0,5,5.429177449135832,11.303279892901777,11.303279892901777,True,11.303279892901777,0.0,True,0.28,2.217700006440282
hospital,facil,102,alfombra,0.0,0.7763327601031814,0.7763327601031814,1.0,27,27,137.42610000190325,0.035,1,teselado,WDT,445.61919999250676,2,0.34479999158065766,13.207399999373592,4.265099996700883,409.0031999949133,0.1213000068673864,,10.357699997257441,True,445.61919999250676,True,17.412506494393952,1.031047408849353,0.2851423403103683,0.6505520304231555,208.62044420318276,0,16,0.3690992147719194,17.412506494393952,17.412506494393952,False,inf,0.0,True,0.36305800039939173,6.686900000204332
hospital,facil,102,alfombra,0.0,0.7763327601031814,0.7763327601031814,1.0,27,27,137.42610000190325,0.035,1,tve,TVE (proposed),41.90240000025369,56,0.3436999977566302,12.997799989534542,19.23120001447387,1.3359000004129484,0.3628999984357506,6.240999995497987,0.640199999907054,True,41.90240000025369,True,16.99773922478194,1.0064877787497655,0.3022109840499235,0.6192631954484024,190.1738747415999,0,10,0.4325961652713309,16.99773922478194,16.99773922478194,False,inf,0.0,True,0.3659533166312264,
hospital,facil,102,alfombra,0.0,0.7763327601031814,0.7763327601031814,1.0,27,27,137.42610000190325,0.035,2,tve,TVE (proposed),44.60510000353679,47,0.6586999952560291,15.935699993860908,19.00910001131706,2.1704999962821603,0.36530000215861946,4.81890000810381,0.8524000004399568,True,44.60510000353679,True,12.41748168883181,1.0141066667993153,0.28,0.43629862652235446,219.9912477029654,0,11,0.33892151349168886,12.41748168883181,12.41748168883181,False,inf,0.0,True,0.28,
hospital,facil,102,alfombra,0.0,0.7763327601031814,0.7763327601031814,1.0,27,27,137.42610000190325,0.035,2,teselado,WDT,481.68849998910446,2,0.31659999513067305,13.324500003363937,4.229400001349859,442.5526999984868,0.11590000940486789,,11.644099999102764,True,481.68849998910446,True,12.739450824086843,1.0404011325169011,0.278593268619738,0.45651661259164455,202.22387751164564,1,15,0.38690669817873713,12.739450824086843,12.739450824086843,False,inf,0.0,True,0.28,7.441300011123531
hospital,facil,101,alfombra,0.0,0.7550806851352095,0.7550806851352095,1.0,27,27,140.9194000007119,0.035,0,tve,TVE (proposed),50.6945000088308,51,0.3536000003805384,15.583400017931126,25.493999986792915,1.523799990536645,0.37369999336078763,5.991700003505684,0.6087000074330717,True,50.6945000088308,True,13.76002428047539,1.0073813131371019,0.29152518812178924,0.6315403513495237,182.67952433274203,0,12,0.44545897717744914,13.76002428047539,13.76002428047539,False,inf,0.0,True,0.36778904508631366,
hospital,facil,101,alfombra,0.0,0.7550806851352095,0.7550806851352095,1.0,27,27,140.9194000007119,0.035,0,teselado,WDT,410.4856999911135,2,0.3702000103658065,18.857499992009252,6.504000004497357,365.27639999985695,0.11549999180715531,,9.786199996597134,True,410.4856999911135,True,14.308852300556484,1.0475614087740137,0.2953741207505744,0.6758871677042411,202.4595537631856,0,16,0.5146841064235176,14.308852300556484,14.308852300556484,False,inf,0.0,True,0.3712171042772276,7.579099998110905
hospital,facil,101,alfombra,0.0,0.7550806851352095,0.7550806851352095,1.0,27,27,140.9194000007119,0.035,1,teselado,WDT,480.8874000009382,2,0.3386000025784597,12.906899995869026,4.532300008577295,441.0633999941638,0.11629999789875001,,7.616700007929467,True,480.8874000009382,True,15.656732185362108,1.0436697669433372,0.3007245430852028,0.6550477004102015,292.27105222063625,0,20,0.26344378584677103,15.656732185362108,15.656732185362108,False,inf,0.0,True,0.3996271129662873,12.528400009614415
hospital,facil,101,alfombra,0.0,0.7550806851352095,0.7550806851352095,1.0,27,27,140.9194000007119,0.035,1,tve,TVE (proposed),44.84930000035092,48,0.3262999962316826,13.189600009354763,18.853999994462356,1.2035999970976263,0.3482000029180199,9.480599997914396,0.6653000018559396,True,44.84930000035092,True,15.11247809265821,1.007390067235547,0.29928239605140217,0.5536909366315792,174.6781596436032,0,11,0.676538241649856,15.11247809265821,15.11247809265821,False,inf,0.0,True,0.3761738758204846,
hospital,facil,101,alfombra,0.0,0.7550806851352095,0.7550806851352095,1.0,27,27,140.9194000007119,0.035,2,tve,TVE (proposed),61.27570000535343,53,0.666600011754781,17.088099993998185,28.06620000046678,1.8380999972578138,0.7016000017756596,10.823499993421137,0.9926000057021156,True,61.27570000535343,True,12.904863161270356,1.0066164858057265,0.290459916676189,0.5905357648547268,181.58472038780366,0,12,0.49248340901118837,12.904863161270356,12.904863161270356,False,inf,0.0,True,0.3673513974876798,
hospital,facil,101,alfombra,0.0,0.7550806851352095,0.7550806851352095,1.0,27,27,140.9194000007119,0.035,2,teselado,WDT,384.81899999896996,2,0.5782999942312017,18.478400001185946,6.839699999545701,341.6170999989845,0.10479999764356762,,7.75910000083968,True,384.81899999896996,True,13.526463524153924,1.0551031039931469,0.3274355522534865,0.7326727775954172,216.96275096970038,0,19,0.4385575005347517,13.526463524153924,13.526463524153924,False,inf,0.0,True,0.39797017142635266,7.414899999275804
hospital,facil,103,uniforme,0.0,0.7460885427629271,0.7460885427629271,1.0,21,21,170.72199999529403,0.035,0,tve,TVE (proposed),37.7641999948537,44,0.3612000000430271,13.551199997891672,18.522600003052503,1.3461000053212047,0.3380000125616789,2.518900000723079,0.36959999124519527,True,37.7641999948537,True,8.798136130455275,1.007682270328777,0.3030722042214842,0.8379041888634764,96.40151790336522,0,8,0.47799569209703946,8.798136130455275,8.798136130455275,False,inf,0.0,True,0.39329979832393586,
hospital,facil,103,uniforme,0.0,0.7460885427629271,0.7460885427629271,1.0,21,21,170.72199999529403,0.035,0,teselado,WDT,201.88529998995364,2,0.3671000013127923,14.347500007716008,4.254100000252947,173.61659999005497,0.09879999561235309,,3.6491000064415857,True,201.88529998995364,True,9.140710777352453,1.0469185804771814,0.30078001906741614,0.8831928657745991,135.58669298612278,0,12,0.7233172159278745,9.140710777352453,9.140710777352453,False,inf,0.0,True,0.35580090910198825,3.9151999953901395
hospital,facil,103,uniforme,0.0,0.7460885427629271,0.7460885427629271,1.0,21,21,170.72199999529403,0.035,1,teselado,WDT,580.6523999926867,2,0.35459999344311655,13.893900002585724,4.27289999788627,554.3906999955652,0.11700000322889537,,3.8167000020621344,True,580.6523999926867,True,11.408595090513014,1.0519640462196107,0.3386319351933728,0.6728908702285165,136.6863471252758,0,11,0.6817179863834599,11.408595090513014,11.408595090513014,False,inf,0.0,True,0.37589382061583365,2.1976999996695668
hospital,facil,103,uniforme,0.0,0.7460885427629271,0.7460885427629271,1.0,21,21,170.72199999529403,0.035,1,tve,TVE (proposed),35.45230001327582,41,0.3223000094294548,12.125799999921583,18.658299988601357,1.222599996253848,0.3073999978369102,1.689899989287369,0.4206000012345612,True,35.45230001327582,True,10.929001066787688,1.0077416274434043,0.29390427695282273,0.585233932957327,130.21798794584763,0,9,0.4630248322732844,10.929001066787688,10.929001066787688,False,inf,0.0,True,0.3707957564515123,
hospital,facil,103,uniforme,0.0,0.7460885427629271,0.7460885427629271,1.0,21,21,170.72199999529403,0.035,2,tve,TVE (proposed),44.43160000664648,44,0.407900006393902,16.139699990162626,23.280800014617853,1.3178999943193048,0.3205999964848161,1.7751999985193834,0.37900000461377203,True,44.43160000664648,True,9.885150409366679,1.0157502320565772,0.3210153060675981,0.6498636837607651,86.08870097327339,0,8,0.800046758959874,9.885150409366679,9.885150409366679,True,9.885150409366679,0.0,True,0.3979067855597856,
hospital,facil,103,uniforme,0.0,0.7460885427629271,0.7460885427629271,1.0,21,21,170.72199999529403,0.035,2,teselado,WDT,535.497500008205,2,0.39110000943765044,14.809200001764111,4.556899992167018,508.69699999748264,0.11180000728927553,,3.002299999934621,True,535.497500008205,True,10.01180282065841,1.028764421101005,0.28228060501842034,0.6376643690289819,86.07212958362403,0,6,0.5625829114714351,10.01180282065841,10.01180282065841,False,inf,0.0,True,0.35228060501842023,2.316599988262169
hospital,facil,104,uniforme,0.0,0.8130796508456083,0.8130796508456083,1.0,22,22,144.20150000660215,0.035,0,tve,TVE (proposed),42.807299993000925,42,0.3471000090939924,12.571100000059232,18.573499997728504,1.4614000101573765,0.29090000316500664,7.260300000780262,1.4162000006763265,True,42.807299993000925,True,16.45313532173246,1.005029334882867,0.2898125630083137,0.5707883386749113,231.93783974066596,0,15,0.4914560879345233,16.45313532173246,16.45313532173246,False,inf,0.0,True,0.36670404410445445,
hospital,facil,104,uniforme,0.0,0.8130796508456083,0.8130796508456083,1.0,22,22,144.20150000660215,0.035,0,teselado,WDT,510.46790000691544,2,0.35319999733474106,14.470599999185652,4.421499994350597,470.84280000126455,0.11069999891333282,,7.827800000086427,True,510.46790000691544,True,17.193292515262282,1.0502413675669644,0.2857377493616225,0.7195666814417869,256.3063025839532,0,21,0.46794097132189494,17.193292515262282,17.193292515262282,False,inf,0.0,True,0.3557377493616226,10.546500008786097
hospital,facil,104,uniforme,0.0,0.8130796508456083,0.8130796508456083,1.0,22,22,144.20150000660215,0.035,1,teselado,WDT,596.1820000084117,2,0.3578000032575801,13.670899992575869,4.1745000053197145,547.4052999925334,0.1235999952768907,,15.655199997127056,True,596.1820000084117,True,20.895104649207987,1.0337883882659469,0.261220844103753,0.66399354890962,186.53289192863573,1,18,0.5017087719894545,20.895104649207987,20.895104649207987,False,inf,0.0,True,0.28,13.04839999647811
hospital,facil,104,uniforme,0.0,0.8130796508456083,0.8130796508456083,1.0,22,22,144.20150000660215,0.035,1,tve,TVE (proposed),59.01359999552369,34,0.3237999917473644,15.823699999600649,31.01970000716392,2.6304999919375405,0.24199999461416155,5.97899999411311,1.947000011568889,True,59.01359999552369,True,20.311694689834027,1.0049240943691289,0.28,0.5501878828397281,194.00066585666485,0,13,0.7063593442302966,20.311694689834027,20.311694689834027,False,inf,0.0,True,0.28,
hospital,facil,104,uniforme,0.0,0.8130796508456083,0.8130796508456083,1.0,22,22,144.20150000660215,0.035,2,tve,TVE (proposed),46.725899999728426,45,0.37980001070536673,14.2271999939112,27.965400004177354,1.4057999942451715,0.2911000046879053,1.7222000024048612,0.3228999994462356,True,46.725899999728426,True,8.078568469106877,1.0040174131007733,0.2847893690489137,0.6696728350625085,68.60832602466668,0,7,0.799954491310597,8.078568469106877,8.078568469106877,True,8.078568469106877,0.0,True,0.36044858262165874,
hospital,facil,104,uniforme,0.0,0.8130796508456083,0.8130796508456083,1.0,22,22,144.20150000660215,0.035,2,teselado,WDT,332.13330000580754,2,0.3249000001233071,13.600099991890602,4.236200009472668,299.80399999476504,0.12180001067463309,,7.977100001880899,True,332.13330000580754,True,8.339732565224935,1.0364753047658597,0.2607236998628436,0.7283929908189021,102.7174277053951,1,6,0.3472971372773202,8.339732565224935,8.339732565224935,False,inf,0.0,True,0.346499025542817,4.354700009571388
hospital,facil,105,alfombra,0.0,0.8474947984029692,0.8474947984029692,1.0,28,28,153.29859999474138,0.035,0,tve,TVE (proposed),47.06050000095274,48,0.3626000107033178,15.04999998724088,28.24170001258608,1.0236000089207664,0.22319999698083848,1.1479000095278025,0.2753000007942319,True,47.06050000095274,True,7.572296955565727,1.006592076148651,0.33022551278929924,0.592070591388139,59.46729023808566,0,5,0.664681843122123,7.572296955565727,7.572296955565727,False,inf,0.0,True,0.35000000000000003,
hospital,facil,105,alfombra,0.0,0.8474947984029692,0.8474947984029692,1.0,28,28,153.29859999474138,0.035,0,teselado,WDT,99.08569999970496,2,0.38309999217744917,13.525100002880208,4.364399996120483,73.54749999649357,0.10209999163635075,,4.189400002360344,True,99.08569999970496,True,7.688883489344947,1.022090026344799,0.2784625469536498,0.583028190718173,67.88663810519047,0,7,0.5916657141552597,7.688883489344947,7.688883489344947,False,inf,0.0,True,0.35000000000000003,1.3820000021951273
hospital,facil,105,alfombra,0.0,0.8474947984029692,0.8474947984029692,1.0,28,28,153.29859999474138,0.035,1,teselado,WDT,144.82180000049993,2,0.33560000883881,12.58389999566134,4.377899997052737,119.5136000023922,0.1033000007737428,,2.875400008633733,True,144.82180000049993,True,7.12734289709347,1.0063733829343682,0.330419797020637,0.7768828202038996,37.21010701955529,0,6,2.2554209613265215,7.12734289709347,7.12734289709347,True,7.12734289709347,0.0,True,0.42279349823846724,3.5927999997511506
hospital,facil,105,alfombra,0.0,0.8474947984029692,0.8474947984029692,1.0,28,28,153.29859999474138,0.035,1,tve,TVE (proposed),45.954699991852976,52,0.32390000706072897,14.325200012535788,25.01819998724386,1.1722999915946275,0.33429999893996865,3.6694000009447336,0.2406999992672354,True,45.954699991852976,True,7.10731421601257,1.003545354056549,0.31826984565084543,0.7491386154362384,37.879581313166966,0,5,0.8585469572709041,7.10731421601257,7.10731421601257,True,7.10731421601257,0.0,True,0.3941164738250848,
hospital,facil,105,alfombra,0.0,0.8474947984029692,0.8474947984029692,1.0,28,28,153.29859999474138,0.035,2,tve,TVE (proposed),42.674099997384474,54,0.38240000139921904,13.437199988402426,18.95570001215674,1.5859000122873113,0.3941000031773001,5.998399996315129,1.1845000117318705,True,42.674099997384474,True,16.067350287666226,0.9985741823071599,0.2577029682139905,0.5763291690361777,144.38453845530856,0,11,0.7999858670236173,16.067350287666226,16.067350287666226,True,16.067350287666226,0.0,True,0.3223904231391214,
hospital,facil,105,alfombra,0.0,0.8474947984029692,0.8474947984029692,1.0,28,28,153.29859999474138,0.035,2,teselado,WDT,449.8380000004545,2,0.3480000013951212,13.018199999351054,4.457000002730638,414.1010000021197,0.11579999409150332,,9.636100003262982,True,449.8380000004545,True,16.758630575897456,1.0415367515053586,0.31500000000000006,0.6634278810818115,238.12742770105402,0,19,0.4939198087496985,16.758630575897456,16.758630575897456,False,inf,0.0,True,0.385,6.4676999900257215
plaza,dificil,104,madera,0.15816892045786826,0.5991713204827959,0.5991713204827959,1.0,19,19,178.34339999535587,0.045,0,tve,TVE (proposed),26.68660000199452,39,0.28029999521095306,5.952499996055849,8.870999998180196,1.082599992514588,0.1573999907122925,8.772100001806393,1.228699999046512,True,26.68660000199452,True,17.089667507855957,1.0720538461167222,0.2902299013178678,0.7023919483161857,187.04144081187184,0,13,0.3705885130336556,17.089667507855957,17.089667507855957,False,inf,0.0,True,0.43500017030730104,
plaza,dificil,104,madera,0.15816892045786826,0.5991713204827959,0.5991713204827959,1.0,19,19,178.34339999535587,0.045,0,teselado,WDT,59.01060000178404,33,0.25079998886212707,25.408500005141832,7.927200000267476,1.5999000024748966,0.7403000054182485,,12.053599988576025,True,59.01060000178404,True,18.602880138601233,1.1669793571038227,0.24563488463017483,0.8176596792520587,247.42879351118594,0,16,0.2987110990370695,18.602880138601233,18.602880138601233,False,inf,0.0,True,0.38760257089973765,8.962499996414408
plaza,dificil,104,madera,0.15816892045786826,0.5991713204827959,0.5991713204827959,1.0,19,19,178.34339999535587,0.045,1,teselado,WDT,56.86119999154471,33,0.25710000772960484,26.449899989529513,8.301900001242757,2.4298999924212694,1.1137000110466033,,3.435999999055639,True,56.86119999154471,True,16.82541296042859,1.0418277443051296,0.3658364522052301,0.950132002220253,77.81824489423406,0,12,4.185242111398874,16.82541296042859,16.82541296042859,True,16.82541296042859,0.0,True,0.46236934229639337,12.950300006195903
plaza,dificil,104,madera,0.15816892045786826,0.5991713204827959,0.5991713204827959,1.0,19,19,178.34339999535587,0.045,1,tve,TVE (proposed),23.262399990926497,39,0.25579999783076346,5.971300008241087,9.714499989058822,1.3588000001618639,0.20330000552348793,5.0171000038972124,0.404200007324107,True,23.262399990926497,True,16.703593401483374,1.0342846904373506,0.34606284256525277,0.9976751284050623,47.84215456059269,0,5,1.0305799369587791,16.703593401483374,16.703593401483374,True,16.703593401483374,0.0,True,0.44385104036267725,
plaza,dificil,104,madera,0.15816892045786826,0.5991713204827959,0.5991713204827959,1.0,19,19,178.34339999535587,0.045,2,tve,TVE (proposed),24.592799993115477,42,0.26000000070780516,5.841200007125735,8.81259999005124,1.6346999909728765,0.14429999282583594,7.216199999675155,0.33399999665562063,True,24.592799993115477,True,10.477013900003621,1.0183186456159359,0.315,0.8927546316857498,66.21879676136818,0,5,0.8507296902301478,10.477013900003621,10.477013900003621,True,10.477013900003621,0.0,True,0.6326270907210229,
plaza,dificil,104,madera,0.15816892045786826,0.5991713204827959,0.5991713204827959,1.0,19,19,178.34339999535587,0.045,2,teselado,WDT,45.25809999904595,33,0.25779999850783497,25.282300004619174,7.833899988327175,1.6134000034071505,0.6712000031257048,,3.012700006365776,True,45.25809999904595,True,10.675179557428029,1.0375794565494734,0.3018486183535473,0.9464260314237964,58.116470562577526,0,6,1.2289544081927417,10.675179557428029,10.675179557428029,True,10.675179557428029,0.0,True,0.5353816137797249,4.631600007996894
plaza,dificil,105,concreto,0.1325144829251964,0.7576383603348918,0.7965249199817102,0.9394633949035999,19,21,193.87010000355076,0.045,0,tve,TVE (proposed),32.00720000313595,44,0.28410000959411263,6.452699992223643,13.37670000793878,2.0114999933866784,0.308599992422387,8.733099995879456,0.4588000010699034,True,32.00720000313595,True,14.61487591235147,1.0017701936651036,0.31578073515079114,0.8205140532593096,33.166637912795984,0,4,1.0326803412832426,14.61487591235147,14.61487591235147,True,14.61487591235147,0.0,True,0.36078073253717197,
plaza,dificil,105,concreto,0.1325144829251964,0.7576383603348918,0.7965249199817102,0.9394633949035999,19,21,193.87010000355076,0.045,0,teselado,WDT,49.15679999976419,36,0.24629999825265259,25.881900000968017,7.773700010147877,1.635399996303022,0.9735999919939786,,3.3500999998068437,True,49.15679999976419,True,14.652093115097646,1.0043212303366638,0.3198772901470333,0.8672371584827432,34.84602965197892,0,9,8.474471224510667,14.652093115097646,14.652093115097646,True,14.652093115097646,0.0,True,0.39201229869659676,7.623800003784709
plaza,dificil,105,concreto,0.1325144829251964,0.7576383603348918,0.7965249199817102,0.9394633949035999,19,21,193.87010000355076,0.045,1,teselado,WDT,47.62529999425169,36,0.30279999191407114,26.397399997222237,8.203400007914752,1.8358000088483095,1.1299000034341589,,2.6932000037049875,True,47.62529999425169,True,14.434197923277276,1.0272918285360446,0.36663774013632583,0.9720877892730895,40.288587028816075,0,9,8.969608412061286,14.434197923277276,14.434197923277276,True,14.434197923277276,0.0,True,0.49100767482861646,5.364699987694621
plaza,dificil,105,concreto,0.1325144829251964,0.7576383603348918,0.7965249199817102,0.9394633949035999,19,21,193.87010000355076,0.045,1,tve,TVE (proposed),26.154500010306947,41,0.2494000073056668,5.777899990789592,9.583500010194257,1.5111999964574352,0.1475999888498336,8.188399995560758,0.31450000824406743,True,26.154500010306947,True,14.106226946195774,1.0039499077349259,0.32433464772653375,0.9537870075609735,19.845061713272504,0,4,2.375158817822059,14.106226946195774,14.106226946195774,True,14.106226946195774,0.0,True,0.44171193513233104,
plaza,dificil,105,concreto,0.1325144829251964,0.7576383603348918,0.7965249199817102,0.9394633949035999,19,21,193.87010000355076,0.045,2,tve,TVE (proposed),29.350199998589233,48,0.3003000019816682,7.652099986444227,9.956600013538264,2.7011999918613583,0.33629999961704016,7.652999993297271,0.42520000715740025,True,29.350199998589233,True,12.43708833435494,1.0017842276431896,0.29376947581932983,0.969865384167287,33.25793352295457,0,4,1.3022010371135067,12.43708833435494,12.43708833435494,True,12.43708833435494,0.0,True,0.348510675183279,
plaza,dificil,105,concreto,0.1325144829251964,0.7576383603348918,0.7965249199817102,0.9394633949035999,19,21,193.87010000355076,0.045,2,teselado,WDT,51.65959999430925,36,0.39259999175556004,32.606499997200444,8.147700005793013,1.7022000101860613,0.676800002111122,,2.342699997825548,True,51.65959999430925,True,13.003098557867576,1.0473752936030154,0.5757730175350119,1.1241387984272089,65.0170434826037,0,9,2.6811333338473355,13.003098557867576,13.003098557867576,True,13.003098557867576,0.0,True,0.6188863140846202,4.048000002512708
hospital,medio,100,concreto,0.06496151113154824,0.6239750737946868,0.6239750737946868,1.0,21,21,180.41869999433402,0.035,0,tve,TVE (proposed),44.45380000106525,41,0.35429999115876853,13.348300009965897,24.206899994169362,1.0695999953895807,0.26989998877979815,3.3202000049641356,0.826600007712841,True,44.45380000106525,True,19.905123016792366,1.0068071892821968,0.3157891856160504,0.5969524596673786,189.35297817365918,0,12,0.49027781470369114,19.905123016792366,19.905123016792366,False,inf,0.0,True,0.4136015983663691,
hospital,medio,100,concreto,0.06496151113154824,0.6239750737946868,0.6239750737946868,1.0,21,21,180.41869999433402,0.035,0,teselado,WDT,578.4448999911547,2,0.6057999999029562,20.50250000320375,4.723999998532236,523.6253999901237,0.13559999933931977,,8.162000012816861,True,578.4448999911547,True,20.366103637027766,1.0301237295608592,0.2803982760628367,0.6960565956471683,252.51127983994155,0,20,0.2980590128258646,20.366103637027766,20.366103637027766,False,inf,0.0,True,0.3503982760628367,18.91470000555273
hospital,medio,100,concreto,0.06496151113154824,0.6239750737946868,0.6239750737946868,1.0,21,21,180.41869999433402,0.035,1,teselado,WDT,260.74130000779405,2,0.40839999564923346,13.656000010087155,4.180599993560463,232.08420000446495,0.11170000652782619,,4.9851000076159835,True,260.74130000779405,True,7.660130735129763,1.0411075346288063,0.30252698391359795,0.6169278985618322,150.8501149044309,1,10,0.31605657392868,7.660130735129763,7.660130735129763,False,inf,0.0,True,0.37252698391359795,3.806499997153878
hospital,medio,100,concreto,0.06496151113154824,0.6239750737946868,0.6239750737946868,1.0,21,21,180.41869999433402,0.035,1,tve,TVE (proposed),35.99239999311976,44,0.338700003339909,12.376899991068058,18.408000003546476,1.273000001674518,0.24229999689850956,2.1637000027112663,0.3952999977627769,True,35.99239999311976,True,7.400551553970769,1.0058274786242758,0.28719224419193473,0.5724981291223247,107.5771271564473,0,9,0.6045161245052486,7.400551553970769,7.400551553970769,False,inf,0.0,True,0.3640837236841222,
hospital,medio,100,concreto,0.06496151113154824,0.6239750737946868,0.6239750737946868,1.0,21,21,180.41869999433402,0.035,2,tve,TVE (proposed),35.9145999973407,40,0.38240000139921904,13.090499996906146,18.244599996251054,1.3235000078566372,0.22029998945072293,1.7044999985955656,0.18699999782256782,True,35.9145999973407,True,8.366909789613965,1.0013846343138664,0.35000000000000003,0.5441760892300406,8.030638435672415,0,3,2.1997550948045665,8.366909789613965,8.366909789613965,True,8.366909789613965,0.0,True,0.45500000000000007,
hospital,medio,100,concreto,0.06496151113154824,0.6239750737946868,0.6239750737946868,1.0,21,21,180.41869999433402,0.035,2,teselado,WDT,351.2085999973351,2,0.4645000008167699,18.040700000710785,6.478999988758005,320.39419999637175,0.11300000187475234,,2.3403999948641285,True,351.2085999973351,True,8.398928557097175,1.005216766196913,0.35000000000000003,0.5882372356472328,19.378345636221518,0,4,2.587374384742158,8.398928557097175,8.398928557097175,True,8.398928557097175,0.0,True,0.45500000000000007,1.6214999923249707
plaza,dificil,103,alfombra,0.1880818665995922,0.5433235339625561,0.5433235339625561,1.0,20,20,147.0608999952674,0.045,0,tve,TVE (proposed),23.307900002691895,51,0.28980000934097916,6.111700015026145,9.783499976038001,1.3397000002441928,0.1981999957934022,5.025199992815033,0.26780000189319253,True,23.307900002691895,True,10.08933719329471,1.0,0.2479101923632454,1.215365011026886,0.0,0,2,16777215.999999998,10.08933719329471,10.08933719329471,True,10.08933719329471,0.0,True,0.3454516318589544,
plaza,dificil,103,alfombra,0.1880818665995922,0.5433235339625561,0.5433235339625561,1.0,20,20,147.0608999952674,0.045,0,teselado,WDT,42.58999999728985,44,0.24769999436102808,26.61390000139363,8.715899995877407,1.8589999963296577,0.541199988219887,,0.24970000959001482,True,42.58999999728985,True,10.08933719329471,1.0,0.2481209914684295,1.215366369695741,0.0,0,2,16777215.999999998,10.08933719329471,10.08933719329471,True,10.08933719329471,0.0,True,0.3454633472188318,2.901999992900528
plaza,dificil,103,alfombra,0.1880818665995922,0.5433235339625561,0.5433235339625561,1.0,20,20,147.0608999952674,0.045,1,teselado,WDT,44.57179999735672,44,0.2859000087482855,25.21619999606628,8.387299996684305,1.750199997331947,0.9647999977460131,,2.3170999920694157,True,44.57179999735672,True,11.148386955681627,1.048338938254024,0.39296350535545366,0.9214479347651896,57.259065520327006,0,9,3.77048929510871,11.148386955681627,11.148386955681627,True,11.148386955681627,0.0,True,0.5129968930532423,4.01879999844823
plaza,dificil,103,alfombra,0.1880818665995922,0.5433235339625561,0.5433235339625561,1.0,20,20,147.0608999952674,0.045,1,tve,TVE (proposed),21.389600005932152,54,0.2443999983370304,5.749200019636191,9.5821999857435,1.6996999911498278,0.19619999511633068,3.2807999959914014,0.24670000129844993,True,21.389600005932152,True,10.657545868915177,1.0021826803309934,0.3388460283605171,0.7380047196112715,28.498259530481306,0,4,1.0676262670198555,10.657545868915177,10.657545868915177,True,10.657545868915177,0.0,True,0.4661348308692339,
plaza,dificil,103,alfombra,0.1880818665995922,0.5433235339625561,0.5433235339625561,1.0,20,20,147.0608999952674,0.045,2,tve,TVE (proposed),21.16770000429824,52,0.2798000059556216,5.975699998089112,9.627099992940202,1.4177999983076006,0.1537000061944127,3.219999998691492,0.1829999964684248,True,21.16770000429824,True,11.715955505811614,1.0008218123943546,0.36,1.3221360818402526,11.057273979289338,0,3,2.0007886410966136,11.715955505811614,11.715955505811614,True,11.715955505811614,0.0,True,0.36,
plaza,dificil,103,alfombra,0.1880818665995922,0.5433235339625561,0.5433235339625561,1.0,20,20,147.0608999952674,0.045,2,teselado,WDT,44.62479999347124,44,0.2344999957131222,25.43990001140628,8.427699998719618,1.7708999948808923,1.0480000055395067,,2.339600003324449,True,44.62479999347124,True,11.956791946229597,1.021394983969662,0.36,1.4479821775292556,32.84013232085777,0,6,3.2499757604758144,11.956791946229597,11.956791946229597,True,11.956791946229597,0.0,True,0.36,3.5865999961970374
hospital,medio,102,uniforme,0.04944871893084507,0.6920571045319537,0.6920571045319537,1.0,27,27,189.69349999679253,0.035,0,tve,TVE (proposed),36.27099998993799,51,0.41229999624192715,13.307100016390905,18.77119998971466,1.1467000003904104,0.3656999906525016,1.5171999984886497,0.418399999034591,True,36.27099998993799,True,13.133370136995145,1.0039947160697418,0.30032830732194915,0.5871328078347414,98.28757262665758,0,8,0.6245034499978488,13.133370136995145,13.133370136995145,False,inf,0.0,True,0.3942358736686223,
hospital,medio,102,uniforme,0.04944871893084507,0.6920571045319537,0.6920571045319537,1.0,27,27,189.69349999679253,0.035,0,teselado,WDT,409.5194999972591,2,0.31550000130664557,12.617500004125759,4.258600005414337,381.402099999832,0.11820001236628741,,4.201100004138425,True,409.5194999972591,True,13.553380245924156,1.0361028441177558,0.318948382689497,0.663211001190848,103.1152876785173,0,13,0.9248566139897458,13.553380245924156,13.553380245924156,True,13.553380245924156,0.0,True,0.38908722004482943,4.895600010058843
hospital,medio,102,uniforme,0.04944871893084507,0.6920571045319537,0.6920571045319537,1.0,27,27,189.69349999679253,0.035,1,teselado,WDT,333.13020000059623,2,0.3656000044429675,13.199099994380958,4.167799997958355,306.5772999980254,0.10379999002907425,,4.1665000026114285,True,333.13020000059623,True,14.838118576049613,1.031308871805884,0.3347549862427056,0.643782006005032,119.51642381984746,0,11,0.7269957109152139,14.838118576049613,14.838118576049613,False,inf,0.0,True,0.419581149634937,2.790600003208965
hospital,medio,102,uniforme,0.04944871893084507,0.6920571045319537,0.6920571045319537,1.0,27,27,189.69349999679253,0.035,1,tve,TVE (proposed),36.7878999968525,51,0.3279999946244061,13.205400013248436,18.561799995950423,1.1858999932883307,0.3504000051179901,2.0557999960146844,0.34100000630132854,True,36.7878999968525,True,14.445366787174677,1.0040110441056695,0.2936603588756085,0.5866538985716087,113.20711543399088,0,7,0.45660223102976105,14.445366787174677,14.445366787174677,False,inf,0.0,True,0.3549239855004764,
hospital,medio,102,uniforme,0.04944871893084507,0.6920571045319537,0.6920571045319537,1.0,27,27,189.69349999679253,0.035,2,tve,TVE (proposed),41.208500013453886,48,0.3882000019075349,13.77009999123402,18.921299997600727,1.190299997688271,0.30810000316705555,5.32779999775812,0.4859999899053946,True,41.208500013453886,True,11.36274632821415,1.0070252940351692,0.29384725700683606,0.5369470592150724,112.33366966920934,0,9,0.6218947979639167,11.36274632821415,11.36274632821415,False,inf,0.0,True,0.38472223600333144,
hospital,medio,102,uniforme,0.04944871893084507,0.6920571045319537,0.6920571045319537,1.0,27,27,189.69349999679253,0.035,2,teselado,WDT,361.82809999445453,2,0.34240000240970403,18.78539999597706,4.746000005980022,328.472100009094,0.11920000542886555,,4.161000004387461,True,361.82809999445453,True,11.66696822498043,1.0339870105246325,0.2897465433573161,0.5980969542622948,114.31006179715449,0,11,0.9626963878738826,11.66696822498043,11.66696822498043,True,11.66696822498043,0.0,True,0.43153911238909265,3.598100011004135
hospital,medio,101,concreto,0.094257753150202,0.7045945112550108,0.7045945112550108,1.0,27,27,180.3838000050746,0.035,0,tve,TVE (proposed),39.409200006048195,53,0.3496999997878447,13.05069999943953,19.739299998036586,1.160400002845563,0.35880001087207347,3.528900007950142,0.5161000008229166,True,39.409200006048195,True,16.585140796761415,1.0038135096577672,0.2957674489092205,0.546499424503261,152.55561850289743,0,10,0.517295845914604,16.585140796761415,16.585140796761415,False,inf,0.0,True,0.4049092227319037,
hospital,medio,101,concreto,0.094257753150202,0.7045945112550108,0.7045945112550108,1.0,27,27,180.3838000050746,0.035,0,teselado,WDT,542.9156000027433,2,0.4020000051241368,15.507599993725307,6.288499993388541,500.13319999561645,0.10579999070614576,,10.428499997942708,True,542.9156000027433,True,17.12624756695588,1.036563927199869,0.310095615248554,0.7232863626962658,226.13989566455703,0,17,0.36999053610445154,17.12624756695588,17.12624756695588,False,inf,0.0,True,0.37907344844688146,8.234799999627285
hospital,medio,101,concreto,0.094257753150202,0.7045945112550108,0.7045945112550108,1.0,27,27,180.3838000050746,0.035,1,teselado,WDT,232.8296999912709,2,0.3355999942868948,12.246700003743172,4.452699999092147,204.83440000680275,0.09600000339560211,,6.1190999986138195,True,232.8296999912709,True,8.061481765691262,1.0373178819192752,0.30210374359623754,0.7600567110035699,160.00103687735873,0,11,0.325359167345803,8.061481765691262,8.061481765691262,False,inf,0.0,True,0.4180403969046488,3.24539998837281
hospital,medio,101,concreto,0.094257753150202,0.7045945112550108,0.7045945112550108,1.0,27,27,180.3838000050746,0.035,1,tve,TVE (proposed),40.912899989052676,56,0.3355000080773607,13.139199989382178,19.99640000576619,1.398200009134598,0.3519000019878149,4.808900004718453,0.2657000004546717,True,40.912899989052676,True,7.805212722778513,1.0043422493343224,0.30565641280589523,0.7161026126145221,60.20260803388159,0,6,0.8744692862140482,7.805212722778513,7.805212722778513,True,7.805212722778513,0.0,True,0.3671852854686972,
hospital,medio,101,concreto,0.094257753150202,0.7045945112550108,0.7045945112550108,1.0,27,27,180.3838000050746,0.035,2,tve,TVE (proposed),45.989099991857074,55,0.39370000013150275,13.562099993578158,22.755600002710707,2.067099994746968,0.3735999925993383,5.666299999575131,0.4999999946448952,True,45.989099991857074,True,11.733313008710573,1.0062080282000796,0.2904392433215766,0.526119655530226,203.87228471267704,0,12,0.5058182356629595,11.733313008710573,11.733313008710573,False,inf,0.0,True,0.414580659244919,
hospital,medio,101,concreto,0.094257753150202,0.7045945112550108,0.7045945112550108,1.0,27,27,180.3838000050746,0.035,2,teselado,WDT,293.4185000049183,2,0.36959999124519527,12.948100003995933,4.44699999934528,259.6159999957308,0.11470000026747584,,8.984400003100745,True,293.4185000049183,True,12.381777151261653,1.061818052900723,0.2964663189487635,0.7123525280369877,217.97583438311088,0,19,0.47949357325325836,12.381777151261653,12.381777151261653,False,inf,0.0,True,0.3642028574171383,5.346399993868545
hospital,medio,104,baldosa,0.04194186802801567,0.7185560175977822,0.7185560175977822,1.0,22,22,157.8078999882564,0.035,0,tve,TVE (proposed),38.45159999036696,47,0.33799999800976366,12.616099993465468,19.19560000533238,1.186599998618476,0.2859000087482855,3.0706999968970194,0.9846000029938295,True,38.45159999036696,True,12.926933776586672,1.000479058636745,0.2732231947775474,0.42009839143994465,94.32383683327919,0,7,0.605225981706803,12.926933776586672,12.926933776586672,False,inf,0.0,True,0.34728222283324345,
hospital,medio,104,baldosa,0.04194186802801567,0.7185560175977822,0.7185560175977822,1.0,22,22,157.8078999882564,0.035,0,teselado,WDT,235.4153999913251,6,0.35539999953471124,16.29609998781234,4.683200008003041,148.2129000069108,0.2432000037515536,,36.06509999372065,True,235.4153999913251,True,18.127620707747468,1.4029858290029857,0.2491311807180094,0.48038894687390105,420.505090421927,4,19,0.21617816812337462,18.127620707747468,18.86384187417471,False,inf,0.0,True,0.32358678499050725,27.835799992317334
hospital,medio,104,baldosa,0.04194186802801567,0.7185560175977822,0.7185560175977822,1.0,22,22,157.8078999882564,0.035,1,teselado,WDT,280.3243999951519,6,0.3580000047804788,15.11900000332389,4.595499995048158,163.18020000471734,0.3298999945400283,,51.47790000773966,True,280.3243999951519,True,19.684184575253028,1.0087243877241623,0.2497221981530618,0.44525232490102085,269.29681077798955,1,16,0.34291030293924835,19.684184575253028,19.684184575253028,False,inf,0.0,True,0.31316637123079355,43.45589999866206
hospital,medio,104,baldosa,0.04194186802801567,0.7185560175977822,0.7185560175977822,1.0,22,22,157.8078999882564,0.035,1,tve,TVE (proposed),46.784399994066916,48,0.3339000104460865,13.23450000199955,19.844299997203052,1.1561999999685213,0.3232999879401177,10.143599996808916,0.9209999989252537,True,46.784399994066916,True,19.70155983260034,1.0096147901567452,0.3049108582907,0.49103875265485225,279.56114572282934,0,18,0.37649232094141843,19.70155983260034,19.70155983260034,False,inf,0.0,True,0.31500000000000006,
hospital,medio,104,baldosa,0.04194186802801567,0.7185560175977822,0.7185560175977822,1.0,22,22,157.8078999882564,0.035,2,tve,TVE (proposed),36.920300000929274,47,0.5209999944781885,13.614899988169782,19.16180000989698,1.1620000004768372,0.3167999966535717,1.1526999878697097,0.28160000510979444,True,36.920300000929274,True,9.220968883324339,1.0033481154923658,0.30270217157724594,0.6012560266001941,82.9942538331263,0,6,0.5691766376382265,9.220968883324339,9.220968883324339,False,inf,0.0,True,0.41684148259149734,
hospital,medio,104,baldosa,0.04194186802801567,0.7185560175977822,0.7185560175977822,1.0,22,22,157.8078999882564,0.035,2,teselado,WDT,313.9361000066856,5,0.3620000061346218,16.206600004807115,6.616499988012947,260.8238000102574,0.12900000729132444,,5.601099997875281,True,313.9361000066856,True,10.770079449799434,1.1719092707493763,0.2499266841563427,0.6903671438561095,203.92459131345205,2,9,0.1287290610100972,10.770079449799434,12.006435419796073,False,inf,0.0,True,0.3248745191498045,22.52920001046732
hospital,medio,105,alfombra,0.010998429960105827,0.7073926308378315,0.7073926308378315,1.0,28,28,151.31380000093486,0.035,0,tve,TVE (proposed),38.165200006915256,48,0.34889999369625,13.296300006913953,18.73840000189375,1.5184999938355759,0.294400000711903,2.9999999969732016,0.26360001356806606,True,38.165200006915256,True,6.517004025210917,1.0077755911542514,0.35992388599013764,0.7144200798380254,47.19341112618083,0,5,0.8140492125529476,6.517004025210917,6.517004025210917,True,6.517004025210917,0.0,True,0.4342853610087056,
hospital,medio,105,alfombra,0.010998429960105827,0.7073926308378315,0.7073926308378315,1.0,28,28,151.31380000093486,0.035,0,teselado,WDT,125.62479999905918,2,0.3505999920889735,17.088299995521083,5.026400001952425,95.959700003732,0.09689999569673091,,3.9257000025827438,True,125.62479999905918,True,6.587349359226003,1.0186536434460334,0.2681553971805857,0.7216657414245522,55.330313941265615,0,6,0.9874664506466716,6.587349359226003,6.587349359226003,True,6.587349359226003,0.0,True,0.37855009774001647,1.6770999936852604
hospital,medio,105,alfombra,0.010998429960105827,0.7073926308378315,0.7073926308378315,1.0,28,28,151.31380000093486,0.035,1,teselado,WDT,470.59700000681914,2,0.33200001053046435,13.258399994811043,4.206900004646741,437.94610000622924,0.11740000627469271,,6.1378000100376084,True,470.59700000681914,True,16.015228121683194,1.0560105740721601,0.28262187460882715,0.7009756747910053,253.25980410221646,0,21,0.39488320063235127,16.015228121683194,16.015228121683194,False,inf,0.0,True,0.3605780623857113,6.9057000073371455
hospital,medio,105,alfombra,0.010998429960105827,0.7073926308378315,0.7073926308378315,1.0,28,28,151.31380000093486,0.035,1,tve,TVE (proposed),46.86189998756163,48,0.31429999216925353,13.470899997628294,19.368400011444464,1.5682000084780157,0.3316999936942011,10.441099992021918,0.6107999943196774,True,46.86189998756163,True,15.242467640254713,1.0050563676497914,0.2956391311979448,0.545073744629305,223.26775904242288,0,12,0.4542768355376434,15.242467640254713,15.242467640254713,False,inf,0.0,True,0.3567068610759305,
hospital,medio,105,alfombra,0.010998429960105827,0.7073926308378315,0.7073926308378315,1.0,28,28,151.31380000093486,0.035,2,tve,TVE (proposed),42.08449998986907,47,0.45810001029167324,13.869499991415069,19.194799999240786,1.3747000048169866,0.3163999936077744,5.571999994572252,0.5412000027718022,True,42.08449998986907,True,13.022898844414016,1.0068259627259666,0.29174668111507995,0.579212358818915,168.85578259244946,0,11,0.566280161016251,13.022898844414016,13.022898844414016,False,inf,0.0,True,0.39056633586653233,
hospital,medio,105,alfombra,0.010998429960105827,0.7073926308378315,0.7073926308378315,1.0,28,28,151.31380000093486,0.035,2,teselado,WDT,417.65259999374393,2,0.3862000012304634,13.056700001470745,4.405300001963042,380.96790001145564,0.11550000635907054,,9.82960000692401,True,417.65259999374393,True,13.578579712226823,1.0497867452205651,0.27335475632408757,0.6340820224844872,222.7432420197164,0,20,0.4435424561925826,13.578579712226823,13.578579712226823,False,inf,0.0,True,0.30835475630141046,7.173600009991787
hospital,dificil,100,concreto,0.19524704144675803,0.5853245820941442,0.5853245820941442,1.0,21,21,189.56080000498332,0.035,0,tve,TVE (proposed),51.790199999231845,47,0.3361999988555908,17.198799992911518,27.382600004784763,2.2102999937487766,0.39200000173877925,2.4416999949608,0.8261000039055943,True,51.790199999231845,True,11.665577156228217,1.0080177413718434,0.31480320065508877,0.5595695980666368,111.91685693606797,0,9,0.5488786716798405,11.665577156228217,11.665577156228217,False,inf,0.0,True,0.45500000000000007,
hospital,dificil,100,concreto,0.19524704144675803,0.5853245820941442,0.5853245820941442,1.0,21,21,189.56080000498332,0.035,0,teselado,WDT,403.8951999973506,2,0.5574999959208071,18.51040001201909,6.496999994851649,363.14410000341013,0.1188000023830682,,6.901999993715435,True,403.8951999973506,True,11.88040749113694,1.0265811425711773,0.2921904492257531,0.6686255253315374,116.03268598456008,0,13,0.34714564870807946,11.88040749113694,11.88040749113694,False,inf,0.0,True,0.4321904492257531,5.875599992577918
hospital,dificil,100,concreto,0.19524704144675803,0.5853245820941442,0.5853245820941442,1.0,21,21,189.56080000498332,0.035,1,teselado,WDT,456.5805000020191,2,0.34410000080242753,13.641300000017509,4.206600002362393,418.0162999982713,0.11619999713730067,,8.925600006477907,True,456.5805000020191,True,15.649960578665535,1.041792711853315,0.29468748838765585,0.6313066370497121,306.9758282425624,2,20,0.25178810018403536,15.649960578665535,15.649960578665535,False,inf,0.0,True,0.45500000000000007,9.567300003254786
hospital,dificil,100,concreto,0.19524704144675803,0.5853245820941442,0.5853245820941442,1.0,21,21,189.56080000498332,0.035,1,tve,TVE (proposed),45.811999996658415,48,0.3357999958097935,15.741300012450665,18.643399991560727,1.5262000088114291,0.34329999471083283,6.737599993357435,1.4553999935742468,True,45.811999996658415,True,15.272319887015684,1.0166537782258152,0.2863724382644607,0.6069242332122448,230.05474892840925,0,14,0.41523202162666106,15.272319887015684,15.272319887015684,False,inf,0.0,True,0.4024293211194522,
hospital,dificil,100,concreto,0.19524704144675803,0.5853245820941442,0.5853245820941442,1.0,21,21,189.56080000498332,0.035,2,tve,TVE (proposed),42.741500001284294,40,0.4101999948034063,13.478300024871714,23.100999984308146,1.1551000061444938,0.2982000005431473,2.919200007454492,0.7218000100692734,True,42.741500001284294,True,14.61239061210644,1.0075799187644836,0.30374486380270566,0.6082441106788316,182.09909140259285,0,12,0.46379727428713413,14.61239061210644,14.61239061210644,False,inf,0.0,True,0.41661434153484356,
hospital,dificil,100,concreto,0.19524704144675803,0.5853245820941442,0.5853245820941442,1.0,21,21,189.56080000498332,0.035,2,teselado,WDT,421.2154999986524,2,0.3434999962337315,14.472099996055476,4.245100004482083,384.03570000082254,0.10710000060498714,,10.866700002225116,True,421.2154999986524,True,14.945815050757435,1.0305708021680335,0.2857279437432948,0.634926286488257,209.7106247306426,0,14,0.35976787404707344,14.945815050757435,14.945815050757435,False,inf,0.0,True,0.3936955238944914,5.261199999949895
hospital,medio,103,baldosa,0.057455581804416636,0.6796625335549022,0.6796625335549022,1.0,21,21,143.62240000627935,0.035,0,tve,TVE (proposed),332.6057999947807,5,0.3487000067252666,6.1477999843191355,5.24190001306124,217.81060000648722,0.056599994422867894,92.66229999775533,10.1208999985829,True,332.6057999947807,True,19.408612397235213,1.4307392340100735,0.2454624173260819,0.5030013270662409,819.9145480403164,1,29,0.07972719998419887,19.408612397235213,21.404856378253463,False,inf,0.0,True,0.29454263386689244,
hospital,medio,103,baldosa,0.057455581804416636,0.6796625335549022,0.6796625335549022,1.0,21,21,143.62240000627935,0.035,0,teselado,WDT,291.1525000090478,5,0.37099998735357076,15.496400010306388,4.513099993346259,195.67760000063572,0.12159999459981918,,43.781500004115514,True,291.1525000090478,True,18.895729807492884,1.3929312120574286,0.24688282777583134,0.5139674146794421,458.8284150537966,2,18,0.08273647956014141,18.895729807492884,20.819366683729626,False,inf,0.0,True,0.3262972628560564,29.20780000567902
hospital,medio,103,baldosa,0.057455581804416636,0.6796625335549022,0.6796625335549022,1.0,21,21,143.62240000627935,0.035,1,teselado,WDT,400.2658999961568,5,0.3304999991087243,15.502299997024238,4.483199998503551,331.362299999455,0.1410000113537535,,3.22030000097584,True,400.2658999961568,True,10.606276195546402,1.0027032432088028,0.2752357128614129,0.7496361244971507,28.156622710081134,0,7,3.3089731920387626,10.606276195546402,10.606276195546402,True,10.606276195546402,0.0,True,0.38525720682649456,43.58610000053886
hospital,medio,103,baldosa,0.057455581804416636,0.6796625335549022,0.6796625335549022,1.0,21,21,143.62240000627935,0.035,1,tve,TVE (proposed),498.1563999899663,5,0.3251000016462058,6.024100002832711,5.125700001372024,348.2606999896234,0.058599995099939406,126.7303000058746,11.313800001516938,True,498.1563999899663,True,30.71540323550736,2.903793364691155,0.24520104440675036,0.5020253547213073,884.63067596496,1,35,0.08187879078458414,30.71540323550736,32.6591904063587,False,inf,0.0,True,0.29454263386689244,
hospital,medio,103,baldosa,0.057455581804416636,0.6796625335549022,0.6796625335549022,1.0,21,21,143.62240000627935,0.035,2,tve,TVE (proposed),310.14390000200365,6,0.34130000858567655,6.097199991927482,7.62580000446178,192.39949999609962,0.06570000550709665,95.64289999252651,7.724499999312684,True,310.14390000200365,True,15.449404773576644,1.0498103070683638,0.24500000000000002,0.3900475170890995,501.6197899541652,0,24,0.28304905049559975,15.449404773576644,15.449404773576644,False,inf,0.0,True,0.29657121242717605,
hospital,medio,103,baldosa,0.057455581804416636,0.6796625335549022,0.6796625335549022,1.0,21,21,143.62240000627935,0.035,2,teselado,WDT,221.81709999858867,6,0.3226999979233369,15.654900009394623,4.424599988851696,146.6223000024911,0.1677999971434474,,42.27940000419039,True,221.81709999858867,True,14.928557643159238,1.0144179606360688,0.25008723676204686,0.513187112396817,286.7642015312274,2,15,0.19215312114913505,14.928557643159238,15.756829086995797,False,inf,0.0,True,0.31598483276126577,10.449199995491654
hospital,dificil,102,alfombra,0.16779074769654967,0.6204989154013015,0.7412542109354755,0.7920531635054686,19,27,196.7846999905305,0.035,0,tve,TVE (proposed),16.90440000675153,14,0.34240000240970403,5.90859999647364,5.908100007218309,1.0783000034280121,0.07069999992381781,3.1435000128112733,0.15979999443516135,True,16.90440000675153,True,6.884023679719384,1.0015166365217332,0.2942051301362078,0.9332476011852269,42.490100842056485,0,5,0.8055799886819957,6.884023679719384,6.884023679719384,True,6.884023679719384,7.136857761657665,False,0.0002987413030913189,
hospital,dificil,102,alfombra,0.16779074769654967,0.6204989154013015,0.7412542109354755,0.7920531635054686,19,27,196.7846999905305,0.035,0,teselado,WDT,32.60470001259819,8,0.33599999733269215,19.040300001506694,5.340100004104897,0.7611000037286431,0.2565000031609088,,3.2605999876977876,True,32.60470001259819,True,7.1136925561310385,1.0349298278933965,0.38165228013974634,1.1157841663063899,53.525380225309185,0,7,1.4233266959558266,7.1136925561310385,7.1136925561310385,True,7.1136925561310385,12.086768513637537,False,0.0,2.067399997031316
hospital,dificil,102,alfombra,0.16779074769654967,0.6204989154013015,0.7412542109354755,0.7920531635054686,19,27,196.7846999905305,0.035,1,teselado,WDT,182.7458000043407,8,0.33510000503156334,18.80659999733325,5.140200009918772,112.3723000055179,0.19469999824650586,,6.028799994965084,True,182.7458000043407,True,11.090852170873731,0.9996259054837558,0.25508685042748647,0.4987494744439651,101.12313562983476,0,8,0.5136116546914414,11.090852170873731,11.090852170873731,False,inf,0.11812857961647563,True,0.2592681378606987,38.22199998830911
hospital,dificil,102,alfombra,0.16779074769654967,0.6204989154013015,0.7412542109354755,0.7920531635054686,19,27,196.7846999905305,0.035,1,tve,TVE (proposed),355.81329998967703,8,0.3466000052867457,5.935000008321367,5.970299986074679,136.92669999727514,0.15169999096542597,192.14980000106152,13.842900007148273,True,355.81329998967703,True,18.544605190883733,1.6714376379895002,0.24520534419221807,0.42481358951155557,774.9734984828644,1,32,0.07957747154594767,18.544605190883733,20.544605190883733,False,inf,6.780687710673536,False,0.011907216494845444,
hospital,dificil,102,alfombra,0.16779074769654967,0.6204989154013015,0.7412542109354755,0.7920531635054686,19,27,196.7846999905305,0.035,2,tve,TVE (proposed),20.783499989192933,15,0.32780000765342265,5.810599992400967,5.91079999867361,1.722799992421642,0.10859999747481197,6.285800001933239,0.2749999985098839,True,20.783499989192933,True,11.191387456646513,1.067305982423273,0.3065973415596987,0.6046586460001458,118.58442922381398,0,8,0.7999764405504491,11.191387456646513,11.191387456646513,True,11.191387456646513,9.854450164895752,False,0.0,
hospital,dificil,102,alfombra,0.16779074769654967,0.6204989154013015,0.7412542109354755,0.7920531635054686,19,27,196.7846999905305,0.035,2,teselado,WDT,122.00779998966027,8,0.3209999995306134,17.26079999934882,4.996400006348267,80.28249999915715,0.16139999206643552,,6.995100004132837,True,122.00779998966027,True,10.463882782792664,0.9979249433293255,0.25630724285104345,0.5986072662758923,35.260491853646656,0,5,0.7662468474986139,10.463882782792664,10.463882782792664,False,inf,9.933753023646773,False,0.0,10.421500002848916
hospital,dificil,104,alfombra,0.10715472363261663,0.5462874821513565,0.6527333475510059,0.7701081942464145,17,22,184.29279999691062,0.035,0,tve,TVE (proposed),192.87600000097882,6,0.8289000106742606,5.509899987373501,5.728400006773882,83.75089999753982,0.07429999823216349,91.67799999704584,5.10490000306163,True,192.87600000097882,True,14.183867878792935,1.0646046599873562,0.24569117002098342,0.7283873840606861,503.1511243675038,3,18,0.1516848405644139,14.183867878792935,16.013660237441737,False,inf,16.0,False,0.0,
hospital,dificil,104,alfombra,0.10715472363261663,0.5462874821513565,0.6527333475510059,0.7701081942464145,17,22,184.29279999691062,0.035,0,teselado,WDT,159.25110000534914,6,0.32479999936185777,18.232699992950074,5.060700001195073,106.08110000612214,0.36040000850334764,,6.946800000150688,True,159.25110000534914,True,14.039875252147485,1.0537969435985308,0.26062313879701837,0.833849744176202,190.348424950191,0,18,0.6354054374939527,14.039875252147485,14.039875252147485,False,inf,14.389757496212855,False,0.0,20.27069999894593
hospital,dificil,104,alfombra,0.10715472363261663,0.5462874821513565,0.6527333475510059,0.7701081942464145,17,22,184.29279999691062,0.035,1,teselado,WDT,32.04979999281932,6,0.34189999860245734,18.198899997514673,5.096900000353344,0.7530000002589077,0.19809999503195286,,2.337500001885928,True,32.04979999281932,True,10.655941766612361,1.1134680220826367,0.3797443242682993,1.1039444508693694,82.2664779483429,0,13,3.9267279982958936,10.655941766612361,10.655941766612361,True,10.655941766612361,10.0,False,0.0,3.6602000036509708
hospital,dificil,104,alfombra,0.10715472363261663,0.5462874821513565,0.6527333475510059,0.7701081942464145,17,22,184.29279999691062,0.035,1,tve,TVE (proposed),17.24790000298526,11,0.3104999923380092,5.4684000060660765,5.3444999939529225,1.1808999988716096,0.08339999476447701,4.443600002559833,0.18209998961538076,True,17.24790000298526,True,9.595484079453895,1.002657945480834,0.3591065683678078,1.0026539671449135,20.27889413120184,0,3,1.077327076882137,9.595484079453895,9.595484079453895,True,9.595484079453895,10.0,False,0.0,
hospital,dificil,104,alfombra,0.10715472363261663,0.5462874821513565,0.6527333475510059,0.7701081942464145,17,22,184.29279999691062,0.035,2,tve,TVE (proposed),218.26870000222698,6,0.3277000068919733,5.443199988803826,5.355200002668425,104.2306000017561,0.06920000305399299,97.0855999912601,5.441099987365305,True,218.26870000222698,True,16.47064501967618,1.0442504258985754,0.24590290911890436,0.5890911128763971,366.3228141637859,1,17,0.3093168854136132,16.47064501967618,16.47064501967618,False,inf,16.00622279490346,False,0.0,
hospital,dificil,104,alfombra,0.10715472363261663,0.5462874821513565,0.6527333475510059,0.7701081942464145,17,22,184.29279999691062,0.035,2,teselado,WDT,142.02699999441393,6,0.31030000536702573,17.840399988926947,4.719500007922761,97.57209999952465,0.21500000730156898,,5.985399999190122,True,142.02699999441393,True,15.730454859065366,0.9973218514838879,0.26062313879701837,0.7221802369750158,76.94874706731785,0,8,0.6354606339506045,15.730454859065366,15.730454859065366,False,inf,10.000000000000002,False,0.0,13.111599997500889
hospital,dificil,101,baldosa,0.14351324246625144,0.6200533671023473,0.6200533671023473,1.0,27,27,169.70840000431053,0.035,0,tve,TVE (proposed),41.87259999162052,47,0.3411000070627779,14.069700002437457,21.411399997305125,1.2710000009974465,0.3839000128209591,3.1355000101029873,0.535300001502037,True,41.87259999162052,True,13.15618120171019,1.0089430455715858,0.2969451095264356,0.4767134833479671,195.59026337208198,1,11,0.5070309653693902,13.15618120171019,13.15618120171019,False,inf,0.0,True,0.3361195354729532,
hospital,dificil,101,baldosa,0.14351324246625144,0.6200533671023473,0.6200533671023473,1.0,27,27,169.70840000431053,0.035,0,teselado,WDT,244.92759999702685,5,0.3727000002982095,14.451099996222183,4.65890001214575,177.5876000028802,0.1362999901175499,,14.389599993592128,True,244.92759999702685,True,15.253162798494344,1.1697598484362304,0.26208434972880723,0.6429106302288198,173.1288679015261,2,8,0.2381530449252155,15.253162798494344,15.921451306591619,False,inf,0.0,True,0.32799732519191827,31.72719999565743
hospital,dificil,101,baldosa,0.14351324246625144,0.6200533671023473,0.6200533671023473,1.0,27,27,169.70840000431053,0.035,1,teselado,WDT,302.86769999656826,5,0.34920001053251326,18.0326999980025,6.778199996915646,193.30289999197703,0.12879999121651053,,13.891099995817058,True,302.86769999656826,True,15.138495622503223,1.013027376357771,0.2542505779116996,0.6085183828722753,120.67999740420424,1,5,0.25430276500636145,15.138495622503223,15.138495622503223,False,inf,0.0,True,0.2977267613974777,68.29179999476764
hospital,dificil,101,baldosa,0.14351324246625144,0.6200533671023473,0.6200533671023473,1.0,27,27,169.70840000431053,0.035,1,tve,TVE (proposed),46.039399996516295,44,0.32869999995455146,13.352099995245226,18.781899998430163,2.333399999770336,0.2931000053649768,9.48749999224674,1.1253999982727692,True,46.039399996516295,True,15.018986585359793,1.0050301532936452,0.2795578199673406,0.6640506621437111,166.1052825227672,0,13,0.4672227830010202,15.018986585359793,15.018986585359793,False,inf,0.0,True,0.32980364052193517,
hospital,dificil,101,baldosa,0.14351324246625144,0.6200533671023473,0.6200533671023473,1.0,27,27,169.70840000431053,0.035,2,tve,TVE (proposed),48.75029998947866,42,0.32449999707750976,13.61600001109764,18.389599994407035,1.4533000066876411,0.29460000223480165,12.32460000028368,1.5128999948501587,True,48.75029998947866,True,19.17397943924751,1.0092808508533226,0.2656744885444641,0.5455152667056301,368.92201063485055,2,17,0.209033135248865,19.17397943924751,19.935365632409724,False,inf,0.0,True,0.30378181684695443,
hospital,dificil,101,baldosa,0.14351324246625144,0.6200533671023473,0.6200533671023473,1.0,27,27,169.70840000431053,0.035,2,teselado,WDT,216.20560000883415,6,0.3538000019034371,13.615599993499927,4.5695000007981434,129.5527000038419,0.1897000038297847,,37.76020000805147,True,216.20560000883415,True,19.82859159025923,1.043738356706263,0.24527953505624367,0.5398930077955548,374.02180092421384,2,20,0.2116951056316376,19.82859159025923,20.580403695773064,False,inf,0.0,True,0.3013890217625894,28.44110000296496
hospital,dificil,103,concreto,0.11227204900387253,0.6138659585522138,0.6138659585522138,1.0,21,21,145.7049000018742,0.035,0,tve,TVE (proposed),43.64770000393037,44,0.3491000097710639,12.676099999225698,18.472899988410063,2.0475000055739656,0.3040000010514632,7.2152000066125765,1.631699997233227,True,43.64770000393037,True,14.645117944787744,1.0143566443583338,0.2698628658752559,0.5874784634758842,258.54355354550506,0,14,0.32351634483195013,14.645117944787744,14.645117944787744,False,inf,0.0,True,0.3498880003820379,
hospital,dificil,103,concreto,0.11227204900387253,0.6138659585522138,0.6138659585522138,1.0,21,21,145.7049000018742,0.035,0,teselado,WDT,513.3117999939714,2,0.5909000028623268,19.10219999263063,4.3926000071223825,469.8340000031749,0.11350000568199903,,9.458199987420812,True,513.3117999939714,True,15.104674916155295,1.0461866828138298,0.28,0.6417807139936983,255.95793390859114,0,19,0.40156135667658177,15.104674916155295,15.104674916155295,False,inf,0.0,True,0.35000000000000003,8.129099995130673
hospital,dificil,103,concreto,0.11227204900387253,0.6138659585522138,0.6138659585522138,1.0,21,21,145.7049000018742,0.035,1,teselado,WDT,434.8638999945251,2,0.3426000039326027,13.296899996930733,4.293099991627969,393.07359998929314,0.09810000483412296,,11.627699990640394,True,434.8638999945251,True,16.221805551802138,1.027881735360775,0.2894710378124248,0.6545625942979247,187.35186307600895,0,18,0.35954767171415686,16.221805551802138,16.221805551802138,False,inf,0.0,True,0.33654775381879654,10.501800003112294
hospital,dificil,103,concreto,0.11227204900387253,0.6138659585522138,0.6138659585522138,1.0,21,21,145.7049000018742,0.035,1,tve,TVE (proposed),40.004100010264665,49,0.33409999741706997,12.474000002839603,18.366600008448586,1.0701999999582767,0.39590000233147293,5.387500001234002,1.0278999980073422,True,40.004100010264665,True,15.892124723192362,1.0069917733189757,0.30752714150035426,0.606898441963718,158.98248512375318,0,10,0.585967690449394,15.892124723192362,15.892124723192362,False,inf,0.0,True,0.38213179702760613,
hospital,dificil,103,concreto,0.11227204900387253,0.6138659585522138,0.6138659585522138,1.0,21,21,145.7049000018742,0.035,2,tve,TVE (proposed),48.65899999276735,47,0.6131000118330121,13.042799982940778,19.894800017937087,1.8167000089306384,0.6748000014340505,11.461200003395788,0.4521000082604587,True,48.65899999276735,True,18.429011506808024,1.0192667123825352,0.2931757023188285,0.6141667408165798,179.5455037771039,0,13,0.7999395165120925,18.429011506808024,18.429011506808024,True,18.429011506808024,0.0,True,0.38192766648929993,
hospital,dificil,103,concreto,0.11227204900387253,0.6138659585522138,0.6138659585522138,1.0,21,21,145.7049000018742,0.035,2,teselado,WDT,573.2637999899453,2,0.3171999996993691,14.293299987912178,4.357500001788139,537.9221000039252,0.1075999898603186,,7.860500001697801,True,573.2637999899453,True,18.989087820187482,1.0502432594648743,0.2606471185506311,0.6574207038451922,279.4352536264315,0,21,0.5595320940769878,18.989087820187482,18.989087820187482,False,inf,0.0,True,0.3375386141140248,6.707599997753277
hospital,dificil,105,alfombra,0.15023947980319063,0.6607976005332148,0.8022252191503708,0.7893968548868688,22,28,183.96660000144038,0.035,0,tve,TVE (proposed),39.86399999121204,44,0.32360000477638096,12.539399991510436,18.94219999667257,1.4831000007689,0.15269999857991934,4.8208999942289665,0.8167999912984669,True,39.86399999121204,True,9.634253245829376,1.0138918509690704,0.28,0.5724834771112988,168.93401113471467,1,10,0.4713757943688426,9.634253245829376,9.634253245829376,False,inf,0.0,True,0.313866166244897,
hospital,dificil,105,alfombra,0.15023947980319063,0.6607976005332148,0.8022252191503708,0.7893968548868688,22,28,183.96660000144038,0.035,0,teselado,WDT,78.06539999728557,10,0.5052000051364303,26.231699986965396,6.336500009638257,30.25090000301134,0.16649998724460602,,7.298600001377054,True,78.06539999728557,True,9.675204892471347,1.0182015301683414,0.247251216046429,0.5792228763135076,170.76589904996075,0,12,0.32281579550254724,9.675204892471347,9.675204892471347,False,inf,0.8411253671400232,True,0.247251216046429,5.798400001367554
hospital,dificil,105,alfombra,0.15023947980319063,0.6607976005332148,0.8022252191503708,0.7893968548868688,22,28,183.96660000144038,0.035,1,teselado,WDT,234.39100000541657,12,0.3189999988535419,17.418600007658824,5.297899988363497,203.11170000059064,0.2948000037577003,,3.18469999183435,True,234.39100000541657,True,11.26433926888277,1.1232642074971926,0.28769820150075354,0.9025236389782302,147.70422027900764,0,16,0.8968040343295842,11.26433926888277,11.26433926888277,True,11.26433926888277,6.399878144981877,False,0.02571212323597327,3.3146999921882525
hospital,dificil,105,alfombra,0.15023947980319063,0.6607976005332148,0.8022252191503708,0.7893968548868688,22,28,183.96660000144038,0.035,1,tve,TVE (proposed),38.33660000236705,50,0.31120001222006977,11.871899987454526,18.88810000673402,1.0990000009769574,0.2564000023994595,4.817299995920621,0.38279998989310116,True,38.33660000236705,True,10.11368037726517,1.008522107038367,0.3055796454473855,0.5776638102356413,139.10315748245094,0,9,0.4630704665729006,10.11368037726517,10.11368037726517,False,inf,0.0,True,0.35379332585234263,
hospital,dificil,105,alfombra,0.15023947980319063,0.6607976005332148,0.8022252191503708,0.7893968548868688,22,28,183.96660000144038,0.035,2,tve,TVE (proposed),43.74839999945834,50,0.32950000604614615,12.474899995140731,18.859699994209222,1.7874000041047111,0.1762999891070649,8.363400003872812,0.9422000002814457,True,43.74839999945834,True,13.924606091483255,1.007245539438679,0.27842761835974994,0.6245754973119186,188.28937519530697,0,11,0.5102157405251485,13.924606091483255,13.924606091483255,False,inf,9.928513842289307,False,0.0,
hospital,dificil,105,alfombra,0.15023947980319063,0.6607976005332148,0.8022252191503708,0.7893968548868688,22,28,183.96660000144038,0.035,2,teselado,WDT,450.82410000031814,14,0.3133999998681247,18.332899999222718,5.304299993440509,409.6601999917766,0.6132999988039955,,6.259200003114529,True,450.82410000031814,True,14.113027636588248,1.0208751358232566,0.2554145684813869,0.731039845412752,190.67707301386505,0,19,0.39850375827945145,14.113027636588248,14.113027636588248,False,inf,9.975270255748853,False,0.0,8.696899996721186
