scene,level,seed,query,algo,t_ms,ok
home,medio,200,0,tve,29.028599994489923,True
home,medio,200,0,teselado,160.77069999300875,True
home,medio,200,0,astar,5.065599994850345,True
home,medio,200,0,theta,539.2119999887655,True
home,medio,200,0,prm,623.3914000040386,True
home,medio,200,0,visibility,1470.0678999943193,True
home,medio,200,1,tve,110.8408000000054,True
home,medio,200,1,teselado,14.4597999897087,True
home,medio,200,1,astar,3.3201999904122204,True
home,medio,200,1,theta,311.21169999823906,True
home,medio,200,1,prm,639.2653999937465,True
home,medio,200,1,visibility,1435.8207000041148,True
home,medio,200,2,tve,112.94590000761673,True
home,medio,200,2,teselado,107.17920000024606,True
home,medio,200,2,astar,5.228299996815622,True
home,medio,200,2,theta,378.33510000200476,True
home,medio,200,2,prm,649.394799998845,True
home,medio,200,2,visibility,1406.332200000179,True
home,medio,200,3,tve,8.550600003218278,True
home,medio,200,3,teselado,127.7845000004163,True
home,medio,200,3,astar,2.389799992670305,True
home,medio,200,3,theta,368.8454999937676,True
home,medio,200,3,prm,618.4339000028558,True
home,medio,200,3,visibility,1359.9672999989707,True
home,medio,200,4,tve,9.9251999927219,True
home,medio,200,4,teselado,116.95219999819528,True
home,medio,200,4,astar,2.7965999906882644,True
home,medio,200,4,theta,267.8500000038184,True
home,medio,200,4,prm,642.9999999963911,True
home,medio,200,4,visibility,1346.3201999984449,True
home,medio,200,5,tve,110.85670000466052,True
home,medio,200,5,teselado,95.12250000261702,True
home,medio,200,5,astar,3.5792999988188967,True
home,medio,200,5,theta,423.7542999908328,True
home,medio,200,5,prm,634.7364999965066,True
home,medio,200,5,visibility,1387.3798999993596,True
home,medio,200,6,tve,8.415799995418638,True
home,medio,200,6,teselado,12.24979999824427,True
home,medio,200,6,astar,1.4701999898534268,True
home,medio,200,6,theta,62.80430000333581,True
home,medio,200,6,prm,625.761400006013,True
home,medio,200,6,visibility,1325.6817999936175,True
home,medio,200,7,tve,5.45080000301823,True
home,medio,200,7,teselado,7.011800000327639,True
home,medio,200,7,astar,3.529800000251271,True
home,medio,200,7,theta,315.31200000608806,True
home,medio,200,7,prm,615.99349998869,True
home,medio,200,7,visibility,1361.1541999998735,True
home,medio,200,8,tve,8.220499992603436,True
home,medio,200,8,teselado,69.99490001180675,True
home,medio,200,8,astar,1.823700004024431,True
home,medio,200,8,theta,98.59090000099968,True
home,medio,200,8,prm,626.0428999958094,True
home,medio,200,8,visibility,1357.9739999986487,True
home,medio,200,9,tve,124.24999999348074,True
home,medio,200,9,teselado,104.37050000473391,True
home,medio,200,9,astar,7.8108000016072765,True
home,medio,200,9,theta,996.4288000046508,True
home,medio,200,9,prm,624.036299996078,True
home,medio,200,9,visibility,1347.780199997942,True
home,medio,200,10,tve,136.6697000048589,True
home,medio,200,10,teselado,113.72429999755695,True
home,medio,200,10,astar,15.855300007387996,True
home,medio,200,10,theta,944.3149000144331,True
home,medio,200,10,prm,637.8439000109211,True
home,medio,200,10,visibility,1367.8609000053257,True
home,medio,200,11,tve,195.98839999525808,True
home,medio,200,11,teselado,161.0186000034446,True
home,medio,200,11,astar,1.5501000016229227,True
home,medio,200,11,theta,72.78319999750238,True
home,medio,200,11,prm,630.4954000079306,True
home,medio,200,11,visibility,1355.7346999878064,True
home,medio,200,12,tve,111.14680000173394,True
home,medio,200,12,teselado,101.19710001163185,True
home,medio,200,12,astar,8.495900008711033,True
home,medio,200,12,theta,1188.1886000046507,True
home,medio,200,12,prm,626.0486000101082,True
home,medio,200,12,visibility,1354.854199991678,True
home,medio,200,13,tve,10.286100005032495,True
home,medio,200,13,teselado,91.50500000396278,True
home,medio,200,13,astar,7.450300006894395,True
home,medio,200,13,theta,738.448200005223,True
home,medio,200,13,prm,633.4422999934759,True
home,medio,200,13,visibility,1333.823199995095,True
home,medio,200,14,tve,113.95749999792315,True
home,medio,200,14,teselado,91.21990000130609,True
home,medio,200,14,astar,6.104000000050291,True
home,medio,200,14,theta,664.3435000005411,True
home,medio,200,14,prm,633.9984000078402,True
home,medio,200,14,visibility,1345.552900005714,True
home,medio,200,15,tve,142.43859999987762,True
home,medio,200,15,teselado,114.37690000457224,True
home,medio,200,15,astar,9.776299993973225,True
home,medio,200,15,theta,1245.2340999880107,True
home,medio,200,15,prm,644.324000008055,True
home,medio,200,15,visibility,1426.8274000060046,True
home,medio,200,16,tve,157.343500002753,True
home,medio,200,16,teselado,118.65299999772105,True
home,medio,200,16,astar,11.211000004550442,True
home,medio,200,16,theta,1074.9575999943772,True
home,medio,200,16,prm,629.1636999958428,True
home,medio,200,16,visibility,1336.1807000037516,True
home,medio,200,17,tve,6.220999988727272,True
home,medio,200,17,teselado,5.192099997657351,True
home,medio,200,17,astar,1.560699995025061,True
home,medio,200,17,theta,186.03199999779463,True
home,medio,200,17,prm,639.9911000044085,True
home,medio,200,17,visibility,1377.1326999994926,True
home,medio,200,18,tve,5.392799997935072,True
home,medio,200,18,teselado,3.3005000004777685,True
home,medio,200,18,astar,1.5323999978136271,True
home,medio,200,18,theta,86.19170000019949,True
home,medio,200,18,prm,630.5629999988014,True
home,medio,200,18,visibility,1380.5385000014212,True
home,medio,200,19,tve,15.57400000456255,True
home,medio,200,19,teselado,47.118100002990104,True
home,medio,200,19,astar,5.3622999985236675,True
home,medio,200,19,theta,595.1900999934878,True
home,medio,200,19,prm,647.0456000097329,True
home,medio,200,19,visibility,1321.4492999977665,True
home,medio,200,20,tve,139.0806999988854,True
home,medio,200,20,teselado,116.59299999882933,True
home,medio,200,20,astar,7.229099996038713,True
home,medio,200,20,theta,936.2571999954525,True
home,medio,200,20,prm,653.3400000043912,True
home,medio,200,20,visibility,1330.4834000009578,True
home,medio,200,21,tve,25.298699998529628,True
home,medio,200,21,teselado,16.8586000072537,True
home,medio,200,21,astar,6.00569999369327,True
home,medio,200,21,theta,760.3379999927711,True
home,medio,200,21,prm,640.9913999959826,True
home,medio,200,21,visibility,1383.9939000026789,True
home,medio,200,22,tve,122.53610001062043,True
home,medio,200,22,teselado,118.33420000039041,True
home,medio,200,22,astar,11.178100001416169,True
home,medio,200,22,theta,1277.2645000077318,True
home,medio,200,22,prm,638.2484000059776,True
home,medio,200,22,visibility,1343.758400005754,True
home,medio,200,23,tve,8.418299999902956,True
home,medio,200,23,teselado,8.223799988627434,True
home,medio,200,23,astar,10.834700005943887,True
home,medio,200,23,theta,1293.7145000032615,True
home,medio,200,23,prm,606.505499992636,True
home,medio,200,23,visibility,1383.0203999968944,True
home,medio,200,24,tve,228.61040000861976,True
home,medio,200,24,teselado,188.0036999937147,True
home,medio,200,24,astar,1.4583000011043623,True
home,medio,200,24,theta,55.12279999675229,True
home,medio,200,24,prm,679.1138999979012,True
home,medio,200,24,visibility,1419.0998999984004,True
home,medio,201,0,tve,135.0518999970518,True
home,medio,201,0,teselado,119.73419999412727,True
home,medio,201,0,astar,5.348999999114312,True
home,medio,201,0,theta,561.3072999985889,True
home,medio,201,0,prm,633.6607999983244,True
home,medio,201,0,visibility,1475.1797999924747,True
home,medio,201,1,tve,122.4116000084905,True
home,medio,201,1,teselado,70.2300999982981,True
home,medio,201,1,astar,8.742599995457567,True
home,medio,201,1,theta,1035.8681999932742,True
home,medio,201,1,prm,634.1991999943275,True
home,medio,201,1,visibility,1439.7088999976404,True
home,medio,201,2,tve,238.7315999949351,True
home,medio,201,2,teselado,157.32490000664257,True
home,medio,201,2,astar,9.981499999412335,True
home,medio,201,2,theta,830.4743000044255,True
home,medio,201,2,prm,624.2216999962693,False
home,medio,201,2,visibility,1461.0990000073798,True
home,medio,201,3,tve,87.0639999920968,True
home,medio,201,3,teselado,68.28729998960625,True
home,medio,201,3,astar,13.779499990050681,True
home,medio,201,3,theta,1232.9589000000851,True
home,medio,201,3,prm,607.0251999917673,True
home,medio,201,3,visibility,1392.0532000047388,True
home,medio,201,4,tve,3.4656999923754483,True
home,medio,201,4,teselado,2.0080999966012314,True
home,medio,201,4,astar,2.497099994798191,True
home,medio,201,4,theta,49.83800000627525,True
home,medio,201,4,prm,628.083699994022,True
home,medio,201,4,visibility,1404.4679999933578,True
home,medio,201,5,tve,101.6208000073675,True
home,medio,201,5,teselado,75.00989999971353,True
home,medio,201,5,astar,4.242900002282113,True
home,medio,201,5,theta,489.2358999932185,True
home,medio,201,5,prm,611.4962999999989,True
home,medio,201,5,visibility,1398.1558999948902,True
home,medio,201,6,tve,88.43509999860544,True
home,medio,201,6,teselado,62.12289999530185,True
home,medio,201,6,astar,2.3978000099305063,True
home,medio,201,6,theta,158.43260000110604,True
home,medio,201,6,prm,613.0248000117717,False
home,medio,201,6,visibility,1376.557600000524,True
home,medio,201,7,tve,192.1777999959886,True
home,medio,201,7,teselado,140.213999999105,True
home,medio,201,7,astar,6.63239999266807,True
home,medio,201,7,theta,578.6510000034468,True
home,medio,201,7,prm,620.2794999990147,False
home,medio,201,7,visibility,1378.5633000079542,True
home,medio,201,8,tve,124.57669999275822,True
home,medio,201,8,teselado,83.33310000307392,True
home,medio,201,8,astar,4.728200001409277,True
home,medio,201,8,theta,601.1684999975841,True
home,medio,201,8,prm,622.4253000109456,False
home,medio,201,8,visibility,1417.4778000015067,True
home,medio,201,9,tve,58.14090000058059,True
home,medio,201,9,teselado,44.25740000442602,True
home,medio,201,9,astar,2.491599996574223,True
home,medio,201,9,theta,146.52470000146423,True
home,medio,201,9,prm,615.158499989775,True
home,medio,201,9,visibility,1388.3620999986306,True
home,medio,201,10,tve,209.52119999856222,True
home,medio,201,10,teselado,147.51439999963623,True
home,medio,201,10,astar,6.232100000488572,True
home,medio,201,10,theta,626.8227000109619,True
home,medio,201,10,prm,601.9082999991952,False
home,medio,201,10,visibility,1423.2467999972869,True
home,medio,201,11,tve,104.09449999860954,True
home,medio,201,11,teselado,76.48959998914506,True
home,medio,201,11,astar,2.0481000101426616,True
home,medio,201,11,theta,135.95679998979904,True
home,medio,201,11,prm,623.2374999963213,False
home,medio,201,11,visibility,1439.651300010155,True
home,medio,201,12,tve,119.198200001847,True
home,medio,201,12,teselado,90.7699999952456,True
home,medio,201,12,astar,5.1835999911418185,True
home,medio,201,12,theta,572.4064000096405,True
home,medio,201,12,prm,656.5535999980057,True
home,medio,201,12,visibility,1429.7895999916364,True
home,medio,201,13,tve,116.01040000095963,True
home,medio,201,13,teselado,62.50620000355411,True
home,medio,201,13,astar,2.521199989132583,True
home,medio,201,13,theta,212.74619999167044,True
home,medio,201,13,prm,623.6651999934111,False
home,medio,201,13,visibility,1419.1726999997627,True
home,medio,201,14,tve,92.9257000098005,True
home,medio,201,14,teselado,95.01560000353493,True
home,medio,201,14,astar,14.05529999465216,True
home,medio,201,14,theta,1717.400399997132,True
home,medio,201,14,prm,621.3581999909366,True
home,medio,201,14,visibility,1405.0476999982493,True
home,medio,201,15,tve,255.58420000015758,True
home,medio,201,15,teselado,160.56659999594558,True
home,medio,201,15,astar,15.25009999750182,True
home,medio,201,15,theta,1659.50540000631,True
home,medio,201,15,prm,632.724800001597,True
home,medio,201,15,visibility,1398.242700000992,True
home,medio,201,16,tve,4.824600007850677,True
home,medio,201,16,teselado,6.33160000143107,True
home,medio,201,16,astar,2.1299999934853986,True
home,medio,201,16,theta,154.5073000015691,True
home,medio,201,16,prm,622.4217999988468,True
home,medio,201,16,visibility,1403.4424999990733,True
home,medio,201,17,tve,136.67580000765156,True
home,medio,201,17,teselado,92.1331999998074,True
home,medio,201,17,astar,1.9960000063292682,True
home,medio,201,17,theta,130.32150000799447,True
home,medio,201,17,prm,608.385499988799,True
home,medio,201,17,visibility,1452.686000004178,True
home,medio,201,18,tve,115.5393999943044,True
home,medio,201,18,teselado,80.2288000122644,True
home,medio,201,18,astar,14.949099990190007,True
home,medio,201,18,theta,1592.502900006366,True
home,medio,201,18,prm,607.9843000043184,True
home,medio,201,18,visibility,1460.396499998751,True
home,medio,201,19,tve,86.13159999367781,True
home,medio,201,19,teselado,67.92020000284538,True
home,medio,201,19,astar,4.9602000071899965,True
home,medio,201,19,theta,547.9390999971656,True
home,medio,201,19,prm,620.4823999869404,True
home,medio,201,19,visibility,1411.3106000004336,True
home,medio,201,20,tve,129.83019999228418,True
home,medio,201,20,teselado,88.00050000718329,True
home,medio,201,20,astar,8.270499994978309,True
home,medio,201,20,theta,878.6591999960365,True
home,medio,201,20,prm,626.8466999899829,True
home,medio,201,20,visibility,1423.0563000019174,True
home,medio,201,21,tve,139.79830000607762,True
home,medio,201,21,teselado,111.01000000780914,True
home,medio,201,21,astar,1.3213999918662012,True
home,medio,201,21,theta,57.209999999031425,True
home,medio,201,21,prm,605.4912999970838,False
home,medio,201,21,visibility,1507.9427000018768,True
home,medio,201,22,tve,3.643699994427152,True
home,medio,201,22,teselado,2.1074000105727464,True
home,medio,201,22,astar,1.3776999985566363,True
home,medio,201,22,theta,58.735800004797056,True
home,medio,201,22,prm,653.2337000098778,True
home,medio,201,22,visibility,1446.0247999959392,True
home,medio,201,23,tve,4.41879998834338,True
home,medio,201,23,teselado,7.291899994015694,True
home,medio,201,23,astar,2.1723000099882483,True
home,medio,201,23,theta,142.41600000241306,True
home,medio,201,23,prm,634.5886000053724,True
home,medio,201,23,visibility,1443.6136000003899,True
home,medio,201,24,tve,79.1758999985177,True
home,medio,201,24,teselado,79.98340000631288,True
home,medio,201,24,astar,7.482700006221421,True
home,medio,201,24,theta,884.1124000027776,True
home,medio,201,24,prm,625.4019000043627,False
home,medio,201,24,visibility,1473.273399999016,True
warehouse,medio,200,0,tve,21.508599995286204,True
warehouse,medio,200,0,teselado,45.615499999257736,True
warehouse,medio,200,0,astar,5.732199992053211,True
warehouse,medio,200,0,theta,676.9704000034835,True
warehouse,medio,200,0,prm,657.729600003222,True
warehouse,medio,200,0,visibility,2274.5702999964124,True
warehouse,medio,200,1,tve,10.394500000984408,True
warehouse,medio,200,1,teselado,13.700600000447594,True
warehouse,medio,200,1,astar,16.838700001244433,True
warehouse,medio,200,1,theta,2614.44799999299,True
warehouse,medio,200,1,prm,657.7509000053396,True
warehouse,medio,200,1,visibility,2163.6711999890395,True
warehouse,medio,200,2,tve,6.248600009712391,True
warehouse,medio,200,2,teselado,7.883199999923818,True
warehouse,medio,200,2,astar,2.671599999302998,True
warehouse,medio,200,2,theta,184.74550000973977,True
warehouse,medio,200,2,prm,646.7516999982763,True
warehouse,medio,200,2,visibility,2112.091999995755,True
warehouse,medio,200,3,tve,13.061999998171814,True
warehouse,medio,200,3,teselado,15.302399988286197,True
warehouse,medio,200,3,astar,11.001999999280088,True
warehouse,medio,200,3,theta,1473.9467000035802,True
warehouse,medio,200,3,prm,616.878100001486,True
warehouse,medio,200,3,visibility,2057.186499994714,True
warehouse,medio,200,4,tve,8.72140000865329,True
warehouse,medio,200,4,teselado,7.044099998893216,True
warehouse,medio,200,4,astar,2.593700002762489,True
warehouse,medio,200,4,theta,132.42650000029244,True
warehouse,medio,200,4,prm,618.6895999999251,True
warehouse,medio,200,4,visibility,2091.915000011795,True
warehouse,medio,200,5,tve,7.455300001311116,True
warehouse,medio,200,5,teselado,9.281000006012619,True
warehouse,medio,200,5,astar,4.988799992133863,True
warehouse,medio,200,5,theta,708.0501000018558,True
warehouse,medio,200,5,prm,613.2531000039307,True
warehouse,medio,200,5,visibility,2114.3324000004213,True
warehouse,medio,200,6,tve,12.188900000182912,True
warehouse,medio,200,6,teselado,15.36790000682231,True
warehouse,medio,200,6,astar,8.744599996134639,True
warehouse,medio,200,6,theta,1062.9005000082543,True
warehouse,medio,200,6,prm,608.8990999996895,True
warehouse,medio,200,6,visibility,2117.6462000003085,True
warehouse,medio,200,7,tve,8.502600001520477,True
warehouse,medio,200,7,teselado,12.228599996888079,True
warehouse,medio,200,7,astar,6.801000010455027,True
warehouse,medio,200,7,theta,681.319600000279,True
warehouse,medio,200,7,prm,605.9467999875778,True
warehouse,medio,200,7,visibility,2086.4751000044635,True
warehouse,medio,200,8,tve,6.617500010179356,True
warehouse,medio,200,8,teselado,8.288099998026155,True
warehouse,medio,200,8,astar,2.9977000085636973,True
warehouse,medio,200,8,theta,243.93630000122357,True
warehouse,medio,200,8,prm,591.5600000007544,True
warehouse,medio,200,8,visibility,2095.2872000052594,True
warehouse,medio,200,9,tve,6.201799988048151,True
warehouse,medio,200,9,teselado,9.126499993726611,True
warehouse,medio,200,9,astar,6.562200011103414,True
warehouse,medio,200,9,theta,576.4839000039501,True
warehouse,medio,200,9,prm,650.9356000024127,True
warehouse,medio,200,9,visibility,2066.2455999990925,True
warehouse,medio,200,10,tve,8.551199993235059,True
warehouse,medio,200,10,teselado,9.77720000082627,True
warehouse,medio,200,10,astar,2.968100001453422,True
warehouse,medio,200,10,theta,257.88450000982266,True
warehouse,medio,200,10,prm,606.0086000070442,True
warehouse,medio,200,10,visibility,2061.521300012828,True
warehouse,medio,200,11,tve,5.88199999765493,True
warehouse,medio,200,11,teselado,5.32559999555815,True
warehouse,medio,200,11,astar,1.170599993201904,True
warehouse,medio,200,11,theta,50.88009999599308,True
warehouse,medio,200,11,prm,609.1747000027681,True
warehouse,medio,200,11,visibility,2066.750600002706,True
warehouse,medio,200,12,tve,8.870000005117618,True
warehouse,medio,200,12,teselado,12.909899989608675,True
warehouse,medio,200,12,astar,10.92390000121668,True
warehouse,medio,200,12,theta,1402.219099996728,True
warehouse,medio,200,12,prm,613.6675000016112,True
warehouse,medio,200,12,visibility,2119.4035000080476,True
warehouse,medio,200,13,tve,7.015499999397434,True
warehouse,medio,200,13,teselado,8.857199994963594,True
warehouse,medio,200,13,astar,1.8045000033453107,True
warehouse,medio,200,13,theta,171.25010000017937,True
warehouse,medio,200,13,prm,613.127299991902,True
warehouse,medio,200,13,visibility,2158.254100009799,True
warehouse,medio,200,14,tve,4.59450000198558,True
warehouse,medio,200,14,teselado,2.603299988550134,True
warehouse,medio,200,14,astar,1.460999992559664,True
warehouse,medio,200,14,theta,54.461699997773394,True
warehouse,medio,200,14,prm,589.0726999932667,True
warehouse,medio,200,14,visibility,2071.358400004101,True
warehouse,medio,200,15,tve,7.163700007367879,True
warehouse,medio,200,15,teselado,9.13340000261087,True
warehouse,medio,200,15,astar,8.452800000668503,True
warehouse,medio,200,15,theta,758.6169999995036,True
warehouse,medio,200,15,prm,618.9398999995319,True
warehouse,medio,200,15,visibility,2098.1322000006912,True
warehouse,medio,200,16,tve,8.40000000607688,True
warehouse,medio,200,16,teselado,11.024000006727874,True
warehouse,medio,200,16,astar,3.0590000096708536,True
warehouse,medio,200,16,theta,265.6297999928938,True
warehouse,medio,200,16,prm,630.9463000070537,True
warehouse,medio,200,16,visibility,2126.8148999952246,True
warehouse,medio,200,17,tve,7.353100008913316,True
warehouse,medio,200,17,teselado,11.144100004457869,True
warehouse,medio,200,17,astar,3.7428000068757683,True
warehouse,medio,200,17,theta,330.6966999953147,True
warehouse,medio,200,17,prm,642.9220999998506,True
warehouse,medio,200,17,visibility,2144.351499999175,True
warehouse,medio,200,18,tve,6.208499995409511,True
warehouse,medio,200,18,teselado,8.08369999867864,True
warehouse,medio,200,18,astar,2.061200008029118,True
warehouse,medio,200,18,theta,129.11449999955948,True
warehouse,medio,200,18,prm,638.1270999991102,True
warehouse,medio,200,18,visibility,2152.3959999904037,True
warehouse,medio,200,19,tve,72.84579999395646,True
warehouse,medio,200,19,teselado,34.67379999347031,True
warehouse,medio,200,19,astar,2.929700000095181,True
warehouse,medio,200,19,theta,225.17020000668708,True
warehouse,medio,200,19,prm,631.2535000033677,True
warehouse,medio,200,19,visibility,2092.081099995994,True
warehouse,medio,200,20,tve,9.54289999208413,True
warehouse,medio,200,20,teselado,4.635100005543791,True
warehouse,medio,200,20,astar,2.342000007047318,True
warehouse,medio,200,20,theta,156.97779999754857,True
warehouse,medio,200,20,prm,641.6653000051156,True
warehouse,medio,200,20,visibility,2078.2469999976456,True
warehouse,medio,200,21,tve,8.486000006087124,True
warehouse,medio,200,21,teselado,13.58180001261644,True
warehouse,medio,200,21,astar,5.126000003656372,True
warehouse,medio,200,21,theta,576.2296999891987,True
warehouse,medio,200,21,prm,633.2197999872733,True
warehouse,medio,200,21,visibility,2108.1870999914827,True
warehouse,medio,200,22,tve,9.481100001721643,True
warehouse,medio,200,22,teselado,23.092600007657893,True
warehouse,medio,200,22,astar,10.585099997115321,True
warehouse,medio,200,22,theta,1429.807200009236,True
warehouse,medio,200,22,prm,609.2220999998972,True
warehouse,medio,200,22,visibility,2134.047900006408,True
warehouse,medio,200,23,tve,10.7162999920547,True
warehouse,medio,200,23,teselado,11.218899991945364,True
warehouse,medio,200,23,astar,4.3500000028871,True
warehouse,medio,200,23,theta,358.7804999988293,True
warehouse,medio,200,23,prm,657.8147000109311,True
warehouse,medio,200,23,visibility,2124.1968000103952,True
warehouse,medio,200,24,tve,2.764499993645586,True
warehouse,medio,200,24,teselado,4.723500009276904,True
warehouse,medio,200,24,astar,3.284000005805865,True
warehouse,medio,200,24,theta,59.021300010499544,True
warehouse,medio,200,24,prm,656.1535999935586,True
warehouse,medio,200,24,visibility,2171.3579000061145,True
office,medio,200,0,tve,20.420800006831996,True
office,medio,200,0,teselado,35.04949998750817,True
office,medio,200,0,astar,8.781399999861605,True
office,medio,200,0,theta,890.9461000002921,True
office,medio,200,0,prm,644.5678999880329,True
office,medio,200,0,visibility,3124.6773000020767,True
office,medio,200,1,tve,9.785400005057454,True
office,medio,200,1,teselado,9.325899998657405,True
office,medio,200,1,astar,5.8841999998549,True
office,medio,200,1,theta,556.9178000005195,True
office,medio,200,1,prm,637.484900013078,True
office,medio,200,1,visibility,3196.9172000099206,True
office,medio,200,2,tve,9.582800004864112,True
office,medio,200,2,teselado,7.961800001794472,True
office,medio,200,2,astar,5.205199995543808,True
office,medio,200,2,theta,342.07500000775326,True
office,medio,200,2,prm,629.9227999988943,True
office,medio,200,2,visibility,3039.1660000022966,True
office,medio,200,3,tve,5.289900000207126,True
office,medio,200,3,teselado,2.9233999957796186,True
office,medio,200,3,astar,1.6688000032445416,True
office,medio,200,3,theta,59.643500004312955,True
office,medio,200,3,prm,614.6604999958072,True
office,medio,200,3,visibility,3043.884099999559,True
office,medio,200,4,tve,7.605300008435734,True
office,medio,200,4,teselado,3.2499999942956492,True
office,medio,200,4,astar,1.6073000006144866,True
office,medio,200,4,theta,67.61579999874812,True
office,medio,200,4,prm,645.6250999908661,True
office,medio,200,4,visibility,2996.8671999959042,True
office,medio,200,5,tve,113.6125000048196,True
office,medio,200,5,teselado,38.30279999237973,True
office,medio,200,5,astar,5.549800000153482,True
office,medio,200,5,theta,567.308999990928,True
office,medio,200,5,prm,624.3929000047501,True
office,medio,200,5,visibility,2992.0760999957565,True
office,medio,200,6,tve,8.414399999310263,True
office,medio,200,6,teselado,9.608599997591227,True
office,medio,200,6,astar,2.340799997909926,True
office,medio,200,6,theta,199.78640000044834,True
office,medio,200,6,prm,641.5632000134792,True
office,medio,200,6,visibility,3042.4178000102984,True
office,medio,200,7,tve,5.570900000748225,True
office,medio,200,7,teselado,7.562700004200451,True
office,medio,200,7,astar,2.4510999937774613,True
office,medio,200,7,theta,167.74780000559986,True
office,medio,200,7,prm,605.2943999966374,True
office,medio,200,7,visibility,3039.211300012539,True
office,medio,200,8,tve,8.539000002201647,True
office,medio,200,8,teselado,6.626599992159754,True
office,medio,200,8,astar,1.626199999009259,True
office,medio,200,8,theta,115.84470000525471,True
office,medio,200,8,prm,649.3296999979066,True
office,medio,200,8,visibility,3029.4062000029953,True
office,medio,200,9,tve,6.609300005948171,True
office,medio,200,9,teselado,9.28589999966789,True
office,medio,200,9,astar,1.6417000006185845,True
office,medio,200,9,theta,94.1127999976743,True
office,medio,200,9,prm,627.9338000022108,True
office,medio,200,9,visibility,3109.0187999943737,True
office,medio,200,10,tve,14.68860000022687,True
office,medio,200,10,teselado,20.690999997896142,True
office,medio,200,10,astar,6.186600003275089,True
office,medio,200,10,theta,668.4097999968799,True
office,medio,200,10,prm,626.2966999929631,True
office,medio,200,10,visibility,3045.93510000268,True
office,medio,200,11,tve,5.5056000128388405,True
office,medio,200,11,teselado,2.6519999955780804,True
office,medio,200,11,astar,1.5431999927386642,True
office,medio,200,11,theta,87.72270000190474,True
office,medio,200,11,prm,619.4705000089016,True
office,medio,200,11,visibility,3115.5169999983627,True
office,medio,200,12,tve,12.434799995389767,True
office,medio,200,12,teselado,12.67359999474138,True
office,medio,200,12,astar,3.9816000062273815,True
office,medio,200,12,theta,369.28050000278745,True
office,medio,200,12,prm,621.8216999986907,True
office,medio,200,12,visibility,3043.725900002755,True
office,medio,200,13,tve,5.764999994426034,True
office,medio,200,13,teselado,4.265099996700883,True
office,medio,200,13,astar,1.7302000051131472,True
office,medio,200,13,theta,69.11609999951907,True
office,medio,200,13,prm,628.022000004421,True
office,medio,200,13,visibility,3082.707000008668,True
office,medio,200,14,tve,5.730799995944835,True
office,medio,200,14,teselado,5.5333999916911125,True
office,medio,200,14,astar,1.9370999943930656,True
office,medio,200,14,theta,129.44810000772122,True
office,medio,200,14,prm,618.5490000061691,True
office,medio,200,14,visibility,3107.686300005298,True
office,medio,200,15,tve,7.597799994982779,True
office,medio,200,15,teselado,8.361399988643825,True
office,medio,200,15,astar,6.118200006312691,True
office,medio,200,15,theta,254.53610000840854,True
office,medio,200,15,prm,691.2295000074664,True
office,medio,200,15,visibility,3061.1922000098275,True
office,medio,200,16,tve,83.97659999900497,True
office,medio,200,16,teselado,69.02000000991393,True
office,medio,200,16,astar,7.616399991093203,True
office,medio,200,16,theta,877.4879000120563,True
office,medio,200,16,prm,660.6085999956122,True
office,medio,200,16,visibility,3018.7236000056146,True
office,medio,200,17,tve,8.346200003870763,True
office,medio,200,17,teselado,7.56800000090152,True
office,medio,200,17,astar,2.052800002275035,True
office,medio,200,17,theta,179.38750000030268,True
office,medio,200,17,prm,675.3146999981254,True
office,medio,200,17,visibility,3074.947200002498,True
office,medio,200,18,tve,13.0559999961406,True
office,medio,200,18,teselado,10.820800001965836,True
office,medio,200,18,astar,1.9542999943951145,True
office,medio,200,18,theta,140.52450000599492,True
office,medio,200,18,prm,639.7167999966769,True
office,medio,200,18,visibility,3034.5401000085985,True
office,medio,200,19,tve,7.31400000222493,True
office,medio,200,19,teselado,10.560000009718351,True
office,medio,200,19,astar,4.5110999926691875,True
office,medio,200,19,theta,416.1047000088729,True
office,medio,200,19,prm,660.1879000081681,True
office,medio,200,19,visibility,3080.0367000047117,True
office,medio,200,20,tve,9.675900000729598,True
office,medio,200,20,teselado,8.883499991497956,True
office,medio,200,20,astar,2.0570000051520765,True
office,medio,200,20,theta,148.01879999868106,True
office,medio,200,20,prm,613.2843999948818,True
office,medio,200,20,visibility,3030.1081000070553,True
office,medio,200,21,tve,8.555199994589202,True
office,medio,200,21,teselado,5.919499992160127,True
office,medio,200,21,astar,2.5883000052999705,True
office,medio,200,21,theta,117.838500009384,True
office,medio,200,21,prm,612.3986000020523,True
office,medio,200,21,visibility,3029.4352999917464,True
office,medio,200,22,tve,8.269400001154281,True
office,medio,200,22,teselado,15.280100007657893,True
office,medio,200,22,astar,7.3619999893708155,True
office,medio,200,22,theta,843.3580000128131,True
office,medio,200,22,prm,602.7994000032777,True
office,medio,200,22,visibility,3030.436999993981,True
office,medio,200,23,tve,5.6465999950887635,True
office,medio,200,23,teselado,3.7465000059455633,True
office,medio,200,23,astar,2.783200005069375,True
office,medio,200,23,theta,139.76130000082776,True
office,medio,200,23,prm,632.6189000101294,True
office,medio,200,23,visibility,3128.1404000037583,True
office,medio,200,24,tve,5.538099998375401,True
office,medio,200,24,teselado,6.604800000786781,True
office,medio,200,24,astar,1.3180000096326694,True
office,medio,200,24,theta,107.37179999705404,True
office,medio,200,24,prm,666.6293000016594,True
office,medio,200,24,visibility,3048.269099992467,True
workshop,medio,200,0,tve,21.258399996440858,True
workshop,medio,200,0,teselado,41.00299999117851,True
workshop,medio,200,0,astar,2.4558000004617497,True
workshop,medio,200,0,theta,259.5184999954654,True
workshop,medio,200,0,prm,654.6530999912648,True
workshop,medio,200,0,visibility,3287.4500999896554,True
workshop,medio,200,1,tve,5.296899995300919,True
workshop,medio,200,1,teselado,4.090600006747991,True
workshop,medio,200,1,astar,1.691700002993457,True
workshop,medio,200,1,theta,146.9617999973707,True
workshop,medio,200,1,prm,626.327100006165,True
workshop,medio,200,1,visibility,3304.2621000058716,True
workshop,medio,200,2,tve,8.254400003352202,True
workshop,medio,200,2,teselado,11.504199996124953,True
workshop,medio,200,2,astar,2.1332999895093963,True
workshop,medio,200,2,theta,359.1885999921942,True
workshop,medio,200,2,prm,629.0692000038689,True
workshop,medio,200,2,visibility,3217.89539999736,True
workshop,medio,200,3,tve,5.448399999295361,True
workshop,medio,200,3,teselado,13.892800008761697,True
workshop,medio,200,3,astar,2.730000007431954,True
workshop,medio,200,3,theta,161.21920000296086,True
workshop,medio,200,3,prm,596.4514000079362,True
workshop,medio,200,3,visibility,3174.6996000001673,True
workshop,medio,200,4,tve,6.758899995475076,True
workshop,medio,200,4,teselado,11.526400005095638,True
workshop,medio,200,4,astar,2.267299991217442,True
workshop,medio,200,4,theta,123.80519999715034,True
workshop,medio,200,4,prm,629.3543000065256,True
workshop,medio,200,4,visibility,3177.7198999916436,True
workshop,medio,200,5,tve,6.0182000015629455,True
workshop,medio,200,5,teselado,7.17100000474602,True
workshop,medio,200,5,astar,1.534499999252148,True
workshop,medio,200,5,theta,83.43470000545494,True
workshop,medio,200,5,prm,599.4227000046521,True
workshop,medio,200,5,visibility,3225.17190000508,True
workshop,medio,200,6,tve,7.359600000199862,True
workshop,medio,200,6,teselado,6.925800000317395,True
workshop,medio,200,6,astar,1.324099997873418,True
workshop,medio,200,6,theta,61.852600003476255,True
workshop,medio,200,6,prm,652.8567999921506,True
workshop,medio,200,6,visibility,3143.168599999626,True
workshop,medio,200,7,tve,7.522600004449487,True
workshop,medio,200,7,teselado,12.107900009141304,True
workshop,medio,200,7,astar,2.5830000085989013,True
workshop,medio,200,7,theta,205.46199999807868,True
workshop,medio,200,7,prm,626.2889999925392,True
workshop,medio,200,7,visibility,3159.4613999914145,True
workshop,medio,200,8,tve,5.734700011089444,True
workshop,medio,200,8,teselado,8.743900005356409,True
workshop,medio,200,8,astar,4.461000004084781,True
workshop,medio,200,8,theta,137.94230000348762,True
workshop,medio,200,8,prm,610.6695999915246,True
workshop,medio,200,8,visibility,3118.525599988061,True
workshop,medio,200,9,tve,6.693300005281344,True
workshop,medio,200,9,teselado,9.262999999918975,True
workshop,medio,200,9,astar,2.901300002122298,True
workshop,medio,200,9,theta,529.5895000017481,True
workshop,medio,200,9,prm,605.9757000039099,True
workshop,medio,200,9,visibility,3125.30020000122,True
workshop,medio,200,10,tve,7.271199996466748,True
workshop,medio,200,10,teselado,9.17699999990873,True
workshop,medio,200,10,astar,2.221199989435263,True
workshop,medio,200,10,theta,158.497600001283,True
workshop,medio,200,10,prm,605.0728999980493,True
workshop,medio,200,10,visibility,3185.455099999672,True
workshop,medio,200,11,tve,5.701799993403256,True
workshop,medio,200,11,teselado,6.659299993771128,True
workshop,medio,200,11,astar,1.8290000007255003,True
workshop,medio,200,11,theta,183.68269999336917,True
workshop,medio,200,11,prm,593.6328999960097,True
workshop,medio,200,11,visibility,3196.16199999291,True
workshop,medio,200,12,tve,8.505799996783026,True
workshop,medio,200,12,teselado,10.676999998395331,True
workshop,medio,200,12,astar,5.150400000275113,True
workshop,medio,200,12,theta,952.9268000042066,True
workshop,medio,200,12,prm,615.7108000043081,True
workshop,medio,200,12,visibility,3244.433999992907,True
workshop,medio,200,13,tve,6.169100000988692,True
workshop,medio,200,13,teselado,12.253599998075515,True
workshop,medio,200,13,astar,10.046199997304939,True
workshop,medio,200,13,theta,1213.3254999935161,True
workshop,medio,200,13,prm,620.264600001974,True
workshop,medio,200,13,visibility,3255.0351999962004,True
workshop,medio,200,14,tve,5.9748000057879835,True
workshop,medio,200,14,teselado,4.366699999081902,True
workshop,medio,200,14,astar,1.827100000809878,True
workshop,medio,200,14,theta,122.38819999038242,True
workshop,medio,200,14,prm,611.1205000051996,True
workshop,medio,200,14,visibility,3265.1316999981645,True
workshop,medio,200,15,tve,6.258800000068732,True
workshop,medio,200,15,teselado,5.9849999961443245,True
workshop,medio,200,15,astar,1.8803999992087483,True
workshop,medio,200,15,theta,59.64529998891521,True
workshop,medio,200,15,prm,590.4480000026524,True
workshop,medio,200,15,visibility,3203.76099999703,True
workshop,medio,200,16,tve,12.363000001641922,True
workshop,medio,200,16,teselado,11.976199995842762,True
workshop,medio,200,16,astar,3.611399995861575,True
workshop,medio,200,16,theta,305.2278999966802,True
workshop,medio,200,16,prm,640.2738999895519,True
workshop,medio,200,16,visibility,3220.9280999959446,True
workshop,medio,200,17,tve,9.391400002641603,True
workshop,medio,200,17,teselado,11.289700007182546,True
workshop,medio,200,17,astar,4.747200000565499,True
workshop,medio,200,17,theta,322.44030000583734,True
workshop,medio,200,17,prm,649.4882999977563,True
workshop,medio,200,17,visibility,3244.49719999393,True
workshop,medio,200,18,tve,6.190100000821985,True
workshop,medio,200,18,teselado,4.313099998398684,True
workshop,medio,200,18,astar,2.239299996290356,True
workshop,medio,200,18,theta,84.3581999943126,True
workshop,medio,200,18,prm,606.2498000101186,True
workshop,medio,200,18,visibility,3194.3476000014925,True
workshop,medio,200,19,tve,8.958199992775917,True
workshop,medio,200,19,teselado,10.439600009704009,True
workshop,medio,200,19,astar,4.138899996178225,True
workshop,medio,200,19,theta,358.6158000107389,True
workshop,medio,200,19,prm,631.247200013604,True
workshop,medio,200,19,visibility,3278.5189999995055,True
workshop,medio,200,20,tve,11.836500008939765,True
workshop,medio,200,20,teselado,6.964600004721433,True
workshop,medio,200,20,astar,1.744900000630878,True
workshop,medio,200,20,theta,120.668100003968,True
workshop,medio,200,20,prm,627.4933999957284,True
workshop,medio,200,20,visibility,3280.0516999996034,True
workshop,medio,200,21,tve,8.803900011116639,True
workshop,medio,200,21,teselado,13.558199992985465,True
workshop,medio,200,21,astar,8.628999989014119,True
workshop,medio,200,21,theta,505.5732999899192,True
workshop,medio,200,21,prm,666.8959000089671,True
workshop,medio,200,21,visibility,3170.2217999991262,True
workshop,medio,200,22,tve,5.751999997301027,True
workshop,medio,200,22,teselado,6.396099997800775,True
workshop,medio,200,22,astar,1.432999997632578,True
workshop,medio,200,22,theta,96.56530000211205,True
workshop,medio,200,22,prm,638.7259000039194,True
workshop,medio,200,22,visibility,3228.389399999287,True
workshop,medio,200,23,tve,5.0137000071117654,True
workshop,medio,200,23,teselado,3.363100011483766,True
workshop,medio,200,23,astar,1.4937999949324876,True
workshop,medio,200,23,theta,57.64169999747537,True
workshop,medio,200,23,prm,632.8421000071103,True
workshop,medio,200,23,visibility,3221.349500003271,True
workshop,medio,200,24,tve,5.930400002398528,True
workshop,medio,200,24,teselado,6.9131000054767355,True
workshop,medio,200,24,astar,1.5870999923208728,True
workshop,medio,200,24,theta,103.59800000151154,True
workshop,medio,200,24,prm,618.1409999990137,True
workshop,medio,200,24,visibility,3160.9463000058895,True
warehouse,medio,201,0,tve,44.786099999328144,True
warehouse,medio,201,0,teselado,29.151099995942786,True
warehouse,medio,201,0,astar,1.5355999930761755,True
warehouse,medio,201,0,theta,74.46950000303332,True
warehouse,medio,201,0,prm,665.855899991584,True
warehouse,medio,201,0,visibility,3147.221700011869,True
warehouse,medio,201,1,tve,6.425400002626702,True
warehouse,medio,201,1,teselado,482.21030000422616,True
warehouse,medio,201,1,astar,2.958299999590963,True
warehouse,medio,201,1,theta,94.64759999536909,True
warehouse,medio,201,1,prm,646.6050999879371,True
warehouse,medio,201,1,visibility,3048.9051999902586,True
warehouse,medio,201,2,tve,9.224399997037835,True
warehouse,medio,201,2,teselado,40.43619999720249,True
warehouse,medio,201,2,astar,1.7802999936975539,False
warehouse,medio,201,2,theta,101.83770000003278,False
warehouse,medio,201,2,prm,668.95680000016,True
warehouse,medio,201,2,visibility,3056.5515000052983,True
warehouse,medio,201,3,tve,9.09029999456834,True
warehouse,medio,201,3,teselado,16.469800000777468,True
warehouse,medio,201,3,astar,5.188200011616573,True
warehouse,medio,201,3,theta,579.9677000031807,True
warehouse,medio,201,3,prm,622.3739999986719,True
warehouse,medio,201,3,visibility,2962.638099998003,True
warehouse,medio,201,4,tve,4.496800000197254,True
warehouse,medio,201,4,teselado,6.7525000049499795,True
warehouse,medio,201,4,astar,1.5221000066958368,True
warehouse,medio,201,4,theta,101.398099999642,True
warehouse,medio,201,4,prm,625.2231999969808,True
warehouse,medio,201,4,visibility,3006.5309000056004,True
warehouse,medio,201,5,tve,6.012600002577528,True
warehouse,medio,201,5,teselado,446.5626000019256,True
warehouse,medio,201,5,astar,6.336999998893589,True
warehouse,medio,201,5,theta,616.8127000128152,True
warehouse,medio,201,5,prm,609.498399993754,True
warehouse,medio,201,5,visibility,2958.92950000416,True
warehouse,medio,201,6,tve,10.62889999593608,True
warehouse,medio,201,6,teselado,33.39779999805614,True
warehouse,medio,201,6,astar,1.8105000053765252,False
warehouse,medio,201,6,theta,111.37710000912193,False
warehouse,medio,201,6,prm,646.6103999991901,True
warehouse,medio,201,6,visibility,2972.505600002478,True
warehouse,medio,201,7,tve,5.798300000606105,True
warehouse,medio,201,7,teselado,138.4453999926336,True
warehouse,medio,201,7,astar,1.3515999889932573,True
warehouse,medio,201,7,theta,122.35869999858551,True
warehouse,medio,201,7,prm,615.2825000026496,True
warehouse,medio,201,7,visibility,2997.4343000067165,True
warehouse,medio,201,8,tve,9.802600005059503,True
warehouse,medio,201,8,teselado,116.65850000281353,True
warehouse,medio,201,8,astar,3.7261999968905,True
warehouse,medio,201,8,theta,265.60590000008233,True
warehouse,medio,201,8,prm,654.768000007607,True
warehouse,medio,201,8,visibility,2981.9655000028433,True
warehouse,medio,201,9,tve,17.6523999980418,True
warehouse,medio,201,9,teselado,119.21520000032615,True
warehouse,medio,201,9,astar,12.229500003741123,True
warehouse,medio,201,9,theta,1301.0646000038832,True
warehouse,medio,201,9,prm,620.0097999972058,True
warehouse,medio,201,9,visibility,3016.7913000041153,True
warehouse,medio,201,10,tve,12.866299992310815,True
warehouse,medio,201,10,teselado,464.1823999991175,True
warehouse,medio,201,10,astar,5.747100003645755,True
warehouse,medio,201,10,theta,665.0072999909753,True
warehouse,medio,201,10,prm,620.2406999946106,True
warehouse,medio,201,10,visibility,2975.0671000074362,True
warehouse,medio,201,11,tve,16.030099999625236,True
warehouse,medio,201,11,teselado,488.7292999919737,True
warehouse,medio,201,11,astar,12.21520001126919,True
warehouse,medio,201,11,theta,1546.0548999981256,True
warehouse,medio,201,11,prm,640.1212000055239,True
warehouse,medio,201,11,visibility,3007.425300005707,True
warehouse,medio,201,12,tve,13.79659998929128,True
warehouse,medio,201,12,teselado,18.87440000427887,True
warehouse,medio,201,12,astar,6.005199989886023,True
warehouse,medio,201,12,theta,595.6249000009848,True
warehouse,medio,201,12,prm,626.7443999968236,True
warehouse,medio,201,12,visibility,3011.373299988918,True
warehouse,medio,201,13,tve,7.9200000036507845,True
warehouse,medio,201,13,teselado,10.518099996261299,True
warehouse,medio,201,13,astar,2.9263999895192683,True
warehouse,medio,201,13,theta,244.72899999818765,True
warehouse,medio,201,13,prm,635.2672999928473,True
warehouse,medio,201,13,visibility,2980.8234999945853,True
warehouse,medio,201,14,tve,6.409100009477697,True
warehouse,medio,201,14,teselado,438.19929999881424,True
warehouse,medio,201,14,astar,2.5775999965844676,True
warehouse,medio,201,14,theta,127.08829999610316,True
warehouse,medio,201,14,prm,664.97860000527,True
warehouse,medio,201,14,visibility,3032.0498999935808,True
warehouse,medio,201,15,tve,10.832500003743917,True
warehouse,medio,201,15,teselado,14.36269999248907,True
warehouse,medio,201,15,astar,5.582600002526306,True
warehouse,medio,201,15,theta,635.154200004763,True
warehouse,medio,201,15,prm,685.2666000049794,True
warehouse,medio,201,15,visibility,3069.416199999978,True
warehouse,medio,201,16,tve,5.094899999676272,True
warehouse,medio,201,16,teselado,8.020700013730675,True
warehouse,medio,201,16,astar,1.863999990746379,True
warehouse,medio,201,16,theta,98.48679999413434,True
warehouse,medio,201,16,prm,645.3023000067333,True
warehouse,medio,201,16,visibility,2997.8095999977086,True
warehouse,medio,201,17,tve,16.830900000059046,True
warehouse,medio,201,17,teselado,17.179999995278195,True
warehouse,medio,201,17,astar,12.223700003232807,True
warehouse,medio,201,17,theta,1209.9236000067322,True
warehouse,medio,201,17,prm,660.4540999978781,True
warehouse,medio,201,17,visibility,2942.735000004177,True
warehouse,medio,201,18,tve,7.673800006159581,True
warehouse,medio,201,18,teselado,113.69589999958407,True
warehouse,medio,201,18,astar,3.843999991659075,True
warehouse,medio,201,18,theta,436.99209998885635,True
warehouse,medio,201,18,prm,673.802399993292,True
warehouse,medio,201,18,visibility,3081.7779999924824,True
warehouse,medio,201,19,tve,6.430599998566322,True
warehouse,medio,201,19,teselado,8.449600005405955,True
warehouse,medio,201,19,astar,4.465299993171357,True
warehouse,medio,201,19,theta,541.8478000065079,True
warehouse,medio,201,19,prm,662.0362999965437,True
warehouse,medio,201,19,visibility,3068.023300002096,True
warehouse,medio,201,20,tve,4.353199998149648,True
warehouse,medio,201,20,teselado,6.462500008638017,True
warehouse,medio,201,20,astar,2.4818000092636794,True
warehouse,medio,201,20,theta,59.09310000424739,True
warehouse,medio,201,20,prm,629.8864999989746,True
warehouse,medio,201,20,visibility,2990.6097000057343,True
warehouse,medio,201,21,tve,9.677199996076524,True
warehouse,medio,201,21,teselado,15.147300000535324,True
warehouse,medio,201,21,astar,2.8162999951746315,True
warehouse,medio,201,21,theta,250.88469999900553,True
warehouse,medio,201,21,prm,690.6520999909844,True
warehouse,medio,201,21,visibility,2892.434299996239,True
warehouse,medio,201,22,tve,8.830899998429231,True
warehouse,medio,201,22,teselado,5.124599992996082,True
warehouse,medio,201,22,astar,3.728299998329021,True
warehouse,medio,201,22,theta,132.50010000774637,True
warehouse,medio,201,22,prm,632.0224999944912,True
warehouse,medio,201,22,visibility,3040.1262999948813,True
warehouse,medio,201,23,tve,7.856500000343658,True
warehouse,medio,201,23,teselado,126.02229999902193,True
warehouse,medio,201,23,astar,5.279400007566437,True
warehouse,medio,201,23,theta,462.73220000148285,True
warehouse,medio,201,23,prm,641.4559999975609,True
warehouse,medio,201,23,visibility,3023.823800001992,True
warehouse,medio,201,24,tve,8.02730000577867,True
warehouse,medio,201,24,teselado,8.552800005418248,True
warehouse,medio,201,24,astar,2.798899993649684,True
warehouse,medio,201,24,theta,301.30030000873376,True
warehouse,medio,201,24,prm,640.8687999937683,True
warehouse,medio,201,24,visibility,3025.1250000001164,True
office,medio,201,0,tve,28.60389999113977,True
office,medio,201,0,teselado,38.466199999675155,True
office,medio,201,0,astar,3.281999990576878,True
office,medio,201,0,theta,224.69820000696927,True
office,medio,201,0,prm,737.1733000036329,True
office,medio,201,0,visibility,4127.560499997344,True
office,medio,201,1,tve,9.720300004119053,True
office,medio,201,1,teselado,14.375300001120195,True
office,medio,201,1,astar,3.399099994567223,True
office,medio,201,1,theta,160.50610000093002,True
office,medio,201,1,prm,619.4212999980664,True
office,medio,201,1,visibility,4045.2810999995563,True
office,medio,201,2,tve,5.274399998597801,True
office,medio,201,2,teselado,3.645299992058426,True
office,medio,201,2,astar,1.4540999982273206,True
office,medio,201,2,theta,62.77050000790041,True
office,medio,201,2,prm,609.2315999994753,True
office,medio,201,2,visibility,3904.9512000055984,True
office,medio,201,3,tve,8.137099997838959,True
office,medio,201,3,teselado,5.891900000278838,True
office,medio,201,3,astar,1.487799992901273,True
office,medio,201,3,theta,62.839200007147156,True
office,medio,201,3,prm,638.7413000047673,True
office,medio,201,3,visibility,3861.596200003987,True
office,medio,201,4,tve,7.763000001432374,True
office,medio,201,4,teselado,6.637600003159605,True
office,medio,201,4,astar,1.5787000011187047,True
office,medio,201,4,theta,66.78599999577273,True
office,medio,201,4,prm,618.4739000018453,True
office,medio,201,4,visibility,3870.1733000052627,True
office,medio,201,5,tve,15.251699995133094,True
office,medio,201,5,teselado,16.06480000191368,True
office,medio,201,5,astar,7.385500008240342,True
office,medio,201,5,theta,986.9613000046229,True
office,medio,201,5,prm,650.2603000117233,True
office,medio,201,5,visibility,3779.610600002343,True
office,medio,201,6,tve,9.76980000268668,True
office,medio,201,6,teselado,12.403100001392886,True
office,medio,201,6,astar,11.935499991523102,True
office,medio,201,6,theta,1442.4206000112463,True
office,medio,201,6,prm,610.088999994332,True
office,medio,201,6,visibility,3786.224899988156,True
office,medio,201,7,tve,4.758400013088249,True
office,medio,201,7,teselado,3.6647999950218946,True
office,medio,201,7,astar,1.2127999943913892,True
office,medio,201,7,theta,56.41110001306515,True
office,medio,201,7,prm,653.889799999888,True
office,medio,201,7,visibility,3801.2368000054266,True
office,medio,201,8,tve,5.512899995665066,True
office,medio,201,8,teselado,5.751000004238449,True
office,medio,201,8,astar,1.62980001186952,True
office,medio,201,8,theta,81.62599999923259,True
office,medio,201,8,prm,619.6710000076564,True
office,medio,201,8,visibility,3783.0075999954715,True
office,medio,201,9,tve,14.655899998615496,True
office,medio,201,9,teselado,11.310000001685694,True
office,medio,201,9,astar,7.765999995172024,True
office,medio,201,9,theta,914.6149000007426,True
office,medio,201,9,prm,624.2760000022827,True
office,medio,201,9,visibility,3810.667099998682,True
office,medio,201,10,tve,16.235799994319677,True
office,medio,201,10,teselado,21.517100001801737,True
office,medio,201,10,astar,10.233799999696203,True
office,medio,201,10,theta,1282.5499000027776,True
office,medio,201,10,prm,664.4129999913275,True
office,medio,201,10,visibility,3868.324199997005,True
office,medio,201,11,tve,8.717899996554479,True
office,medio,201,11,teselado,4.567600000882521,True
office,medio,201,11,astar,2.6453000027686357,True
office,medio,201,11,theta,110.415599992848,True
office,medio,201,11,prm,640.0771000044188,True
office,medio,201,11,visibility,3867.1472999994876,True
office,medio,201,12,tve,5.94719999935478,True
office,medio,201,12,teselado,8.9696999930311,True
office,medio,201,12,astar,2.363299994613044,True
office,medio,201,12,theta,243.74780000653118,True
office,medio,201,12,prm,707.235199995921,True
office,medio,201,12,visibility,4017.625099993893,True
office,medio,201,13,tve,13.860800012480468,True
office,medio,201,13,teselado,12.72630000312347,True
office,medio,201,13,astar,6.606499999179505,True
office,medio,201,13,theta,573.1118000112474,True
office,medio,201,13,prm,621.5935000072932,True
office,medio,201,13,visibility,3985.4980999953113,True
office,medio,201,14,tve,6.217900008778088,True
office,medio,201,14,teselado,7.489099996746518,True
office,medio,201,14,astar,1.6287999897031114,True
office,medio,201,14,theta,72.15520000318065,True
office,medio,201,14,prm,629.6738000091864,True
office,medio,201,14,visibility,3932.390200003283,True
office,medio,201,15,tve,6.499299997813068,True
office,medio,201,15,teselado,6.429700006265193,True
office,medio,201,15,astar,1.5039999998407438,True
office,medio,201,15,theta,76.10140000178944,True
office,medio,201,15,prm,674.4142000097781,True
office,medio,201,15,visibility,3933.9852999983123,True
office,medio,201,16,tve,7.499100000131875,True
office,medio,201,16,teselado,21.030999996582977,True
office,medio,201,16,astar,6.111800001235679,True
office,medio,201,16,theta,666.5214999957243,True
office,medio,201,16,prm,652.9845999903046,True
office,medio,201,16,visibility,3887.849399994593,True
office,medio,201,17,tve,6.8069999979343265,True
office,medio,201,17,teselado,7.736100000329316,True
office,medio,201,17,astar,10.344900001655333,True
office,medio,201,17,theta,794.1435999964597,True
office,medio,201,17,prm,632.4970999994548,True
office,medio,201,17,visibility,3932.896400001482,True
office,medio,201,18,tve,12.97139999223873,True
office,medio,201,18,teselado,10.637899991706945,True
office,medio,201,18,astar,8.713900009752251,True
office,medio,201,18,theta,1013.4571000089636,True
office,medio,201,18,prm,610.6976000010036,True
office,medio,201,18,visibility,3906.2202000059187,True
office,medio,201,19,tve,10.182099998928607,True
office,medio,201,19,teselado,15.432199987117201,True
office,medio,201,19,astar,9.909599990351126,True
office,medio,201,19,theta,1312.3650000052294,True
office,medio,201,19,prm,651.9456999958493,True
office,medio,201,19,visibility,3892.3663000023225,True
office,medio,201,20,tve,10.826899990206584,True
office,medio,201,20,teselado,9.946500009391457,True
office,medio,201,20,astar,8.505000005243346,True
office,medio,201,20,theta,682.899899999029,True
office,medio,201,20,prm,633.0270000034943,True
office,medio,201,20,visibility,3879.9440000002505,True
office,medio,201,21,tve,7.745700000668876,True
office,medio,201,21,teselado,6.055699996068142,True
office,medio,201,21,astar,2.3313999990932643,True
office,medio,201,21,theta,178.35180000110995,True
office,medio,201,21,prm,644.5198000001255,True
office,medio,201,21,visibility,3953.2459000038216,True
office,medio,201,22,tve,8.163100006640889,True
office,medio,201,22,teselado,10.749500012025237,True
office,medio,201,22,astar,4.901499996776693,True
office,medio,201,22,theta,506.0978000110481,True
office,medio,201,22,prm,643.4722999983933,True
office,medio,201,22,visibility,3899.1084000008414,True
office,medio,201,23,tve,6.416900010663085,True
office,medio,201,23,teselado,3.3783999970182776,True
office,medio,201,23,astar,3.497500001685694,True
office,medio,201,23,theta,181.43790001340676,True
office,medio,201,23,prm,691.0455000033835,True
office,medio,201,23,visibility,3907.33889999683,True
office,medio,201,24,tve,13.186099997255951,True
office,medio,201,24,teselado,9.127299999818206,True
office,medio,201,24,astar,8.143499988364056,True
office,medio,201,24,theta,961.2416000018129,True
office,medio,201,24,prm,665.335599987884,True
office,medio,201,24,visibility,3953.106000000844,True
workshop,medio,201,0,tve,22.391399994376116,True
workshop,medio,201,0,teselado,44.008900003973395,True
workshop,medio,201,0,astar,1.8623999931151047,True
workshop,medio,201,0,theta,154.07279999635648,True
workshop,medio,201,0,prm,645.4621000011684,True
workshop,medio,201,0,visibility,6771.436499999254,True
workshop,medio,201,1,tve,8.297899999888614,True
workshop,medio,201,1,teselado,10.525599995162338,True
workshop,medio,201,1,astar,3.540899997460656,True
workshop,medio,201,1,theta,605.2792999980738,True
workshop,medio,201,1,prm,619.9919000064256,True
workshop,medio,201,1,visibility,6504.13089999347,True
workshop,medio,201,2,tve,4.891899996437132,True
workshop,medio,201,2,teselado,9.449000004678965,True
workshop,medio,201,2,astar,1.3157000066712499,True
workshop,medio,201,2,theta,54.05869999958668,True
workshop,medio,201,2,prm,657.2471000108635,True
workshop,medio,201,2,visibility,6438.146100001177,True
workshop,medio,201,3,tve,4.391199996462092,True
workshop,medio,201,3,teselado,4.279300002963282,True
workshop,medio,201,3,astar,1.493899995693937,True
workshop,medio,201,3,theta,50.15629999979865,True
workshop,medio,201,3,prm,623.981199998525,True
workshop,medio,201,3,visibility,6449.6195999963675,True
workshop,medio,201,4,tve,9.492400000453927,True
workshop,medio,201,4,teselado,14.198300006682985,True
workshop,medio,201,4,astar,3.695399995194748,True
workshop,medio,201,4,theta,167.2095999965677,True
workshop,medio,201,4,prm,614.0276000078302,True
workshop,medio,201,4,visibility,6468.637700003455,True
workshop,medio,201,5,tve,5.607099999906495,True
workshop,medio,201,5,teselado,8.536699999240227,True
workshop,medio,201,5,astar,5.451300006825477,True
workshop,medio,201,5,theta,624.7984000074212,True
workshop,medio,201,5,prm,657.4244999937946,True
workshop,medio,201,5,visibility,6478.853799999342,True
workshop,medio,201,6,tve,8.497700007865205,True
workshop,medio,201,6,teselado,10.241299998597242,True
workshop,medio,201,6,astar,2.635600001667626,True
workshop,medio,201,6,theta,514.9161000008462,True
workshop,medio,201,6,prm,623.1361999962246,True
workshop,medio,201,6,visibility,6490.593299997272,True
workshop,medio,201,7,tve,7.387000005110167,True
workshop,medio,201,7,teselado,11.001799997757189,True
workshop,medio,201,7,astar,2.9966000001877546,True
workshop,medio,201,7,theta,164.2244000104256,True
workshop,medio,201,7,prm,614.2871999909403,True
workshop,medio,201,7,visibility,6524.284800005262,True
workshop,medio,201,8,tve,6.858500011730939,True
workshop,medio,201,8,teselado,12.58409999718424,True
workshop,medio,201,8,astar,9.959200004232116,True
workshop,medio,201,8,theta,498.7870000040857,True
workshop,medio,201,8,prm,686.6092999989633,True
workshop,medio,201,8,visibility,6674.289600006887,True
workshop,medio,201,9,tve,5.347900005290285,True
workshop,medio,201,9,teselado,3.995599996414967,True
workshop,medio,201,9,astar,1.1455999920144677,True
workshop,medio,201,9,theta,53.41379999299534,True
workshop,medio,201,9,prm,663.5115999961272,True
workshop,medio,201,9,visibility,6513.93050000479,True
workshop,medio,201,10,tve,7.0955000119283795,True
workshop,medio,201,10,teselado,10.414599993964657,True
workshop,medio,201,10,astar,2.8965999954380095,True
workshop,medio,201,10,theta,577.615699992748,True
workshop,medio,201,10,prm,637.514399990323,True
workshop,medio,201,10,visibility,6551.693900008104,True
workshop,medio,201,11,tve,8.734400005778298,True
workshop,medio,201,11,teselado,16.077299995231442,True
workshop,medio,201,11,astar,3.475699995760806,True
workshop,medio,201,11,theta,230.7128999964334,True
workshop,medio,201,11,prm,639.4664000108605,True
workshop,medio,201,11,visibility,6543.8388000038685,True
workshop,medio,201,12,tve,4.930999988573603,True
workshop,medio,201,12,teselado,3.963600000133738,True
workshop,medio,201,12,astar,1.8382999987807125,True
workshop,medio,201,12,theta,50.44719998841174,True
workshop,medio,201,12,prm,623.7318000057712,True
workshop,medio,201,12,visibility,6511.34219999949,True
workshop,medio,201,13,tve,7.9117999994196,True
workshop,medio,201,13,teselado,9.09920000412967,True
workshop,medio,201,13,astar,2.1434999944176525,True
workshop,medio,201,13,theta,130.61910000396892,True
workshop,medio,201,13,prm,619.1732000006596,True
workshop,medio,201,13,visibility,6426.103899997543,True
workshop,medio,201,14,tve,5.497799997101538,True
workshop,medio,201,14,teselado,7.380900002317503,True
workshop,medio,201,14,astar,1.5091999957803637,True
workshop,medio,201,14,theta,78.37719999952242,True
workshop,medio,201,14,prm,641.9891000114148,True
workshop,medio,201,14,visibility,6476.534599991282,True
workshop,medio,201,15,tve,11.322999998810701,True
workshop,medio,201,15,teselado,21.57890000671614,True
workshop,medio,201,15,astar,4.6584000083385035,True
workshop,medio,201,15,theta,334.5279999921331,True
workshop,medio,201,15,prm,651.5242999885231,True
workshop,medio,201,15,visibility,6620.562900003279,True
workshop,medio,201,16,tve,7.927300001028925,True
workshop,medio,201,16,teselado,7.250199996633455,True
workshop,medio,201,16,astar,2.4378999951295555,True
workshop,medio,201,16,theta,209.10749999166,True
workshop,medio,201,16,prm,656.596000000718,True
workshop,medio,201,16,visibility,6627.306900001713,True
workshop,medio,201,17,tve,5.840300000272691,True
workshop,medio,201,17,teselado,7.853799994336441,True
workshop,medio,201,17,astar,1.6512000001966953,True
workshop,medio,201,17,theta,201.25959999859333,True
workshop,medio,201,17,prm,644.8291999986395,True
workshop,medio,201,17,visibility,6469.882999997935,True
workshop,medio,201,18,tve,6.50790000509005,True
workshop,medio,201,18,teselado,11.037599993869662,True
workshop,medio,201,18,astar,2.36610000138171,True
workshop,medio,201,18,theta,221.98820000630803,True
workshop,medio,201,18,prm,636.8867999990471,True
workshop,medio,201,18,visibility,6423.85039999499,True
workshop,medio,201,19,tve,5.8948000078089535,True
workshop,medio,201,19,teselado,8.391199997276999,True
workshop,medio,201,19,astar,6.190799991600215,True
workshop,medio,201,19,theta,466.5750999993179,True
workshop,medio,201,19,prm,618.180499994196,True
workshop,medio,201,19,visibility,6443.366400009836,True
workshop,medio,201,20,tve,6.815899992943741,True
workshop,medio,201,20,teselado,9.129300000495277,True
workshop,medio,201,20,astar,6.6208999924128875,True
workshop,medio,201,20,theta,357.8598000021884,True
workshop,medio,201,20,prm,618.9211000018986,True
workshop,medio,201,20,visibility,6535.233200003859,True
workshop,medio,201,21,tve,5.902300006709993,True
workshop,medio,201,21,teselado,8.708499997737817,True
workshop,medio,201,21,astar,2.7995999989798293,True
workshop,medio,201,21,theta,97.70580001350027,True
workshop,medio,201,21,prm,615.8657999912975,True
workshop,medio,201,21,visibility,6445.841799999471,True
workshop,medio,201,22,tve,8.86519999767188,True
workshop,medio,201,22,teselado,20.449500007089227,True
workshop,medio,201,22,astar,5.187600007047877,True
workshop,medio,201,22,theta,301.5553000004729,True
workshop,medio,201,22,prm,660.347199998796,True
workshop,medio,201,22,visibility,6562.092499996652,True
workshop,medio,201,23,tve,5.7379000063519925,True
workshop,medio,201,23,teselado,9.801899999729358,True
workshop,medio,201,23,astar,3.3215000003110617,True
workshop,medio,201,23,theta,318.36350000230595,True
workshop,medio,201,23,prm,641.0030999977607,True
workshop,medio,201,23,visibility,6504.957999990438,True
workshop,medio,201,24,tve,5.932099986239336,True
workshop,medio,201,24,teselado,6.677400000626221,True
workshop,medio,201,24,astar,1.712299999780953,True
workshop,medio,201,24,theta,156.3221000105841,True
workshop,medio,201,24,prm,620.8041999925626,True
workshop,medio,201,24,visibility,6492.857999997796,True
store,medio,200,0,tve,23.378400001092814,True
store,medio,200,0,teselado,44.47480000089854,True
store,medio,200,0,astar,2.844499991624616,True
store,medio,200,0,theta,204.84930000384338,True
store,medio,200,0,prm,691.8310000037309,True
store,medio,200,0,visibility,3963.5103000036906,True
store,medio,200,1,tve,5.309500003932044,True
store,medio,200,1,teselado,12.132499992731027,True
store,medio,200,1,astar,2.136199997039512,True
store,medio,200,1,theta,126.95580000581685,True
store,medio,200,1,prm,616.8038000032539,True
store,medio,200,1,visibility,4009.040899996762,True
store,medio,200,2,tve,5.781800005934201,True
store,medio,200,2,teselado,7.324200007133186,True
store,medio,200,2,astar,1.5182999923126772,True
store,medio,200,2,theta,66.6343000048073,True
store,medio,200,2,prm,616.5354999975534,True
store,medio,200,2,visibility,3977.5044999987585,True
store,medio,200,3,tve,6.447699997806922,True
store,medio,200,3,teselado,3.9480999985244125,True
store,medio,200,3,astar,1.4143000007607043,True
store,medio,200,3,theta,56.82050000177696,True
store,medio,200,3,prm,618.9842000021599,True
store,medio,200,3,visibility,4112.58679999446,True
store,medio,200,4,tve,8.492300010402687,True
store,medio,200,4,teselado,11.645899998256937,True
store,medio,200,4,astar,5.529500005650334,True
store,medio,200,4,theta,450.1063000061549,True
store,medio,200,4,prm,644.2070000048261,True
store,medio,200,4,visibility,4064.846499997657,True
store,medio,200,5,tve,5.733300000429153,True
store,medio,200,5,teselado,7.197399987489916,True
store,medio,200,5,astar,1.8256999901495874,True
store,medio,200,5,theta,139.4125999941025,True
store,medio,200,5,prm,623.2238999946276,True
store,medio,200,5,visibility,3894.4550000014715,True
store,medio,200,6,tve,5.631399995763786,True
store,medio,200,6,teselado,4.109700006665662,True
store,medio,200,6,astar,1.361000002361834,True
store,medio,200,6,theta,62.961399991763756,True
store,medio,200,6,prm,644.4684000016423,True
store,medio,200,6,visibility,4042.8153999964707,True
store,medio,200,7,tve,17.290799994952977,True
store,medio,200,7,teselado,25.37389998906292,True
store,medio,200,7,astar,1.3693999935640022,False
store,medio,200,7,theta,4.444999998668209,False
store,medio,200,7,prm,615.8468999929028,True
store,medio,200,7,visibility,3999.660199988284,True
store,medio,200,8,tve,5.467099996167235,True
store,medio,200,8,teselado,8.128899993607774,True
store,medio,200,8,astar,3.4958000032929704,True
store,medio,200,8,theta,239.3832000088878,True
store,medio,200,8,prm,622.9732999927364,True
store,medio,200,8,visibility,3959.1819000052055,True
store,medio,200,9,tve,11.630200009676628,True
store,medio,200,9,teselado,23.785099998349324,True
store,medio,200,9,astar,4.058799997437745,True
store,medio,200,9,theta,991.3318999897456,True
store,medio,200,9,prm,649.4579999998678,True
store,medio,200,9,visibility,4045.0472999946214,True
store,medio,200,10,tve,7.882599995355122,True
store,medio,200,10,teselado,7.930000007036142,True
store,medio,200,10,astar,1.4092000055825338,True
store,medio,200,10,theta,73.42240000434685,True
store,medio,200,10,prm,640.724400000181,True
store,medio,200,10,visibility,4024.4224999914877,True
store,medio,200,11,tve,13.116200003423728,True
store,medio,200,11,teselado,11.76090000080876,True
store,medio,200,11,astar,8.657700003823265,True
store,medio,200,11,theta,910.7076000072993,True
store,medio,200,11,prm,615.041699988069,True
store,medio,200,11,visibility,4033.9107000036165,True
store,medio,200,12,tve,10.31870000588242,True
store,medio,200,12,teselado,12.017100001685321,True
store,medio,200,12,astar,3.980900000897236,True
store,medio,200,12,theta,252.5000000023283,True
store,medio,200,12,prm,605.1401000004262,True
store,medio,200,12,visibility,3902.3179999931017,True
store,medio,200,13,tve,9.132199993473478,True
store,medio,200,13,teselado,9.78830001258757,True
store,medio,200,13,astar,3.4331999922869727,True
store,medio,200,13,theta,262.33420000062324,True
store,medio,200,13,prm,644.6357000095304,True
store,medio,200,13,visibility,3939.454099992872,True
store,medio,200,14,tve,5.7305000082124025,True
store,medio,200,14,teselado,10.052300000097603,True
store,medio,200,14,astar,2.1172999986447394,True
store,medio,200,14,theta,213.14940000593197,True
store,medio,200,14,prm,650.3233999974327,True
store,medio,200,14,visibility,4005.252799994196,True
store,medio,200,15,tve,12.212400004500523,True
store,medio,200,15,teselado,18.47549999365583,True
store,medio,200,15,astar,3.2529000018257648,True
store,medio,200,15,theta,377.9671999946004,True
store,medio,200,15,prm,604.7420999966562,True
store,medio,200,15,visibility,3973.958799993852,True
store,medio,200,16,tve,5.387700002756901,True
store,medio,200,16,teselado,2.813400002196431,True
store,medio,200,16,astar,1.3981000083731487,True
store,medio,200,16,theta,63.98849999823142,True
store,medio,200,16,prm,644.3438999995124,True
store,medio,200,16,visibility,4016.874499997357,True
store,medio,200,17,tve,6.718099990393966,True
store,medio,200,17,teselado,17.560299995238893,True
store,medio,200,17,astar,2.0530000037979335,True
store,medio,200,17,theta,102.39449999062344,True
store,medio,200,17,prm,629.9895999982255,True
store,medio,200,17,visibility,3993.7976999935927,True
store,medio,200,18,tve,7.093100008205511,True
store,medio,200,18,teselado,16.475399999762885,True
store,medio,200,18,astar,2.8261999977985397,True
store,medio,200,18,theta,403.8265999988653,True
store,medio,200,18,prm,613.808499998413,True
store,medio,200,18,visibility,4010.5917000037152,True
store,medio,200,19,tve,6.229300008271821,True
store,medio,200,19,teselado,10.904900002060458,True
store,medio,200,19,astar,2.3724000056972727,True
store,medio,200,19,theta,56.99550001008902,True
store,medio,200,19,prm,619.71210000047,True
store,medio,200,19,visibility,3977.124500001082,True
store,medio,200,20,tve,8.223400000133552,True
store,medio,200,20,teselado,10.37930000165943,True
store,medio,200,20,astar,4.306200004066341,True
store,medio,200,20,theta,453.5174000047846,True
store,medio,200,20,prm,683.6354000115534,True
store,medio,200,20,visibility,4051.5325000014855,True
store,medio,200,21,tve,5.713199992896989,True
store,medio,200,21,teselado,17.477200002758764,True
store,medio,200,21,astar,4.818000001250766,True
store,medio,200,21,theta,313.05839998822194,True
store,medio,200,21,prm,645.8485000039218,True
store,medio,200,21,visibility,3892.585399997188,True
store,medio,200,22,tve,11.145500000566244,True
store,medio,200,22,teselado,11.368600011337548,True
store,medio,200,22,astar,1.8902000010712072,True
store,medio,200,22,theta,127.00770000810735,True
store,medio,200,22,prm,641.9482999917818,True
store,medio,200,22,visibility,3949.8343000013847,True
store,medio,200,23,tve,8.04729999799747,True
store,medio,200,23,teselado,8.251600011135451,True
store,medio,200,23,astar,2.284899994265288,True
store,medio,200,23,theta,277.1824000083143,True
store,medio,200,23,prm,648.2770000002347,True
store,medio,200,23,visibility,4023.334800003795,True
store,medio,200,24,tve,6.069399998523295,True
store,medio,200,24,teselado,9.982900010072626,True
store,medio,200,24,astar,3.144400005112402,True
store,medio,200,24,theta,229.66049998649396,True
store,medio,200,24,prm,584.4518999947468,True
store,medio,200,24,visibility,3880.216299992753,True
hospital,medio,201,0,tve,35.54749999602791,True
hospital,medio,201,0,teselado,131.87480000487994,True
hospital,medio,201,0,astar,2.997699994011782,True
hospital,medio,201,0,theta,255.47200000437442,True
hospital,medio,201,0,prm,693.3285000122851,False
hospital,medio,201,0,visibility,2032.8109999973094,True
hospital,medio,201,1,tve,5.470299991429783,True
hospital,medio,201,1,teselado,333.0518000002485,True
hospital,medio,201,1,astar,3.763400003663264,True
hospital,medio,201,1,theta,363.3482000004733,True
hospital,medio,201,1,prm,658.2021000067471,True
hospital,medio,201,1,visibility,2044.9015000049258,True
hospital,medio,201,2,tve,4.917300000670366,True
hospital,medio,201,2,teselado,418.45029999967664,True
hospital,medio,201,2,astar,6.519199989270419,True
hospital,medio,201,2,theta,880.7048999879044,True
hospital,medio,201,2,prm,639.4562000059523,True
hospital,medio,201,2,visibility,2057.594199999585,True
hospital,medio,201,3,tve,4.824500007089227,True
hospital,medio,201,3,teselado,233.2788000057917,True
hospital,medio,201,3,astar,6.902200009790249,True
hospital,medio,201,3,theta,679.7469000011915,True
hospital,medio,201,3,prm,654.0505999873858,False
hospital,medio,201,3,visibility,2086.624200004735,True
hospital,medio,201,4,tve,12.757800010149367,True
hospital,medio,201,4,teselado,298.6686000076588,True
hospital,medio,201,4,astar,6.758300005458295,True
hospital,medio,201,4,theta,720.3211000014562,True
hospital,medio,201,4,prm,640.5807999981334,True
hospital,medio,201,4,visibility,2030.245300004026,True
hospital,medio,201,5,tve,5.524000007426366,True
hospital,medio,201,5,teselado,438.7270000006538,True
hospital,medio,201,5,astar,6.555800006026402,True
hospital,medio,201,5,theta,554.2356999940239,True
hospital,medio,201,5,prm,656.1469000007492,True
hospital,medio,201,5,visibility,2003.8850999990245,True
hospital,medio,201,6,tve,10.068000003229827,True
hospital,medio,201,6,teselado,432.65360000077635,True
hospital,medio,201,6,astar,10.162699996726587,True
hospital,medio,201,6,theta,1109.0363999974215,True
hospital,medio,201,6,prm,660.870599996997,False
hospital,medio,201,6,visibility,2055.800399990403,True
hospital,medio,201,7,tve,4.530699996394105,True
hospital,medio,201,7,teselado,214.35359999304637,True
hospital,medio,201,7,astar,5.077199995866977,True
hospital,medio,201,7,theta,543.3775999990758,True
hospital,medio,201,7,prm,628.1210000015562,False
hospital,medio,201,7,visibility,2009.805099994992,True
hospital,medio,201,8,tve,8.366299996851012,True
hospital,medio,201,8,teselado,555.7378999947105,True
hospital,medio,201,8,astar,18.337600005907007,True
hospital,medio,201,8,theta,2451.210600003833,True
hospital,medio,201,8,prm,631.0112000064692,True
hospital,medio,201,8,visibility,2030.0843000004534,True
hospital,medio,201,9,tve,4.521299997577444,True
hospital,medio,201,9,teselado,219.48970000084955,True
hospital,medio,201,9,astar,2.0871000015176833,True
hospital,medio,201,9,theta,142.635700001847,True
hospital,medio,201,9,prm,609.8837000026833,False
hospital,medio,201,9,visibility,2024.664299999131,True
hospital,medio,201,10,tve,6.941699990420602,True
hospital,medio,201,10,teselado,99.91910000098869,True
hospital,medio,201,10,astar,4.211099992971867,True
hospital,medio,201,10,theta,388.15440000325907,True
hospital,medio,201,10,prm,625.2320000057807,False
hospital,medio,201,10,visibility,1970.6879000004847,True
hospital,medio,201,11,tve,3.579099997295998,True
hospital,medio,201,11,teselado,330.3197000059299,True
hospital,medio,201,11,astar,8.839500005706213,True
hospital,medio,201,11,theta,699.9512000038521,True
hospital,medio,201,11,prm,633.7751999963075,True
hospital,medio,201,11,visibility,1982.642399991164,True
hospital,medio,201,12,tve,7.249200003570877,True
hospital,medio,201,12,teselado,231.2346999970032,True
hospital,medio,201,12,astar,4.081200007931329,True
hospital,medio,201,12,theta,388.0693999963114,True
hospital,medio,201,12,prm,634.4889999891166,False
hospital,medio,201,12,visibility,1953.547900004196,True
hospital,medio,201,13,tve,5.9443999925861135,True
hospital,medio,201,13,teselado,479.2650000017602,True
hospital,medio,201,13,astar,8.191000000806525,True
hospital,medio,201,13,theta,897.1777000115253,True
hospital,medio,201,13,prm,668.5322000121232,False
hospital,medio,201,13,visibility,1991.182600002503,True
hospital,medio,201,14,tve,5.921899995882995,True
hospital,medio,201,14,teselado,586.1475999990944,True
hospital,medio,201,14,astar,14.777300006244332,True
hospital,medio,201,14,theta,2016.515299997991,True
hospital,medio,201,14,prm,632.6724000100512,True
hospital,medio,201,14,visibility,2057.5606000056723,True
hospital,medio,201,15,tve,5.718799991882406,True
hospital,medio,201,15,teselado,311.02690000261646,True
hospital,medio,201,15,astar,4.622399996151216,True
hospital,medio,201,15,theta,398.42630000202917,True
hospital,medio,201,15,prm,632.2978999960469,True
hospital,medio,201,15,visibility,2048.9037000079406,True
hospital,medio,201,16,tve,4.168300001765601,True
hospital,medio,201,16,teselado,110.57769999024458,True
hospital,medio,201,16,astar,3.8991999899735674,True
hospital,medio,201,16,theta,140.64100000541657,True
hospital,medio,201,16,prm,647.5782000052277,True
hospital,medio,201,16,visibility,2052.4486000067554,True
hospital,medio,201,17,tve,5.884400001377799,True
hospital,medio,201,17,teselado,176.01949999516364,True
hospital,medio,201,17,astar,1.4654999977210537,True
hospital,medio,201,17,theta,70.26950000727084,True
hospital,medio,201,17,prm,639.5373999985168,True
hospital,medio,201,17,visibility,2053.4606000001077,True
hospital,medio,201,18,tve,6.143000005977228,True
hospital,medio,201,18,teselado,491.2163999979384,True
hospital,medio,201,18,astar,20.159600011538714,True
hospital,medio,201,18,theta,1768.5193000070285,True
hospital,medio,201,18,prm,686.3749999902211,True
hospital,medio,201,18,visibility,1993.3008999942103,True
hospital,medio,201,19,tve,8.822100004181266,True
hospital,medio,201,19,teselado,560.620000003837,True
hospital,medio,201,19,astar,6.60789999528788,True
hospital,medio,201,19,theta,479.7002999985125,True
hospital,medio,201,19,prm,637.1283000044059,False
hospital,medio,201,19,visibility,2005.7422999962,True
hospital,medio,201,20,tve,4.944100001011975,True
hospital,medio,201,20,teselado,345.16029999940656,True
hospital,medio,201,20,astar,7.1272000059252605,True
hospital,medio,201,20,theta,779.5971000014106,True
hospital,medio,201,20,prm,627.2260999976425,True
hospital,medio,201,20,visibility,1982.3366999917198,True
hospital,medio,201,21,tve,8.421000005910173,True
hospital,medio,201,21,teselado,471.3770999951521,True
hospital,medio,201,21,astar,8.560200003557838,True
hospital,medio,201,21,theta,873.7565000046743,True
hospital,medio,201,21,prm,618.3521999919321,False
hospital,medio,201,21,visibility,1934.9393000011332,True
hospital,medio,201,22,tve,2.4342000106116757,True
hospital,medio,201,22,teselado,51.84319999534637,True
hospital,medio,201,22,astar,1.3681000127689913,True
hospital,medio,201,22,theta,57.81600000045728,True
hospital,medio,201,22,prm,611.8825999874389,True
hospital,medio,201,22,visibility,1962.4736999976449,True
hospital,medio,201,23,tve,5.084699994768016,True
hospital,medio,201,23,teselado,163.29680000490043,True
hospital,medio,201,23,astar,4.545100004179403,True
hospital,medio,201,23,theta,375.4416999872774,True
hospital,medio,201,23,prm,606.2631999957375,True
hospital,medio,201,23,visibility,1913.1196999951499,True
hospital,medio,201,24,tve,5.8870999928331,True
hospital,medio,201,24,teselado,450.50829999672715,True
hospital,medio,201,24,astar,14.30800001253374,True
hospital,medio,201,24,theta,1719.3626000080258,True
hospital,medio,201,24,prm,588.8237000035588,True
hospital,medio,201,24,visibility,1923.4646999975666,True
store,medio,201,0,tve,23.417799995513633,True
store,medio,201,0,teselado,40.556799998739734,True
store,medio,201,0,astar,4.216800007270649,True
store,medio,201,0,theta,482.39039999316446,True
store,medio,201,0,prm,640.471399994567,True
store,medio,201,0,visibility,4233.765299999504,True
store,medio,201,1,tve,6.061699998099357,True
store,medio,201,1,teselado,7.38429999910295,True
store,medio,201,1,astar,1.897499998449348,True
store,medio,201,1,theta,171.37299999012612,True
store,medio,201,1,prm,665.8354999963194,True
store,medio,201,1,visibility,4214.034000004176,True
store,medio,201,2,tve,6.319199994322844,True
store,medio,201,2,teselado,7.5099000096088275,True
store,medio,201,2,astar,1.6131000011228025,True
store,medio,201,2,theta,81.98479999555275,True
store,medio,201,2,prm,652.1759000024758,True
store,medio,201,2,visibility,4254.283899994334,True
store,medio,201,3,tve,7.2865999973146245,True
store,medio,201,3,teselado,11.51590001245495,True
store,medio,201,3,astar,1.9553000020096079,True
store,medio,201,3,theta,199.6672000095714,True
store,medio,201,3,prm,701.1205999879166,True
store,medio,201,3,visibility,4250.714299996616,True
store,medio,201,4,tve,5.318800001987256,True
store,medio,201,4,teselado,9.05560000683181,True
store,medio,201,4,astar,2.7465000021038577,True
store,medio,201,4,theta,101.72890000103507,True
store,medio,201,4,prm,633.7379000033252,True
store,medio,201,4,visibility,4260.92190000054,True
store,medio,201,5,tve,7.211699994513765,True
store,medio,201,5,teselado,8.883100003004074,True
store,medio,201,5,astar,1.7564000008860603,True
store,medio,201,5,theta,95.08450000430457,True
store,medio,201,5,prm,616.1244999966584,True
store,medio,201,5,visibility,4188.887399999658,True
store,medio,201,6,tve,5.130599995027296,True
store,medio,201,6,teselado,8.556500004488043,True
store,medio,201,6,astar,3.473200005828403,True
store,medio,201,6,theta,69.3405000056373,True
store,medio,201,6,prm,673.3307000104105,True
store,medio,201,6,visibility,4276.316099989344,True
store,medio,201,7,tve,8.318699998199008,True
store,medio,201,7,teselado,8.212700005969964,True
store,medio,201,7,astar,2.1742000099038705,True
store,medio,201,7,theta,141.5244999952847,True
store,medio,201,7,prm,617.764000009629,True
store,medio,201,7,visibility,4219.517500008806,True
store,medio,201,8,tve,5.895000009331852,True
store,medio,201,8,teselado,11.380099997040816,True
store,medio,201,8,astar,2.5997000047937036,True
store,medio,201,8,theta,231.29510000580922,True
store,medio,201,8,prm,639.1041000024416,True
store,medio,201,8,visibility,4318.444599994109,True
store,medio,201,9,tve,13.039900004514493,True
store,medio,201,9,teselado,8.616200007963926,True
store,medio,201,9,astar,1.7642000020714477,True
store,medio,201,9,theta,136.3169999967795,True
store,medio,201,9,prm,661.1145000060787,True
store,medio,201,9,visibility,4483.025199995609,True
store,medio,201,10,tve,12.455300005967729,True
store,medio,201,10,teselado,15.589300004648976,True
store,medio,201,10,astar,8.26970000343863,True
store,medio,201,10,theta,888.7257000023965,True
store,medio,201,10,prm,610.4811999975936,True
store,medio,201,10,visibility,4212.772099999711,True
store,medio,201,11,tve,7.466700000804849,True
store,medio,201,11,teselado,7.509100003517233,True
store,medio,201,11,astar,2.995500006363727,True
store,medio,201,11,theta,164.19440000026952,True
store,medio,201,11,prm,649.2989999969723,True
store,medio,201,11,visibility,4289.868799998658,True
store,medio,201,12,tve,7.704000003286637,True
store,medio,201,12,teselado,10.889500001212582,True
store,medio,201,12,astar,2.0912999898428097,True
store,medio,201,12,theta,187.66320000577252,True
store,medio,201,12,prm,609.9968000053195,True
store,medio,201,12,visibility,4215.914200001862,True
store,medio,201,13,tve,10.701600011088885,True
store,medio,201,13,teselado,17.915000003995374,True
store,medio,201,13,astar,3.135400009341538,True
store,medio,201,13,theta,276.6523000027519,True
store,medio,201,13,prm,643.4165999962715,True
store,medio,201,13,visibility,4284.055600001011,True
store,medio,201,14,tve,5.828299996210262,True
store,medio,201,14,teselado,8.369299990590662,True
store,medio,201,14,astar,2.5962999934563413,True
store,medio,201,14,theta,160.4356000025291,True
store,medio,201,14,prm,618.4139999968465,True
store,medio,201,14,visibility,4230.123899993487,True
store,medio,201,15,tve,9.299900004407391,True
store,medio,201,15,teselado,14.281399999163114,True
store,medio,201,15,astar,2.8337999974610284,True
store,medio,201,15,theta,244.10580001131166,True
store,medio,201,15,prm,632.53459999396,True
store,medio,201,15,visibility,4353.145699991728,True
store,medio,201,16,tve,10.18080000358168,True
store,medio,201,16,teselado,8.264000003691763,True
store,medio,201,16,astar,1.6910000122152269,True
store,medio,201,16,theta,110.37709999072831,True
store,medio,201,16,prm,662.0053000078769,True
store,medio,201,16,visibility,4283.057900000131,True
store,medio,201,17,tve,10.692299998481758,True
store,medio,201,17,teselado,10.51259999803733,True
store,medio,201,17,astar,2.343600004678592,True
store,medio,201,17,theta,176.5154999884544,True
store,medio,201,17,prm,599.6804000023985,True
store,medio,201,17,visibility,4265.0614000012865,True
store,medio,201,18,tve,6.17009999405127,True
store,medio,201,18,teselado,10.871999998926185,True
store,medio,201,18,astar,2.7562000032048672,True
store,medio,201,18,theta,192.56759999552742,True
store,medio,201,18,prm,643.1657999928575,True
store,medio,201,18,visibility,4405.417899994063,True
store,medio,201,19,tve,11.834800010547042,True
store,medio,201,19,teselado,17.995699992752634,True
store,medio,201,19,astar,9.470900011365302,True
store,medio,201,19,theta,765.8804000093369,True
store,medio,201,19,prm,688.8421000039671,True
store,medio,201,19,visibility,4228.960299995379,True
store,medio,201,20,tve,6.24489999609068,True
store,medio,201,20,teselado,12.345700000878423,True
store,medio,201,20,astar,2.4699999921722338,True
store,medio,201,20,theta,247.05030000768602,True
store,medio,201,20,prm,644.7609000024386,True
store,medio,201,20,visibility,4371.524700007285,True
store,medio,201,21,tve,6.999400007771328,True
store,medio,201,21,teselado,8.541100003640167,True
store,medio,201,21,astar,1.705899994703941,True
store,medio,201,21,theta,166.32409999147058,True
store,medio,201,21,prm,631.9378000043798,True
store,medio,201,21,visibility,4309.769499988761,True
store,medio,201,22,tve,6.790600004023872,True
store,medio,201,22,teselado,8.923500005039386,True
store,medio,201,22,astar,4.601600012392737,True
store,medio,201,22,theta,363.88910000096075,True
store,medio,201,22,prm,586.7074000125285,True
store,medio,201,22,visibility,4109.572200002731,True
store,medio,201,23,tve,6.134600000223145,True
store,medio,201,23,teselado,11.360600008629262,True
store,medio,201,23,astar,2.434300011373125,True
store,medio,201,23,theta,225.00489999947604,True
store,medio,201,23,prm,658.9534999948228,True
store,medio,201,23,visibility,4118.008600009489,True
store,medio,201,24,tve,4.993099995772354,True
store,medio,201,24,teselado,6.6100999974878505,True
store,medio,201,24,astar,1.6497000033268705,True
store,medio,201,24,theta,97.07649999472778,True
store,medio,201,24,prm,611.236300013843,True
store,medio,201,24,visibility,4104.293099997449,True
hospital,medio,200,0,tve,36.7685000092024,True
hospital,medio,200,0,teselado,581.6021000064211,True
hospital,medio,200,0,astar,5.036199989262968,True
hospital,medio,200,0,theta,500.89649998699315,True
hospital,medio,200,0,prm,694.1242000029888,True
hospital,medio,200,0,visibility,2476.7150999978185,True
hospital,medio,200,1,tve,9.613900008844212,True
hospital,medio,200,1,teselado,563.515500005451,True
hospital,medio,200,1,astar,18.644199997652322,True
hospital,medio,200,1,theta,2310.628999999608,True
hospital,medio,200,1,prm,686.936500002048,True
hospital,medio,200,1,visibility,2525.914099998772,True
hospital,medio,200,2,tve,7.509100003517233,True
hospital,medio,200,2,teselado,466.7009999975562,True
hospital,medio,200,2,astar,12.548599988804199,True
hospital,medio,200,2,theta,1700.7199000072433,True
hospital,medio,200,2,prm,662.0476999960374,True
hospital,medio,200,2,visibility,2610.527999990154,True
hospital,medio,200,3,tve,12.275600005523302,True
hospital,medio,200,3,teselado,222.68310000072233,True
hospital,medio,200,3,astar,5.648900012602098,True
hospital,medio,200,3,theta,561.5434999926947,True
hospital,medio,200,3,prm,631.7181000049459,True
hospital,medio,200,3,visibility,2589.018800004851,True
hospital,medio,200,4,tve,4.779599999892525,True
hospital,medio,200,4,teselado,234.59919999004342,True
hospital,medio,200,4,astar,6.861000001663342,True
hospital,medio,200,4,theta,814.6038999984739,True
hospital,medio,200,4,prm,623.150400002487,True
hospital,medio,200,4,visibility,2471.523200001684,True
hospital,medio,200,5,tve,6.880999993882142,True
hospital,medio,200,5,teselado,305.1497999986168,True
hospital,medio,200,5,astar,6.559699992067181,True
hospital,medio,200,5,theta,643.0095999967307,True
hospital,medio,200,5,prm,641.0430999967502,True
hospital,medio,200,5,visibility,2560.6999000010546,True
hospital,medio,200,6,tve,4.865499999141321,True
hospital,medio,200,6,teselado,509.71189999836497,True
hospital,medio,200,6,astar,6.3159999990602955,True
hospital,medio,200,6,theta,919.2408000089927,True
hospital,medio,200,6,prm,657.1533999958774,True
hospital,medio,200,6,visibility,2601.007799996296,True
hospital,medio,200,7,tve,11.979800008703023,True
hospital,medio,200,7,teselado,379.7006999957375,True
hospital,medio,200,7,astar,14.113400000496767,True
hospital,medio,200,7,theta,964.6665000036592,True
hospital,medio,200,7,prm,649.3241999996826,True
hospital,medio,200,7,visibility,2535.2287999994587,True
hospital,medio,200,8,tve,6.3445999985560775,True
hospital,medio,200,8,teselado,273.3892999967793,True
hospital,medio,200,8,astar,4.688299988629296,True
hospital,medio,200,8,theta,501.6990000003716,True
hospital,medio,200,8,prm,631.6527000017231,True
hospital,medio,200,8,visibility,2493.3543000079226,True
hospital,medio,200,9,tve,7.090699989930727,True
hospital,medio,200,9,teselado,148.95679999608546,True
hospital,medio,200,9,astar,5.084599994006567,True
hospital,medio,200,9,theta,445.94669999787584,True
hospital,medio,200,9,prm,624.6327999979258,True
hospital,medio,200,9,visibility,2523.5026000009384,True
hospital,medio,200,10,tve,4.73000000056345,True
hospital,medio,200,10,teselado,345.0892999971984,True
hospital,medio,200,10,astar,6.049300005543046,True
hospital,medio,200,10,theta,618.5872000060044,True
hospital,medio,200,10,prm,603.6977000039769,True
hospital,medio,200,10,visibility,2486.247299995739,True
hospital,medio,200,11,tve,8.842099996400066,True
hospital,medio,200,11,teselado,393.4898000006797,True
hospital,medio,200,11,astar,10.709900001529604,True
hospital,medio,200,11,theta,1252.572199999122,True
hospital,medio,200,11,prm,618.7760000029812,True
hospital,medio,200,11,visibility,2493.0638000078034,True
hospital,medio,200,12,tve,5.92559999495279,True
hospital,medio,200,12,teselado,320.9777000010945,True
hospital,medio,200,12,astar,3.7365000025602058,True
hospital,medio,200,12,theta,335.9065999975428,True
hospital,medio,200,12,prm,648.5095000098227,True
hospital,medio,200,12,visibility,2535.378300002776,True
hospital,medio,200,13,tve,3.9943000010680407,True
hospital,medio,200,13,teselado,226.72769999189768,True
hospital,medio,200,13,astar,2.1019999985583127,True
hospital,medio,200,13,theta,154.2459000047529,True
hospital,medio,200,13,prm,645.7182000012835,True
hospital,medio,200,13,visibility,2526.5395000024,True
hospital,medio,200,14,tve,10.758899996289983,True
hospital,medio,200,14,teselado,441.49040000047535,True
hospital,medio,200,14,astar,8.694699994521216,True
hospital,medio,200,14,theta,1099.1384999942966,True
hospital,medio,200,14,prm,643.6227999947732,True
hospital,medio,200,14,visibility,2417.7582999982405,True
hospital,medio,200,15,tve,9.697600005893037,True
hospital,medio,200,15,teselado,505.10780001059175,True
hospital,medio,200,15,astar,12.132299991208129,True
hospital,medio,200,15,theta,1448.5974999988684,True
hospital,medio,200,15,prm,636.4351999945939,True
hospital,medio,200,15,visibility,2582.090799987782,True
hospital,medio,200,16,tve,5.070499988505617,True
hospital,medio,200,16,teselado,255.55260000692215,True
hospital,medio,200,16,astar,8.37550000869669,True
hospital,medio,200,16,theta,960.8635000040522,True
hospital,medio,200,16,prm,657.4790000013309,True
hospital,medio,200,16,visibility,2564.305699997931,True
hospital,medio,200,17,tve,5.4416999919340014,True
hospital,medio,200,17,teselado,206.7932999925688,True
hospital,medio,200,17,astar,3.892500011716038,True
hospital,medio,200,17,theta,183.92489998950623,True
hospital,medio,200,17,prm,685.4359000135446,True
hospital,medio,200,17,visibility,2498.36330000835,True
hospital,medio,200,18,tve,5.6948000128613785,True
hospital,medio,200,18,teselado,186.09669999568723,True
hospital,medio,200,18,astar,1.571499989950098,True
hospital,medio,200,18,theta,88.4350000123959,True
hospital,medio,200,18,prm,657.261300002574,True
hospital,medio,200,18,visibility,2462.7861000044504,True
hospital,medio,200,19,tve,5.313899993780069,True
hospital,medio,200,19,teselado,374.8747999925399,True
hospital,medio,200,19,astar,10.526099998969585,True
hospital,medio,200,19,theta,1231.2569000059739,True
hospital,medio,200,19,prm,613.1752999935998,True
hospital,medio,200,19,visibility,2452.4754000012763,True
hospital,medio,200,20,tve,7.913299996289425,True
hospital,medio,200,20,teselado,175.3018999879714,True
hospital,medio,200,20,astar,3.807699991739355,True
hospital,medio,200,20,theta,423.37550000229385,True
hospital,medio,200,20,prm,625.1373999984935,True
hospital,medio,200,20,visibility,2409.0399999986403,True
hospital,medio,200,21,tve,6.278000000747852,True
hospital,medio,200,21,teselado,157.07929999916814,True
hospital,medio,200,21,astar,3.851000001304783,True
hospital,medio,200,21,theta,382.6628999959212,True
hospital,medio,200,21,prm,587.0032999955583,True
hospital,medio,200,21,visibility,2325.699299995904,True
hospital,medio,200,22,tve,2.6511999894864857,True
hospital,medio,200,22,teselado,143.2075999910012,True
hospital,medio,200,22,astar,1.3596999924629927,True
hospital,medio,200,22,theta,66.60599999304395,True
hospital,medio,200,22,prm,609.2923999967752,True
hospital,medio,200,22,visibility,2355.1005000044825,True
hospital,medio,200,23,tve,9.079299998120405,True
hospital,medio,200,23,teselado,341.1193999927491,True
hospital,medio,200,23,astar,6.327800001599826,True
hospital,medio,200,23,theta,686.991599999601,True
hospital,medio,200,23,prm,564.493499987293,True
hospital,medio,200,23,visibility,2293.2587999966927,True
hospital,medio,200,24,tve,4.203000004054047,True
hospital,medio,200,24,teselado,392.6348999957554,True
hospital,medio,200,24,astar,5.843799997819588,True
hospital,medio,200,24,theta,605.4561999917496,True
hospital,medio,200,24,prm,575.849399989238,True
hospital,medio,200,24,visibility,2255.780899999081,True
plaza,medio,201,0,tve,22.67210000718478,True
plaza,medio,201,0,teselado,63.96870000753552,True
plaza,medio,201,0,astar,4.172799992375076,True
plaza,medio,201,0,theta,412.3920999991242,True
plaza,medio,201,0,prm,667.7940000081435,True
plaza,medio,201,0,visibility,8211.527399995248,True
plaza,medio,201,1,tve,8.206099999370053,True
plaza,medio,201,1,teselado,8.641499996883795,True
plaza,medio,201,1,astar,1.4974999940022826,True
plaza,medio,201,1,theta,120.92000000120606,True
plaza,medio,201,1,prm,624.4688000006136,True
plaza,medio,201,1,visibility,8068.4077000041725,True
plaza,medio,201,2,tve,8.30149999819696,True
plaza,medio,201,2,teselado,15.0465000042459,True
plaza,medio,201,2,astar,8.477199997287244,True
plaza,medio,201,2,theta,433.6078000051202,True
plaza,medio,201,2,prm,649.2197000043234,True
plaza,medio,201,2,visibility,8126.239699995494,True
plaza,medio,201,3,tve,6.824799987953156,True
plaza,medio,201,3,teselado,16.112999990582466,True
plaza,medio,201,3,astar,4.47659999190364,True
plaza,medio,201,3,theta,311.9185999967158,True
plaza,medio,201,3,prm,613.0581999896094,True
plaza,medio,201,3,visibility,7967.155899998033,True
plaza,medio,201,4,tve,7.120199996279553,True
plaza,medio,201,4,teselado,11.388199985958636,True
plaza,medio,201,4,astar,4.523299998254515,True
plaza,medio,201,4,theta,176.63570000149775,True
plaza,medio,201,4,prm,619.4185999920592,True
plaza,medio,201,4,visibility,7837.083000005805,True
plaza,medio,201,5,tve,6.689299989375286,True
plaza,medio,201,5,teselado,11.15419999405276,True
plaza,medio,201,5,astar,4.198700000415556,True
plaza,medio,201,5,theta,199.93309999699704,True
plaza,medio,201,5,prm,645.0902999931714,True
plaza,medio,201,5,visibility,8095.629200004623,True
plaza,medio,201,6,tve,9.044599995831959,True
plaza,medio,201,6,teselado,21.753299995907582,True
plaza,medio,201,6,astar,3.6508999910438433,True
plaza,medio,201,6,theta,297.16269999335054,True
plaza,medio,201,6,prm,631.959000005736,True
plaza,medio,201,6,visibility,8092.078799993033,True
plaza,medio,201,7,tve,4.753500004881062,True
plaza,medio,201,7,teselado,7.364200006122701,True
plaza,medio,201,7,astar,1.5036000113468617,True
plaza,medio,201,7,theta,60.45770000491757,True
plaza,medio,201,7,prm,665.8383000030881,True
plaza,medio,201,7,visibility,8372.062700000242,True
plaza,medio,201,8,tve,6.849299999885261,True
plaza,medio,201,8,teselado,12.080900007276796,True
plaza,medio,201,8,astar,2.323900000192225,True
plaza,medio,201,8,theta,292.4669000058202,True
plaza,medio,201,8,prm,625.405500002671,True
plaza,medio,201,8,visibility,8075.65379999869,True
plaza,medio,201,9,tve,7.09909999568481,True
plaza,medio,201,9,teselado,9.241599997039884,True
plaza,medio,201,9,astar,3.199500002665445,True
plaza,medio,201,9,theta,317.09920000866987,True
plaza,medio,201,9,prm,639.143199994578,True
plaza,medio,201,9,visibility,7893.494600008125,True
plaza,medio,201,10,tve,13.383099998463877,True
plaza,medio,201,10,teselado,10.061599998152815,True
plaza,medio,201,10,astar,2.1975999989081174,True
plaza,medio,201,10,theta,276.47219999926165,True
plaza,medio,201,10,prm,597.2704000014346,True
plaza,medio,201,10,visibility,7643.151399999624,True
plaza,medio,201,11,tve,5.543600011151284,True
plaza,medio,201,11,teselado,8.275200001662597,True
plaza,medio,201,11,astar,3.4737999958451837,True
plaza,medio,201,11,theta,188.14179999753833,True
plaza,medio,201,11,prm,602.0675000036135,True
plaza,medio,201,11,visibility,7297.752400001627,True
plaza,medio,201,12,tve,5.43749998905696,True
plaza,medio,201,12,teselado,8.520399991539307,True
plaza,medio,201,12,astar,4.6128999965731055,True
plaza,medio,201,12,theta,491.73789999622386,True
plaza,medio,201,12,prm,563.9117999962764,True
plaza,medio,201,12,visibility,7039.1749999980675,True
plaza,medio,201,13,tve,8.189400003175251,True
plaza,medio,201,13,teselado,6.55679999908898,True
plaza,medio,201,13,astar,1.279499992961064,True
plaza,medio,201,13,theta,52.005100005771965,True
plaza,medio,201,13,prm,554.3495999881998,True
plaza,medio,201,13,visibility,7091.642500003218,True
plaza,medio,201,14,tve,9.573600007570349,True
plaza,medio,201,14,teselado,13.683199998922646,True
plaza,medio,201,14,astar,1.2234000023454428,True
plaza,medio,201,14,theta,125.02969999331981,True
plaza,medio,201,14,prm,565.1616999966791,True
plaza,medio,201,14,visibility,7034.865499997977,True
plaza,medio,201,15,tve,6.831000006059185,True
plaza,medio,201,15,teselado,6.564399998751469,True
plaza,medio,201,15,astar,2.8618000069400296,True
plaza,medio,201,15,theta,230.2514000039082,True
plaza,medio,201,15,prm,572.1784999914235,True
plaza,medio,201,15,visibility,7179.967399992165,True
plaza,medio,201,16,tve,14.67689999844879,True
plaza,medio,201,16,teselado,15.555999998468906,True
plaza,medio,201,16,astar,3.460599997197278,True
plaza,medio,201,16,theta,425.38770000101067,True
plaza,medio,201,16,prm,582.0259000029182,True
plaza,medio,201,16,visibility,7261.280400009127,True
plaza,medio,201,17,tve,8.478200004901737,True
plaza,medio,201,17,teselado,9.632400004193187,True
plaza,medio,201,17,astar,6.506799996714108,True
plaza,medio,201,17,theta,608.9059000078123,True
plaza,medio,201,17,prm,590.6007000012323,True
plaza,medio,201,17,visibility,7472.351099990192,True
plaza,medio,201,18,tve,6.147799998871051,True
plaza,medio,201,18,teselado,5.378499990911223,True
plaza,medio,201,18,astar,1.6898000030778348,True
plaza,medio,201,18,theta,68.93670000135899,True
plaza,medio,201,18,prm,599.1758000018308,True
plaza,medio,201,18,visibility,7489.268200006336,True
plaza,medio,201,19,tve,6.358500002534129,True
plaza,medio,201,19,teselado,13.931900000898167,True
plaza,medio,201,19,astar,4.378300000098534,True
plaza,medio,201,19,theta,372.5471999932779,True
plaza,medio,201,19,prm,599.0481000044383,True
plaza,medio,201,19,visibility,7487.034099991433,True
plaza,medio,201,20,tve,6.1637000035261735,True
plaza,medio,201,20,teselado,11.733999999705702,True
plaza,medio,201,20,astar,2.636799996253103,True
plaza,medio,201,20,theta,382.00670000514947,True
plaza,medio,201,20,prm,605.108100004145,True
plaza,medio,201,20,visibility,7501.02880000486,True
plaza,medio,201,21,tve,9.460600005695596,True
plaza,medio,201,21,teselado,13.439999995171092,True
plaza,medio,201,21,astar,6.750500004272908,True
plaza,medio,201,21,theta,671.758199998294,True
plaza,medio,201,21,prm,599.0339999989374,True
plaza,medio,201,21,visibility,7498.8859000004595,True
plaza,medio,201,22,tve,14.618799992604181,True
plaza,medio,201,22,teselado,10.798100003739819,True
plaza,medio,201,22,astar,3.9755000034347177,True
plaza,medio,201,22,theta,401.95529999618884,True
plaza,medio,201,22,prm,599.8414000059711,True
plaza,medio,201,22,visibility,7482.98590000195,True
plaza,medio,201,23,tve,5.655300003127195,True
plaza,medio,201,23,teselado,7.623199999216013,True
plaza,medio,201,23,astar,1.5506000054301694,True
plaza,medio,201,23,theta,108.93650000798516,True
plaza,medio,201,23,prm,599.6867000067141,True
plaza,medio,201,23,visibility,7510.908299998846,True
plaza,medio,201,24,tve,8.887900010449812,True
plaza,medio,201,24,teselado,20.753899996634573,True
plaza,medio,201,24,astar,2.336799996555783,True
plaza,medio,201,24,theta,182.10989999352023,True
plaza,medio,201,24,prm,598.5710999957519,True
plaza,medio,201,24,visibility,7504.609600000549,True
plaza,medio,200,0,tve,32.429200000478886,True
plaza,medio,200,0,teselado,51.2756999960402,True
plaza,medio,200,0,astar,4.572000005282462,True
plaza,medio,200,0,theta,491.1477999994531,True
plaza,medio,200,0,prm,656.4170999918133,True
plaza,medio,200,0,visibility,10343.524399999296,True
plaza,medio,200,1,tve,7.080600000335835,True
plaza,medio,200,1,teselado,8.8392999896314,True
plaza,medio,200,1,astar,2.997000003233552,True
plaza,medio,200,1,theta,195.64370000443887,True
plaza,medio,200,1,prm,636.0544000053778,True
plaza,medio,200,1,visibility,10314.295000003767,True
plaza,medio,200,2,tve,5.4936999949859455,True
plaza,medio,200,2,teselado,9.690099992440082,True
plaza,medio,200,2,astar,2.6953000051435083,True
plaza,medio,200,2,theta,173.54429999249987,True
plaza,medio,200,2,prm,648.7600000109524,True
plaza,medio,200,2,visibility,10477.362899997388,True
plaza,medio,200,3,tve,6.329700001515448,True
plaza,medio,200,3,teselado,13.186800002586097,True
plaza,medio,200,3,astar,8.953700002166443,True
plaza,medio,200,3,theta,443.2970000052592,True
plaza,medio,200,3,prm,621.7156000057003,True
plaza,medio,200,3,visibility,10351.789799999096,True
plaza,medio,200,4,tve,7.588899999973364,True
plaza,medio,200,4,teselado,8.53099999949336,True
plaza,medio,200,4,astar,1.446499998564832,True
plaza,medio,200,4,theta,100.06899999279995,True
plaza,medio,200,4,prm,629.1460999927949,True
plaza,medio,200,4,visibility,10343.741600008798,True
plaza,medio,200,5,tve,9.359999996377155,True
plaza,medio,200,5,teselado,15.648100001271814,True
plaza,medio,200,5,astar,3.595700007281266,True
plaza,medio,200,5,theta,225.6987000000663,True
plaza,medio,200,5,prm,653.6896000034176,True
plaza,medio,200,5,visibility,10304.690300006769,True
plaza,medio,200,6,tve,7.747499999823049,True
plaza,medio,200,6,teselado,13.957100003608502,True
plaza,medio,200,6,astar,2.7568999939830974,True
plaza,medio,200,6,theta,225.59489999548532,True
plaza,medio,200,6,prm,628.5147000016877,True
plaza,medio,200,6,visibility,10463.644300005399,True
plaza,medio,200,7,tve,10.836999994353391,True
plaza,medio,200,7,teselado,12.666399998124689,True
plaza,medio,200,7,astar,7.886400009738281,True
plaza,medio,200,7,theta,511.33230001141783,True
plaza,medio,200,7,prm,679.3663999997079,True
plaza,medio,200,7,visibility,10268.56179999595,True
plaza,medio,200,8,tve,16.169900001841597,True
plaza,medio,200,8,teselado,17.29569998860825,True
plaza,medio,200,8,astar,4.259300010744482,True
plaza,medio,200,8,theta,202.6083000091603,True
plaza,medio,200,8,prm,645.7530000043334,True
plaza,medio,200,8,visibility,10400.503600001684,True
plaza,medio,200,9,tve,6.391300004906952,True
plaza,medio,200,9,teselado,13.003100000787526,True
plaza,medio,200,9,astar,5.028899991884828,True
plaza,medio,200,9,theta,539.18479999993,True
plaza,medio,200,9,prm,593.706799991196,True
plaza,medio,200,9,visibility,9845.38959999918,True
plaza,medio,200,10,tve,7.611399996676482,True
plaza,medio,200,10,teselado,10.826499987160787,True
plaza,medio,200,10,astar,6.156999996164814,True
plaza,medio,200,10,theta,850.4049999901326,True
plaza,medio,200,10,prm,600.2221000089776,True
plaza,medio,200,10,visibility,9498.606599998311,True
plaza,medio,200,11,tve,5.6059999915305525,True
plaza,medio,200,11,teselado,11.875199998030439,True
plaza,medio,200,11,astar,3.9363999967463315,True
plaza,medio,200,11,theta,105.68829999829177,True
plaza,medio,200,11,prm,567.3190999950748,True
plaza,medio,200,11,visibility,9086.668499992811,True
plaza,medio,200,12,tve,8.863900002324954,True
plaza,medio,200,12,teselado,15.714900000602938,True
plaza,medio,200,12,astar,1.9229000026825815,True
plaza,medio,200,12,theta,366.55160000373144,True
plaza,medio,200,12,prm,566.1072000075364,True
plaza,medio,200,12,visibility,9105.252199995448,True
plaza,medio,200,13,tve,7.796200006850995,True
plaza,medio,200,13,teselado,11.277600002358668,True
plaza,medio,200,13,astar,7.7298999967752025,True
plaza,medio,200,13,theta,458.9409999898635,True
plaza,medio,200,13,prm,553.0094999994617,True
plaza,medio,200,13,visibility,9172.880500002066,True
plaza,medio,200,14,tve,12.439700003596954,True
plaza,medio,200,14,teselado,20.740599997225218,True
plaza,medio,200,14,astar,4.145500002778135,True
plaza,medio,200,14,theta,485.2054000075441,True
plaza,medio,200,14,prm,594.9050999915926,True
plaza,medio,200,14,visibility,9384.890900008031,True
plaza,medio,200,15,tve,6.80869999632705,True
plaza,medio,200,15,teselado,13.472100006765686,True
plaza,medio,200,15,astar,1.8591999978525564,True
plaza,medio,200,15,theta,92.22229999431875,True
plaza,medio,200,15,prm,578.6909999878844,True
plaza,medio,200,15,visibility,9610.738999996101,True
plaza,medio,200,16,tve,5.732600009650923,True
plaza,medio,200,16,teselado,10.307200005627237,True
plaza,medio,200,16,astar,2.3668000067118555,True
plaza,medio,200,16,theta,158.36850000778213,True
plaza,medio,200,16,prm,597.606099996483,True
plaza,medio,200,16,visibility,9671.452700000373,True
plaza,medio,200,17,tve,8.97840000106953,True
plaza,medio,200,17,teselado,15.36879999912344,True
plaza,medio,200,17,astar,3.7049999955343083,True
plaza,medio,200,17,theta,360.77049998857547,True
plaza,medio,200,17,prm,601.1762999987695,True
plaza,medio,200,17,visibility,9618.210299988277,True
plaza,medio,200,18,tve,10.925199996563606,True
plaza,medio,200,18,teselado,14.220199998817407,True
plaza,medio,200,18,astar,5.16339999740012,True
plaza,medio,200,18,theta,272.94520000577904,True
plaza,medio,200,18,prm,603.2733000029111,True
plaza,medio,200,18,visibility,9672.317200005637,True
plaza,medio,200,19,tve,7.956200002809055,True
plaza,medio,200,19,teselado,11.447500000940636,True
plaza,medio,200,19,astar,4.801400005817413,True
plaza,medio,200,19,theta,507.51779999700375,True
plaza,medio,200,19,prm,598.0106000060914,True
plaza,medio,200,19,visibility,9653.746600000886,True
plaza,medio,200,20,tve,5.494900004123338,True
plaza,medio,200,20,teselado,3.654200001619756,True
plaza,medio,200,20,astar,1.5846000023884699,True
plaza,medio,200,20,theta,61.61730000167154,True
plaza,medio,200,20,prm,608.0871999874944,True
plaza,medio,200,20,visibility,9673.647000003257,True
plaza,medio,200,21,tve,5.696799998986535,True
plaza,medio,200,21,teselado,7.839000012609176,True
plaza,medio,200,21,astar,1.405000002705492,True
plaza,medio,200,21,theta,55.9724000049755,True
plaza,medio,200,21,prm,600.614900002256,True
plaza,medio,200,21,visibility,9678.464299999177,True
plaza,medio,200,22,tve,5.468800009111874,True
plaza,medio,200,22,teselado,8.806800004094839,True
plaza,medio,200,22,astar,3.141500012134202,True
plaza,medio,200,22,theta,278.5085999930743,True
plaza,medio,200,22,prm,602.5871000019833,True
plaza,medio,200,22,visibility,9715.85920000507,True
plaza,medio,200,23,tve,6.102300001657568,True
plaza,medio,200,23,teselado,12.32019999588374,True
plaza,medio,200,23,astar,3.298199997516349,True
plaza,medio,200,23,theta,272.7594999887515,True
plaza,medio,200,23,prm,603.6441999895032,True
plaza,medio,200,23,visibility,9572.829600001569,True
plaza,medio,200,24,tve,4.7344000049633905,True
plaza,medio,200,24,teselado,3.977100001065992,True
plaza,medio,200,24,astar,1.6354999970644712,True
plaza,medio,200,24,theta,64.93110000155866,True
plaza,medio,200,24,prm,594.5603000000119,True
plaza,medio,200,24,visibility,9417.636199999833,True
