scene,level,seed,query,variant,t_ms,exito,tiempo_ms,sin_colision,longitud_m,relacion_optima,holgura_min_m,holgura_media_m,giro_total_deg,giros_bruscos,vertices,radio_giro_min_m,tiempo_holonomico_s,tiempo_diferencial_s,factible_ackermann,tiempo_ackermann_s,gt_penetration_px,gt_safe,gt_clearance_m
office,facil,502,0,TVE (full),20.9278000111226,True,20.9278000111226,True,9.4053706560165,1.0106721392380307,0.2855197186400203,0.4978945197374744,97.59336379048058,0,9,0.8001566386340583,9.4053706560165,9.4053706560165,True,9.4053706560165,0.0,True,0.3275197071959285
office,facil,502,0,K = 1 candidate,16.945499999565072,True,16.945499999565072,True,9.4053706560165,1.0106721392380307,0.2855197186400203,0.4978945197374744,97.59336379048058,0,9,0.8001566386340583,9.4053706560165,9.4053706560165,True,9.4053706560165,0.0,True,0.3275197071959285
office,facil,502,0,K = 8 candidates,19.291000004159287,True,19.291000004159287,True,9.4053706560165,1.0106721392380307,0.2855197186400203,0.4978945197374744,97.59336379048058,0,9,0.8001566386340583,9.4053706560165,9.4053706560165,True,9.4053706560165,0.0,True,0.3275197071959285
office,facil,502,0,tile portals only,16.838199997437187,True,16.838199997437187,True,9.4053706560165,1.0106721392380307,0.2855197186400203,0.4978945197374744,97.59336379048058,0,9,0.8001566386340583,9.4053706560165,9.4053706560165,True,9.4053706560165,0.0,True,0.3275197071959285
office,facil,502,0,disc portals only,16.722100001061335,True,16.722100001061335,True,9.663162311676356,1.0383736359288382,0.36,0.6093041973058835,116.21042050898073,0,10,0.7993061959052531,9.663162311676356,9.663162311676356,True,9.663162311676356,0.0,True,0.36
office,facil,502,0,single connector,17.81920000212267,True,17.81920000212267,True,10.073640819934413,1.0824823911523263,0.2882380056690252,0.6952620155508169,138.2102796028656,0,10,0.7993583849484308,10.073640819934413,10.073640819934413,True,10.073640819934413,0.0,True,0.3302379942249334
office,facil,502,0,exact collision test only,23.637199992663227,True,23.637199992663227,True,9.4053706560165,1.0106721392380307,0.2855197186400203,0.4978945197374744,97.59336379048058,0,9,0.8001566386340583,9.4053706560165,9.4053706560165,True,9.4053706560165,0.0,True,0.3275197071959285
office,facil,502,0,per-obstacle generators,22.80570000584703,True,22.80570000584703,True,9.4053706560165,1.0106721392380307,0.2855197186400203,0.4978945197374744,97.59336379048058,0,9,0.8001566386340583,9.4053706560165,9.4053706560165,True,9.4053706560165,0.0,True,0.3275197071959285
office,facil,502,0,skeleton length weights,18.654600004083477,True,18.654600004083477,True,9.4053706560165,1.0106721392380307,0.2855197186400203,0.4978945197374744,97.59336379048058,0,9,0.8001566386340583,9.4053706560165,9.4053706560165,True,9.4053706560165,0.0,True,0.3275197071959285
office,facil,502,0,Bezier smoothing,23.68330000899732,True,23.68330000899732,True,9.56906711677811,1.0282624563275329,0.36,0.5521893222094548,116.60653022892805,0,11,0.6995109992814771,9.56906711677811,9.56906711677811,False,inf,0.0,True,0.36
office,facil,502,0,no smoothing,20.01590000872966,True,20.01590000872966,True,9.496906812302544,1.0205083324381428,0.30756240574417026,0.5100086738861658,98.40661622736545,2,4,0.3046313213597446,9.496906812302544,9.496906812302544,False,inf,0.0,True,0.36
office,facil,502,1,TVE (full),21.33950000279583,True,21.33950000279583,True,8.43426777983183,1.0429689260935613,0.2876224180617018,0.49977754945038627,86.53805854827613,0,8,0.522815692531776,8.43426777983183,8.43426777983183,False,inf,0.0,True,0.347879679639245
office,facil,502,1,K = 1 candidate,17.7490000060061,True,17.7490000060061,True,8.43426777983183,1.0429689260935613,0.2876224180617018,0.49977754945038627,86.53805854827613,0,8,0.522815692531776,8.43426777983183,8.43426777983183,False,inf,0.0,True,0.347879679639245
office,facil,502,1,K = 8 candidates,21.051900010206737,True,21.051900010206737,True,8.43426777983183,1.0429689260935613,0.2876224180617018,0.49977754945038627,86.53805854827613,0,8,0.522815692531776,8.43426777983183,8.43426777983183,False,inf,0.0,True,0.347879679639245
office,facil,502,1,tile portals only,18.185599998105317,True,18.185599998105317,True,8.43426777983183,1.0429689260935613,0.2876224180617018,0.49977754945038627,86.53805854827613,0,8,0.522815692531776,8.43426777983183,8.43426777983183,False,inf,0.0,True,0.347879679639245
office,facil,502,1,disc portals only,18.548799998825416,True,18.548799998825416,True,8.408388594417989,1.039768744770911,0.2701270862363479,0.4944983011683351,86.41877984856458,0,7,0.7999520699770166,8.408388594417989,8.408388594417989,True,8.408388594417989,0.0,True,0.33603406865822294
office,facil,502,1,single connector,20.789000001968816,True,20.789000001968816,True,8.43426777983183,1.0429689260935613,0.2876224180617018,0.49977754945038627,86.53805854827613,0,8,0.522815692531776,8.43426777983183,8.43426777983183,False,inf,0.0,True,0.347879679639245
office,facil,502,1,exact collision test only,31.12390000023879,True,31.12390000023879,True,8.386877751178764,1.0371087461014084,0.27475556140178364,0.4931569493332327,86.47247169842792,0,7,0.5529988436445591,8.386877751178764,8.386877751178764,False,inf,0.0,True,0.34789517647604523
office,facil,502,1,per-obstacle generators,21.72029999201186,True,21.72029999201186,True,8.43426777983183,1.0429689260935613,0.2876224180617018,0.49977754945038627,86.53805854827613,0,8,0.522815692531776,8.43426777983183,8.43426777983183,False,inf,0.0,True,0.347879679639245
office,facil,502,1,skeleton length weights,20.078300003660843,True,20.078300003660843,True,8.43426777983183,1.0429689260935613,0.2876224180617018,0.49977754945038627,86.53805854827613,0,8,0.522815692531776,8.43426777983183,8.43426777983183,False,inf,0.0,True,0.347879679639245
office,facil,502,1,Bezier smoothing,24.387299999943934,True,24.387299999943934,True,8.470096616531904,1.0473994663979154,0.30191174059908404,0.5162141626647229,87.38038674687908,0,7,0.4324548573737056,8.470096616531904,8.470096616531904,False,inf,0.0,True,0.3625548940043683
office,facil,502,1,no smoothing,20.778600010089576,True,20.778600010089576,True,8.455641896086421,1.0456120173088481,0.2876295500648524,0.5069430472542654,86.58020894947144,0,5,0.5412625417371555,8.455641896086421,8.455641896086421,False,inf,0.0,True,0.34788691575923025
office,medio,502,0,TVE (full),41.43109999131411,True,41.43109999131411,True,7.795625850621654,1.0025492517862076,0.2911627746023567,0.7230643756833645,44.09997945543761,0,5,0.8001190699807681,7.795625850621654,7.795625850621654,True,7.795625850621654,0.0,True,0.3831444679000035
office,medio,502,0,K = 1 candidate,40.12140000122599,True,40.12140000122599,True,7.795625850621654,1.0025492517862076,0.2911627746023567,0.7230643756833645,44.09997945543761,0,5,0.8001190699807681,7.795625850621654,7.795625850621654,True,7.795625850621654,0.0,True,0.3831444679000035
office,medio,502,0,K = 8 candidates,48.33199999120552,True,48.33199999120552,True,7.795625850621654,1.0025492517862076,0.2911627746023567,0.7230643756833645,44.09997945543761,0,5,0.8001190699807681,7.795625850621654,7.795625850621654,True,7.795625850621654,0.0,True,0.3831444679000035
office,medio,502,0,tile portals only,43.29380000126548,True,43.29380000126548,True,7.795625850621654,1.0025492517862076,0.2911627746023567,0.7230643756833645,44.09997945543761,0,5,0.8001190699807681,7.795625850621654,7.795625850621654,True,7.795625850621654,0.0,True,0.3831444679000035
office,medio,502,0,disc portals only,39.267100000870414,True,39.267100000870414,True,7.864245485653539,1.0113740164782654,0.3274822199737112,0.7553156858122265,46.97882424551482,0,5,0.7999492781861002,7.864245485653539,7.864245485653539,True,7.864245485653539,0.0,True,0.40072727511897943
office,medio,502,0,single connector,41.97419999400154,True,41.97419999400154,True,7.795452235093321,1.0025269241217758,0.2920620681936878,0.7237151975258301,44.07022022561861,0,5,0.800136604503263,7.795452235093321,7.795452235093321,True,7.795452235093321,0.0,True,0.38359696051502645
office,medio,502,0,exact collision test only,49.932499998249114,True,49.932499998249114,True,7.795625850621654,1.0025492517862076,0.2911627746023567,0.7230643756833645,44.09997945543761,0,5,0.8001190699807681,7.795625850621654,7.795625850621654,True,7.795625850621654,0.0,True,0.3831444679000035
office,medio,502,0,per-obstacle generators,22.028100007446483,True,22.028100007446483,True,7.795625850621654,1.0025492517862076,0.2911627746023567,0.7230643756833645,44.09997945543761,0,5,0.8001190699807681,7.795625850621654,7.795625850621654,True,7.795625850621654,0.0,True,0.3831444679000035
office,medio,502,0,skeleton length weights,41.35060000407975,True,41.35060000407975,True,7.795625850621654,1.0025492517862076,0.2911627746023567,0.7230643756833645,44.09997945543761,0,5,0.8001190699807681,7.795625850621654,7.795625850621654,True,7.795625850621654,0.0,True,0.3831444679000035
office,medio,502,0,Bezier smoothing,51.80139999720268,True,51.80139999720268,True,7.931423568357819,1.0200133916666265,0.35485379682641904,0.8489609339106976,70.30617367960866,0,11,3.2531678400510953,7.931423568357819,7.931423568357819,True,7.931423568357819,0.0,True,0.4250915685065348
office,medio,502,0,no smoothing,39.92150000703987,True,39.92150000703987,True,7.8280022911386515,1.0067129939716062,0.3077144648558037,0.7376350704954459,44.11041149685285,0,3,0.3656114888390422,7.8280022911386515,7.8280022911386515,False,inf,0.0,True,0.3974459054586771
office,medio,502,1,TVE (full),54.949900004430674,True,54.949900004430674,True,9.685231457840775,1.1809308186274234,0.28907798707626126,0.5900455723070084,211.47690654290756,0,14,0.43550799983649413,9.685231457840775,9.685231457840775,False,inf,0.0,True,0.3715467354903867
office,medio,502,1,K = 1 candidate,41.68180000851862,True,41.68180000851862,True,9.685231457840775,1.1809308186274234,0.28907798707626126,0.5900455723070084,211.47690654290756,0,14,0.43550799983649413,9.685231457840775,9.685231457840775,False,inf,0.0,True,0.3715467354903867
office,medio,502,1,K = 8 candidates,59.11339999875054,True,59.11339999875054,True,9.685231457840775,1.1809308186274234,0.28907798707626126,0.5900455723070084,211.47690654290756,0,14,0.43550799983649413,9.685231457840775,9.685231457840775,False,inf,0.0,True,0.3715467354903867
office,medio,502,1,tile portals only,48.553600005107,True,48.553600005107,True,9.685231457840775,1.1809308186274234,0.28907798707626126,0.5900455723070084,211.47690654290756,0,14,0.43550799983649413,9.685231457840775,9.685231457840775,False,inf,0.0,True,0.3715467354903867
office,medio,502,1,disc portals only,58.00160000217147,True,58.00160000217147,True,9.895054886037997,1.2065148177199347,0.3869186836094521,0.8795192587994182,326.69506874673766,1,19,0.2024065707677667,9.895054886037997,10.681368010598085,False,inf,0.0,True,0.47138296792284085
office,medio,502,1,single connector,50.531400003819726,True,50.531400003819726,True,9.685231457840775,1.1809308186274234,0.28907798707626126,0.5900455723070084,211.47690654290756,0,14,0.43550799983649413,9.685231457840775,9.685231457840775,False,inf,0.0,True,0.3715467354903867
office,medio,502,1,exact collision test only,67.01049998810049,True,67.01049998810049,True,8.452024504135597,1.030564551830867,0.2788411524720724,0.5315034831526001,131.3231350898555,0,10,0.6846644868831196,8.452024504135597,8.452024504135597,False,inf,0.0,True,0.3407833969427469
office,medio,502,1,per-obstacle generators,33.229400010895915,True,33.229400010895915,True,9.685231457840775,1.1809308186274234,0.28907798707626126,0.5900455723070084,211.47690654290756,0,14,0.43550799983649413,9.685231457840775,9.685231457840775,False,inf,0.0,True,0.3715467354903867
office,medio,502,1,skeleton length weights,55.2521999925375,True,55.2521999925375,True,9.685231457840775,1.1809308186274234,0.28907798707626126,0.5900455723070084,211.47690654290756,0,14,0.43550799983649413,9.685231457840775,9.685231457840775,False,inf,0.0,True,0.3715467354903867
office,medio,502,1,Bezier smoothing,60.342700002365746,True,60.342700002365746,True,10.296880290822498,1.255509826903045,0.2940953036163688,0.6160907824901737,238.06321383556923,1,17,0.20906487211469454,10.296880290822498,11.05815090258066,False,inf,0.0,True,0.3840953036163688
office,medio,502,1,no smoothing,52.29570000665262,True,52.29570000665262,True,10.207679195852755,1.2446334402556403,0.28934653562670914,0.5945212898870802,217.314999929564,1,7,0.2323691104819269,10.207679195852755,10.892602173617798,False,inf,0.0,True,0.3732851053325365
office,facil,501,0,TVE (full),22.16500000213273,True,22.16500000213273,True,6.898863411715216,1.0009203491193563,0.3509642286885644,0.9456844524669985,5.6501817069167695,0,3,3.1515412427710596,6.898863411715216,6.898863411715216,True,6.898863411715216,0.0,True,0.36
office,facil,501,0,K = 1 candidate,16.58799999859184,True,16.58799999859184,True,6.898863411715216,1.0009203491193563,0.3509642286885644,0.9456844524669985,5.6501817069167695,0,3,3.1515412427710596,6.898863411715216,6.898863411715216,True,6.898863411715216,0.0,True,0.36
office,facil,501,0,K = 8 candidates,22.087199991801754,True,22.087199991801754,True,6.898863411715216,1.0009203491193563,0.3509642286885644,0.9456844524669985,5.6501817069167695,0,3,3.1515412427710596,6.898863411715216,6.898863411715216,True,6.898863411715216,0.0,True,0.36
office,facil,501,0,tile portals only,20.794399999431334,True,20.794399999431334,True,6.898863411715216,1.0009203491193563,0.3509642286885644,0.9456844524669985,5.6501817069167695,0,3,3.1515412427710596,6.898863411715216,6.898863411715216,True,6.898863411715216,0.0,True,0.36
office,facil,501,0,disc portals only,21.923200009041466,True,21.923200009041466,True,6.908030010081969,1.002250283383877,0.36,0.9643258975641562,8.263012512901163,0,3,2.1001570673931105,6.908030010081969,6.908030010081969,True,6.908030010081969,0.0,True,0.36
office,facil,501,0,single connector,20.314900000812486,True,20.314900000812486,True,6.898863411715216,1.0009203491193563,0.3509642286885644,0.9456844524669985,5.6501817069167695,0,3,3.1515412427710596,6.898863411715216,6.898863411715216,True,6.898863411715216,0.0,True,0.36
office,facil,501,0,exact collision test only,20.733700002892874,True,20.733700002892874,True,6.898863411715216,1.0009203491193563,0.3509642286885644,0.9456844524669985,5.6501817069167695,0,3,3.1515412427710596,6.898863411715216,6.898863411715216,True,6.898863411715216,0.0,True,0.36
office,facil,501,0,per-obstacle generators,19.175699999323115,True,19.175699999323115,True,6.898863411715216,1.0009203491193563,0.3509642286885644,0.9456844524669985,5.6501817069167695,0,3,3.1515412427710596,6.898863411715216,6.898863411715216,True,6.898863411715216,0.0,True,0.36
office,facil,501,0,skeleton length weights,21.24750000075437,True,21.24750000075437,True,6.898863411715216,1.0009203491193563,0.3509642286885644,0.9456844524669985,5.6501817069167695,0,3,3.1515412427710596,6.898863411715216,6.898863411715216,True,6.898863411715216,0.0,True,0.36
office,facil,501,0,Bezier smoothing,23.204299999633804,True,23.204299999633804,True,6.899962973709506,1.0010798788722333,0.36,0.9756882819245166,6.668271422327937,0,4,15.757392206990515,6.899962973709506,6.899962973709506,True,6.899962973709506,0.0,True,0.36
office,facil,501,0,no smoothing,20.16810000350233,True,20.16810000350233,True,6.898936815780189,1.0009309989348338,0.35082496191078866,0.9464474301533153,5.686991311155535,0,3,3.15177391803755,6.898936815780189,6.898936815780189,True,6.898936815780189,0.0,True,0.36
office,facil,501,1,TVE (full),19.107400003122166,True,19.107400003122166,True,9.658613228000116,1.0013067846546233,0.2813255223867556,0.774296089811027,46.29193203775725,0,5,0.8046466101344727,9.658613228000116,9.658613228000116,True,9.658613228000116,0.0,True,0.35150634767682304
office,facil,501,1,K = 1 candidate,16.127899987623096,True,16.127899987623096,True,9.658613228000116,1.0013067846546233,0.2813255223867556,0.774296089811027,46.29193203775725,0,5,0.8046466101344727,9.658613228000116,9.658613228000116,True,9.658613228000116,0.0,True,0.35150634767682304
office,facil,501,1,K = 8 candidates,22.63649999804329,True,22.63649999804329,True,9.658613228000116,1.0013067846546233,0.2813255223867556,0.774296089811027,46.29193203775725,0,5,0.8046466101344727,9.658613228000116,9.658613228000116,True,9.658613228000116,0.0,True,0.35150634767682304
office,facil,501,1,tile portals only,17.852699995273724,True,17.852699995273724,True,9.658613228000116,1.0013067846546233,0.2813255223867556,0.774296089811027,46.29193203775725,0,5,0.8046466101344727,9.658613228000116,9.658613228000116,True,9.658613228000116,0.0,True,0.35150634767682304
office,facil,501,1,disc portals only,18.016400004853494,True,18.016400004853494,True,9.728855695381727,1.0085888092579267,0.3526065818729315,0.8012755388408025,48.42341563050463,0,5,0.8001636786954673,9.728855695381727,9.728855695381727,True,9.728855695381727,0.0,True,0.41786454539250534
office,facil,501,1,single connector,22.67310000024736,True,22.67310000024736,True,9.711087122016956,1.0067467442902356,0.3348425442903757,0.7975487595814498,47.749396157517644,0,5,0.8070296558181632,9.711087122016956,9.711087122016956,True,9.711087122016956,0.0,True,0.4208677263624155
office,facil,501,1,exact collision test only,20.071299994015135,True,20.071299994015135,True,9.658613228000116,1.0013067846546233,0.2813255223867556,0.774296089811027,46.29193203775725,0,5,0.8046466101344727,9.658613228000116,9.658613228000116,True,9.658613228000116,0.0,True,0.35150634767682304
office,facil,501,1,per-obstacle generators,20.47520001360681,True,20.47520001360681,True,9.658613228000116,1.0013067846546233,0.2813255223867556,0.774296089811027,46.29193203775725,0,5,0.8046466101344727,9.658613228000116,9.658613228000116,True,9.658613228000116,0.0,True,0.35150634767682304
office,facil,501,1,skeleton length weights,19.85209999838844,True,19.85209999838844,True,9.658613228000116,1.0013067846546233,0.2813255223867556,0.774296089811027,46.29193203775725,0,5,0.8046466101344727,9.658613228000116,9.658613228000116,True,9.658613228000116,0.0,True,0.35150634767682304
office,facil,501,1,Bezier smoothing,23.371900009806268,True,23.371900009806268,True,9.819964897934032,1.0180340847344957,0.3536871303272631,0.8560045440947932,71.34225989327533,0,13,3.492606905218057,9.819964897934032,9.819964897934032,True,9.819964897934032,0.0,True,0.43211676475035316
office,facil,501,1,no smoothing,18.786200002068654,True,18.786200002068654,True,9.696294634594782,1.0052132096442055,0.28608392982289066,0.7880347501686785,46.30107157069288,1,3,0.4418936396563849,9.696294634594782,9.696294634594782,False,inf,0.0,True,0.3515628150646317
office,facil,500,0,TVE (full),21.52310000383295,True,21.52310000383295,True,9.966485837570403,1.0060874709871657,0.29405335230294777,0.5949648080999861,66.50094020848641,0,6,0.8151501057793116,9.966485837570403,9.966485837570403,True,9.966485837570403,0.0,True,0.33606577281127265
office,facil,500,0,K = 1 candidate,20.818200006033294,True,20.818200006033294,True,9.966485837570403,1.0060874709871657,0.29405335230294777,0.5949648080999861,66.50094020848641,0,6,0.8151501057793116,9.966485837570403,9.966485837570403,True,9.966485837570403,0.0,True,0.33606577281127265
office,facil,500,0,K = 8 candidates,23.897899998701178,True,23.897899998701178,True,9.966485837570403,1.0060874709871657,0.29405335230294777,0.5949648080999861,66.50094020848641,0,6,0.8151501057793116,9.966485837570403,9.966485837570403,True,9.966485837570403,0.0,True,0.33606577281127265
office,facil,500,0,tile portals only,18.060100002912804,True,18.060100002912804,True,9.966485837570403,1.0060874709871657,0.29405335230294777,0.5949648080999861,66.50094020848641,0,6,0.8151501057793116,9.966485837570403,9.966485837570403,True,9.966485837570403,0.0,True,0.33606577281127265
office,facil,500,0,disc portals only,18.74390000011772,True,18.74390000011772,True,9.983532448771031,1.007808276317274,0.31456362700121465,0.5968116129013703,71.36773410483568,0,7,0.804873007564209,9.983532448771031,9.983532448771031,True,9.983532448771031,0.0,True,0.3565636155571229
office,facil,500,0,single connector,21.147000006749295,True,21.147000006749295,True,10.062916626079414,1.015821875843349,0.32999999999999996,0.6306814257814317,94.77156994703984,0,9,0.798017324280317,10.062916626079414,10.062916626079414,True,10.062916626079414,0.0,True,0.4182296344998598
office,facil,500,0,exact collision test only,27.392699994379655,True,27.392699994379655,True,9.966485837570403,1.0060874709871657,0.29405335230294777,0.5949648080999861,66.50094020848641,0,6,0.8151501057793116,9.966485837570403,9.966485837570403,True,9.966485837570403,0.0,True,0.33606577281127265
office,facil,500,0,per-obstacle generators,20.865900005446747,True,20.865900005446747,True,9.966485837570403,1.0060874709871657,0.29405335230294777,0.5949648080999861,66.50094020848641,0,6,0.8151501057793116,9.966485837570403,9.966485837570403,True,9.966485837570403,0.0,True,0.33606577281127265
office,facil,500,0,skeleton length weights,21.135000002686866,True,21.135000002686866,True,9.966485837570403,1.0060874709871657,0.29405335230294777,0.5949648080999861,66.50094020848641,0,6,0.8151501057793116,9.966485837570403,9.966485837570403,True,9.966485837570403,0.0,True,0.33606577281127265
office,facil,500,0,Bezier smoothing,25.135199990472756,True,25.135199990472756,True,10.014798266345501,1.010964468765094,0.2913962082968263,0.6136465965645953,77.48731198648461,0,11,0.7791097429434017,10.014798266345501,10.014798266345501,True,10.014798266345501,0.0,True,0.3778198336195535
office,facil,500,0,no smoothing,20.16379999986384,True,20.16379999986384,True,9.987705933681049,1.008229577360265,0.2942428039518317,0.6049592447482982,67.8980958539639,0,5,0.5091684894250165,9.987705933681049,9.987705933681049,False,inf,0.0,True,0.3362427925077399
office,facil,500,1,TVE (full),21.078500009025447,True,21.078500009025447,True,10.172145088921983,1.0094400611439733,0.28826377664984004,0.5137482465910947,145.9072373930305,0,12,0.8576557277835325,10.172145088921983,10.172145088921983,True,10.172145088921983,0.0,True,0.35417075907171497
office,facil,500,1,K = 1 candidate,18.710999996983446,True,18.710999996983446,True,10.172145088921983,1.0094400611439733,0.28826377664984004,0.5137482465910947,145.9072373930305,0,12,0.8576557277835325,10.172145088921983,10.172145088921983,True,10.172145088921983,0.0,True,0.35417075907171497
office,facil,500,1,K = 8 candidates,27.904800008400343,True,27.904800008400343,True,10.172145088921983,1.0094400611439733,0.28826377664984004,0.5137482465910947,145.9072373930305,0,12,0.8576557277835325,10.172145088921983,10.172145088921983,True,10.172145088921983,0.0,True,0.35417075907171497
office,facil,500,1,tile portals only,20.605199999408796,True,20.605199999408796,True,10.172145088921983,1.0094400611439733,0.28826377664984004,0.5137482465910947,145.9072373930305,0,12,0.8576557277835325,10.172145088921983,10.172145088921983,True,10.172145088921983,0.0,True,0.35417075907171497
office,facil,500,1,disc portals only,21.434700000099838,True,21.434700000099838,True,10.351107197970881,1.027199493468382,0.2908352460748892,0.552326769697596,157.9221471885884,0,13,0.7867150419350504,10.351107197970881,10.351107197970881,True,10.351107197970881,0.0,True,0.3600862516243204
office,facil,500,1,single connector,23.661400002310984,True,23.661400002310984,True,10.167757720421942,1.0090046775067734,0.2906422119115645,0.5150774600376262,145.48701860653512,0,12,0.8686692133392141,10.167757720421942,10.167757720421942,True,10.167757720421942,0.0,True,0.3565491943334395
office,facil,500,1,exact collision test only,25.996700001996942,True,25.996700001996942,True,10.172145088921983,1.0094400611439733,0.28826377664984004,0.5137482465910947,145.9072373930305,0,12,0.8576557277835325,10.172145088921983,10.172145088921983,True,10.172145088921983,0.0,True,0.35417075907171497
office,facil,500,1,per-obstacle generators,26.424199997563846,True,26.424199997563846,True,10.172145088921983,1.0094400611439733,0.28826377664984004,0.5137482465910947,145.9072373930305,0,12,0.8576557277835325,10.172145088921983,10.172145088921983,True,10.172145088921983,0.0,True,0.35417075907171497
office,facil,500,1,skeleton length weights,21.777100002509542,True,21.777100002509542,True,10.172145088921983,1.0094400611439733,0.28826377664984004,0.5137482465910947,145.9072373930305,0,12,0.8576557277835325,10.172145088921983,10.172145088921983,True,10.172145088921983,0.0,True,0.35417075907171497
office,facil,500,1,Bezier smoothing,28.863899991847575,True,28.863899991847575,True,10.283613621669224,1.0205017203641653,0.2676250194058762,0.5539792377447086,158.70614171867516,0,14,0.6782762260053017,10.283613621669224,10.283613621669224,False,inf,0.0,True,0.3277180026517258
office,facil,500,1,no smoothing,20.86460001009982,True,20.86460001009982,True,10.223879359755719,1.0145739483484055,0.2913817136315628,0.5313142760538212,147.85032418170115,0,7,0.6232355315481329,10.223879359755719,10.223879359755719,False,inf,0.0,True,0.3559066759539088
office,dificil,501,0,TVE (full),75.79790000454523,True,75.79790000454523,True,9.260241930576404,1.022800547320822,0.25436466101660077,0.5483469951437678,76.50179940142536,0,7,0.8107535626353961,9.260241930576404,9.260241930576404,True,9.260241930576404,0.0,True,0.3235005168816982
office,dificil,501,0,K = 1 candidate,69.13680001161993,True,69.13680001161993,True,9.260241930576404,1.022800547320822,0.25436466101660077,0.5483469951437678,76.50179940142536,0,7,0.8107535626353961,9.260241930576404,9.260241930576404,True,9.260241930576404,0.0,True,0.3235005168816982
office,dificil,501,0,K = 8 candidates,80.5296000035014,True,80.5296000035014,True,9.260241930576404,1.022800547320822,0.25436466101660077,0.5483469951437678,76.50179940142536,0,7,0.8107535626353961,9.260241930576404,9.260241930576404,True,9.260241930576404,0.0,True,0.3235005168816982
office,dificil,501,0,tile portals only,70.8775999955833,True,70.8775999955833,True,9.260241930576404,1.022800547320822,0.25436466101660077,0.5483469951437678,76.50179940142536,0,7,0.8107535626353961,9.260241930576404,9.260241930576404,True,9.260241930576404,0.0,True,0.3235005168816982
office,dificil,501,0,disc portals only,69.56910000008065,True,69.56910000008065,True,9.32961820886703,1.030463208398006,0.2940875585458273,0.5052036642708778,77.31520108601458,0,7,0.7999652116884208,9.32961820886703,9.32961820886703,True,9.32961820886703,0.0,True,0.29547952837840225
office,dificil,501,0,single connector,77.61249999748543,True,77.61249999748543,True,9.260241930576404,1.022800547320822,0.25436466101660077,0.5483469951437678,76.50179940142536,0,7,0.8107535626353961,9.260241930576404,9.260241930576404,True,9.260241930576404,0.0,True,0.3235005168816982
office,dificil,501,0,exact collision test only,83.24559999164194,True,83.24559999164194,True,9.260241930576404,1.022800547320822,0.25436466101660077,0.5483469951437678,76.50179940142536,0,7,0.8107535626353961,9.260241930576404,9.260241930576404,True,9.260241930576404,0.0,True,0.3235005168816982
office,dificil,501,0,per-obstacle generators,76.9845000031637,True,76.9845000031637,True,9.260241930576404,1.022800547320822,0.25436466101660077,0.5483469951437678,76.50179940142536,0,7,0.8107535626353961,9.260241930576404,9.260241930576404,True,9.260241930576404,0.0,True,0.3235005168816982
office,dificil,501,0,skeleton length weights,84.8759000073187,True,84.8759000073187,True,9.260241930576404,1.022800547320822,0.25436466101660077,0.5483469951437678,76.50179940142536,0,7,0.8107535626353961,9.260241930576404,9.260241930576404,True,9.260241930576404,0.0,True,0.3235005168816982
office,dificil,501,0,Bezier smoothing,90.72569999261759,True,90.72569999261759,True,9.370738844753848,1.0350050129433437,0.3480960218248002,0.5430152530120164,82.4326061624104,0,11,0.9895071502126892,9.370738844753848,9.370738844753848,True,9.370738844753848,0.0,True,0.3480960218248002
office,dificil,501,0,no smoothing,77.75799999944866,True,77.75799999944866,True,9.306963415197831,1.0279609697375032,0.254182537996852,0.550863824497698,77.00270620372282,1,4,0.5784615668216752,9.306963415197831,9.306963415197831,False,inf,0.0,True,0.32347755318017357
office,dificil,501,1,TVE (full),92.96949999406934,True,92.96949999406934,True,16.05072106271943,1.0202993303481798,0.25267607906379197,0.6053221262352548,170.8313466766327,0,13,0.7173825662974675,16.05072106271943,16.05072106271943,False,inf,0.0,True,0.2949247854675567
office,dificil,501,1,K = 1 candidate,76.04759999958333,True,76.04759999958333,True,16.05072106271943,1.0202993303481798,0.25267607906379197,0.6053221262352548,170.8313466766327,0,13,0.7173825662974675,16.05072106271943,16.05072106271943,False,inf,0.0,True,0.2949247854675567
office,dificil,501,1,K = 8 candidates,90.26189999713097,True,90.26189999713097,True,16.05072106271943,1.0202993303481798,0.25267607906379197,0.6053221262352548,170.8313466766327,0,13,0.7173825662974675,16.05072106271943,16.05072106271943,False,inf,0.0,True,0.2949247854675567
office,dificil,501,1,tile portals only,112.42220000713132,True,112.42220000713132,True,16.05072106271943,1.0202993303481798,0.25267607906379197,0.6053221262352548,170.8313466766327,0,13,0.7173825662974675,16.05072106271943,16.05072106271943,False,inf,0.0,True,0.2949247854675567
office,dificil,501,1,disc portals only,111.37640000379179,True,111.37640000379179,True,16.62782434921356,1.0569841680231256,0.2521596220698261,0.5704665828152741,191.4151635922825,1,11,0.27685093388277643,16.62782434921356,16.62782434921356,False,inf,0.0,True,0.27
office,dificil,501,1,single connector,86.33539998845663,True,86.33539998845663,True,16.05072106271943,1.0202993303481798,0.25267607906379197,0.6053221262352548,170.8313466766327,0,13,0.7173825662974675,16.05072106271943,16.05072106271943,False,inf,0.0,True,0.2949247854675567
office,dificil,501,1,exact collision test only,106.50039999745786,True,106.50039999745786,True,16.06304574978144,1.0210827761452241,0.2520906380373967,0.6061918630011829,171.01276353512424,0,13,0.6978456576777131,16.06304574978144,16.06304574978144,False,inf,0.0,True,0.2940920858326684
office,dificil,501,1,per-obstacle generators,89.70229999977164,True,89.70229999977164,True,16.05072106271943,1.0202993303481798,0.25267607906379197,0.6053221262352548,170.8313466766327,0,13,0.7173825662974675,16.05072106271943,16.05072106271943,False,inf,0.0,True,0.2949247854675567
office,dificil,501,1,skeleton length weights,90.11010000540409,True,90.11010000540409,True,16.05072106271943,1.0202993303481798,0.25267607906379197,0.6053221262352548,170.8313466766327,0,13,0.7173825662974675,16.05072106271943,16.05072106271943,False,inf,0.0,True,0.2949247854675567
office,dificil,501,1,Bezier smoothing,94.81199999572709,True,94.81199999572709,True,16.35609269180472,1.0397109485206948,0.2936073649309817,0.6296550380585656,180.79597613961406,0,19,0.4919486546919961,16.35609269180472,16.35609269180472,False,inf,0.0,True,0.33815823257381866
office,dificil,501,1,no smoothing,89.6274000115227,True,89.6274000115227,True,16.23814021653006,1.0322130404164183,0.25212105870624607,0.6113211270337345,171.10927333885442,1,7,0.21693243765961567,16.23814021653006,16.971801557401644,False,inf,0.0,True,0.2944329344972653
warehouse,facil,500,0,TVE (full),18.478999991202727,True,18.478999991202727,True,10.621963833378375,1.0033210496309233,0.3048994329483601,0.5380104098546911,89.48191036824457,0,8,0.6048032115011178,10.621963833378375,10.621963833378375,False,inf,0.0,True,0.38989639249497443
warehouse,facil,500,0,K = 1 candidate,15.686400001868606,True,15.686400001868606,True,10.621963833378375,1.0033210496309233,0.3048994329483601,0.5380104098546911,89.48191036824457,0,8,0.6048032115011178,10.621963833378375,10.621963833378375,False,inf,0.0,True,0.38989639249497443
warehouse,facil,500,0,K = 8 candidates,22.058700007619336,True,22.058700007619336,True,10.621963833378375,1.0033210496309233,0.3048994329483601,0.5380104098546911,89.48191036824457,0,8,0.6048032115011178,10.621963833378375,10.621963833378375,False,inf,0.0,True,0.38989639249497443
warehouse,facil,500,0,tile portals only,16.794600000139326,True,16.794600000139326,True,10.621963833378375,1.0033210496309233,0.3048994329483601,0.5380104098546911,89.48191036824457,0,8,0.6048032115011178,10.621963833378375,10.621963833378375,False,inf,0.0,True,0.38989639249497443
warehouse,facil,500,0,disc portals only,19.262800007709302,True,19.262800007709302,True,10.809060943126024,1.0209937202857637,0.3228728147199745,0.5762782014572096,97.35988812388503,0,7,0.6109941796884999,10.809060943126024,10.809060943126024,False,inf,0.0,True,0.4322635359008642
warehouse,facil,500,0,single connector,17.324000000371598,True,17.324000000371598,True,10.621963833378375,1.0033210496309233,0.3048994329483601,0.5380104098546911,89.48191036824457,0,8,0.6048032115011178,10.621963833378375,10.621963833378375,False,inf,0.0,True,0.38989639249497443
warehouse,facil,500,0,exact collision test only,19.683600010466762,True,19.683600010466762,True,10.618960335788769,1.0030373476336807,0.2945653245444035,0.5258225678538477,86.23913194878361,0,7,0.6080728088159105,10.618960335788769,10.618960335788769,False,inf,0.0,True,0.38989639249497443
warehouse,facil,500,0,per-obstacle generators,17.97090000764001,True,17.97090000764001,True,10.621963833378375,1.0033210496309233,0.3048994329483601,0.5380104098546911,89.48191036824457,0,8,0.6048032115011178,10.621963833378375,10.621963833378375,False,inf,0.0,True,0.38989639249497443
warehouse,facil,500,0,skeleton length weights,26.09540001139976,True,26.09540001139976,True,10.621963833378375,1.0033210496309233,0.3048994329483601,0.5380104098546911,89.48191036824457,0,8,0.6048032115011178,10.621963833378375,10.621963833378375,False,inf,0.0,True,0.38989639249497443
warehouse,facil,500,0,Bezier smoothing,28.619100005016662,True,28.619100005016662,True,10.690646869708637,1.009808657495504,0.35563886214921037,0.5566700236616702,92.0519343536951,0,9,0.4768949937623978,10.690646869708637,10.690646869708637,False,inf,0.0,True,0.4508242149525545
warehouse,facil,500,0,no smoothing,21.289900003466755,True,21.289900003466755,True,10.665653542691784,1.0074478576010892,0.30634321496885597,0.5460112790537928,89.67308241042014,1,6,0.37772454808984474,10.665653542691784,10.665653542691784,False,inf,0.0,True,0.3942191996848913
warehouse,facil,500,1,TVE (full),22.28869999817107,True,22.28869999817107,True,21.50280597051699,1.0165847219402167,0.3035718589290734,0.7185393239284877,155.5198342550083,0,9,0.4350817764959997,21.50280597051699,21.50280597051699,False,inf,0.0,True,0.3835718582106879
warehouse,facil,500,1,K = 1 candidate,18.268799991346896,True,18.268799991346896,True,21.50280597051699,1.0165847219402167,0.3035718589290734,0.7185393239284877,155.5198342550083,0,9,0.4350817764959997,21.50280597051699,21.50280597051699,False,inf,0.0,True,0.3835718582106879
warehouse,facil,500,1,K = 8 candidates,25.70949999790173,True,25.70949999790173,True,21.50280597051699,1.0165847219402167,0.3035718589290734,0.7185393239284877,155.5198342550083,0,9,0.4350817764959997,21.50280597051699,21.50280597051699,False,inf,0.0,True,0.3835718582106879
warehouse,facil,500,1,tile portals only,18.23560000048019,True,18.23560000048019,True,21.50280597051699,1.0165847219402167,0.3035718589290734,0.7185393239284877,155.5198342550083,0,9,0.4350817764959997,21.50280597051699,21.50280597051699,False,inf,0.0,True,0.3835718582106879
warehouse,facil,500,1,disc portals only,18.853900008252822,True,18.853900008252822,True,21.28637783755952,1.0063526836813828,0.28306089796321143,0.7173151506918813,161.00916090097218,0,11,0.8000028145301467,21.28637783755952,21.28637783755952,True,21.28637783755952,0.0,True,0.35704661871401305
warehouse,facil,500,1,single connector,30.2605000033509,True,30.2605000033509,True,21.50114716707718,1.0165062989550524,0.3035718589290734,0.7172734326663809,154.9193605212425,0,9,0.43662180009629437,21.50114716707718,21.50114716707718,False,inf,0.0,True,0.3835718582106879
warehouse,facil,500,1,exact collision test only,27.596100000664592,True,27.596100000664592,True,21.166269691566622,1.0006743500553268,0.2573103441272869,0.6445402477435745,152.01640866605285,0,9,0.48287061667673686,21.166269691566622,21.166269691566622,False,inf,0.0,True,0.3425197402106494
warehouse,facil,500,1,per-obstacle generators,22.120800000266172,True,22.120800000266172,True,21.50280597051699,1.0165847219402167,0.3035718589290734,0.7185393239284877,155.5198342550083,0,9,0.4350817764959997,21.50280597051699,21.50280597051699,False,inf,0.0,True,0.3835718582106879
warehouse,facil,500,1,skeleton length weights,22.36760000232607,True,22.36760000232607,True,21.50280597051699,1.0165847219402167,0.3035718589290734,0.7185393239284877,155.5198342550083,0,9,0.4350817764959997,21.50280597051699,21.50280597051699,False,inf,0.0,True,0.3835718582106879
warehouse,facil,500,1,Bezier smoothing,28.74530000553932,True,28.74530000553932,True,21.585085483104532,1.0204746373093951,0.3139173376871042,0.7258212923444772,160.10423564741947,0,11,0.3725901965274337,21.585085483104532,21.585085483104532,False,inf,0.0,True,0.39391733768710424
warehouse,facil,500,1,no smoothing,21.813100000144914,True,21.813100000144914,True,21.55750765029074,1.0191708445141126,0.3037707859966383,0.7267849003017338,155.76175438890968,1,7,0.41441195564860056,21.55750765029074,21.55750765029074,False,inf,0.0,True,0.38377078599663833
office,medio,501,0,TVE (full),50.28659998788498,True,50.28659998788498,True,11.334053644471794,1.0064556857643767,0.25398236445282624,0.6304735909603019,127.18636863864695,0,10,0.5067438306087356,11.334053644471794,11.334053644471794,False,inf,0.0,True,0.3411671180809151
office,medio,501,0,K = 1 candidate,41.8533999909414,True,41.8533999909414,True,11.334053644471794,1.0064556857643767,0.25398236445282624,0.6304735909603019,127.18636863864695,0,10,0.5067438306087356,11.334053644471794,11.334053644471794,False,inf,0.0,True,0.3411671180809151
office,medio,501,0,K = 8 candidates,57.318799998029135,True,57.318799998029135,True,11.333976704299111,1.006448853533236,0.25398236445282624,0.6303991775521314,127.04566526432798,0,10,0.5067438306087356,11.333976704299111,11.333976704299111,False,inf,0.0,True,0.3411671180809151
office,medio,501,0,tile portals only,42.00300000957213,True,42.00300000957213,True,11.334053644471794,1.0064556857643767,0.25398236445282624,0.6304735909603019,127.18636863864695,0,10,0.5067438306087356,11.334053644471794,11.334053644471794,False,inf,0.0,True,0.3411671180809151
office,medio,501,0,disc portals only,50.47020000347402,True,50.47020000347402,True,11.530663772965166,1.0239145215797105,0.25209697795275293,0.6608914878256288,175.67157916429804,0,13,0.5271999117123444,11.530663772965166,11.530663772965166,False,inf,0.0,True,0.34077905161965427
office,medio,501,0,single connector,47.868599998764694,True,47.868599998764694,True,11.32865409764553,1.0059762099497818,0.25398236445282624,0.6281882254692511,125.34242694390666,0,10,0.5067438306087356,11.32865409764553,11.32865409764553,False,inf,0.0,True,0.3411671180809151
office,medio,501,0,exact collision test only,60.635200003162026,True,60.635200003162026,True,11.272646669585745,1.001002791243289,0.2538015212602436,0.6245973869294374,122.31985742241721,0,11,0.5520497914283519,11.272646669585745,11.272646669585745,False,inf,0.0,True,0.3344867756872349
office,medio,501,0,per-obstacle generators,27.14910000213422,True,27.14910000213422,True,11.334053644471794,1.0064556857643767,0.25398236445282624,0.6304735909603019,127.18636863864695,0,10,0.5067438306087356,11.334053644471794,11.334053644471794,False,inf,0.0,True,0.3411671180809151
office,medio,501,0,skeleton length weights,47.233500008587725,True,47.233500008587725,True,11.334053644471794,1.0064556857643767,0.25398236445282624,0.6304735909603019,127.18636863864695,0,10,0.5067438306087356,11.334053644471794,11.334053644471794,False,inf,0.0,True,0.3411671180809151
office,medio,501,0,Bezier smoothing,54.535800009034574,True,54.535800009034574,True,11.398978043353782,1.0122209249673413,0.2513728929643526,0.6581322320471016,149.71956443276196,0,13,0.4232035112895964,11.398978043353782,11.398978043353782,False,inf,0.0,True,0.33880101449538746
office,medio,501,0,no smoothing,44.43739999260288,True,44.43739999260288,True,11.36791794836293,1.0094628112169999,0.253785724025684,0.6485014002045686,136.1994783608674,0,7,0.5281524429277301,11.36791794836293,11.36791794836293,False,inf,0.0,True,0.34123745275006084
office,medio,501,1,TVE (full),44.03219999221619,True,44.03219999221619,True,10.372058219334905,1.002613279163778,0.2927332829950002,0.6941526955547923,61.81887183548632,0,6,0.7999937381981467,10.372058219334905,10.372058219334905,True,10.372058219334905,0.0,True,0.336451980459431
office,medio,501,1,K = 1 candidate,37.30310000537429,True,37.30310000537429,True,10.664042506791834,1.0308378916486725,0.28745362583548967,0.8194988075987433,54.02209550800762,0,6,1.1086492502965417,10.664042506791834,10.664042506791834,True,10.664042506791834,0.0,True,0.33863368229266666
office,medio,501,1,K = 8 candidates,46.217700000852346,True,46.217700000852346,True,10.372058219334905,1.002613279163778,0.2927332829950002,0.6941526955547923,61.81887183548632,0,6,0.7999937381981467,10.372058219334905,10.372058219334905,True,10.372058219334905,0.0,True,0.336451980459431
office,medio,501,1,tile portals only,40.07350000028964,True,40.07350000028964,True,10.372058219334905,1.002613279163778,0.2927332829950002,0.6941526955547923,61.81887183548632,0,6,0.7999937381981467,10.372058219334905,10.372058219334905,True,10.372058219334905,0.0,True,0.336451980459431
office,medio,501,1,disc portals only,39.97450000315439,True,39.97450000315439,True,10.80840517421835,1.0447926848359606,0.27731138933789584,0.8858399012499718,64.83254335494205,0,6,0.8713210660171282,10.80840517421835,10.80840517421835,True,10.80840517421835,0.0,True,0.34181396484375
office,medio,501,1,single connector,42.75350000534672,True,42.75350000534672,True,10.40915047827646,1.0061987961925642,0.2939999771118164,0.7108051043071038,65.25288212251303,0,6,0.9216317075376139,10.40915047827646,10.40915047827646,True,10.40915047827646,0.0,True,0.33841379035824876
office,medio,501,1,exact collision test only,50.81909999717027,True,50.81909999717027,True,10.36714979999287,1.002138807626118,0.26977485301801607,0.6948447701405153,60.69319189056542,0,6,0.8004870663400669,10.36714979999287,10.36714979999287,True,10.36714979999287,0.0,True,0.3363987653975196
office,medio,501,1,per-obstacle generators,23.183700002846308,True,23.183700002846308,True,10.372058219334905,1.002613279163778,0.2927332829950002,0.6941526955547923,61.81887183548632,0,6,0.7999937381981467,10.372058219334905,10.372058219334905,True,10.372058219334905,0.0,True,0.336451980459431
office,medio,501,1,skeleton length weights,44.516300011309795,True,44.516300011309795,True,10.372058219334905,1.002613279163778,0.2927332829950002,0.6941526955547923,61.81887183548632,0,6,0.7999937381981467,10.372058219334905,10.372058219334905,True,10.372058219334905,0.0,True,0.336451980459431
office,medio,501,1,Bezier smoothing,46.98710000957362,True,46.98710000957362,True,10.44553558555357,1.0097159565235603,0.2939999771118164,0.7104775450505724,78.89553635021629,0,12,0.7884790570162477,10.44553558555357,10.44553558555357,True,10.44553558555357,0.0,True,0.33724928677268257
office,medio,501,1,no smoothing,43.5600000055274,True,43.5600000055274,True,10.403446091803241,1.0056473826248242,0.29281851598467096,0.7079160653950749,62.82007137101009,0,4,0.3918259370571562,10.403446091803241,10.403446091803241,False,inf,0.0,True,0.336435929832171
warehouse,facil,502,0,TVE (full),18.979200001922436,True,18.979200001922436,True,8.664180509433653,1.015482980462655,0.3239281360225175,0.5321045484112716,133.88269945939308,0,9,0.4397343078498635,8.664180509433653,8.664180509433653,False,inf,0.0,True,0.40998909257242455
warehouse,facil,502,0,K = 1 candidate,16.63189999817405,True,16.63189999817405,True,8.664180509433653,1.015482980462655,0.3239281360225175,0.5321045484112716,133.88269945939308,0,9,0.4397343078498635,8.664180509433653,8.664180509433653,False,inf,0.0,True,0.40998909257242455
warehouse,facil,502,0,K = 8 candidates,19.029300005058758,True,19.029300005058758,True,8.664180509433653,1.015482980462655,0.3239281360225175,0.5321045484112716,133.88269945939308,0,9,0.4397343078498635,8.664180509433653,8.664180509433653,False,inf,0.0,True,0.40998909257242455
warehouse,facil,502,0,tile portals only,17.044100008206442,True,17.044100008206442,True,8.664180509433653,1.015482980462655,0.3239281360225175,0.5321045484112716,133.88269945939308,0,9,0.4397343078498635,8.664180509433653,8.664180509433653,False,inf,0.0,True,0.40998909257242455
warehouse,facil,502,0,disc portals only,16.564200006541796,True,16.564200006541796,True,8.65952730604024,1.0149376029921027,0.2986288312843123,0.5295069446411719,131.97246578481827,0,10,0.8003289357711186,8.65952730604024,8.65952730604024,True,8.65952730604024,0.0,True,0.3865048204592867
warehouse,facil,502,0,single connector,18.03400000790134,True,18.03400000790134,True,8.664180509433653,1.015482980462655,0.3239281360225175,0.5321045484112716,133.88269945939308,0,9,0.4397343078498635,8.664180509433653,8.664180509433653,False,inf,0.0,True,0.40998909257242455
warehouse,facil,502,0,exact collision test only,22.330400010105222,True,22.330400010105222,True,8.674581976332096,1.016702081633933,0.2811115656047724,0.5293109670180293,131.55023072758462,0,10,0.629878484784469,8.674581976332096,8.674581976332096,False,inf,0.0,True,0.35658905729775237
warehouse,facil,502,0,per-obstacle generators,18.934500010800548,True,18.934500010800548,True,8.664180509433653,1.015482980462655,0.3239281360225175,0.5321045484112716,133.88269945939308,0,9,0.4397343078498635,8.664180509433653,8.664180509433653,False,inf,0.0,True,0.40998909257242455
warehouse,facil,502,0,skeleton length weights,19.420099997660145,True,19.420099997660145,True,8.664180509433653,1.015482980462655,0.3239281360225175,0.5321045484112716,133.88269945939308,0,9,0.4397343078498635,8.664180509433653,8.664180509433653,False,inf,0.0,True,0.40998909257242455
warehouse,facil,502,0,Bezier smoothing,23.124599989387207,True,23.124599989387207,True,8.740483926078511,1.0244261021888976,0.3619181264399146,0.5480876349132424,137.72217564949923,0,8,0.3875583200288445,8.740483926078511,8.740483926078511,False,inf,0.0,True,0.4529623941195039
warehouse,facil,502,0,no smoothing,18.74590000079479,True,18.74590000079479,True,8.71423821331156,1.0213499803795782,0.32421176072351965,0.5443630260697682,135.4764024687437,1,6,0.3554251095029396,8.71423821331156,8.71423821331156,False,inf,0.0,True,0.4120877387216193
warehouse,facil,502,1,TVE (full),29.929900003480725,True,29.929900003480725,True,11.79859586444595,1.0066026861890605,0.32,0.6732399832234554,60.77853762990021,0,6,0.8006307186109713,11.79859586444595,11.79859586444595,True,11.79859586444595,0.0,True,0.4
warehouse,facil,502,1,K = 1 candidate,19.934900003136136,True,19.934900003136136,True,11.79859586444595,1.0066026861890605,0.32,0.6732399832234554,60.77853762990021,0,6,0.8006307186109713,11.79859586444595,11.79859586444595,True,11.79859586444595,0.0,True,0.4
warehouse,facil,502,1,K = 8 candidates,30.672900000354275,True,30.672900000354275,True,11.79859586444595,1.0066026861890605,0.32,0.6732399832234554,60.77853762990021,0,6,0.8006307186109713,11.79859586444595,11.79859586444595,True,11.79859586444595,0.0,True,0.4
warehouse,facil,502,1,tile portals only,24.821699989843182,True,24.821699989843182,True,11.79859586444595,1.0066026861890605,0.32,0.6732399832234554,60.77853762990021,0,6,0.8006307186109713,11.79859586444595,11.79859586444595,True,11.79859586444595,0.0,True,0.4
warehouse,facil,502,1,disc portals only,19.178100003045984,True,19.178100003045984,True,11.79859586444595,1.0066026861890605,0.32,0.6732399832234554,60.77853762990021,0,6,0.8006307186109713,11.79859586444595,11.79859586444595,True,11.79859586444595,0.0,True,0.4
warehouse,facil,502,1,single connector,25.235500012058765,True,25.235500012058765,True,11.79859586444595,1.0066026861890605,0.32,0.6732399832234554,60.77853762990021,0,6,0.8006307186109713,11.79859586444595,11.79859586444595,True,11.79859586444595,0.0,True,0.4
warehouse,facil,502,1,exact collision test only,24.749899996095337,True,24.749899996095337,True,11.79859586444595,1.0066026861890605,0.32,0.6732399832234554,60.77853762990021,0,6,0.8006307186109713,11.79859586444595,11.79859586444595,True,11.79859586444595,0.0,True,0.4
warehouse,facil,502,1,per-obstacle generators,27.005600000848062,True,27.005600000848062,True,11.79859586444595,1.0066026861890605,0.32,0.6732399832234554,60.77853762990021,0,6,0.8006307186109713,11.79859586444595,11.79859586444595,True,11.79859586444595,0.0,True,0.4
warehouse,facil,502,1,skeleton length weights,23.155000002589077,True,23.155000002589077,True,11.79859586444595,1.0066026861890605,0.32,0.6732399832234554,60.77853762990021,0,6,0.8006307186109713,11.79859586444595,11.79859586444595,True,11.79859586444595,0.0,True,0.4
warehouse,facil,502,1,Bezier smoothing,34.018400008790195,True,34.018400008790195,True,12.13235777197722,1.0350777383502219,0.32,0.6356826366423297,91.21902585929853,0,13,3.0367868186738827,12.13235777197722,12.13235777197722,True,12.13235777197722,0.0,True,0.4
warehouse,facil,502,1,no smoothing,26.03540000563953,True,26.03540000563953,True,11.888433686165381,1.014267241675418,0.32,0.683749908950798,60.791939057150564,1,3,0.375523685203608,11.888433686165381,11.888433686165381,False,inf,0.0,True,0.4
office,dificil,502,0,TVE (full),41.25700000440702,True,41.25700000440702,True,8.26808916225037,1.005641968269827,0.2602683453952648,0.37811146018684066,195.20765091010074,0,15,0.6464108373887161,8.26808916225037,8.26808916225037,False,inf,0.0,True,0.32055087142691746
office,dificil,502,0,K = 1 candidate,39.16570000001229,True,39.16570000001229,True,8.26808916225037,1.005641968269827,0.2602683453952648,0.37811146018684066,195.20765091010074,0,15,0.6464108373887161,8.26808916225037,8.26808916225037,False,inf,0.0,True,0.32055087142691746
office,dificil,502,0,K = 8 candidates,44.45580000174232,True,44.45580000174232,True,8.26808916225037,1.005641968269827,0.2602683453952648,0.37811146018684066,195.20765091010074,0,15,0.6464108373887161,8.26808916225037,8.26808916225037,False,inf,0.0,True,0.32055087142691746
office,dificil,502,0,tile portals only,41.764099994907156,True,41.764099994907156,True,8.26808916225037,1.005641968269827,0.2602683453952648,0.37811146018684066,195.20765091010074,0,15,0.6464108373887161,8.26808916225037,8.26808916225037,False,inf,0.0,True,0.32055087142691746
office,dificil,502,0,disc portals only,38.175599998794496,True,38.175599998794496,True,8.435646066450529,1.0260217986792979,0.2607746453094311,0.41201811047230413,234.8064077764743,0,15,0.5215973003745914,8.435646066450529,8.435646066450529,False,inf,0.0,True,0.36
office,dificil,502,0,single connector,40.89049999311101,True,40.89049999311101,True,8.272769926345863,1.0062112863704942,0.2566061359771131,0.38319776926261434,200.07490186281998,0,13,0.5740961655203829,8.272769926345863,8.272769926345863,False,inf,0.0,True,0.36
office,dificil,502,0,exact collision test only,55.249600001843646,True,55.249600001843646,True,8.27320196480541,1.0062638349096187,0.2602683453952648,0.37732604868152186,189.2698986349267,0,14,0.6755661989510027,8.27320196480541,8.27320196480541,False,inf,0.0,True,0.29729151609779086
office,dificil,502,0,per-obstacle generators,34.12229999958072,True,34.12229999958072,True,8.26808916225037,1.005641968269827,0.2602683453952648,0.37811146018684066,195.20765091010074,0,15,0.6464108373887161,8.26808916225037,8.26808916225037,False,inf,0.0,True,0.32055087142691746
office,dificil,502,0,skeleton length weights,62.24489999294747,True,62.24489999294747,True,8.26808916225037,1.005641968269827,0.2602683453952648,0.37811146018684066,195.20765091010074,0,15,0.6464108373887161,8.26808916225037,8.26808916225037,False,inf,0.0,True,0.32055087142691746
office,dificil,502,0,Bezier smoothing,65.55410000146367,True,65.55410000146367,True,8.598045809140677,1.045774367099954,0.26064995623018433,0.4500792412800214,273.9537075855995,1,18,0.3122265442054434,8.598045809140677,8.598045809140677,False,inf,0.0,True,0.31606959958448244
office,dificil,502,0,no smoothing,47.24559999885969,True,47.24559999885969,True,8.456197012046228,1.0285213959832344,0.26065757774959153,0.39562181375220384,227.4115439701372,3,8,0.265383110730932,8.456197012046228,8.456197012046228,False,inf,0.0,True,0.3205521255243019
office,dificil,502,1,TVE (full),46.39239999232814,True,46.39239999232814,True,9.220067831178875,1.0048112711387938,0.3101534133880868,0.6091626424188938,43.93866351245592,0,6,0.912126144802749,9.220067831178875,9.220067831178875,True,9.220067831178875,0.0,True,0.3241531110606799
office,dificil,502,1,K = 1 candidate,36.03929998644162,True,36.03929998644162,True,9.220067831178875,1.0048112711387938,0.3101534133880868,0.6091626424188938,43.93866351245592,0,6,0.912126144802749,9.220067831178875,9.220067831178875,True,9.220067831178875,0.0,True,0.3241531110606799
office,dificil,502,1,K = 8 candidates,36.732099993969314,True,36.732099993969314,True,9.220067831178875,1.0048112711387938,0.3101534133880868,0.6091626424188938,43.93866351245592,0,6,0.912126144802749,9.220067831178875,9.220067831178875,True,9.220067831178875,0.0,True,0.3241531110606799
office,dificil,502,1,tile portals only,42.29150000901427,True,42.29150000901427,True,9.220067831178875,1.0048112711387938,0.3101534133880868,0.6091626424188938,43.93866351245592,0,6,0.912126144802749,9.220067831178875,9.220067831178875,True,9.220067831178875,0.0,True,0.3241531110606799
office,dificil,502,1,disc portals only,36.72789999109227,True,36.72789999109227,True,9.363226813787588,1.0204128656090161,0.39351043514759265,0.676185155105874,79.55997800752623,0,6,0.8330022031103843,9.363226813787588,9.363226813787588,True,9.363226813787588,0.0,True,0.4098111330391037
office,dificil,502,1,single connector,39.401900008670054,True,39.401900008670054,True,9.220067831178875,1.0048112711387938,0.3101534133880868,0.6091626424188938,43.93866351245592,0,6,0.912126144802749,9.220067831178875,9.220067831178875,True,9.220067831178875,0.0,True,0.3241531110606799
office,dificil,502,1,exact collision test only,38.75599999446422,True,38.75599999446422,True,9.218388238677585,1.0046282276398608,0.2664825101277184,0.6025133766741625,35.07326656041172,0,5,0.9614156608828448,9.218388238677585,9.218388238677585,True,9.218388238677585,0.0,True,0.3238341795261091
office,dificil,502,1,per-obstacle generators,18.377300002612174,True,18.377300002612174,True,9.220067831178875,1.0048112711387938,0.3101534133880868,0.6091626424188938,43.93866351245592,0,6,0.912126144802749,9.220067831178875,9.220067831178875,True,9.220067831178875,0.0,True,0.3241531110606799
office,dificil,502,1,skeleton length weights,36.6269999940414,True,36.6269999940414,True,9.220067831178875,1.0048112711387938,0.3101534133880868,0.6091626424188938,43.93866351245592,0,6,0.912126144802749,9.220067831178875,9.220067831178875,True,9.220067831178875,0.0,True,0.3241531110606799
office,dificil,502,1,Bezier smoothing,40.38169998966623,True,40.38169998966623,True,9.251511728833092,1.0082380553393013,0.35085596334075814,0.6338849193508842,56.9822126473513,0,9,2.3542872975484914,9.251511728833092,9.251511728833092,True,9.251511728833092,0.0,True,0.3696671238205103
office,dificil,502,1,no smoothing,36.70409999904223,True,36.70409999904223,True,9.227965491222845,1.005671965221864,0.309832361773338,0.6152987027805478,44.34854408360339,0,5,0.7166531560164451,9.227965491222845,9.227965491222845,False,inf,0.0,True,0.32383919392625937
office,medio,500,0,TVE (full),28.241899999557063,True,28.241899999557063,True,11.187897647038715,1.0449559538748776,0.2811524456968444,0.4824686550718832,226.97474597667525,0,18,0.7072750779810646,11.187897647038715,11.187897647038715,False,inf,0.0,True,0.36
office,medio,500,0,K = 1 candidate,25.66159999696538,True,25.66159999696538,True,12.267563889985343,1.1457973902517486,0.265947404244546,0.445778935534848,184.84356951206985,0,14,0.752328789336086,12.267563889985343,12.267563889985343,False,inf,0.0,True,0.3237183782936196
office,medio,500,0,K = 8 candidates,30.8045999991009,True,30.8045999991009,True,11.187897647038715,1.0449559538748776,0.2811524456968444,0.4824686550718832,226.97474597667525,0,18,0.7072750779810646,11.187897647038715,11.187897647038715,False,inf,0.0,True,0.36
office,medio,500,0,tile portals only,21.965399995679036,True,21.965399995679036,True,11.384692161969948,1.0633366726260667,0.28892277228709223,0.4468358043148408,242.72886031870232,0,17,0.6566311859686429,11.384692161969948,11.384692161969948,False,inf,0.0,True,0.36
office,medio,500,0,disc portals only,21.954699986963533,True,21.954699986963533,True,11.187897647038715,1.0449559538748776,0.2811524456968444,0.4824686550718832,226.97474597667525,0,18,0.7072750779810646,11.187897647038715,11.187897647038715,False,inf,0.0,True,0.36
office,medio,500,0,single connector,28.08220000588335,True,28.08220000588335,True,12.381844908237545,1.1564713018484578,0.265947404244546,0.4687948229870462,195.64829686897363,0,15,0.8261114627679469,12.381844908237545,12.381844908237545,True,12.381844908237545,0.0,True,0.3237183782936196
office,medio,500,0,exact collision test only,42.298899992601946,True,42.298899992601946,True,11.11027335829456,1.0377058015006309,0.2630437423878881,0.49035303319557116,227.26038657587273,0,18,0.800207365825209,11.11027335829456,11.11027335829456,True,11.11027335829456,0.0,True,0.3580267633481403
office,medio,500,0,per-obstacle generators,41.67639999650419,True,41.67639999650419,True,11.187897647038715,1.0449559538748776,0.2811524456968444,0.4824686550718832,226.97474597667525,0,18,0.7072750779810646,11.187897647038715,11.187897647038715,False,inf,0.0,True,0.36
office,medio,500,0,skeleton length weights,24.964600001112558,True,24.964600001112558,True,11.187897647038715,1.0449559538748776,0.2811524456968444,0.4824686550718832,226.97474597667525,0,18,0.7072750779810646,11.187897647038715,11.187897647038715,False,inf,0.0,True,0.36
office,medio,500,0,Bezier smoothing,37.396500003524125,True,37.396500003524125,True,11.437111057286101,1.0682326270300344,0.2756513963001354,0.5051857808476258,262.19601771163724,0,21,0.6493475965350674,11.437111057286101,11.437111057286101,False,inf,0.0,True,0.36
office,medio,500,0,no smoothing,26.7526999959955,True,26.7526999959955,True,11.316691508259138,1.0569853731948191,0.281079675932943,0.4913229106864187,229.09289964853224,1,8,0.40203959914787835,11.316691508259138,11.316691508259138,False,inf,0.0,True,0.36
office,medio,500,1,TVE (full),27.09329999925103,True,27.09329999925103,True,10.228911838451362,1.0750223025567383,0.2808473598435218,0.48215966976791313,290.54414377194496,0,18,0.41166959973394684,10.228911838451362,10.228911838451362,False,inf,0.0,True,0.34772100448608395
office,medio,500,1,K = 1 candidate,18.602399999508634,True,18.602399999508634,True,10.29263339659308,1.0817192119873689,0.2818139934539795,0.637475518299429,207.96984876638777,0,14,0.6460082725367006,10.29263339659308,10.29263339659308,False,inf,0.0,True,0.34772100448608395
office,medio,500,1,K = 8 candidates,28.047100000549108,True,28.047100000549108,True,10.228911838451362,1.0750223025567383,0.2808473598435218,0.48215966976791313,290.54414377194496,0,18,0.41166959973394684,10.228911838451362,10.228911838451362,False,inf,0.0,True,0.34772100448608395
office,medio,500,1,tile portals only,21.176800000830553,True,21.176800000830553,True,10.501059139511694,1.1036240172690215,0.2818139934539795,0.6193519664077775,215.58650802505332,0,12,0.3475468884021378,10.501059139511694,10.501059139511694,False,inf,0.0,True,0.34772100448608395
office,medio,500,1,disc portals only,23.228299993206747,True,23.228299993206747,True,10.228911838451362,1.0750223025567383,0.2808473598435218,0.48215966976791313,290.54414377194496,0,18,0.41166959973394684,10.228911838451362,10.228911838451362,False,inf,0.0,True,0.34772100448608395
office,medio,500,1,single connector,27.919300002395175,True,27.919300002395175,True,10.041287771318455,1.0553036795155202,0.2818139934539795,0.5763243089923207,198.53582016576783,0,11,0.4127657280017837,10.041287771318455,10.041287771318455,False,inf,0.0,True,0.34772100448608395
office,medio,500,1,exact collision test only,34.08690000651404,True,34.08690000651404,True,10.185526947963737,1.0704627046635533,0.25845410788804324,0.48188619999292626,281.1737757391076,0,17,0.3866531484296791,10.185526947963737,10.185526947963737,False,inf,0.0,True,0.3261637043766159
office,medio,500,1,per-obstacle generators,25.295100000221282,True,25.295100000221282,True,10.228911838451362,1.0750223025567383,0.2808473598435218,0.48215966976791313,290.54414377194496,0,18,0.41166959973394684,10.228911838451362,10.228911838451362,False,inf,0.0,True,0.34772100448608395
office,medio,500,1,skeleton length weights,27.943399996729568,True,27.943399996729568,True,10.228911838451362,1.0750223025567383,0.2808473598435218,0.48215966976791313,290.54414377194496,0,18,0.41166959973394684,10.228911838451362,10.228911838451362,False,inf,0.0,True,0.34772100448608395
office,medio,500,1,Bezier smoothing,32.29010000359267,True,32.29010000359267,True,10.683277469477556,1.1227745165344056,0.27131968330739537,0.5369137809961223,332.9936079463209,0,20,0.4179580035249465,10.683277469477556,10.683277469477556,False,inf,0.0,True,0.34772100448608395
office,medio,500,1,no smoothing,33.1129999976838,True,33.1129999976838,True,10.521501474232492,1.105772434039863,0.2808473598435218,0.500690475634743,314.8552479578803,3,8,0.26166443034162373,10.521501474232492,10.521501474232492,False,inf,0.0,True,0.34772100448608395
warehouse,facil,501,0,TVE (full),75.75450000877026,True,75.75450000877026,True,15.806359531566972,1.0118472069890523,0.25393829328257617,0.49964980425291466,176.53150298735218,0,10,0.4889711289836932,15.806359531566972,15.806359531566972,False,inf,0.0,True,0.323016052093023
warehouse,facil,501,0,K = 1 candidate,74.59619999281131,True,74.59619999281131,True,15.806359531566972,1.0118472069890523,0.25393829328257617,0.49964980425291466,176.53150298735218,0,10,0.4889711289836932,15.806359531566972,15.806359531566972,False,inf,0.0,True,0.323016052093023
warehouse,facil,501,0,K = 8 candidates,83.39150001120288,True,83.39150001120288,True,15.806359531566972,1.0118472069890523,0.25393829328257617,0.49964980425291466,176.53150298735218,0,10,0.4889711289836932,15.806359531566972,15.806359531566972,False,inf,0.0,True,0.323016052093023
warehouse,facil,501,0,tile portals only,66.26530000357889,True,66.26530000357889,True,15.806359531566972,1.0118472069890523,0.25393829328257617,0.49964980425291466,176.53150298735218,0,10,0.4889711289836932,15.806359531566972,15.806359531566972,False,inf,0.0,True,0.323016052093023
warehouse,facil,501,0,disc portals only,64.62600000668317,True,64.62600000668317,True,16.364910085938007,1.0476029303277388,0.2539393848919583,0.4751162777238885,304.50464572257164,0,16,0.4124358432626134,16.364910085938007,16.364910085938007,False,inf,0.0,True,0.30993938394170856
warehouse,facil,501,0,single connector,83.57040000555571,True,83.57040000555571,True,15.806359531566972,1.0118472069890523,0.25393829328257617,0.49964980425291466,176.53150298735218,0,10,0.4889711289836932,15.806359531566972,15.806359531566972,False,inf,0.0,True,0.323016052093023
warehouse,facil,501,0,exact collision test only,78.32250000501517,True,78.32250000501517,True,15.581716612408627,0.9974666464389592,0.25393806201828495,0.5194988282113857,101.10653776051508,0,8,0.6039716677355562,15.581716612408627,15.581716612408627,False,inf,0.0,True,0.3371706950572046
warehouse,facil,501,0,per-obstacle generators,75.25259999965783,True,75.25259999965783,True,15.806359531566972,1.0118472069890523,0.25393829328257617,0.49964980425291466,176.53150298735218,0,10,0.4889711289836932,15.806359531566972,15.806359531566972,False,inf,0.0,True,0.323016052093023
warehouse,facil,501,0,skeleton length weights,78.4020999999484,True,78.4020999999484,True,15.806359531566972,1.0118472069890523,0.25393829328257617,0.49964980425291466,176.53150298735218,0,10,0.4889711289836932,15.806359531566972,15.806359531566972,False,inf,0.0,True,0.323016052093023
warehouse,facil,501,0,Bezier smoothing,90.09909999440424,True,90.09909999440424,True,15.875134137618788,1.0162498268906384,0.2598726136395479,0.4979423436650503,185.45496991032957,0,12,0.4876911696050264,15.875134137618788,15.875134137618788,False,inf,0.0,True,0.3275543717788966
warehouse,facil,501,0,no smoothing,73.17830000829417,True,73.17830000829417,True,15.854280322543634,1.0149148658265983,0.25394862676680663,0.5021882875930962,178.95943634566194,0,10,0.4900664007959607,15.854280322543634,15.854280322543634,False,inf,0.0,True,0.32319160077006404
warehouse,facil,501,1,TVE (full),24.63549999811221,True,24.63549999811221,True,12.299147909432111,1.0060715158075753,0.28,0.47214014232524615,168.35654976543492,0,11,0.47116100879375283,12.299147909432111,12.299147909432111,False,inf,0.0,True,0.31078442116463406
warehouse,facil,501,1,K = 1 candidate,24.29300000949297,True,24.29300000949297,True,12.299147909432111,1.0060715158075753,0.28,0.47214014232524615,168.35654976543492,0,11,0.47116100879375283,12.299147909432111,12.299147909432111,False,inf,0.0,True,0.31078442116463406
warehouse,facil,501,1,K = 8 candidates,28.754799990565516,True,28.754799990565516,True,12.299147909432111,1.0060715158075753,0.28,0.47214014232524615,168.35654976543492,0,11,0.47116100879375283,12.299147909432111,12.299147909432111,False,inf,0.0,True,0.31078442116463406
warehouse,facil,501,1,tile portals only,20.276600000215694,True,20.276600000215694,True,12.299147909432111,1.0060715158075753,0.28,0.47214014232524615,168.35654976543492,0,11,0.47116100879375283,12.299147909432111,12.299147909432111,False,inf,0.0,True,0.31078442116463406
warehouse,facil,501,1,disc portals only,20.36559999396559,True,20.36559999396559,True,12.323033347020807,1.008025346965436,0.28,0.48366406622990005,171.11797664443043,0,11,0.7999182447494171,12.323033347020807,12.323033347020807,True,12.323033347020807,0.0,True,0.310616545126401
warehouse,facil,501,1,single connector,25.22490000410471,True,25.22490000410471,True,12.300007112660637,1.006141798716674,0.28,0.4729497151998482,168.71902239804243,0,11,0.46968739479689514,12.300007112660637,12.300007112660637,False,inf,0.0,True,0.31078442116463406
warehouse,facil,501,1,exact collision test only,33.597800007555634,True,33.597800007555634,True,12.248504335939197,1.0019288664854338,0.27963555976257853,0.43906610240130195,168.61874619876684,0,10,0.4015647357143773,12.248504335939197,12.248504335939197,False,inf,0.0,True,0.31078442116463406
warehouse,facil,501,1,per-obstacle generators,25.26529999158811,True,25.26529999158811,True,12.299147909432111,1.0060715158075753,0.28,0.47214014232524615,168.35654976543492,0,11,0.47116100879375283,12.299147909432111,12.299147909432111,False,inf,0.0,True,0.31078442116463406
warehouse,facil,501,1,skeleton length weights,27.67330000642687,True,27.67330000642687,True,12.299147909432111,1.0060715158075753,0.28,0.47214014232524615,168.35654976543492,0,11,0.47116100879375283,12.299147909432111,12.299147909432111,False,inf,0.0,True,0.31078442116463406
warehouse,facil,501,1,Bezier smoothing,29.70999998797197,True,29.70999998797197,True,12.383336026757116,1.0129581121339108,0.28,0.48466980983612057,169.4600639293537,0,12,0.4971107915851943,12.383336026757116,12.383336026757116,False,inf,0.0,True,0.29355315920115244
warehouse,facil,501,1,no smoothing,24.11019999999553,True,24.11019999999553,True,12.354181972323127,1.0105733075968546,0.28,0.4812761442818746,168.78226021344773,0,8,0.4422399457309858,12.354181972323127,12.354181972323127,False,inf,0.0,True,0.3
office,dificil,500,0,TVE (full),87.7970000001369,True,87.7970000001369,True,17.698876013196976,1.1091324030819296,0.2519999885559082,0.5447989600716373,317.23487763363937,0,20,0.2366228625795789,17.698876013196976,18.371486180096507,False,inf,0.0,True,0.3599069595336914
office,dificil,500,0,K = 1 candidate,68.5900000098627,True,68.5900000098627,True,17.698876013196976,1.1091324030819296,0.2519999885559082,0.5447989600716373,317.23487763363937,0,20,0.2366228625795789,17.698876013196976,18.371486180096507,False,inf,0.0,True,0.3599069595336914
office,dificil,500,0,K = 8 candidates,107.96880000270903,True,107.96880000270903,True,17.311982053814173,1.0848869862210984,0.2519999885559082,0.46704909692890306,346.9836857948968,0,21,0.26183316721635175,17.311982053814173,17.311982053814173,False,inf,0.0,True,0.3002318468768415
office,dificil,500,0,tile portals only,93.39259999978822,True,93.39259999978822,True,17.698876013196976,1.1091324030819296,0.2519999885559082,0.5447989600716373,317.23487763363937,0,20,0.2366228625795789,17.698876013196976,18.371486180096507,False,inf,0.0,True,0.3599069595336914
office,dificil,500,0,disc portals only,77.1872000041185,True,77.1872000041185,True,18.74051789951688,1.1744087950778586,0.2485317614226567,0.5138829114199905,348.55397357244595,0,21,0.44505484319767047,18.74051789951688,18.74051789951688,False,inf,0.0,True,0.31065770194609243
office,dificil,500,0,single connector,83.66469999600668,True,83.66469999600668,True,17.698876013196976,1.1091324030819296,0.2519999885559082,0.5447989600716373,317.23487763363937,0,20,0.2366228625795789,17.698876013196976,18.371486180096507,False,inf,0.0,True,0.3599069595336914
office,dificil,500,0,exact collision test only,96.99029999319464,True,96.99029999319464,True,17.731493667709035,1.1111764479978261,0.2519999885559082,0.5455980206294793,318.48632518349103,0,20,0.23873414297476503,17.731493667709035,18.398155507983464,False,inf,0.0,True,0.3599069595336914
office,dificil,500,0,per-obstacle generators,83.41659999859985,True,83.41659999859985,True,17.698876013196976,1.1091324030819296,0.2519999885559082,0.5447989600716373,317.23487763363937,0,20,0.2366228625795789,17.698876013196976,18.371486180096507,False,inf,0.0,True,0.3599069595336914
office,dificil,500,0,skeleton length weights,99.10770000715274,True,99.10770000715274,True,17.311982053814173,1.0848869862210984,0.2519999885559082,0.46704909692890306,346.9836857948968,0,21,0.26183316721635175,17.311982053814173,17.311982053814173,False,inf,0.0,True,0.3002318468768415
office,dificil,500,0,Bezier smoothing,92.38529999856837,True,92.38529999856837,True,18.125119548765415,1.1358437330302638,0.2519999885559082,0.5592915040461887,332.32574605691616,0,25,0.20771224772563554,18.125119548765415,18.891347562927205,False,inf,0.0,True,0.33068219286937933
office,dificil,500,0,no smoothing,92.31500000169035,True,92.31500000169035,True,17.949422612903955,1.1248333635276553,0.2519999885559082,0.5466702590267053,317.11993639838954,2,11,0.17622169726199877,17.949422612903955,18.852574412964483,False,inf,0.0,True,0.3599069595336914
office,dificil,500,1,TVE (full),20.181500003673136,True,20.181500003673136,True,7.684937527833779,1.0257478581577146,0.32437563875494074,0.5661161846649402,82.4958194529943,0,7,0.7999859593143327,7.684937527833779,7.684937527833779,True,7.684937527833779,0.0,True,0.32437563875494074
office,dificil,500,1,K = 1 candidate,18.406300005153753,True,18.406300005153753,True,7.684937527833779,1.0257478581577146,0.32437563875494074,0.5661161846649402,82.4958194529943,0,7,0.7999859593143327,7.684937527833779,7.684937527833779,True,7.684937527833779,0.0,True,0.32437563875494074
office,dificil,500,1,K = 8 candidates,26.349000007030554,True,26.349000007030554,True,7.684937527833779,1.0257478581577146,0.32437563875494074,0.5661161846649402,82.4958194529943,0,7,0.7999859593143327,7.684937527833779,7.684937527833779,True,7.684937527833779,0.0,True,0.32437563875494074
office,dificil,500,1,tile portals only,20.90989999123849,True,20.90989999123849,True,7.700248619493347,1.0277915077539508,0.31016474998635735,0.5883131207499196,80.05350124703614,0,7,0.7999626655020428,7.700248619493347,7.700248619493347,True,7.700248619493347,0.0,True,0.3667438247287492
office,dificil,500,1,disc portals only,17.956600000616163,True,17.956600000616163,True,7.684937527833779,1.0257478581577146,0.32437563875494074,0.5661161846649402,82.4958194529943,0,7,0.7999859593143327,7.684937527833779,7.684937527833779,True,7.684937527833779,0.0,True,0.32437563875494074
office,dificil,500,1,single connector,20.329599996330217,True,20.329599996330217,True,7.546166008711743,1.007225314806234,0.3098288464572184,0.5188247649114257,67.98958921893927,0,6,0.9325265880943752,7.546166008711743,7.546166008711743,True,7.546166008711743,0.0,True,0.3561462021675217
office,dificil,500,1,exact collision test only,22.03979999467265,True,22.03979999467265,True,7.684937527833779,1.0257478581577146,0.32437563875494074,0.5661161846649402,82.4958194529943,0,7,0.7999859593143327,7.684937527833779,7.684937527833779,True,7.684937527833779,0.0,True,0.32437563875494074
office,dificil,500,1,per-obstacle generators,20.572199995513074,True,20.572199995513074,True,7.684937527833779,1.0257478581577146,0.32437563875494074,0.5661161846649402,82.4958194529943,0,7,0.7999859593143327,7.684937527833779,7.684937527833779,True,7.684937527833779,0.0,True,0.32437563875494074
office,dificil,500,1,skeleton length weights,20.76149999629706,True,20.76149999629706,True,7.684937527833779,1.0257478581577146,0.32437563875494074,0.5661161846649402,82.4958194529943,0,7,0.7999859593143327,7.684937527833779,7.684937527833779,True,7.684937527833779,0.0,True,0.32437563875494074
office,dificil,500,1,Bezier smoothing,23.778000002494082,True,23.778000002494082,True,7.804193164580543,1.0416655170226279,0.29515970065015806,0.597241639658535,99.35969392516414,0,10,0.6161661414493952,7.804193164580543,7.804193164580543,False,inf,0.0,True,0.29515970065015806
office,dificil,500,1,no smoothing,20.27149999048561,True,20.27149999048561,True,7.760524482172364,1.0358368349693874,0.3239566790471312,0.5776706083821739,84.00275780405376,1,4,0.3165778834492366,7.760524482172364,7.760524482172364,False,inf,0.0,True,0.3239566790471312
warehouse,medio,500,0,TVE (full),19.309999988763593,True,19.309999988763593,True,8.922241870740784,1.0,0.3980313199105149,0.8487747080040433,0.0,0,2,inf,8.922241870740784,8.922241870740784,True,8.922241870740784,0.0,True,0.4973370101894578
warehouse,medio,500,0,K = 1 candidate,16.00740000139922,True,16.00740000139922,True,8.922241870740784,1.0,0.3980313199105149,0.8487747080040433,0.0,0,2,inf,8.922241870740784,8.922241870740784,True,8.922241870740784,0.0,True,0.4973370101894578
warehouse,medio,500,0,K = 8 candidates,23.784799996064976,True,23.784799996064976,True,8.922241870740784,1.0,0.3980313199105149,0.8487747080040433,0.0,0,2,inf,8.922241870740784,8.922241870740784,True,8.922241870740784,0.0,True,0.4973370101894578
warehouse,medio,500,0,tile portals only,17.14429999992717,True,17.14429999992717,True,8.922241870740784,1.0,0.3980313199105149,0.8487747080040433,0.0,0,2,inf,8.922241870740784,8.922241870740784,True,8.922241870740784,0.0,True,0.4973370101894578
warehouse,medio,500,0,disc portals only,16.811100009363145,True,16.811100009363145,True,8.922241870740784,1.0,0.3980313199105149,0.8487747080040433,0.0,0,2,inf,8.922241870740784,8.922241870740784,True,8.922241870740784,0.0,True,0.4973370101894578
warehouse,medio,500,0,single connector,18.30280000285711,True,18.30280000285711,True,8.922241870740784,1.0,0.3980313199105149,0.8487747080040433,0.0,0,2,inf,8.922241870740784,8.922241870740784,True,8.922241870740784,0.0,True,0.4973370101894578
warehouse,medio,500,0,exact collision test only,20.09340000222437,True,20.09340000222437,True,8.922241870740784,1.0,0.3980313199105149,0.8487747080040433,0.0,0,2,inf,8.922241870740784,8.922241870740784,True,8.922241870740784,0.0,True,0.4973370101894578
warehouse,medio,500,0,per-obstacle generators,18.759500002488494,True,18.759500002488494,True,8.922241870740784,1.0,0.3980313199105149,0.8487747080040433,0.0,0,2,inf,8.922241870740784,8.922241870740784,True,8.922241870740784,0.0,True,0.4973370101894578
warehouse,medio,500,0,skeleton length weights,19.043399996007793,True,19.043399996007793,True,8.922241870740784,1.0,0.3980313199105149,0.8487747080040433,0.0,0,2,inf,8.922241870740784,8.922241870740784,True,8.922241870740784,0.0,True,0.4973370101894578
warehouse,medio,500,0,Bezier smoothing,19.45500000147149,True,19.45500000147149,True,8.922241870740782,0.9999999999999999,0.3979464285714289,0.8487758725048292,0.0,0,2,11863283.203031445,8.922241870740782,8.922241870740782,True,8.922241870740782,0.0,True,0.4974107142857145
warehouse,medio,500,0,no smoothing,18.920600006822497,True,18.920600006822497,True,8.922241870740784,1.0,0.3980313199105149,0.8487747080040433,0.0,0,2,inf,8.922241870740784,8.922241870740784,True,8.922241870740784,0.0,True,0.4973370101894578
warehouse,medio,500,1,TVE (full),26.66079999471549,True,26.66079999471549,True,13.709682734247082,1.0018944641922856,0.2678460366667437,0.4868318137611183,113.46142686659189,0,8,0.4832836663514085,13.709682734247082,13.709682734247082,False,inf,0.0,True,0.3878460366667437
warehouse,medio,500,1,K = 1 candidate,21.859100001165643,True,21.859100001165643,True,16.469919423527767,1.203610719225859,0.28,0.38905132377758284,126.64118349564885,0,8,0.5172693282960252,16.469919423527767,16.469919423527767,False,inf,0.0,True,0.35406715850187953
warehouse,medio,500,1,K = 8 candidates,30.120000010356307,True,30.120000010356307,True,13.709682734247082,1.0018944641922856,0.2678460366667437,0.4868318137611183,113.46142686659189,0,8,0.4832836663514085,13.709682734247082,13.709682734247082,False,inf,0.0,True,0.3878460366667437
warehouse,medio,500,1,tile portals only,22.631599989836104,True,22.631599989836104,True,13.709682734247082,1.0018944641922856,0.2678460366667437,0.4868318137611183,113.46142686659189,0,8,0.4832836663514085,13.709682734247082,13.709682734247082,False,inf,0.0,True,0.3878460366667437
warehouse,medio,500,1,disc portals only,22.802100007538684,True,22.802100007538684,True,13.79268718059463,1.0079603737330816,0.2778965752974724,0.5032865169087973,120.53136139584143,0,9,0.5067036088096386,13.79268718059463,13.79268718059463,False,inf,0.0,True,0.3776864447019799
warehouse,medio,500,1,single connector,24.417199994786642,True,24.417199994786642,True,13.709682734247082,1.0018944641922856,0.2678460366667437,0.4868318137611183,113.46142686659189,0,8,0.4832836663514085,13.709682734247082,13.709682734247082,False,inf,0.0,True,0.3878460366667437
warehouse,medio,500,1,exact collision test only,30.79960000468418,True,30.79960000468418,True,13.709682734247082,1.0018944641922856,0.2678460366667437,0.4868318137611183,113.46142686659189,0,8,0.4832836663514085,13.709682734247082,13.709682734247082,False,inf,0.0,True,0.3878460366667437
warehouse,medio,500,1,per-obstacle generators,25.8252000057837,True,25.8252000057837,True,13.709682734247082,1.0018944641922856,0.2678460366667437,0.4868318137611183,113.46142686659189,0,8,0.4832836663514085,13.709682734247082,13.709682734247082,False,inf,0.0,True,0.3878460366667437
warehouse,medio,500,1,skeleton length weights,30.359099997440353,True,30.359099997440353,True,13.709682734247082,1.0018944641922856,0.2678460366667437,0.4868318137611183,113.46142686659189,0,8,0.4832836663514085,13.709682734247082,13.709682734247082,False,inf,0.0,True,0.3878460366667437
warehouse,medio,500,1,Bezier smoothing,29.065099995932542,True,29.065099995932542,True,14.037845238097164,1.0258763609535846,0.28,0.6384422931054156,160.11911039649092,0,15,1.264150071439191,14.037845238097164,14.037845238097164,True,14.037845238097164,0.0,True,0.4
warehouse,medio,500,1,no smoothing,25.318600004538894,True,25.318600004538894,True,13.821543026529566,1.0100691396952275,0.26784194946289064,0.4946713471312396,113.78532974031631,2,4,0.2378434357733873,13.821543026529566,14.490701469243685,False,inf,0.0,True,0.38784194946289063
warehouse,medio,501,0,TVE (full),19.350100003066473,True,19.350100003066473,True,8.017370665268375,1.0028118852474937,0.3486453510228477,0.7387922778885283,16.181619990086247,0,3,1.2022895888581129,8.017370665268375,8.017370665268375,True,8.017370665268375,0.0,True,0.44680799355963724
warehouse,medio,501,0,K = 1 candidate,15.71769999281969,True,15.71769999281969,True,8.017370665268375,1.0028118852474937,0.3486453510228477,0.7387922778885283,16.181619990086247,0,3,1.2022895888581129,8.017370665268375,8.017370665268375,True,8.017370665268375,0.0,True,0.44680799355963724
warehouse,medio,501,0,K = 8 candidates,20.46080000582151,True,20.46080000582151,True,8.017370665268375,1.0028118852474937,0.3486453510228477,0.7387922778885283,16.181619990086247,0,3,1.2022895888581129,8.017370665268375,8.017370665268375,True,8.017370665268375,0.0,True,0.44680799355963724
warehouse,medio,501,0,tile portals only,16.85679999354761,True,16.85679999354761,True,8.017370665268375,1.0028118852474937,0.3486453510228477,0.7387922778885283,16.181619990086247,0,3,1.2022895888581129,8.017370665268375,8.017370665268375,True,8.017370665268375,0.0,True,0.44680799355963724
warehouse,medio,501,0,disc portals only,16.725099994800985,True,16.725099994800985,True,8.045503007696746,1.006330675699485,0.423841660681583,0.729156177406909,18.517759272819916,0,3,1.0348045906082506,8.045503007696746,8.045503007696746,True,8.045503007696746,0.0,True,0.5337966106859355
warehouse,medio,501,0,single connector,18.688800002564676,True,18.688800002564676,True,8.010823657711738,1.0019929862262669,0.3509384336884605,0.7346846192655297,13.585563399637673,0,3,1.4718766980054685,8.010823657711738,8.010823657711738,True,8.010823657711738,0.0,True,0.4363696005366519
warehouse,medio,501,0,exact collision test only,19.451200001640245,True,19.451200001640245,True,8.017370665268375,1.0028118852474937,0.3486453510228477,0.7387922778885283,16.181619990086247,0,3,1.2022895888581129,8.017370665268375,8.017370665268375,True,8.017370665268375,0.0,True,0.44680799355963724
warehouse,medio,501,0,per-obstacle generators,19.736800008104183,True,19.736800008104183,True,8.017370665268375,1.0028118852474937,0.3486453510228477,0.7387922778885283,16.181619990086247,0,3,1.2022895888581129,8.017370665268375,8.017370665268375,True,8.017370665268375,0.0,True,0.44680799355963724
warehouse,medio,501,0,skeleton length weights,18.632999999681488,True,18.632999999681488,True,8.017370665268375,1.0028118852474937,0.3486453510228477,0.7387922778885283,16.181619990086247,0,3,1.2022895888581129,8.017370665268375,8.017370665268375,True,8.017370665268375,0.0,True,0.44680799355963724
warehouse,medio,501,0,Bezier smoothing,19.621699990238994,True,19.621699990238994,True,8.023010677808548,1.0035173374268138,0.3713164561499056,0.7416340443032065,19.9538265376776,0,4,2.168677978855331,8.023010677808548,8.023010677808548,True,8.023010677808548,0.0,True,0.4679686914959222
warehouse,medio,501,0,no smoothing,17.387300002155825,True,17.387300002155825,True,8.01929987608809,1.0030531907352813,0.3478889867182843,0.743191343862266,17.456256751249413,0,3,1.0952621643416778,8.01929987608809,8.01929987608809,True,8.01929987608809,0.0,True,0.4466626065084246
warehouse,medio,501,1,TVE (full),20.4822000087006,True,20.4822000087006,True,16.0429877527219,0.9991267546091386,0.2748914578084684,0.8422372855502939,52.10933686113522,0,6,0.8006174321685585,16.0429877527219,16.0429877527219,True,16.0429877527219,0.0,True,0.3614805808092129
warehouse,medio,501,1,K = 1 candidate,19.1214999940712,True,19.1214999940712,True,16.0429877527219,0.9991267546091386,0.2748914578084684,0.8422372855502939,52.10933686113522,0,6,0.8006174321685585,16.0429877527219,16.0429877527219,True,16.0429877527219,0.0,True,0.3614805808092129
warehouse,medio,501,1,K = 8 candidates,25.14139999402687,True,25.14139999402687,True,16.0429877527219,0.9991267546091386,0.2748914578084684,0.8422372855502939,52.10933686113522,0,6,0.8006174321685585,16.0429877527219,16.0429877527219,True,16.0429877527219,0.0,True,0.3614805808092129
warehouse,medio,501,1,tile portals only,18.712600009166636,True,18.712600009166636,True,16.0429877527219,0.9991267546091386,0.2748914578084684,0.8422372855502939,52.10933686113522,0,6,0.8006174321685585,16.0429877527219,16.0429877527219,True,16.0429877527219,0.0,True,0.3614805808092129
warehouse,medio,501,1,disc portals only,18.17270000174176,True,18.17270000174176,True,16.170893532578866,1.0070924832311379,0.353883170817631,0.882019991067668,53.8984444907264,0,6,0.7999183805277663,16.170893532578866,16.170893532578866,True,16.170893532578866,0.0,True,0.44175914738013106
warehouse,medio,501,1,single connector,23.260599991772324,True,23.260599991772324,True,16.0429877527219,0.9991267546091386,0.2748914578084684,0.8422372855502939,52.10933686113522,0,6,0.8006174321685585,16.0429877527219,16.0429877527219,True,16.0429877527219,0.0,True,0.3614805808092129
warehouse,medio,501,1,exact collision test only,29.55590000783559,True,29.55590000783559,True,16.0429877527219,0.9991267546091386,0.2748914578084684,0.8422372855502939,52.10933686113522,0,6,0.8006174321685585,16.0429877527219,16.0429877527219,True,16.0429877527219,0.0,True,0.3614805808092129
warehouse,medio,501,1,per-obstacle generators,20.97340000909753,True,20.97340000909753,True,16.0429877527219,0.9991267546091386,0.2748914578084684,0.8422372855502939,52.10933686113522,0,6,0.8006174321685585,16.0429877527219,16.0429877527219,True,16.0429877527219,0.0,True,0.3614805808092129
warehouse,medio,501,1,skeleton length weights,20.45140000700485,True,20.45140000700485,True,16.0429877527219,0.9991267546091386,0.2748914578084684,0.8422372855502939,52.10933686113522,0,6,0.8006174321685585,16.0429877527219,16.0429877527219,True,16.0429877527219,0.0,True,0.3614805808092129
warehouse,medio,501,1,Bezier smoothing,22.410300007322803,True,22.410300007322803,True,16.291369435671673,1.0145954932639978,0.3404358817871151,0.8247272119027848,75.93505553981396,0,14,3.4322795996387745,16.291369435671673,16.291369435671673,True,16.291369435671673,0.0,True,0.4545247166292653
warehouse,medio,501,1,no smoothing,19.427299994276837,True,19.427299994276837,True,16.097783006163596,1.0025392987426276,0.2940243936022803,0.8537116571072139,52.12089811706859,1,3,0.36457250701603194,16.097783006163596,16.097783006163596,False,inf,0.0,True,0.381900384272102
warehouse,medio,502,0,TVE (full),22.21569999528583,True,22.21569999528583,True,15.560593570354314,1.004355410530547,0.30789402596377957,0.5947152426907557,132.31578489001262,0,10,0.560680305743128,15.560593570354314,15.560593570354314,False,inf,0.0,True,0.4
warehouse,medio,502,0,K = 1 candidate,15.388300002086908,True,15.388300002086908,True,16.364518055967896,1.05624455621984,0.3165751394437132,0.6257836157269473,95.36381827033608,0,7,0.5453484839240382,16.364518055967896,16.364518055967896,False,inf,0.0,True,0.4
warehouse,medio,502,0,K = 8 candidates,21.173800007090904,True,21.173800007090904,True,15.560593570354314,1.004355410530547,0.30789402596377957,0.5947152426907557,132.31578489001262,0,10,0.560680305743128,15.560593570354314,15.560593570354314,False,inf,0.0,True,0.4
warehouse,medio,502,0,tile portals only,18.69720000831876,True,18.69720000831876,True,15.560593570354314,1.004355410530547,0.30789402596377957,0.5947152426907557,132.31578489001262,0,10,0.560680305743128,15.560593570354314,15.560593570354314,False,inf,0.0,True,0.4
warehouse,medio,502,0,disc portals only,18.675200000870973,True,18.675200000870973,True,15.79160744608821,1.019266155095138,0.3772568233577318,0.6281264330066284,139.23634827277803,0,10,0.7066110265019288,15.79160744608821,15.79160744608821,False,inf,0.0,True,0.4
warehouse,medio,502,0,single connector,26.26740001142025,True,26.26740001142025,True,15.560593570354314,1.004355410530547,0.30789402596377957,0.5947152426907557,132.31578489001262,0,10,0.560680305743128,15.560593570354314,15.560593570354314,False,inf,0.0,True,0.4
warehouse,medio,502,0,exact collision test only,31.925999996019527,True,31.925999996019527,True,15.560593570354314,1.004355410530547,0.30789402596377957,0.5947152426907557,132.31578489001262,0,10,0.560680305743128,15.560593570354314,15.560593570354314,False,inf,0.0,True,0.4
warehouse,medio,502,0,per-obstacle generators,21.554599996306933,True,21.554599996306933,True,15.560593570354314,1.004355410530547,0.30789402596377957,0.5947152426907557,132.31578489001262,0,10,0.560680305743128,15.560593570354314,15.560593570354314,False,inf,0.0,True,0.4
warehouse,medio,502,0,skeleton length weights,20.385700001497753,True,20.385700001497753,True,15.560593570354314,1.004355410530547,0.30789402596377957,0.5947152426907557,132.31578489001262,0,10,0.560680305743128,15.560593570354314,15.560593570354314,False,inf,0.0,True,0.4
warehouse,medio,502,0,Bezier smoothing,25.731600006110966,True,25.731600006110966,True,15.643693639092117,1.0097190879040943,0.32940267636225806,0.6064910912351217,133.40145077768332,0,10,0.48317267572686035,15.643693639092117,15.643693639092117,False,inf,0.0,True,0.4
warehouse,medio,502,0,no smoothing,21.817600005306304,True,21.817600005306304,True,15.616881968744638,1.0079885339854986,0.30785784444163883,0.6054559191630224,132.3655076576592,1,6,0.31956382862169774,15.616881968744638,15.616881968744638,False,inf,0.0,True,0.4
warehouse,medio,502,1,TVE (full),19.362100007128902,True,19.362100007128902,True,10.217256919085784,1.000070584198114,0.30422612283284023,0.6141695368116719,8.606576523508762,0,3,2.490860759545956,10.217256919085784,10.217256919085784,True,10.217256919085784,0.0,True,0.4239777153183968
warehouse,medio,502,1,K = 1 candidate,16.369899996789172,True,16.369899996789172,True,10.217256919085784,1.000070584198114,0.30422612283284023,0.6141695368116719,8.606576523508762,0,3,2.490860759545956,10.217256919085784,10.217256919085784,True,10.217256919085784,0.0,True,0.4239777153183968
warehouse,medio,502,1,K = 8 candidates,19.40679999825079,True,19.40679999825079,True,10.217256919085784,1.000070584198114,0.30422612283284023,0.6141695368116719,8.606576523508762,0,3,2.490860759545956,10.217256919085784,10.217256919085784,True,10.217256919085784,0.0,True,0.4239777153183968
warehouse,medio,502,1,tile portals only,17.535799997858703,True,17.535799997858703,True,10.217256919085784,1.000070584198114,0.30422612283284023,0.6141695368116719,8.606576523508762,0,3,2.490860759545956,10.217256919085784,10.217256919085784,True,10.217256919085784,0.0,True,0.4239777153183968
warehouse,medio,502,1,disc portals only,15.985100006219,True,15.985100006219,True,10.217256919085784,1.000070584198114,0.30422612283284023,0.6141695368116719,8.606576523508762,0,3,2.490860759545956,10.217256919085784,10.217256919085784,True,10.217256919085784,0.0,True,0.4239777153183968
warehouse,medio,502,1,single connector,15.158599999267608,True,15.158599999267608,True,10.225320240350554,1.000859826405851,0.3421173084731822,0.6375257989643808,9.716310693127594,0,3,2.925850253235123,10.225320240350554,10.225320240350554,True,10.225320240350554,0.0,True,0.4621173084731822
warehouse,medio,502,1,exact collision test only,20.6190000026254,True,20.6190000026254,True,10.218637868071248,1.0002057522250685,0.3042302906410271,0.6179400273155381,8.821537649170176,0,3,1.9508911581509338,10.218637868071248,10.218637868071248,True,10.218637868071248,0.0,True,0.4239819487613579
warehouse,medio,502,1,per-obstacle generators,23.97219999693334,True,23.97219999693334,True,10.217256919085784,1.000070584198114,0.30422612283284023,0.6141695368116719,8.606576523508762,0,3,2.490860759545956,10.217256919085784,10.217256919085784,True,10.217256919085784,0.0,True,0.4239777153183968
warehouse,medio,502,1,skeleton length weights,19.041999999899417,True,19.041999999899417,True,10.217256919085784,1.000070584198114,0.30422612283284023,0.6141695368116719,8.606576523508762,0,3,2.490860759545956,10.217256919085784,10.217256919085784,True,10.217256919085784,0.0,True,0.4239777153183968
warehouse,medio,502,1,Bezier smoothing,21.27719999407418,True,21.27719999407418,True,10.223278746821682,1.000660003924903,0.3257290730043304,0.652660766313955,11.295859940039175,0,5,22.95126474213786,10.223278746821682,10.223278746821682,True,10.223278746821682,0.0,True,0.4399921181803935
warehouse,medio,502,1,no smoothing,18.65719999477733,True,18.65719999477733,True,10.217500884815037,1.0000944636944709,0.3042237594039352,0.6154820935715621,8.665396713859,0,3,2.492096057488112,10.217500884815037,10.217500884815037,True,10.217500884815037,0.0,True,0.42397531467013894
warehouse,dificil,500,0,TVE (full),28.397399990353733,True,28.397399990353733,True,11.39873184573637,1.019831250193591,0.30914649301862746,0.5578247894362852,93.39064324679612,0,8,0.7977689941148315,11.39873184573637,11.39873184573637,True,11.39873184573637,0.0,True,0.4
warehouse,dificil,500,0,K = 1 candidate,25.16259999538306,True,25.16259999538306,True,11.39873184573637,1.019831250193591,0.30914649301862746,0.5578247894362852,93.39064324679612,0,8,0.7977689941148315,11.39873184573637,11.39873184573637,True,11.39873184573637,0.0,True,0.4
warehouse,dificil,500,0,K = 8 candidates,32.07389998715371,True,32.07389998715371,True,11.39873184573637,1.019831250193591,0.30914649301862746,0.5578247894362852,93.39064324679612,0,8,0.7977689941148315,11.39873184573637,11.39873184573637,True,11.39873184573637,0.0,True,0.4
warehouse,dificil,500,0,tile portals only,23.26119999634102,True,23.26119999634102,True,11.39873184573637,1.019831250193591,0.30914649301862746,0.5578247894362852,93.39064324679612,0,8,0.7977689941148315,11.39873184573637,11.39873184573637,True,11.39873184573637,0.0,True,0.4
warehouse,dificil,500,0,disc portals only,24.817899990011938,True,24.817899990011938,True,12.564429227078795,1.124124835993358,0.31187599182128906,0.8918818604284536,172.4982785003002,0,11,0.7999666437853481,12.564429227078795,12.564429227078795,True,12.564429227078795,0.0,True,0.4
warehouse,dificil,500,0,single connector,30.043200007639825,True,30.043200007639825,True,11.39873184573637,1.019831250193591,0.30914649301862746,0.5578247894362852,93.39064324679612,0,8,0.7977689941148315,11.39873184573637,11.39873184573637,True,11.39873184573637,0.0,True,0.4
warehouse,dificil,500,0,exact collision test only,37.06719999900088,True,37.06719999900088,True,11.39873184573637,1.019831250193591,0.30914649301862746,0.5578247894362852,93.39064324679612,0,8,0.7977689941148315,11.39873184573637,11.39873184573637,True,11.39873184573637,0.0,True,0.4
warehouse,dificil,500,0,per-obstacle generators,27.5746999977855,True,27.5746999977855,True,11.39873184573637,1.019831250193591,0.30914649301862746,0.5578247894362852,93.39064324679612,0,8,0.7977689941148315,11.39873184573637,11.39873184573637,True,11.39873184573637,0.0,True,0.4
warehouse,dificil,500,0,skeleton length weights,27.58989999711048,True,27.58989999711048,True,11.39873184573637,1.019831250193591,0.30914649301862746,0.5578247894362852,93.39064324679612,0,8,0.7977689941148315,11.39873184573637,11.39873184573637,True,11.39873184573637,0.0,True,0.4
warehouse,dificil,500,0,Bezier smoothing,37.93029999360442,True,37.93029999360442,True,11.601132432212447,1.0379397947176052,0.3099746680195542,0.6724076204608295,117.33268882866054,0,12,1.045055874805019,11.601132432212447,11.601132432212447,True,11.601132432212447,0.0,True,0.4
warehouse,dificil,500,0,no smoothing,27.36959999310784,True,27.36959999310784,True,11.492284142377251,1.0282012651156842,0.3091447940882511,0.5653262256241037,93.7424988172412,1,4,0.2696920170053347,11.492284142377251,11.492284142377251,False,inf,0.0,True,0.4
warehouse,dificil,500,1,TVE (full),22.869599997648038,True,22.869599997648038,True,15.429237223341948,1.0265687437490385,0.3221382561257667,0.555296426666479,131.70051050317448,0,10,0.703552316076202,15.429237223341948,15.429237223341948,False,inf,0.0,True,0.32077023899454943
warehouse,dificil,500,1,K = 1 candidate,19.473799999104813,True,19.473799999104813,True,15.429237223341948,1.0265687437490385,0.3221382561257667,0.555296426666479,131.70051050317448,0,10,0.703552316076202,15.429237223341948,15.429237223341948,False,inf,0.0,True,0.32077023899454943
warehouse,dificil,500,1,K = 8 candidates,23.11819999886211,True,23.11819999886211,True,15.429237223341948,1.0265687437490385,0.3221382561257667,0.555296426666479,131.70051050317448,0,10,0.703552316076202,15.429237223341948,15.429237223341948,False,inf,0.0,True,0.32077023899454943
warehouse,dificil,500,1,tile portals only,18.4095000004163,True,18.4095000004163,True,15.429237223341948,1.0265687437490385,0.3221382561257667,0.555296426666479,131.70051050317448,0,10,0.703552316076202,15.429237223341948,15.429237223341948,False,inf,0.0,True,0.32077023899454943
warehouse,dificil,500,1,disc portals only,19.103099999483675,True,19.103099999483675,True,15.421360421766403,1.0260446686971667,0.32192878909332195,0.56378372092492,130.78973733907696,0,10,0.7996555545837524,15.421360421766403,15.421360421766403,True,15.421360421766403,0.0,True,0.3559140362493655
warehouse,dificil,500,1,single connector,20.063399992068298,True,20.063399992068298,True,15.429237223341948,1.0265687437490385,0.3221382561257667,0.555296426666479,131.70051050317448,0,10,0.703552316076202,15.429237223341948,15.429237223341948,False,inf,0.0,True,0.32077023899454943
warehouse,dificil,500,1,exact collision test only,26.052000001072884,True,26.052000001072884,True,15.36949259244407,1.0225936949634902,0.27544073919212353,0.5256365959105006,125.01753289613278,0,9,0.48394599458271403,15.36949259244407,15.36949259244407,False,inf,0.0030142718567819343,True,0.27861945938337634
warehouse,dificil,500,1,per-obstacle generators,21.485100005520508,True,21.485100005520508,True,15.429237223341948,1.0265687437490385,0.3221382561257667,0.555296426666479,131.70051050317448,0,10,0.703552316076202,15.429237223341948,15.429237223341948,False,inf,0.0,True,0.32077023899454943
warehouse,dificil,500,1,skeleton length weights,23.257499997271225,True,23.257499997271225,True,15.429237223341948,1.0265687437490385,0.3221382561257667,0.555296426666479,131.70051050317448,0,10,0.703552316076202,15.429237223341948,15.429237223341948,False,inf,0.0,True,0.32077023899454943
warehouse,dificil,500,1,Bezier smoothing,27.23649999825284,True,27.23649999825284,True,15.528094670359325,1.0331461243237139,0.3585468516248187,0.5692873403839045,137.71540570519835,0,12,0.5946897850043752,15.528094670359325,15.528094670359325,False,inf,0.0,True,0.3264924032846341
warehouse,dificil,500,1,no smoothing,20.400299996254034,True,20.400299996254034,True,15.481116869468265,1.030020503701855,0.3219398425874255,0.5568477491210664,132.71388385292897,0,7,0.3987483797473091,15.481116869468265,15.481116869468265,False,inf,0.0,True,0.3205684849589142
home,facil,500,0,TVE (full),40.73560000688303,True,40.73560000688303,True,9.964073273441986,1.0179522458357277,0.26199641858152506,0.5063889427832704,146.38848933218554,0,12,0.4281349429706322,9.964073273441986,9.964073273441986,False,inf,0.0,True,0.30928885578354776
home,facil,500,0,K = 1 candidate,37.2052999882726,True,37.2052999882726,True,9.964073273441986,1.0179522458357277,0.26199641858152506,0.5063889427832704,146.38848933218554,0,12,0.4281349429706322,9.964073273441986,9.964073273441986,False,inf,0.0,True,0.30928885578354776
home,facil,500,0,K = 8 candidates,46.4263000030769,True,46.4263000030769,True,9.964073273441986,1.0179522458357277,0.26199641858152506,0.5063889427832704,146.38848933218554,0,12,0.4281349429706322,9.964073273441986,9.964073273441986,False,inf,0.0,True,0.30928885578354776
home,facil,500,0,tile portals only,36.26569999323692,True,36.26569999323692,True,9.964073273441986,1.0179522458357277,0.26199641858152506,0.5063889427832704,146.38848933218554,0,12,0.4281349429706322,9.964073273441986,9.964073273441986,False,inf,0.0,True,0.30928885578354776
home,facil,500,0,disc portals only,44.31599999952596,True,44.31599999952596,True,11.08581327977263,1.1325517401742125,0.2688301838239235,0.5160683912322542,299.33938592661764,0,19,0.6352193931104417,11.08581327977263,11.08581327977263,False,inf,0.0,True,0.3335976719200211
home,facil,500,0,single connector,47.52780000853818,True,47.52780000853818,True,10.037087426872667,1.0254115367725638,0.26524891333422784,0.513090450156246,167.67010820749613,0,13,0.44792083460118576,10.037087426872667,10.037087426872667,False,inf,0.0,True,0.31238716723279725
home,facil,500,0,exact collision test only,46.89719999441877,True,46.89719999441877,True,9.845779422346915,1.0058670786469492,0.25999973647710334,0.4962724997146295,130.8137387926214,0,11,0.5198323147716185,9.845779422346915,9.845779422346915,False,inf,0.0,True,0.30928885578354776
home,facil,500,0,per-obstacle generators,355.5884000088554,True,355.5884000088554,True,9.960150914227022,1.017551528753238,0.27020876643371977,0.4986297682297849,157.22624138402813,0,10,0.42284246261215763,9.960150914227022,9.960150914227022,False,inf,0.0,True,0.3224987085834556
home,facil,500,0,skeleton length weights,40.87029999936931,True,40.87029999936931,True,9.964073273441986,1.0179522458357277,0.26199641858152506,0.5063889427832704,146.38848933218554,0,12,0.4281349429706322,9.964073273441986,9.964073273441986,False,inf,0.0,True,0.30928885578354776
home,facil,500,0,Bezier smoothing,48.80800000682939,True,48.80800000682939,True,10.076971807838644,1.0294862152764142,0.3007337108032154,0.5320928077039951,178.2337394216708,0,15,0.32368285308958644,10.076971807838644,10.076971807838644,False,inf,0.0,True,0.36086574833169227
home,facil,500,0,no smoothing,41.26679999171756,True,41.26679999171756,True,10.034108676048735,1.025107220855991,0.27490109725737283,0.5203995968172948,150.55507600274586,2,7,0.2839150157360333,10.034108676048735,10.034108676048735,False,inf,0.0,True,0.3249010972573729
home,facil,500,1,TVE (full),39.12030000356026,True,39.12030000356026,True,6.375127744133656,1.0039570854151378,0.26750809598191705,0.61881124603961,92.13931620181822,0,7,0.6979673677384545,6.375127744133656,6.375127744133656,False,inf,0.0,True,0.3320393349016153
home,facil,500,1,K = 1 candidate,34.692399989580736,True,34.692399989580736,True,6.375627982568017,1.0040358631182256,0.2692234425541222,0.6173784451027262,92.1914746511882,0,7,0.7100191508707998,6.375627982568017,6.375627982568017,False,inf,0.0,True,0.3350125563404609
home,facil,500,1,K = 8 candidates,37.510399997700006,True,37.510399997700006,True,6.375127744133656,1.0039570854151378,0.26750809598191705,0.61881124603961,92.13931620181822,0,7,0.6979673677384545,6.375127744133656,6.375127744133656,False,inf,0.0,True,0.3320393349016153
home,facil,500,1,tile portals only,35.862799995811656,True,35.862799995811656,True,6.375127744133656,1.0039570854151378,0.26750809598191705,0.61881124603961,92.13931620181822,0,7,0.6979673677384545,6.375127744133656,6.375127744133656,False,inf,0.0,True,0.3320393349016153
home,facil,500,1,disc portals only,36.97300000931136,True,36.97300000931136,True,6.455679633604827,1.0166424218388002,0.308161588735135,0.6377613417250794,95.23153064904322,0,9,0.7999678047384016,6.455679633604827,6.455679633604827,True,6.455679633604827,0.0,True,0.36967012164993784
home,facil,500,1,single connector,37.79519999807235,True,37.79519999807235,True,6.376055417897109,1.004103175765818,0.2685509905815061,0.6190559592857267,92.00433253418416,0,7,0.6866434964635619,6.376055417897109,6.376055417897109,False,inf,0.0,True,0.33268943234243653
home,facil,500,1,exact collision test only,43.3128000004217,True,43.3128000004217,True,6.375127744133656,1.0039570854151378,0.26750809598191705,0.61881124603961,92.13931620181822,0,7,0.6979673677384545,6.375127744133656,6.375127744133656,False,inf,0.0,True,0.3320393349016153
home,facil,500,1,per-obstacle generators,18.274400004884228,True,18.274400004884228,True,6.375127744133656,1.0039570854151378,0.26750809598191705,0.61881124603961,92.13931620181822,0,7,0.6979673677384545,6.375127744133656,6.375127744133656,False,inf,0.0,True,0.3320393349016153
home,facil,500,1,skeleton length weights,37.98439999809489,True,37.98439999809489,True,6.375127744133656,1.0039570854151378,0.26750809598191705,0.61881124603961,92.13931620181822,0,7,0.6979673677384545,6.375127744133656,6.375127744133656,False,inf,0.0,True,0.3320393349016153
home,facil,500,1,Bezier smoothing,41.713099999469705,True,41.713099999469705,True,6.48516598467335,1.021285941508743,0.3273662754341541,0.6654818482420057,94.95426612773694,0,9,0.5877183689071087,6.48516598467335,6.48516598467335,False,inf,0.0,True,0.3925013461720504
home,facil,500,1,no smoothing,40.1172999991104,True,40.1172999991104,True,6.446255309871543,1.0151582764275993,0.2754652011581711,0.6482939826298881,92.2524372946898,1,4,0.33262384777647935,6.446255309871543,6.446255309871543,False,inf,0.0,True,0.3356961862169927
home,facil,501,0,TVE (full),43.09839999768883,True,43.09839999768883,True,8.830222598771874,1.0069862584111335,0.2946244143420304,0.6012292818348773,89.5025707453623,0,6,0.44760512499351474,8.830222598771874,8.830222598771874,False,inf,0.0,True,0.30000000000000004
home,facil,501,0,K = 1 candidate,36.06220000074245,True,36.06220000074245,True,8.830222598771874,1.0069862584111335,0.2946244143420304,0.6012292818348773,89.5025707453623,0,6,0.44760512499351474,8.830222598771874,8.830222598771874,False,inf,0.0,True,0.30000000000000004
home,facil,501,0,K = 8 candidates,52.502099992125295,True,52.502099992125295,True,8.830222598771874,1.0069862584111335,0.2946244143420304,0.6012292818348773,89.5025707453623,0,6,0.44760512499351474,8.830222598771874,8.830222598771874,False,inf,0.0,True,0.30000000000000004
home,facil,501,0,tile portals only,39.05979999399278,True,39.05979999399278,True,8.830222598771874,1.0069862584111335,0.2946244143420304,0.6012292818348773,89.5025707453623,0,6,0.44760512499351474,8.830222598771874,8.830222598771874,False,inf,0.0,True,0.30000000000000004
home,facil,501,0,disc portals only,43.7588000058895,True,43.7588000058895,True,10.866972043452309,1.2392543218351473,0.26474398505458024,0.7802642505077333,142.15095226463882,0,10,0.7845138600111726,10.866972043452309,10.866972043452309,True,10.866972043452309,0.0,True,0.30000000000000004
home,facil,501,0,single connector,45.00709999410901,True,45.00709999410901,True,8.830222598771874,1.0069862584111335,0.2946244143420304,0.6012292818348773,89.5025707453623,0,6,0.44760512499351474,8.830222598771874,8.830222598771874,False,inf,0.0,True,0.30000000000000004
home,facil,501,0,exact collision test only,54.31530000350904,True,54.31530000350904,True,8.774439924965321,1.0006248801613438,0.24432558007105887,0.5990319271899612,89.91015583669979,0,8,0.5231138304446123,8.774439924965321,8.774439924965321,False,inf,0.0,True,0.29576305358741123
home,facil,501,0,per-obstacle generators,540.6302999908803,True,540.6302999908803,True,8.834972422361474,1.0075279216626658,0.277595951046089,0.6116560534540545,92.04046641775106,0,8,0.5592017798406941,8.834972422361474,8.834972422361474,False,inf,0.0,True,0.30000000000000004
home,facil,501,0,skeleton length weights,42.68679999222513,True,42.68679999222513,True,8.830222598771874,1.0069862584111335,0.2946244143420304,0.6012292818348773,89.5025707453623,0,6,0.44760512499351474,8.830222598771874,8.830222598771874,False,inf,0.0,True,0.30000000000000004
home,facil,501,0,Bezier smoothing,45.69149999588262,True,45.69149999588262,True,8.887746181524621,1.0135461674868853,0.2753252759588432,0.6156050529871323,90.31487503672881,0,7,0.40997818417227494,8.887746181524621,8.887746181524621,False,inf,0.0,True,0.30000000000000004
home,facil,501,0,no smoothing,41.9776000053389,True,41.9776000053389,True,8.869335618158729,1.0114466525412895,0.29458736985176776,0.6120120314430263,89.56832611978353,1,4,0.4104806299595299,8.869335618158729,8.869335618158729,False,inf,0.0,True,0.30000000000000004
home,facil,501,1,TVE (full),44.212599997990765,True,44.212599997990765,True,10.19581351728443,1.0048690975742474,0.2579316733145363,0.5899369719802379,134.27181680538527,0,10,0.6705665922219062,10.19581351728443,10.19581351728443,False,inf,0.0,True,0.3127794564093234
home,facil,501,1,K = 1 candidate,38.61319999850821,True,38.61319999850821,True,10.19581351728443,1.0048690975742474,0.2579316733145363,0.5899369719802379,134.27181680538527,0,10,0.6705665922219062,10.19581351728443,10.19581351728443,False,inf,0.0,True,0.3127794564093234
home,facil,501,1,K = 8 candidates,51.76829999254551,True,51.76829999254551,True,10.19581351728443,1.0048690975742474,0.2579316733145363,0.5899369719802379,134.27181680538527,0,10,0.6705665922219062,10.19581351728443,10.19581351728443,False,inf,0.0,True,0.3127794564093234
home,facil,501,1,tile portals only,42.749299987917766,True,42.749299987917766,True,10.19581351728443,1.0048690975742474,0.2579316733145363,0.5899369719802379,134.27181680538527,0,10,0.6705665922219062,10.19581351728443,10.19581351728443,False,inf,0.0,True,0.3127794564093234
home,facil,501,1,disc portals only,43.345800004317425,True,43.345800004317425,True,12.130469386679522,1.195543033920776,0.2936609573726762,0.7257843474499643,247.06120998003502,0,19,0.7999868913187278,12.130469386679522,12.130469386679522,True,12.130469386679522,0.0,True,0.32676230477232054
home,facil,501,1,single connector,39.227500004926696,True,39.227500004926696,True,10.216831105478008,1.0069405286420543,0.2720286781753851,0.5986409564483539,134.31409695907325,0,10,0.8034102041969847,10.216831105478008,10.216831105478008,True,10.216831105478008,0.0,True,0.3240949757327831
home,facil,501,1,exact collision test only,55.8411999954842,True,55.8411999954842,True,10.19581351728443,1.0048690975742474,0.2579316733145363,0.5899369719802379,134.27181680538527,0,10,0.6705665922219062,10.19581351728443,10.19581351728443,False,inf,0.0,True,0.3127794564093234
home,facil,501,1,per-obstacle generators,519.707900006324,True,519.707900006324,True,10.266161784582577,1.0118024138570494,0.2800780887454729,0.6067403386033721,149.14824896071335,0,10,0.8000742691013922,10.266161784582577,10.266161784582577,True,10.266161784582577,0.0,True,0.34127897682410624
home,facil,501,1,skeleton length weights,43.12380000192206,True,43.12380000192206,True,10.19581351728443,1.0048690975742474,0.2579316733145363,0.5899369719802379,134.27181680538527,0,10,0.6705665922219062,10.19581351728443,10.19581351728443,False,inf,0.0,True,0.3127794564093234
home,facil,501,1,Bezier smoothing,47.555100012687035,True,47.555100012687035,True,10.314913598610637,1.016607247849397,0.28452828579959477,0.6262172614399946,170.40176164913757,0,13,0.39465375229801625,10.314913598610637,10.314913598610637,False,inf,0.0,True,0.33499378514707034
home,facil,501,1,no smoothing,43.03490000893362,True,43.03490000893362,True,10.276495469649738,1.012820871165086,0.26180248658591304,0.6153378340025311,149.44443182295046,1,6,0.3762489698318675,10.276495469649738,10.276495469649738,False,inf,0.0,True,0.3148369308772767
warehouse,dificil,502,0,TVE (full),19.591100004618056,True,19.591100004618056,True,9.17548753060849,1.0040578144453012,0.2916225055906187,0.5273705859985371,50.67097198979597,0,6,0.8855316673013757,9.17548753060849,9.17548753060849,True,9.17548753060849,0.10683154164362561,True,0.26540914830857903
warehouse,dificil,502,0,K = 1 candidate,16.574900000705384,True,16.574900000705384,True,9.17548753060849,1.0040578144453012,0.2916225055906187,0.5273705859985371,50.67097198979597,0,6,0.8855316673013757,9.17548753060849,9.17548753060849,True,9.17548753060849,0.10683154164362561,True,0.26540914830857903
warehouse,dificil,502,0,K = 8 candidates,21.358599988161586,True,21.358599988161586,True,9.17548753060849,1.0040578144453012,0.2916225055906187,0.5273705859985371,50.67097198979597,0,6,0.8855316673013757,9.17548753060849,9.17548753060849,True,9.17548753060849,0.10683154164362561,True,0.26540914830857903
warehouse,dificil,502,0,tile portals only,17.35089998692274,True,17.35089998692274,True,9.17548753060849,1.0040578144453012,0.2916225055906187,0.5273705859985371,50.67097198979597,0,6,0.8855316673013757,9.17548753060849,9.17548753060849,True,9.17548753060849,0.10683154164362561,True,0.26540914830857903
warehouse,dificil,502,0,disc portals only,17.53489999100566,True,17.53489999100566,True,9.225373410778928,1.0095167404858543,0.3259263558391116,0.5761923992647526,56.57041180368111,0,6,0.8947130057009121,9.225373410778928,9.225373410778928,True,9.225373410778928,0.0,True,0.29869452247662964
warehouse,dificil,502,0,single connector,18.586299993330613,True,18.586299993330613,True,9.301342632127756,1.0178299216762992,0.3456402287119,0.5954043062589606,69.19508544743373,0,6,0.8227610077647768,9.301342632127756,9.301342632127756,True,9.301342632127756,0.0,True,0.4516902030210389
warehouse,dificil,502,0,exact collision test only,23.467999999411404,True,23.467999999411404,True,9.165230860615132,1.0029354446940846,0.26598307421271605,0.5101410600763666,43.96074182809443,0,5,0.92457851452733,9.165230860615132,9.165230860615132,True,9.165230860615132,0.6473930138958796,True,0.23978755371623467
warehouse,dificil,502,0,per-obstacle generators,20.6670000043232,True,20.6670000043232,True,9.17548753060849,1.0040578144453012,0.2916225055906187,0.5273705859985371,50.67097198979597,0,6,0.8855316673013757,9.17548753060849,9.17548753060849,True,9.17548753060849,0.10683154164362561,True,0.26540914830857903
warehouse,dificil,502,0,skeleton length weights,19.539799992344342,True,19.539799992344342,True,9.17548753060849,1.0040578144453012,0.2916225055906187,0.5273705859985371,50.67097198979597,0,6,0.8855316673013757,9.17548753060849,9.17548753060849,True,9.17548753060849,0.10683154164362561,True,0.26540914830857903
warehouse,dificil,502,0,Bezier smoothing,22.58859999710694,True,22.58859999710694,True,9.210568815228857,1.007896699065476,0.34678726254269654,0.5799256567728864,55.72740989484423,0,9,1.9581521830785107,9.210568815228857,9.210568815228857,True,9.210568815228857,0.0,True,0.3238556451020208
warehouse,dificil,502,0,no smoothing,18.802400009008124,True,18.802400009008124,True,9.184878009351634,1.005085398378251,0.2915748924823593,0.5315191815800843,50.95952593904315,0,5,0.6564304711910194,9.184878009351634,9.184878009351634,False,inf,0.11117053012637267,True,0.2654839961431636
warehouse,dificil,502,1,TVE (full),21.31090000330005,True,21.31090000330005,True,11.684640623333829,1.0156895094096472,0.30330266498068365,0.42794698600777176,223.12629077463978,0,15,0.6614896133792496,11.684640623333829,11.684640623333829,False,inf,0.0,True,0.34494611025483674
warehouse,dificil,502,1,K = 1 candidate,15.4577000066638,True,15.4577000066638,True,11.861286532414097,1.0310444871549336,0.2955362363341013,0.48721134259475135,110.7480908223644,0,9,0.7075171223205379,11.861286532414097,11.861286532414097,False,inf,0.0,True,0.4561916733470685
warehouse,dificil,502,1,K = 8 candidates,21.859599990420975,True,21.859599990420975,True,11.684640623333829,1.0156895094096472,0.30330266498068365,0.42794698600777176,223.12629077463978,0,15,0.6614896133792496,11.684640623333829,11.684640623333829,False,inf,0.0,True,0.34494611025483674
warehouse,dificil,502,1,tile portals only,18.644199997652322,True,18.644199997652322,True,11.684640623333829,1.0156895094096472,0.30330266498068365,0.42794698600777176,223.12629077463978,0,15,0.6614896133792496,11.684640623333829,11.684640623333829,False,inf,0.0,True,0.34494611025483674
warehouse,dificil,502,1,disc portals only,20.666299998993054,True,20.666299998993054,True,11.78116780005969,1.0240801517865812,0.2893571401086221,0.4475483814958451,227.49986317574562,0,16,0.7699315712608147,11.78116780005969,11.78116780005969,False,inf,0.0,True,0.3414278701340939
warehouse,dificil,502,1,single connector,22.155599988764152,True,22.155599988764152,True,11.649404953001797,1.0126266423633308,0.30610710978671657,0.41942259842872176,213.4978141195076,0,13,0.673524263517061,11.649404953001797,11.649404953001797,False,inf,0.0,True,0.34372369572657546
warehouse,dificil,502,1,exact collision test only,41.261399994255044,True,41.261399994255044,True,11.635821028273378,1.011445857237966,0.2858674747019567,0.41941688403472255,222.33333673455317,0,15,0.6911916930934372,11.635821028273378,11.635821028273378,False,inf,0.0,True,0.34494611025483674
warehouse,dificil,502,1,per-obstacle generators,22.02699999907054,True,22.02699999907054,True,11.684640623333829,1.0156895094096472,0.30330266498068365,0.42794698600777176,223.12629077463978,0,15,0.6614896133792496,11.684640623333829,11.684640623333829,False,inf,0.0,True,0.34494611025483674
warehouse,dificil,502,1,skeleton length weights,21.231300008366816,True,21.231300008366816,True,11.684640623333829,1.0156895094096472,0.30330266498068365,0.42794698600777176,223.12629077463978,0,15,0.6614896133792496,11.684640623333829,11.684640623333829,False,inf,0.0,True,0.34494611025483674
warehouse,dificil,502,1,Bezier smoothing,35.836199996992946,True,35.836199996992946,True,11.825966902293649,1.0279743218887525,0.2961837409214172,0.4547973159267478,238.0017451344697,0,18,0.6032239206029231,11.825966902293649,11.825966902293649,False,inf,0.0,True,0.3929623280108548
warehouse,dificil,502,1,no smoothing,24.406900003668852,True,24.406900003668852,True,11.759394493824342,1.022187503185627,0.30327932317627343,0.43718723343303295,225.933146738982,0,10,0.4774830288359164,11.759394493824342,11.759394493824342,False,inf,0.0,True,0.35146634019561296
home,facil,502,0,TVE (full),39.57500000251457,True,39.57500000251457,True,9.835025350412387,1.0103165508611724,0.24155364604990837,0.6953057465473863,207.83995694851816,0,14,0.5588533203375106,9.835025350412387,9.835025350412387,False,inf,0.0,True,0.29155364604990835
home,facil,502,0,K = 1 candidate,37.52729999541771,True,37.52729999541771,True,9.835025350412387,1.0103165508611724,0.24155364604990837,0.6953057465473863,207.83995694851816,0,14,0.5588533203375106,9.835025350412387,9.835025350412387,False,inf,0.0,True,0.29155364604990835
home,facil,502,0,K = 8 candidates,42.75189999316353,True,42.75189999316353,True,9.835025350412387,1.0103165508611724,0.24155364604990837,0.6953057465473863,207.83995694851816,0,14,0.5588533203375106,9.835025350412387,9.835025350412387,False,inf,0.0,True,0.29155364604990835
home,facil,502,0,tile portals only,37.309899998945184,True,37.309899998945184,True,9.835025350412387,1.0103165508611724,0.24155364604990837,0.6953057465473863,207.83995694851816,0,14,0.5588533203375106,9.835025350412387,9.835025350412387,False,inf,0.0,True,0.29155364604990835
home,facil,502,0,disc portals only,40.96430000208784,True,40.96430000208784,True,10.179684933532094,1.0457221821465206,0.23750000000000002,0.7468206816791643,223.3733407682476,0,17,0.5723810797175944,10.179684933532094,10.179684933532094,False,inf,0.0,True,0.28750000000000003
home,facil,502,0,single connector,51.27779999747872,True,51.27779999747872,True,9.839043660770258,1.0107293373377102,0.24155364604990837,0.6943485724922484,204.76108103931873,0,13,0.5339194241952313,9.839043660770258,9.839043660770258,False,inf,0.0,True,0.29155364604990835
home,facil,502,0,exact collision test only,46.43959998793434,True,46.43959998793434,True,9.798285541582784,1.0065424033004378,0.23710782316029053,0.6923548185999054,202.74300543533485,0,13,0.5329614435048222,9.798285541582784,9.798285541582784,False,inf,0.0,True,0.2938352558882065
home,facil,502,0,per-obstacle generators,325.06540000031237,True,325.06540000031237,True,10.025023573038371,1.029834380466481,0.23750000000000002,0.7208982959614457,220.35070923230023,0,16,0.631728587657503,10.025023573038371,10.025023573038371,False,inf,0.0,True,0.28750000000000003
home,facil,502,0,skeleton length weights,43.9706000033766,True,43.9706000033766,True,9.835025350412387,1.0103165508611724,0.24155364604990837,0.6953057465473863,207.83995694851816,0,14,0.5588533203375106,9.835025350412387,9.835025350412387,False,inf,0.0,True,0.29155364604990835
home,facil,502,0,Bezier smoothing,56.71930000244174,True,56.71930000244174,True,10.072138354308493,1.0346743113880024,0.23750000000000002,0.7583569031860602,217.7170360694584,0,17,0.5018644872404163,10.072138354308493,10.072138354308493,False,inf,0.0,True,0.28750000000000003
home,facil,502,0,no smoothing,38.79679999954533,True,38.79679999954533,True,9.994723114060784,1.0267217240052078,0.23750000000000002,0.7315794954677878,209.14288722132187,2,7,0.26760333661397834,9.994723114060784,9.994723114060784,False,inf,0.0,True,0.28750000000000003
home,facil,502,1,TVE (full),41.81090000201948,True,41.81090000201948,True,13.410628852826381,1.020326013475243,0.24155364604990837,0.5659676545654407,202.36018428603933,0,15,0.48497376797152536,13.410628852826381,13.410628852826381,False,inf,0.0,True,0.29155364604990835
home,facil,502,1,K = 1 candidate,40.225399992777966,True,40.225399992777966,True,13.410628852826381,1.020326013475243,0.24155364604990837,0.5659676545654407,202.36018428603933,0,15,0.48497376797152536,13.410628852826381,13.410628852826381,False,inf,0.0,True,0.29155364604990835
home,facil,502,1,K = 8 candidates,41.52800000156276,True,41.52800000156276,True,13.410628852826381,1.020326013475243,0.24155364604990837,0.5659676545654407,202.36018428603933,0,15,0.48497376797152536,13.410628852826381,13.410628852826381,False,inf,0.0,True,0.29155364604990835
home,facil,502,1,tile portals only,37.1512999990955,True,37.1512999990955,True,13.410628852826381,1.020326013475243,0.24155364604990837,0.5659676545654407,202.36018428603933,0,15,0.48497376797152536,13.410628852826381,13.410628852826381,False,inf,0.0,True,0.29155364604990835
home,facil,502,1,disc portals only,39.102499998989515,True,39.102499998989515,True,13.489859570977556,1.0263541545626709,0.24155364604990837,0.5619938121305798,211.21458987519128,0,17,0.5032601517652207,13.489859570977556,13.489859570977556,False,inf,0.0,True,0.29155364604990835
home,facil,502,1,single connector,41.171000004396774,True,41.171000004396774,True,13.424854333242445,1.0214083361524255,0.23750000000000002,0.5714797263851062,212.14264099022617,0,15,0.49180696824335857,13.424854333242445,13.424854333242445,False,inf,0.0,True,0.28750000000000003
home,facil,502,1,exact collision test only,47.72149999917019,True,47.72149999917019,True,13.404851498687378,1.0198864528266132,0.23800770396320203,0.5631082516308377,192.5195886219428,0,16,0.48196650098407456,13.404851498687378,13.404851498687378,False,inf,0.0,True,0.288007703963202
home,facil,502,1,per-obstacle generators,308.43050000839867,True,308.43050000839867,True,13.611683826942922,1.035622956107912,0.24155364604990837,0.599190386230973,210.49584191458968,0,17,0.4909564254276019,13.611683826942922,13.611683826942922,False,inf,0.0,True,0.29155364604990835
home,facil,502,1,skeleton length weights,44.374999997671694,True,44.374999997671694,True,13.410628852826381,1.020326013475243,0.24155364604990837,0.5659676545654407,202.36018428603933,0,15,0.48497376797152536,13.410628852826381,13.410628852826381,False,inf,0.0,True,0.29155364604990835
home,facil,502,1,Bezier smoothing,56.492800009436905,True,56.492800009436905,True,13.605313109884712,1.0351382504009448,0.23750000000000002,0.6080528368862741,220.65121951956232,0,21,0.46128009946051307,13.605313109884712,13.605313109884712,False,inf,0.0,True,0.28750000000000003
home,facil,502,1,no smoothing,48.98370000591967,True,48.98370000591967,True,13.5162002878239,1.0283582454152966,0.23750000000000002,0.5849045306164585,212.89223909909947,1,9,0.3974250477187891,13.5162002878239,13.5162002878239,False,inf,0.0,True,0.28750000000000003
warehouse,dificil,501,0,TVE (full),41.63560000597499,True,41.63560000597499,True,8.052361014792453,1.004395952635307,0.31388878556586663,0.6269852910446422,58.18751799837494,0,5,0.8627519293409293,8.052361014792453,8.052361014792453,True,8.052361014792453,0.0,True,0.41197851468048874
warehouse,dificil,501,0,K = 1 candidate,43.36209999746643,True,43.36209999746643,True,8.052361014792453,1.004395952635307,0.31388878556586663,0.6269852910446422,58.18751799837494,0,5,0.8627519293409293,8.052361014792453,8.052361014792453,True,8.052361014792453,0.0,True,0.41197851468048874
warehouse,dificil,501,0,K = 8 candidates,42.21279999183025,True,42.21279999183025,True,8.052361014792453,1.004395952635307,0.31388878556586663,0.6269852910446422,58.18751799837494,0,5,0.8627519293409293,8.052361014792453,8.052361014792453,True,8.052361014792453,0.0,True,0.41197851468048874
warehouse,dificil,501,0,tile portals only,38.38990000076592,True,38.38990000076592,True,8.052361014792453,1.004395952635307,0.31388878556586663,0.6269852910446422,58.18751799837494,0,5,0.8627519293409293,8.052361014792453,8.052361014792453,True,8.052361014792453,0.0,True,0.41197851468048874
warehouse,dificil,501,0,disc portals only,39.46929999801796,True,39.46929999801796,True,8.106614854995827,1.0111632023171193,0.36699098485295295,0.6396205806189253,60.44291584503401,0,6,0.7991237335415791,8.106614854995827,8.106614854995827,True,8.106614854995827,0.0,True,0.4724311459903187
warehouse,dificil,501,0,single connector,44.40319999412168,True,44.40319999412168,True,8.056433626183972,1.0049039420797428,0.3209879275036325,0.6279156227542134,58.156728972792706,0,5,0.8350668816226251,8.056433626183972,8.056433626183972,True,8.056433626183972,0.0,True,0.41908739433501135
warehouse,dificil,501,0,exact collision test only,40.7643999933498,True,40.7643999933498,True,7.997488214219985,0.9975514981078082,0.2650436546543657,0.60411933620676,55.85509218963977,0,6,0.7989282231467663,7.997488214219985,7.997488214219985,True,7.997488214219985,0.0,True,0.35322692855674676
warehouse,dificil,501,0,per-obstacle generators,18.207999994046986,True,18.207999994046986,True,8.052361014792453,1.004395952635307,0.31388878556586663,0.6269852910446422,58.18751799837494,0,5,0.8627519293409293,8.052361014792453,8.052361014792453,True,8.052361014792453,0.0,True,0.41197851468048874
warehouse,dificil,501,0,skeleton length weights,46.33169999578968,True,46.33169999578968,True,8.052361014792453,1.004395952635307,0.31388878556586663,0.6269852910446422,58.18751799837494,0,5,0.8627519293409293,8.052361014792453,8.052361014792453,True,8.052361014792453,0.0,True,0.41197851468048874
warehouse,dificil,501,0,Bezier smoothing,41.656700006569736,True,41.656700006569736,True,8.081858076465151,1.0080752125820813,0.3480387416132808,0.6450816857106634,59.41115581007968,0,6,0.7524512586521291,8.081858076465151,8.081858076465151,False,inf,0.0,True,0.44783840119156837
warehouse,dificil,501,0,no smoothing,38.6002000013832,True,38.6002000013832,True,8.070986091326978,1.0067191161713722,0.3137242982241275,0.638014091050614,58.61971457375659,0,4,0.6078710807473062,8.070986091326978,8.070986091326978,False,inf,0.0,True,0.41229170824883044
warehouse,dificil,501,1,TVE (full),42.34070000529755,True,42.34070000529755,True,10.008814924989597,1.0036031949760424,0.31609904716609666,0.5342159193238295,69.3759606625494,0,6,0.7783075795097005,10.008814924989597,10.008814924989597,True,10.008814924989597,0.0,True,0.46531527053700444
warehouse,dificil,501,1,K = 1 candidate,45.17389999818988,True,45.17389999818988,True,10.008814924989597,1.0036031949760424,0.31609904716609666,0.5342159193238295,69.3759606625494,0,6,0.7783075795097005,10.008814924989597,10.008814924989597,True,10.008814924989597,0.0,True,0.46531527053700444
warehouse,dificil,501,1,K = 8 candidates,47.39700000209268,True,47.39700000209268,True,10.008814924989597,1.0036031949760424,0.31609904716609666,0.5342159193238295,69.3759606625494,0,6,0.7783075795097005,10.008814924989597,10.008814924989597,True,10.008814924989597,0.0,True,0.46531527053700444
warehouse,dificil,501,1,tile portals only,40.20489999675192,True,40.20489999675192,True,10.008814924989597,1.0036031949760424,0.31609904716609666,0.5342159193238295,69.3759606625494,0,6,0.7783075795097005,10.008814924989597,10.008814924989597,True,10.008814924989597,0.0,True,0.46531527053700444
warehouse,dificil,501,1,disc portals only,39.255199997569434,True,39.255199997569434,True,10.17801580340537,1.020569293704359,0.461930203003459,0.5994444421674411,72.8920148558312,0,6,0.8002894386280237,10.17801580340537,10.17801580340537,True,10.17801580340537,0.0,True,0.6045853500648949
warehouse,dificil,501,1,single connector,42.95719999936409,True,42.95719999936409,True,10.008193320349081,1.0035408654787032,0.3180386939800303,0.531120136856875,69.35800614066116,0,6,0.7224555134084625,10.008193320349081,10.008193320349081,False,inf,0.0,True,0.46526499634904767
warehouse,dificil,501,1,exact collision test only,45.492000004742295,True,45.492000004742295,True,10.012746365580439,1.003997408113901,0.2785429965433837,0.5126172043300676,68.57639524009946,0,5,0.41990981852840265,10.012746365580439,10.012746365580439,False,inf,0.0,True,0.4770971462232842
warehouse,dificil,501,1,per-obstacle generators,21.099399993545376,True,21.099399993545376,True,10.008814924989597,1.0036031949760424,0.31609904716609666,0.5342159193238295,69.3759606625494,0,6,0.7783075795097005,10.008814924989597,10.008814924989597,True,10.008814924989597,0.0,True,0.46531527053700444
warehouse,dificil,501,1,skeleton length weights,43.387099998653866,True,43.387099998653866,True,10.008814924989597,1.0036031949760424,0.31609904716609666,0.5342159193238295,69.3759606625494,0,6,0.7783075795097005,10.008814924989597,10.008814924989597,True,10.008814924989597,0.0,True,0.46531527053700444
warehouse,dificil,501,1,Bezier smoothing,45.31919999863021,True,45.31919999863021,True,10.055363419390428,1.0082707023734825,0.3626562985361485,0.5607245398858867,70.18929547551272,0,6,0.635108953501708,10.055363419390428,10.055363419390428,False,inf,0.0,True,0.5077731622132466
warehouse,dificil,501,1,no smoothing,41.29780000948813,True,41.29780000948813,True,10.039597348150922,1.0066898079732192,0.3182596840721683,0.5435587810396693,69.46956482811547,0,4,0.4279177402527461,10.039597348150922,10.039597348150922,False,inf,0.0,True,0.467734850634543
home,medio,500,0,TVE (full),45.274300005985424,True,45.274300005985424,True,6.149179327234105,1.0022092412027734,0.2485272037595807,0.4124259685773101,91.72709746519962,0,8,0.4987298218949634,6.149179327234105,6.149179327234105,False,inf,0.0,True,0.31966969097634346
home,medio,500,0,K = 1 candidate,48.26199999661185,True,48.26199999661185,True,6.149179327234105,1.0022092412027734,0.2485272037595807,0.4124259685773101,91.72709746519962,0,8,0.4987298218949634,6.149179327234105,6.149179327234105,False,inf,0.0,True,0.31966969097634346
home,medio,500,0,K = 8 candidates,42.72800000035204,True,42.72800000035204,True,6.149179327234105,1.0022092412027734,0.2485272037595807,0.4124259685773101,91.72709746519962,0,8,0.4987298218949634,6.149179327234105,6.149179327234105,False,inf,0.0,True,0.31966969097634346
home,medio,500,0,tile portals only,35.971799996332265,True,35.971799996332265,True,6.149179327234105,1.0022092412027734,0.2485272037595807,0.4124259685773101,91.72709746519962,0,8,0.4987298218949634,6.149179327234105,6.149179327234105,False,inf,0.0,True,0.31966969097634346
home,medio,500,0,disc portals only,35.53680000186432,True,35.53680000186432,True,6.190221403150782,1.0088983854890146,0.24378753676748366,0.44024389343393927,100.98281826174716,0,9,0.6895339293373528,6.190221403150782,6.190221403150782,False,inf,0.0,True,0.3180782057534648
home,medio,500,0,single connector,46.41989999799989,True,46.41989999799989,True,6.260723989580407,1.0203890804075266,0.2828154050337363,0.44013871421003076,143.76809864219126,1,9,0.3553384424233238,6.260723989580407,6.260723989580407,False,inf,0.0,True,0.3533010688816502
home,medio,500,0,exact collision test only,44.059799998649396,True,44.059799998649396,True,6.149179327234105,1.0022092412027734,0.2485272037595807,0.4124259685773101,91.72709746519962,0,8,0.4987298218949634,6.149179327234105,6.149179327234105,False,inf,0.0,True,0.31966969097634346
home,medio,500,0,per-obstacle generators,19.840900000417605,True,19.840900000417605,True,6.149179327234105,1.0022092412027734,0.2485272037595807,0.4124259685773101,91.72709746519962,0,8,0.4987298218949634,6.149179327234105,6.149179327234105,False,inf,0.0,True,0.31966969097634346
home,medio,500,0,skeleton length weights,37.67760000482667,True,37.67760000482667,True,6.149179327234105,1.0022092412027734,0.2485272037595807,0.4124259685773101,91.72709746519962,0,8,0.4987298218949634,6.149179327234105,6.149179327234105,False,inf,0.0,True,0.31966969097634346
home,medio,500,0,Bezier smoothing,44.26270000112709,True,44.26270000112709,True,6.276476076399065,1.0229563964895227,0.33848155804989966,0.47285588442824233,100.079894094461,0,10,0.532925694123538,6.276476076399065,6.276476076399065,False,inf,0.0,True,0.34694792794361773
home,medio,500,0,no smoothing,38.71540000545792,True,38.71540000545792,True,6.228360056482203,1.0151143224103034,0.25778042247519306,0.4220572475272282,93.09103279232494,1,4,0.2750460730683106,6.228360056482203,6.228360056482203,False,inf,0.0,True,0.32699539045602616
home,medio,500,1,TVE (full),43.041400000220165,True,43.041400000220165,True,5.447829482100542,1.0175069474110081,0.31328470099157324,0.552243272590143,84.34243582541511,0,8,0.9566393081483007,5.447829482100542,5.447829482100542,True,5.447829482100542,0.0,True,0.3544477562695756
home,medio,500,1,K = 1 candidate,38.99729999830015,True,38.99729999830015,True,5.447829482100542,1.0175069474110081,0.31328470099157324,0.552243272590143,84.34243582541511,0,8,0.9566393081483007,5.447829482100542,5.447829482100542,True,5.447829482100542,0.0,True,0.3544477562695756
home,medio,500,1,K = 8 candidates,38.66289999859873,True,38.66289999859873,True,5.447829482100542,1.0175069474110081,0.31328470099157324,0.552243272590143,84.34243582541511,0,8,0.9566393081483007,5.447829482100542,5.447829482100542,True,5.447829482100542,0.0,True,0.3544477562695756
home,medio,500,1,tile portals only,35.268099993118085,True,35.268099993118085,True,5.447829482100542,1.0175069474110081,0.31328470099157324,0.552243272590143,84.34243582541511,0,8,0.9566393081483007,5.447829482100542,5.447829482100542,True,5.447829482100542,0.0,True,0.3544477562695756
home,medio,500,1,disc portals only,38.911199997528456,True,38.911199997528456,True,5.425505753339388,1.0133374797025887,0.28980760455291404,0.5484513026953339,64.68748094340522,0,7,0.7988619151310239,5.425505753339388,5.425505753339388,True,5.425505753339388,0.0,True,0.3643760389791954
home,medio,500,1,single connector,37.64209999644663,True,37.64209999644663,True,5.390786206748569,1.0068528090675788,0.25686445266949887,0.5340353602953352,62.34456456660652,0,7,0.7600417217422009,5.390786206748569,5.390786206748569,False,inf,0.0,True,0.3319636087748943
home,medio,500,1,exact collision test only,41.61119999480434,True,41.61119999480434,True,5.386592352982838,1.006069510809607,0.2507543978715306,0.5354679979107899,62.19983164512297,0,7,0.7597971540712393,5.386592352982838,5.386592352982838,False,inf,0.0,True,0.3259449784885038
home,medio,500,1,per-obstacle generators,431.89919998985715,True,431.89919998985715,True,5.402783729716529,1.0090936213051374,0.2896162797742311,0.5425066782825583,65.0171754020583,0,7,0.7993102850571379,5.402783729716529,5.402783729716529,True,5.402783729716529,0.0,True,0.34426738814944957
home,medio,500,1,skeleton length weights,36.92740001133643,True,36.92740001133643,True,5.447829482100542,1.0175069474110081,0.31328470099157324,0.552243272590143,84.34243582541511,0,8,0.9566393081483007,5.447829482100542,5.447829482100542,True,5.447829482100542,0.0,True,0.3544477562695756
home,medio,500,1,Bezier smoothing,41.22119999374263,True,41.22119999374263,True,5.483717054038312,1.0242097735351314,0.30310570111573937,0.583526570040548,90.28259026480443,0,9,0.8209856999537041,5.483717054038312,5.483717054038312,True,5.483717054038312,0.0,True,0.37637397472985507
home,medio,500,1,no smoothing,36.880800005747005,True,36.880800005747005,True,5.466360861865569,1.0209681070743162,0.3132896416594223,0.5688936539325086,87.0979300772309,0,6,0.8236449607965177,5.466360861865569,5.466360861865569,True,5.466360861865569,0.0,True,0.3544741830267017
home,medio,501,0,TVE (full),45.49419999239035,True,45.49419999239035,True,11.138215541332734,1.0103086736109526,0.2689856217549535,0.5626901664040642,167.9440325748177,0,13,0.8015049929699535,11.138215541332734,11.138215541332734,True,11.138215541332734,0.0,True,0.338889269828927
home,medio,501,0,K = 1 candidate,40.63030000543222,True,40.63030000543222,True,11.138215541332734,1.0103086736109526,0.2689856217549535,0.5626901664040642,167.9440325748177,0,13,0.8015049929699535,11.138215541332734,11.138215541332734,True,11.138215541332734,0.0,True,0.338889269828927
home,medio,501,0,K = 8 candidates,51.59740000090096,True,51.59740000090096,True,11.138215541332734,1.0103086736109526,0.2689856217549535,0.5626901664040642,167.9440325748177,0,13,0.8015049929699535,11.138215541332734,11.138215541332734,True,11.138215541332734,0.0,True,0.338889269828927
home,medio,501,0,tile portals only,37.838500007637776,True,37.838500007637776,True,11.138215541332734,1.0103086736109526,0.2689856217549535,0.5626901664040642,167.9440325748177,0,13,0.8015049929699535,11.138215541332734,11.138215541332734,True,11.138215541332734,0.0,True,0.338889269828927
home,medio,501,0,disc portals only,47.37100000784267,True,47.37100000784267,True,11.169316734077778,1.0131297543014242,0.26950089128618265,0.5589366831010665,191.08418777590632,0,12,0.5215224134286371,11.169316734077778,11.169316734077778,False,inf,0.0,True,0.33260453122222344
home,medio,501,0,single connector,44.632600009208545,True,44.632600009208545,True,11.125930091033467,1.009194303274833,0.25311576488194415,0.5613551700230486,177.24396711750697,0,14,0.7494673505877895,11.125930091033467,11.125930091033467,False,inf,0.0,True,0.3242246788391107
home,medio,501,0,exact collision test only,68.39729999774136,True,68.39729999774136,True,11.090287899999113,1.0059613244718213,0.24696104029242805,0.5589395828900414,164.83797602839402,0,13,0.48831375140050426,11.090287899999113,11.090287899999113,False,inf,0.0,True,0.302731479974265
home,medio,501,0,per-obstacle generators,312.7343999949517,True,312.7343999949517,True,11.176636956004327,1.0137937460941582,0.26779101490968304,0.5680924041107858,178.47910047832855,0,13,0.8003298817439275,11.176636956004327,11.176636956004327,True,11.176636956004327,0.0,True,0.32386485410722454
home,medio,501,0,skeleton length weights,48.540200004936196,True,48.540200004936196,True,11.138215541332734,1.0103086736109526,0.2689856217549535,0.5626901664040642,167.9440325748177,0,13,0.8015049929699535,11.138215541332734,11.138215541332734,True,11.138215541332734,0.0,True,0.338889269828927
home,medio,501,0,Bezier smoothing,60.19840000953991,True,60.19840000953991,True,11.290158976335102,1.0240909325115346,0.32172130532269894,0.6144150668789274,200.2560085888664,0,20,0.6429186248255052,11.290158976335102,11.290158976335102,False,inf,0.0,True,0.37664379067426146
home,medio,501,0,no smoothing,46.23899998841807,True,46.23899998841807,True,11.226296948745048,1.0182982307857344,0.28067549615142967,0.5884187440335745,172.15289832596983,1,7,0.41476659310564457,11.226296948745048,11.226296948745048,False,inf,0.0,True,0.34335737819564827
home,medio,501,1,TVE (full),44.86900000483729,True,44.86900000483729,True,8.564334936192203,1.010032394196468,0.266001456016899,0.5765043928718346,136.30094455015504,0,12,0.7144324701381326,8.564334936192203,8.564334936192203,False,inf,0.0,True,0.3209239413684615
home,medio,501,1,K = 1 candidate,37.977899992256425,True,37.977899992256425,True,8.564334936192203,1.010032394196468,0.266001456016899,0.5765043928718346,136.30094455015504,0,12,0.7144324701381326,8.564334936192203,8.564334936192203,False,inf,0.0,True,0.3209239413684615
home,medio,501,1,K = 8 candidates,43.19199999736156,True,43.19199999736156,True,8.564334936192203,1.010032394196468,0.266001456016899,0.5765043928718346,136.30094455015504,0,12,0.7144324701381326,8.564334936192203,8.564334936192203,False,inf,0.0,True,0.3209239413684615
home,medio,501,1,tile portals only,38.58940000645816,True,38.58940000645816,True,8.564334936192203,1.010032394196468,0.266001456016899,0.5765043928718346,136.30094455015504,0,12,0.7144324701381326,8.564334936192203,8.564334936192203,False,inf,0.0,True,0.3209239413684615
home,medio,501,1,disc portals only,46.94810000364669,True,46.94810000364669,True,8.652277411262725,1.0204038648721039,0.26926788477495694,0.600060645285281,163.99065295415437,0,14,0.7880217420770377,8.652277411262725,8.652277411262725,True,8.652277411262725,0.0,True,0.3241903701265194
home,medio,501,1,single connector,43.32139999314677,True,43.32139999314677,True,8.550959087560248,1.0084549173090274,0.2601263036841967,0.5742305566766591,135.4706910178416,0,12,0.738407528924698,8.550959087560248,8.550959087560248,False,inf,0.0,True,0.3150487890357592
home,medio,501,1,exact collision test only,57.90799998794682,True,57.90799998794682,True,8.566247453141646,1.0102579463365673,0.2455735570427791,0.5704209913702203,118.19941846296766,0,11,0.7879349142680392,8.566247453141646,8.566247453141646,True,8.566247453141646,0.0,True,0.3037699848408651
home,medio,501,1,per-obstacle generators,452.40710000507534,True,452.40710000507534,True,8.584822571058712,1.0124485975619149,0.2672768521109886,0.5828456952134816,131.31500297106675,0,11,0.7539269849796016,8.584822571058712,8.584822571058712,False,inf,0.0,True,0.3221993374625511
home,medio,501,1,skeleton length weights,43.076800007838756,True,43.076800007838756,True,8.564334936192203,1.010032394196468,0.266001456016899,0.5765043928718346,136.30094455015504,0,12,0.7144324701381326,8.564334936192203,8.564334936192203,False,inf,0.0,True,0.3209239413684615
home,medio,501,1,Bezier smoothing,51.70219999854453,True,51.70219999854453,True,8.651228525879565,1.0202801648740674,0.29266877463297986,0.6086239629527305,162.12233106762048,0,13,0.44484030357287696,8.651228525879565,8.651228525879565,False,inf,0.0,True,0.34759125998454243
home,medio,501,1,no smoothing,44.10840000491589,True,44.10840000491589,True,8.620323253029289,1.0166353603489262,0.2666462359941991,0.6031479036728983,143.1867410812156,0,7,0.5116486318703488,8.620323253029289,8.620323253029289,False,inf,0.0,True,0.32156872134576164
home,dificil,501,0,TVE (full),45.649599996977486,True,45.649599996977486,True,8.682903793034146,1.0081752268705089,0.2563157732264579,0.5871633344314837,152.43915334733433,0,12,0.6870366673741259,8.682903793034146,8.682903793034146,False,inf,0.0,True,0.3253748567430956
home,dificil,501,0,K = 1 candidate,39.828599998145364,True,39.828599998145364,True,8.682903793034146,1.0081752268705089,0.2563157732264579,0.5871633344314837,152.43915334733433,0,12,0.6870366673741259,8.682903793034146,8.682903793034146,False,inf,0.0,True,0.3253748567430956
home,dificil,501,0,K = 8 candidates,46.67130000598263,True,46.67130000598263,True,8.682903793034146,1.0081752268705089,0.2563157732264579,0.5871633344314837,152.43915334733433,0,12,0.6870366673741259,8.682903793034146,8.682903793034146,False,inf,0.0,True,0.3253748567430956
home,dificil,501,0,tile portals only,44.06860000744928,True,44.06860000744928,True,8.682903793034146,1.0081752268705089,0.2563157732264579,0.5871633344314837,152.43915334733433,0,12,0.6870366673741259,8.682903793034146,8.682903793034146,False,inf,0.0,True,0.3253748567430956
home,dificil,501,0,disc portals only,46.54879998997785,True,46.54879998997785,True,8.715470958780616,1.0119566127406734,0.25633504890102055,0.5800212200737817,151.2933038314899,0,13,0.721012718769059,8.715470958780616,8.715470958780616,False,inf,0.0,True,0.32545620091082644
home,dificil,501,0,single connector,40.26059999887366,True,40.26059999887366,True,8.674783639057212,1.007232392736554,0.2637633683420261,0.5849874241663439,152.99110154679644,0,13,0.76609788209052,8.674783639057212,8.674783639057212,False,inf,0.0,True,0.3322324387196507
home,dificil,501,0,exact collision test only,60.463400004664436,True,60.463400004664436,True,8.682903793034146,1.0081752268705089,0.2563157732264579,0.5871633344314837,152.43915334733433,0,12,0.6870366673741259,8.682903793034146,8.682903793034146,False,inf,0.0,True,0.3253748567430956
home,dificil,501,0,per-obstacle generators,462.1134999906644,True,462.1134999906644,True,8.690223453392711,1.0090251153892016,0.2563157732264579,0.5815578806300951,153.11105757526158,0,13,0.6870366673741259,8.690223453392711,8.690223453392711,False,inf,0.0,True,0.3253748567430956
home,dificil,501,0,skeleton length weights,52.6432000042405,True,52.6432000042405,True,8.682903793034146,1.0081752268705089,0.2563157732264579,0.5871633344314837,152.43915334733433,0,12,0.6870366673741259,8.682903793034146,8.682903793034146,False,inf,0.0,True,0.3253748567430956
home,dificil,501,0,Bezier smoothing,62.89529999776278,True,62.89529999776278,True,8.868562955156696,1.0297321820499101,0.2516857897278021,0.6256479847807874,177.51669607663922,0,15,0.6208327807278495,8.868562955156696,8.868562955156696,False,inf,0.0,True,0.30662209537005936
home,dificil,501,0,no smoothing,45.342400000663474,True,45.342400000663474,True,8.787309095312645,1.0202977658067982,0.2564422990825232,0.6190066831971428,152.55559805057436,2,6,0.37468772362875,8.787309095312645,8.787309095312645,False,inf,0.0,True,0.32545308368512915
home,dificil,501,1,TVE (full),41.472900004009716,True,41.472900004009716,True,11.350500851443217,1.008224457277846,0.2834355347834366,0.5403543076658035,139.2079782917654,0,11,0.3438213908190697,11.350500851443217,11.350500851443217,False,inf,0.0,True,0.3375
home,dificil,501,1,K = 1 candidate,36.10530000878498,True,36.10530000878498,True,11.350500851443217,1.008224457277846,0.2834355347834366,0.5403543076658035,139.2079782917654,0,11,0.3438213908190697,11.350500851443217,11.350500851443217,False,inf,0.0,True,0.3375
home,dificil,501,1,K = 8 candidates,45.52759999933187,True,45.52759999933187,True,11.350500851443217,1.008224457277846,0.2834355347834366,0.5403543076658035,139.2079782917654,0,11,0.3438213908190697,11.350500851443217,11.350500851443217,False,inf,0.0,True,0.3375
home,dificil,501,1,tile portals only,39.567699990584515,True,39.567699990584515,True,11.350500851443217,1.008224457277846,0.2834355347834366,0.5403543076658035,139.2079782917654,0,11,0.3438213908190697,11.350500851443217,11.350500851443217,False,inf,0.0,True,0.3375
home,dificil,501,1,disc portals only,37.46829999727197,True,37.46829999727197,True,11.417357789286333,1.0141631203161,0.2890063414652512,0.5704436369187426,140.87048015069283,0,11,0.3137142416103746,11.417357789286333,11.417357789286333,False,inf,0.0,True,0.3375
home,dificil,501,1,single connector,40.18820000055712,True,40.18820000055712,True,11.345690219797312,1.00779714604781,0.28499605751547125,0.5409617932048899,139.06306159881655,0,11,0.384215159906659,11.345690219797312,11.345690219797312,False,inf,0.0,True,0.3379632743276765
home,dificil,501,1,exact collision test only,54.136999999172986,True,54.136999999172986,True,11.350500851443217,1.008224457277846,0.2834355347834366,0.5403543076658035,139.2079782917654,0,11,0.3438213908190697,11.350500851443217,11.350500851443217,False,inf,0.0,True,0.3375
home,dificil,501,1,per-obstacle generators,73.28699999197852,True,73.28699999197852,True,11.369553893213716,1.0099168709387032,0.243352253358765,0.5229373430404358,205.69243665390556,1,13,0.2592949811193976,11.369553893213716,11.369553893213716,False,inf,0.0,True,0.3375
home,dificil,501,1,skeleton length weights,39.38939998624846,True,39.38939998624846,True,11.350500851443217,1.008224457277846,0.2834355347834366,0.5403543076658035,139.2079782917654,0,11,0.3438213908190697,11.350500851443217,11.350500851443217,False,inf,0.0,True,0.3375
home,dificil,501,1,Bezier smoothing,45.26400000031572,True,45.26400000031572,True,11.452411366782,1.0172768044264995,0.2826368969252209,0.5609267534232808,141.84514683400872,0,13,0.33634313581460656,11.452411366782,11.452411366782,False,inf,0.0,True,0.2826368969252209
home,dificil,501,1,no smoothing,47.41120000835508,True,47.41120000835508,True,11.421080197728976,1.014493768565104,0.29735858116620906,0.5532206211526991,139.38706544870232,1,6,0.24452157553889375,11.421080197728976,11.421080197728976,False,inf,0.0,True,0.3375
home,medio,502,0,TVE (full),37.12979999545496,True,37.12979999545496,True,8.978962684028726,1.0082697140630381,0.2839349118567764,0.6550471448471701,89.75927163932097,0,9,0.804295143040024,8.978962684028726,8.978962684028726,True,8.978962684028726,0.0,True,0.30000000000000004
home,medio,502,0,K = 1 candidate,39.59909999684896,True,39.59909999684896,True,8.9803658576186,1.0084272798625662,0.29731047589723547,0.654227213218968,90.19296646990574,0,9,0.8324705554133494,8.9803658576186,8.9803658576186,True,8.9803658576186,0.0,True,0.30000000000000004
home,medio,502,0,K = 8 candidates,44.65330000675749,True,44.65330000675749,True,8.978962684028726,1.0082697140630381,0.2839349118567764,0.6550471448471701,89.75927163932097,0,9,0.804295143040024,8.978962684028726,8.978962684028726,True,8.978962684028726,0.0,True,0.30000000000000004
home,medio,502,0,tile portals only,34.96089999680407,True,34.96089999680407,True,8.978962684028726,1.0082697140630381,0.2839349118567764,0.6550471448471701,89.75927163932097,0,9,0.804295143040024,8.978962684028726,8.978962684028726,True,8.978962684028726,0.0,True,0.30000000000000004
home,medio,502,0,disc portals only,35.97270000318531,True,35.97270000318531,True,8.995532975906157,1.0101304327274463,0.2919062057481822,0.655899124497057,91.30930249508566,0,8,0.7999677630141059,8.995532975906157,8.995532975906157,True,8.995532975906157,0.0,True,0.30000000000000004
home,medio,502,0,single connector,37.624599994160235,True,37.624599994160235,True,8.978962684028726,1.0082697140630381,0.2839349118567764,0.6550471448471701,89.75927163932097,0,9,0.804295143040024,8.978962684028726,8.978962684028726,True,8.978962684028726,0.0,True,0.30000000000000004
home,medio,502,0,exact collision test only,46.20060000161175,True,46.20060000161175,True,8.927421552205379,1.002482034118845,0.24148659345976806,0.6337207709474327,89.23100717120622,0,8,0.8006908461792017,8.927421552205379,8.927421552205379,True,8.927421552205379,0.0,True,0.30000000000000004
home,medio,502,0,per-obstacle generators,171.68700000911485,True,171.68700000911485,True,9.167145374450866,1.0294012093304192,0.22871147559145497,0.5874127761464418,180.6793741277747,0,10,0.3971872265722366,9.167145374450866,9.167145374450866,False,inf,0.0,True,0.2800417040647524
home,medio,502,0,skeleton length weights,47.59919999924023,True,47.59919999924023,True,8.978962684028726,1.0082697140630381,0.2839349118567764,0.6550471448471701,89.75927163932097,0,9,0.804295143040024,8.978962684028726,8.978962684028726,True,8.978962684028726,0.0,True,0.30000000000000004
home,medio,502,0,Bezier smoothing,51.44970001128968,True,51.44970001128968,True,9.04014749112521,1.0151403059261614,0.30000000000000004,0.715043575011554,93.17038813164432,0,13,0.8277893146177855,9.04014749112521,9.04014749112521,True,9.04014749112521,0.0,True,0.30000000000000004
home,medio,502,0,no smoothing,42.62110000126995,True,42.62110000126995,True,9.011794189483473,1.011956444232437,0.28389372243610056,0.6765996064147255,89.94173570675954,0,5,0.42692417776260294,9.011794189483473,9.011794189483473,False,inf,0.0,True,0.30000000000000004
home,medio,502,1,TVE (full),48.56900000595488,True,48.56900000595488,True,12.546019103753395,1.0092315290991132,0.2585204190617881,0.5186913204662379,190.3128253365347,0,15,0.5556784207254628,12.546019103753395,12.546019103753395,False,inf,0.0,True,0.279236475509318
home,medio,502,1,K = 1 candidate,36.4594999991823,True,36.4594999991823,True,12.546019103753395,1.0092315290991132,0.2585204190617881,0.5186913204662379,190.3128253365347,0,15,0.5556784207254628,12.546019103753395,12.546019103753395,False,inf,0.0,True,0.279236475509318
home,medio,502,1,K = 8 candidates,46.02210001030471,True,46.02210001030471,True,12.546019103753395,1.0092315290991132,0.2585204190617881,0.5186913204662379,190.3128253365347,0,15,0.5556784207254628,12.546019103753395,12.546019103753395,False,inf,0.0,True,0.279236475509318
home,medio,502,1,tile portals only,43.23070000100415,True,43.23070000100415,True,12.546019103753395,1.0092315290991132,0.2585204190617881,0.5186913204662379,190.3128253365347,0,15,0.5556784207254628,12.546019103753395,12.546019103753395,False,inf,0.0,True,0.279236475509318
home,medio,502,1,disc portals only,47.63410000305157,True,47.63410000305157,True,12.661981952737607,1.0185598556727602,0.27105418528276387,0.535526909457061,193.09360549441053,0,16,0.4969274355430348,12.661981952737607,12.661981952737607,False,inf,0.0,True,0.3294328528003928
home,medio,502,1,single connector,42.638300001272,True,42.638300001272,True,12.546019103753395,1.0092315290991132,0.2585204190617881,0.5186913204662379,190.3128253365347,0,15,0.5556784207254628,12.546019103753395,12.546019103753395,False,inf,0.0,True,0.279236475509318
home,medio,502,1,exact collision test only,63.16720000177156,True,63.16720000177156,True,12.517606277506216,1.0069459339758848,0.24776474415829705,0.5120956289368674,187.99955207858397,0,13,0.5438245326773277,12.517606277506216,12.517606277506216,False,inf,0.0,True,0.279236475509318
home,medio,502,1,per-obstacle generators,185.25740000768565,True,185.25740000768565,True,13.35595043318682,1.0743843259591808,0.22871987628129942,0.5742717951150048,286.70980821564046,0,18,0.40176196528278263,13.35595043318682,13.35595043318682,False,inf,0.0,True,0.24504593364291957
home,medio,502,1,skeleton length weights,44.108100002631545,True,44.108100002631545,True,12.546019103753395,1.0092315290991132,0.2585204190617881,0.5186913204662379,190.3128253365347,0,15,0.5556784207254628,12.546019103753395,12.546019103753395,False,inf,0.0,True,0.279236475509318
home,medio,502,1,Bezier smoothing,52.47100000269711,True,52.47100000269711,True,12.664693094756444,1.0187779463661224,0.3148602987323532,0.5516959329393532,192.50278232919692,0,16,0.4399559188887606,12.664693094756444,12.664693094756444,False,inf,0.0,True,0.3362635718275973
home,medio,502,1,no smoothing,45.27319999760948,True,45.27319999760948,True,12.625149715627499,1.0155969831734144,0.25880619943717237,0.5357273097500823,190.48791271706656,1,8,0.47474555956021897,12.625149715627499,12.625149715627499,False,inf,0.0,True,0.2796604400680289
workshop,facil,502,0,TVE (full),22.027400002116337,True,22.027400002116337,True,8.998595464532668,1.0330297526445749,0.37773838687380445,1.0758990328033236,39.96063914394821,0,5,0.8467305551313712,8.998595464532668,8.998595464532668,True,8.998595464532668,0.0,True,0.43773838687380445
workshop,facil,502,0,K = 1 candidate,19.03179999499116,True,19.03179999499116,True,8.998595464532668,1.0330297526445749,0.37773838687380445,1.0758990328033236,39.96063914394821,0,5,0.8467305551313712,8.998595464532668,8.998595464532668,True,8.998595464532668,0.0,True,0.43773838687380445
workshop,facil,502,0,K = 8 candidates,26.50149998953566,True,26.50149998953566,True,8.998595464532668,1.0330297526445749,0.37773838687380445,1.0758990328033236,39.96063914394821,0,5,0.8467305551313712,8.998595464532668,8.998595464532668,True,8.998595464532668,0.0,True,0.43773838687380445
workshop,facil,502,0,tile portals only,18.113099999027327,True,18.113099999027327,True,10.572503359012456,1.2137128036082663,0.30906369993235294,0.6506650267288413,113.94822806701617,0,10,0.7169116721480052,10.572503359012456,10.572503359012456,False,inf,0.0,True,0.35683361301386113
workshop,facil,502,0,disc portals only,20.994899998186156,True,20.994899998186156,True,8.998595464532668,1.0330297526445749,0.37773838687380445,1.0758990328033236,39.96063914394821,0,5,0.8467305551313712,8.998595464532668,8.998595464532668,True,8.998595464532668,0.0,True,0.43773838687380445
workshop,facil,502,0,single connector,21.894200006499887,True,21.894200006499887,True,8.729527955598824,1.0021410719283275,0.3669506690030865,0.8684247530945477,14.537697239726137,0,4,2.6235950147217717,8.729527955598824,8.729527955598824,True,8.729527955598824,0.0,True,0.4269506690030865
workshop,facil,502,0,exact collision test only,25.30710000428371,True,25.30710000428371,True,8.998595464532668,1.0330297526445749,0.37773838687380445,1.0758990328033236,39.96063914394821,0,5,0.8467305551313712,8.998595464532668,8.998595464532668,True,8.998595464532668,0.0,True,0.43773838687380445
workshop,facil,502,0,per-obstacle generators,20.82459999655839,True,20.82459999655839,True,8.998595464532668,1.0330297526445749,0.37773838687380445,1.0758990328033236,39.96063914394821,0,5,0.8467305551313712,8.998595464532668,8.998595464532668,True,8.998595464532668,0.0,True,0.43773838687380445
workshop,facil,502,0,skeleton length weights,26.73119999235496,True,26.73119999235496,True,8.998595464532668,1.0330297526445749,0.37773838687380445,1.0758990328033236,39.96063914394821,0,5,0.8467305551313712,8.998595464532668,8.998595464532668,True,8.998595464532668,0.0,True,0.43773838687380445
workshop,facil,502,0,Bezier smoothing,22.893800007295795,True,22.893800007295795,True,9.052854341374905,1.0392586173984166,0.39868925063466376,1.1342024441033411,48.26571238196061,0,8,1.4722105344994332,9.052854341374905,9.052854341374905,True,9.052854341374905,0.0,True,0.45868925063466376
workshop,facil,502,0,no smoothing,21.280600005411543,True,21.280600005411543,True,9.022669537358897,1.0357934321093143,0.37765543146172065,1.0788597291905566,40.10339208811752,0,3,0.5900765562165956,9.022669537358897,9.022669537358897,False,inf,0.0,True,0.43765543146172065
workshop,facil,502,1,TVE (full),19.5127000042703,True,19.5127000042703,True,9.32927649927903,1.0,0.582495476333275,1.5055418892180077,0.0,0,2,11863283.203031443,9.32927649927903,9.32927649927903,True,9.32927649927903,0.0,True,0.6424954763332751
workshop,facil,502,1,K = 1 candidate,17.920400001457892,True,17.920400001457892,True,10.866272486830697,1.1647497517809067,0.294852174989991,1.0356257676850218,73.7429711788626,0,6,0.7999946099875088,10.866272486830697,10.866272486830697,True,10.866272486830697,0.0,True,0.3577270122359891
workshop,facil,502,1,K = 8 candidates,25.12160000333097,True,25.12160000333097,True,9.32927649927903,1.0,0.582495476333275,1.5055418892180077,0.0,0,2,11863283.203031443,9.32927649927903,9.32927649927903,True,9.32927649927903,0.0,True,0.6424954763332751
workshop,facil,502,1,tile portals only,19.761399991693906,True,19.761399991693906,True,9.32927649927903,1.0,0.582495476333275,1.5055418892180077,0.0,0,2,11863283.203031443,9.32927649927903,9.32927649927903,True,9.32927649927903,0.0,True,0.6424954763332751
workshop,facil,502,1,disc portals only,18.39129999279976,True,18.39129999279976,True,9.32927649927903,1.0,0.582495476333275,1.5055418892180077,0.0,0,2,11863283.203031443,9.32927649927903,9.32927649927903,True,9.32927649927903,0.0,True,0.6424954763332751
workshop,facil,502,1,single connector,19.91730000008829,True,19.91730000008829,True,9.32927649927903,1.0,0.582495476333275,1.5055418892180077,0.0,0,2,11863283.203031443,9.32927649927903,9.32927649927903,True,9.32927649927903,0.0,True,0.6424954763332751
workshop,facil,502,1,exact collision test only,22.873199995956384,True,22.873199995956384,True,9.32927649927903,1.0,0.582495476333275,1.5055418892180077,0.0,0,2,11863283.203031443,9.32927649927903,9.32927649927903,True,9.32927649927903,0.0,True,0.6424954763332751
workshop,facil,502,1,per-obstacle generators,19.358999998075888,True,19.358999998075888,True,9.32927649927903,1.0,0.582495476333275,1.5055418892180077,0.0,0,2,11863283.203031443,9.32927649927903,9.32927649927903,True,9.32927649927903,0.0,True,0.6424954763332751
workshop,facil,502,1,skeleton length weights,17.879499995615333,True,17.879499995615333,True,9.32927649927903,1.0,0.582495476333275,1.5055418892180077,0.0,0,2,11863283.203031443,9.32927649927903,9.32927649927903,True,9.32927649927903,0.0,True,0.6424954763332751
workshop,facil,502,1,Bezier smoothing,19.625300003099255,True,19.625300003099255,True,9.32927649927903,1.0,0.582495476333275,1.5055418892180077,0.0,0,2,11863283.203031443,9.32927649927903,9.32927649927903,True,9.32927649927903,0.0,True,0.6424954763332751
workshop,facil,502,1,no smoothing,19.626499997684732,True,19.626499997684732,True,9.32927649927903,1.0,0.582495476333275,1.5055418892180077,0.0,0,2,11863283.203031443,9.32927649927903,9.32927649927903,True,9.32927649927903,0.0,True,0.6424954763332751
workshop,facil,500,0,TVE (full),20.905199999106117,True,20.905199999106117,True,6.785950702939748,1.0032594240518662,0.3484141550088523,0.8646458904032813,21.15049377887261,0,3,1.045676232486045,6.785950702939748,6.785950702939748,True,6.785950702939748,0.0,True,0.4143280709936262
workshop,facil,500,0,K = 1 candidate,16.100799999549054,True,16.100799999549054,True,6.785950702939748,1.0032594240518662,0.3484141550088523,0.8646458904032813,21.15049377887261,0,3,1.045676232486045,6.785950702939748,6.785950702939748,True,6.785950702939748,0.0,True,0.4143280709936262
workshop,facil,500,0,K = 8 candidates,22.376900000381283,True,22.376900000381283,True,6.785950702939748,1.0032594240518662,0.3484141550088523,0.8646458904032813,21.15049377887261,0,3,1.045676232486045,6.785950702939748,6.785950702939748,True,6.785950702939748,0.0,True,0.4143280709936262
workshop,facil,500,0,tile portals only,17.360300000291318,True,17.360300000291318,True,6.785950702939748,1.0032594240518662,0.3484141550088523,0.8646458904032813,21.15049377887261,0,3,1.045676232486045,6.785950702939748,6.785950702939748,True,6.785950702939748,0.0,True,0.4143280709936262
workshop,facil,500,0,disc portals only,17.64650001132395,True,17.64650001132395,True,6.807869533921717,1.0064999830699761,0.3802534401232763,0.8773858660096445,23.849576887200005,0,4,1.1012165168676795,6.807869533921717,6.807869533921717,True,6.807869533921717,0.0,True,0.4461604225451513
workshop,facil,500,0,single connector,23.859699998865835,True,23.859699998865835,True,6.7750346197688875,1.0016455509492874,0.29724240614314046,0.8737683168332505,20.326522346198615,0,3,1.2454130018677558,6.7750346197688875,6.7750346197688875,True,6.7750346197688875,0.0,True,0.36314938856501544
workshop,facil,500,0,exact collision test only,20.228599998517893,True,20.228599998517893,True,6.785950702939748,1.0032594240518662,0.3484141550088523,0.8646458904032813,21.15049377887261,0,3,1.045676232486045,6.785950702939748,6.785950702939748,True,6.785950702939748,0.0,True,0.4143280709936262
workshop,facil,500,0,per-obstacle generators,19.6289000014076,True,19.6289000014076,True,6.785950702939748,1.0032594240518662,0.3484141550088523,0.8646458904032813,21.15049377887261,0,3,1.045676232486045,6.785950702939748,6.785950702939748,True,6.785950702939748,0.0,True,0.4143280709936262
workshop,facil,500,0,skeleton length weights,19.374199997400865,True,19.374199997400865,True,6.785950702939748,1.0032594240518662,0.3484141550088523,0.8646458904032813,21.15049377887261,0,3,1.045676232486045,6.785950702939748,6.785950702939748,True,6.785950702939748,0.0,True,0.4143280709936262
workshop,facil,500,0,Bezier smoothing,21.943999992799945,True,21.943999992799945,True,6.809659681825582,1.006764644991882,0.3684551239013672,0.852118059326103,27.470783340825008,0,7,5.412647265663185,6.809659681825582,6.809659681825582,True,6.809659681825582,0.0,True,0.42988259193617406
workshop,facil,500,0,no smoothing,19.27270001033321,True,19.27270001033321,True,6.789639877502589,1.0038048449234827,0.3492528150468597,0.8758796825466618,21.693375645394294,0,3,0.9011394178384213,6.789639877502589,6.789639877502589,True,6.789639877502589,0.0,True,0.42374375893261407
workshop,facil,500,1,TVE (full),18.000399999436922,True,18.000399999436922,True,8.066653581256604,1.0,1.2073773685894513,1.541713437800658,0.0,0,2,inf,8.066653581256604,8.066653581256604,True,8.066653581256604,0.0,True,1.2946644432192385
workshop,facil,500,1,K = 1 candidate,15.41160000488162,True,15.41160000488162,True,8.066653581256604,1.0,1.2073773685894513,1.541713437800658,0.0,0,2,inf,8.066653581256604,8.066653581256604,True,8.066653581256604,0.0,True,1.2946644432192385
workshop,facil,500,1,K = 8 candidates,21.33230000617914,True,21.33230000617914,True,8.066653581256604,1.0,1.2073773685894513,1.541713437800658,0.0,0,2,inf,8.066653581256604,8.066653581256604,True,8.066653581256604,0.0,True,1.2946644432192385
workshop,facil,500,1,tile portals only,17.7207999950042,True,17.7207999950042,True,8.066653581256604,1.0,1.2073773685894513,1.541713437800658,0.0,0,2,inf,8.066653581256604,8.066653581256604,True,8.066653581256604,0.0,True,1.2946644432192385
workshop,facil,500,1,disc portals only,16.26370000303723,True,16.26370000303723,True,8.066653581256604,1.0,1.2073773685894513,1.541713437800658,0.0,0,2,inf,8.066653581256604,8.066653581256604,True,8.066653581256604,0.0,True,1.2946644432192385
workshop,facil,500,1,single connector,17.317300007562153,True,17.317300007562153,True,8.066653581256604,1.0,1.2073773685894513,1.541713437800658,0.0,0,2,inf,8.066653581256604,8.066653581256604,True,8.066653581256604,0.0,True,1.2946644432192385
workshop,facil,500,1,exact collision test only,21.44850000331644,True,21.44850000331644,True,8.066653581256604,1.0,1.2073773685894513,1.541713437800658,0.0,0,2,inf,8.066653581256604,8.066653581256604,True,8.066653581256604,0.0,True,1.2946644432192385
workshop,facil,500,1,per-obstacle generators,17.810200006351806,True,17.810200006351806,True,8.066653581256604,1.0,1.2073773685894513,1.541713437800658,0.0,0,2,inf,8.066653581256604,8.066653581256604,True,8.066653581256604,0.0,True,1.2946644432192385
workshop,facil,500,1,skeleton length weights,17.845399997895584,True,17.845399997895584,True,8.066653581256604,1.0,1.2073773685894513,1.541713437800658,0.0,0,2,inf,8.066653581256604,8.066653581256604,True,8.066653581256604,0.0,True,1.2946644432192385
workshop,facil,500,1,Bezier smoothing,19.52849999361206,True,19.52849999361206,True,8.066653581256604,1.0,1.2073773685894513,1.541713437800658,0.0,0,2,11863283.203031443,8.066653581256604,8.066653581256604,True,8.066653581256604,0.0,True,1.2946644432192385
workshop,facil,500,1,no smoothing,18.812800000887364,True,18.812800000887364,True,8.066653581256604,1.0,1.2073773685894513,1.541713437800658,0.0,0,2,inf,8.066653581256604,8.066653581256604,True,8.066653581256604,0.0,True,1.2946644432192385
workshop,facil,501,0,TVE (full),20.435700003872626,True,20.435700003872626,True,10.513962915719679,1.0027040884499048,0.2813001260526936,0.8499838064122262,42.579578701977105,0,5,0.7686567633947667,10.513962915719679,10.513962915719679,False,inf,0.0,True,0.3
workshop,facil,501,0,K = 1 candidate,18.108400006894954,True,18.108400006894954,True,10.513962915719679,1.0027040884499048,0.2813001260526936,0.8499838064122262,42.579578701977105,0,5,0.7686567633947667,10.513962915719679,10.513962915719679,False,inf,0.0,True,0.3
workshop,facil,501,0,K = 8 candidates,30.826499991235323,True,30.826499991235323,True,10.513962915719679,1.0027040884499048,0.2813001260526936,0.8499838064122262,42.579578701977105,0,5,0.7686567633947667,10.513962915719679,10.513962915719679,False,inf,0.0,True,0.3
workshop,facil,501,0,tile portals only,26.60470000409987,True,26.60470000409987,True,10.517922112636114,1.0030816723321108,0.3,0.8660727055502854,49.35092691959915,0,6,0.7999495252037012,10.517922112636114,10.517922112636114,True,10.517922112636114,0.0,True,0.3
workshop,facil,501,0,disc portals only,29.606399999465793,True,29.606399999465793,True,10.513962915719679,1.0027040884499048,0.2813001260526936,0.8499838064122262,42.579578701977105,0,5,0.7686567633947667,10.513962915719679,10.513962915719679,False,inf,0.0,True,0.3
workshop,facil,501,0,single connector,35.231100002420135,True,35.231100002420135,True,11.146963897892963,1.0630726362473277,0.2858671257618727,0.8454127622977018,141.24635477631858,0,9,0.6270811548364628,11.146963897892963,11.146963897892963,False,inf,0.0,True,0.3
workshop,facil,501,0,exact collision test only,25.094899989198893,True,25.094899989198893,True,10.513962915719679,1.0027040884499048,0.2813001260526936,0.8499838064122262,42.579578701977105,0,5,0.7686567633947667,10.513962915719679,10.513962915719679,False,inf,0.0,True,0.3
workshop,facil,501,0,per-obstacle generators,21.026499991421588,True,21.026499991421588,True,10.513962915719679,1.0027040884499048,0.2813001260526936,0.8499838064122262,42.579578701977105,0,5,0.7686567633947667,10.513962915719679,10.513962915719679,False,inf,0.0,True,0.3
workshop,facil,501,0,skeleton length weights,22.868300002301112,True,22.868300002301112,True,10.513962915719679,1.0027040884499048,0.2813001260526936,0.8499838064122262,42.579578701977105,0,5,0.7686567633947667,10.513962915719679,10.513962915719679,False,inf,0.0,True,0.3
workshop,facil,501,0,Bezier smoothing,26.092300002346747,True,26.092300002346747,True,10.551461682259003,1.006280301037129,0.25814582619983345,0.8455463505076374,47.353541248468986,0,4,0.44359601822116235,10.551461682259003,10.551461682259003,False,inf,0.0,True,0.28606115722969333
workshop,facil,501,0,no smoothing,28.48949999315664,True,28.48949999315664,True,10.546946082009804,1.005849653633484,0.2813463636896133,0.8619412742124135,45.252994436305805,1,3,0.45997308440556844,10.546946082009804,10.546946082009804,False,inf,0.0,True,0.3
workshop,facil,501,1,TVE (full),19.255000006523915,True,19.255000006523915,True,9.190777239954773,1.0036471717599529,0.39052905317686537,0.8972126422919487,20.16656045138674,0,4,1.2469653034202293,9.190777239954773,9.190777239954773,True,9.190777239954773,0.0,True,0.42
workshop,facil,501,1,K = 1 candidate,16.822599995066412,True,16.822599995066412,True,9.190777239954773,1.0036471717599529,0.39052905317686537,0.8972126422919487,20.16656045138674,0,4,1.2469653034202293,9.190777239954773,9.190777239954773,True,9.190777239954773,0.0,True,0.42
workshop,facil,501,1,K = 8 candidates,29.610500001581386,True,29.610500001581386,True,9.190777239954773,1.0036471717599529,0.39052905317686537,0.8972126422919487,20.16656045138674,0,4,1.2469653034202293,9.190777239954773,9.190777239954773,True,9.190777239954773,0.0,True,0.42
workshop,facil,501,1,tile portals only,22.39470000495203,True,22.39470000495203,True,9.190777239954773,1.0036471717599529,0.39052905317686537,0.8972126422919487,20.16656045138674,0,4,1.2469653034202293,9.190777239954773,9.190777239954773,True,9.190777239954773,0.0,True,0.42
workshop,facil,501,1,disc portals only,18.807700005709194,True,18.807700005709194,True,9.190777239954773,1.0036471717599529,0.39052905317686537,0.8972126422919487,20.16656045138674,0,4,1.2469653034202293,9.190777239954773,9.190777239954773,True,9.190777239954773,0.0,True,0.42
workshop,facil,501,1,single connector,22.1981000067899,True,22.1981000067899,True,9.17531253719739,1.0019584021619825,0.34588205561133717,0.8935242575588234,18.030627220830862,0,4,1.2647524134729693,9.17531253719739,9.17531253719739,True,9.17531253719739,0.0,True,0.41178903803321215
workshop,facil,501,1,exact collision test only,21.966000000247732,True,21.966000000247732,True,9.190777239954773,1.0036471717599529,0.39052905317686537,0.8972126422919487,20.16656045138674,0,4,1.2469653034202293,9.190777239954773,9.190777239954773,True,9.190777239954773,0.0,True,0.42
workshop,facil,501,1,per-obstacle generators,20.90759998827707,True,20.90759998827707,True,9.190777239954773,1.0036471717599529,0.39052905317686537,0.8972126422919487,20.16656045138674,0,4,1.2469653034202293,9.190777239954773,9.190777239954773,True,9.190777239954773,0.0,True,0.42
workshop,facil,501,1,skeleton length weights,19.370900001376867,True,19.370900001376867,True,9.190777239954773,1.0036471717599529,0.39052905317686537,0.8972126422919487,20.16656045138674,0,4,1.2469653034202293,9.190777239954773,9.190777239954773,True,9.190777239954773,0.0,True,0.42
workshop,facil,501,1,Bezier smoothing,21.815500003867783,True,21.815500003867783,True,9.201359813510015,1.0048028052544182,0.403593777467927,0.9012526199341105,23.496437217269023,0,6,2.616294531022494,9.201359813510015,9.201359813510015,True,9.201359813510015,0.0,True,0.42
workshop,facil,501,1,no smoothing,20.434099991689436,True,20.434099991689436,True,9.193746889245356,1.0039714620820657,0.3961126112315478,0.9036437657274068,20.18521450091258,0,3,1.2055707633418478,9.193746889245356,9.193746889245356,True,9.193746889245356,0.0,True,0.42
home,dificil,500,0,TVE (full),53.843700006837025,True,53.843700006837025,True,14.535726912592729,1.004745641619362,0.2558598714034013,0.7138090467862698,240.72848288536358,0,16,0.42751851686617715,14.535726912592729,14.535726912592729,False,inf,0.0,True,0.3236616045003804
home,dificil,500,0,K = 1 candidate,40.944099993794225,True,40.944099993794225,True,15.327175687643413,1.0594525518467584,0.275,0.6701643536459251,289.6479915647068,0,21,0.4729077611968513,15.327175687643413,15.327175687643413,False,inf,0.0,True,0.32231573285248505
home,dificil,500,0,K = 8 candidates,59.334599995054305,True,59.334599995054305,True,14.535726912592729,1.004745641619362,0.2558598714034013,0.7138090467862698,240.72848288536358,0,16,0.42751851686617715,14.535726912592729,14.535726912592729,False,inf,0.0,True,0.3236616045003804
home,dificil,500,0,tile portals only,45.08370000985451,True,45.08370000985451,True,14.535726912592729,1.004745641619362,0.2558598714034013,0.7138090467862698,240.72848288536358,0,16,0.42751851686617715,14.535726912592729,14.535726912592729,False,inf,0.0,True,0.3236616045003804
home,dificil,500,0,disc portals only,47.34339998685755,True,47.34339998685755,True,14.566494779907096,1.0068723932274464,0.24976947328103427,0.7192568341097686,239.20196430477517,0,16,0.4387280917152677,14.566494779907096,14.566494779907096,False,inf,0.0,True,0.29088161571218224
home,dificil,500,0,single connector,48.75130001164507,True,48.75130001164507,True,14.535726912592729,1.004745641619362,0.2558598714034013,0.7138090467862698,240.72848288536358,0,16,0.42751851686617715,14.535726912592729,14.535726912592729,False,inf,0.0,True,0.3236616045003804
home,dificil,500,0,exact collision test only,68.29989999823738,True,68.29989999823738,True,14.534881654758701,1.0046872152929809,0.23916937909855263,0.7158077377335639,242.53398430418673,0,16,0.42675591261073154,14.534881654758701,14.534881654758701,False,inf,0.0,True,0.3236616045003804
home,dificil,500,0,per-obstacle generators,442.46299999940675,True,442.46299999940675,True,14.591685087670925,1.0086136100299465,0.26593525673040264,0.7234127922227854,240.61284071273374,0,16,0.42872936280249674,14.591685087670925,14.591685087670925,False,inf,0.0,True,0.3236616045003804
home,dificil,500,0,skeleton length weights,48.889999990933575,True,48.889999990933575,True,14.566494779907096,1.0068723932274464,0.24976947328103427,0.7192568341097686,239.20196430477517,0,16,0.4387280917152677,14.566494779907096,14.566494779907096,False,inf,0.0,True,0.29088161571218224
home,dificil,500,0,Bezier smoothing,58.17849999584723,True,58.17849999584723,True,14.849876715907705,1.026460458332302,0.275,0.7635620862145499,258.34105991702,0,23,0.41329751453947944,14.849876715907705,14.849876715907705,False,inf,0.0,True,0.325
home,dificil,500,0,no smoothing,51.006599998800084,True,51.006599998800084,True,14.7128835249636,1.0169911478285822,0.2650958625637756,0.7484797038592239,241.79885174885803,4,7,0.2705465971676189,14.7128835249636,14.7128835249636,False,inf,0.0,True,0.325
home,dificil,500,1,TVE (full),42.10580000653863,True,42.10580000653863,True,6.63946428278949,1.0044698095830682,0.275,0.5031177387683766,50.69297775621362,0,6,0.5751368251397265,6.63946428278949,6.63946428278949,False,inf,0.0,True,0.275
home,dificil,500,1,K = 1 candidate,35.768200003076345,True,35.768200003076345,True,6.63946428278949,1.0044698095830682,0.275,0.5031177387683766,50.69297775621362,0,6,0.5751368251397265,6.63946428278949,6.63946428278949,False,inf,0.0,True,0.275
home,dificil,500,1,K = 8 candidates,42.79699998733122,True,42.79699998733122,True,6.63946428278949,1.0044698095830682,0.275,0.5031177387683766,50.69297775621362,0,6,0.5751368251397265,6.63946428278949,6.63946428278949,False,inf,0.0,True,0.275
home,dificil,500,1,tile portals only,38.70370000367984,True,38.70370000367984,True,6.63946428278949,1.0044698095830682,0.275,0.5031177387683766,50.69297775621362,0,6,0.5751368251397265,6.63946428278949,6.63946428278949,False,inf,0.0,True,0.275
home,dificil,500,1,disc portals only,37.05230000196025,True,37.05230000196025,True,6.666220667946819,1.0085177236856835,0.2732354567286793,0.507925585149105,51.17040028553809,0,5,0.8000194339621176,6.666220667946819,6.666220667946819,True,6.666220667946819,0.0,True,0.275
home,dificil,500,1,single connector,38.16660000302363,True,38.16660000302363,True,6.636695610013058,1.0040509432260718,0.2687761759932015,0.5030283996060673,48.24657680773743,0,6,0.6793333678689251,6.636695610013058,6.636695610013058,False,inf,0.0,True,0.275
home,dificil,500,1,exact collision test only,49.78679999476299,True,49.78679999476299,True,6.6355530663566356,1.0038780903331084,0.2480747203470287,0.4796618248757869,44.52694686282286,0,5,0.7522066386610762,6.6355530663566356,6.6355530663566356,False,inf,0.0,True,0.275
home,dificil,500,1,per-obstacle generators,19.076299999142066,True,19.076299999142066,True,6.665291414144466,1.0083771389411698,0.275,0.5406957046792048,51.116265658872756,0,6,0.7458553383406699,6.665291414144466,6.665291414144466,False,inf,0.0,True,0.275
home,dificil,500,1,skeleton length weights,37.392599988379516,True,37.392599988379516,True,6.666220667946819,1.0085177236856835,0.2732354567286793,0.507925585149105,51.17040028553809,0,5,0.8000194339621176,6.666220667946819,6.666220667946819,True,6.666220667946819,0.0,True,0.275
home,dificil,500,1,Bezier smoothing,43.57620001246687,True,43.57620001246687,True,6.664396513062389,1.0082417513434323,0.2601447026118039,0.5325057860537175,64.65625475288402,0,7,0.5661151178440944,6.664396513062389,6.664396513062389,False,inf,0.0,True,0.275
home,dificil,500,1,no smoothing,38.88839999854099,True,38.88839999854099,True,6.6560075341236375,1.0069726013460378,0.275,0.5114621356185237,69.41833140956649,0,5,0.520935919632548,6.6560075341236375,6.6560075341236375,False,inf,0.0,True,0.275
workshop,dificil,501,0,TVE (full),22.988500000792556,True,22.988500000792556,True,10.384655555896797,1.0306284466393245,0.28433050468398857,0.8428500244105412,65.29312767313566,0,6,0.8004070954378768,10.384655555896797,10.384655555896797,True,10.384655555896797,18.069947605558255,False,0.0
workshop,dificil,501,0,K = 1 candidate,18.283299999893643,True,18.283299999893643,True,11.916149439546931,1.1826220446790485,0.293627986907959,0.8064114391337702,116.01868039945501,0,10,0.818293949316582,11.916149439546931,11.916149439546931,True,11.916149439546931,5.128196004085891,False,0.09032922881884621
workshop,dificil,501,0,K = 8 candidates,28.24260000488721,True,28.24260000488721,True,10.384655555896797,1.0306284466393245,0.28433050468398857,0.8428500244105412,65.29312767313566,0,6,0.8004070954378768,10.384655555896797,10.384655555896797,True,10.384655555896797,18.069947605558255,False,0.0
workshop,dificil,501,0,tile portals only,19.55870000529103,True,19.55870000529103,True,10.384655555896797,1.0306284466393245,0.28433050468398857,0.8428500244105412,65.29312767313566,0,6,0.8004070954378768,10.384655555896797,10.384655555896797,True,10.384655555896797,18.069947605558255,False,0.0
workshop,dificil,501,0,disc portals only,21.97119999618735,True,21.97119999618735,True,10.471173534781592,1.0392149509970716,0.2817965428725439,0.8473246051178293,72.2853260221425,0,7,0.8003475310877685,10.471173534781592,10.471173534781592,True,10.471173534781592,16.16102587966987,False,0.0
workshop,dificil,501,0,single connector,23.44400000583846,True,23.44400000583846,True,11.888328181544841,1.1798609150716286,0.2772199044465239,0.7981130292710248,115.1430127510694,0,10,0.8014145986882417,11.888328181544841,11.888328181544841,True,11.888328181544841,5.266905168793704,False,0.0862399244124716
workshop,dificil,501,0,exact collision test only,34.42729999369476,True,34.42729999369476,True,10.088136892369151,1.0012003574796862,0.26388614892015233,0.9075465026698659,32.80687478515159,0,4,0.8524663956553329,10.088136892369151,10.088136892369151,True,10.088136892369151,0.0,True,0.30700538849054637
workshop,dificil,501,0,per-obstacle generators,22.89100000052713,True,22.89100000052713,True,10.384655555896797,1.0306284466393245,0.28433050468398857,0.8428500244105412,65.29312767313566,0,6,0.8004070954378768,10.384655555896797,10.384655555896797,True,10.384655555896797,18.069947605558255,False,0.0
workshop,dificil,501,0,skeleton length weights,19.03509999101516,True,19.03509999101516,True,10.384655555896797,1.0306284466393245,0.28433050468398857,0.8428500244105412,65.29312767313566,0,6,0.8004070954378768,10.384655555896797,10.384655555896797,True,10.384655555896797,18.069947605558255,False,0.0
workshop,dificil,501,0,Bezier smoothing,26.81250000023283,True,26.81250000023283,True,10.489279394729126,1.0410118728316335,0.2729832524074679,0.8796988947299352,89.41776812862578,0,9,0.6274207545026094,10.489279394729126,10.489279394729126,False,inf,15.22608561443672,False,0.0
workshop,dificil,501,0,no smoothing,22.72980000998359,True,22.72980000998359,True,10.43081292994118,1.0352093499207338,0.293627986907959,0.864058083827209,69.94976255692268,1,4,0.5063539674022284,10.43081292994118,10.43081292994118,False,inf,18.05093672973724,False,0.0
workshop,dificil,501,1,TVE (full),18.33269999769982,True,18.33269999769982,True,6.11948527247186,1.0,0.49181396484375,1.3952475218961509,0.0,0,2,11863283.203031443,6.11948527247186,6.11948527247186,True,6.11948527247186,0.0,True,0.34772100448608395
workshop,dificil,501,1,K = 1 candidate,17.98510001390241,True,17.98510001390241,True,6.11948527247186,1.0,0.49181396484375,1.3952475218961509,0.0,0,2,11863283.203031443,6.11948527247186,6.11948527247186,True,6.11948527247186,0.0,True,0.34772100448608395
workshop,dificil,501,1,K = 8 candidates,21.3930000027176,True,21.3930000027176,True,6.11948527247186,1.0,0.49181396484375,1.3952475218961509,0.0,0,2,11863283.203031443,6.11948527247186,6.11948527247186,True,6.11948527247186,0.0,True,0.34772100448608395
workshop,dificil,501,1,tile portals only,17.036300007021055,True,17.036300007021055,True,6.11948527247186,1.0,0.49181396484375,1.3952475218961509,0.0,0,2,11863283.203031443,6.11948527247186,6.11948527247186,True,6.11948527247186,0.0,True,0.34772100448608395
workshop,dificil,501,1,disc portals only,16.87079999828711,True,16.87079999828711,True,6.11948527247186,1.0,0.49181396484375,1.3952475218961509,0.0,0,2,11863283.203031443,6.11948527247186,6.11948527247186,True,6.11948527247186,0.0,True,0.34772100448608395
workshop,dificil,501,1,single connector,16.95050000853371,True,16.95050000853371,True,6.11948527247186,1.0,0.49181396484375,1.3952475218961509,0.0,0,2,11863283.203031443,6.11948527247186,6.11948527247186,True,6.11948527247186,0.0,True,0.34772100448608395
workshop,dificil,501,1,exact collision test only,18.1429000076605,True,18.1429000076605,True,6.11948527247186,1.0,0.49181396484375,1.3952475218961509,0.0,0,2,11863283.203031443,6.11948527247186,6.11948527247186,True,6.11948527247186,0.0,True,0.34772100448608395
workshop,dificil,501,1,per-obstacle generators,17.76689999678638,True,17.76689999678638,True,6.11948527247186,1.0,0.49181396484375,1.3952475218961509,0.0,0,2,11863283.203031443,6.11948527247186,6.11948527247186,True,6.11948527247186,0.0,True,0.34772100448608395
workshop,dificil,501,1,skeleton length weights,18.355699998210184,True,18.355699998210184,True,6.11948527247186,1.0,0.49181396484375,1.3952475218961509,0.0,0,2,11863283.203031443,6.11948527247186,6.11948527247186,True,6.11948527247186,0.0,True,0.34772100448608395
workshop,dificil,501,1,Bezier smoothing,18.94880000327248,True,18.94880000327248,True,6.11948527247186,1.0,0.49181396484375,1.3952475218961509,0.0,0,2,11863283.203031443,6.11948527247186,6.11948527247186,True,6.11948527247186,0.0,True,0.34772100448608395
workshop,dificil,501,1,no smoothing,18.01470000646077,True,18.01470000646077,True,6.11948527247186,1.0,0.49181396484375,1.3952475218961509,0.0,0,2,11863283.203031443,6.11948527247186,6.11948527247186,True,6.11948527247186,0.0,True,0.34772100448608395
workshop,medio,500,0,TVE (full),19.53190000494942,True,19.53190000494942,True,6.587579221535024,1.0,0.2968758921914848,0.7563233833318209,0.0,0,2,11863283.203031443,6.587579221535024,6.587579221535024,True,6.587579221535024,0.0,True,0.32999999999999996
workshop,medio,500,0,K = 1 candidate,17.230800003744662,True,17.230800003744662,True,6.587579221535024,1.0,0.2968758921914848,0.7563233833318209,0.0,0,2,11863283.203031443,6.587579221535024,6.587579221535024,True,6.587579221535024,0.0,True,0.32999999999999996
workshop,medio,500,0,K = 8 candidates,27.321999994455837,True,27.321999994455837,True,6.587579221535024,1.0,0.2968758921914848,0.7563233833318209,0.0,0,2,11863283.203031443,6.587579221535024,6.587579221535024,True,6.587579221535024,0.0,True,0.32999999999999996
workshop,medio,500,0,tile portals only,18.787799999699928,True,18.787799999699928,True,6.587579221535024,1.0,0.2968758921914848,0.7563233833318209,0.0,0,2,11863283.203031443,6.587579221535024,6.587579221535024,True,6.587579221535024,0.0,True,0.32999999999999996
workshop,medio,500,0,disc portals only,19.45940000587143,True,19.45940000587143,True,6.587579221535024,1.0,0.2968758921914848,0.7563233833318209,0.0,0,2,11863283.203031443,6.587579221535024,6.587579221535024,True,6.587579221535024,0.0,True,0.32999999999999996
workshop,medio,500,0,single connector,18.577700000605546,True,18.577700000605546,True,6.587579221535024,1.0,0.2968758921914848,0.7563233833318209,0.0,0,2,11863283.203031443,6.587579221535024,6.587579221535024,True,6.587579221535024,0.0,True,0.32999999999999996
workshop,medio,500,0,exact collision test only,21.07969998905901,True,21.07969998905901,True,6.587579221535024,1.0,0.2968758921914848,0.7563233833318209,0.0,0,2,11863283.203031443,6.587579221535024,6.587579221535024,True,6.587579221535024,0.0,True,0.32999999999999996
workshop,medio,500,0,per-obstacle generators,23.014100006548688,True,23.014100006548688,True,6.587579221535024,1.0,0.2968758921914848,0.7563233833318209,0.0,0,2,11863283.203031443,6.587579221535024,6.587579221535024,True,6.587579221535024,0.0,True,0.32999999999999996
workshop,medio,500,0,skeleton length weights,24.921100004576147,True,24.921100004576147,True,6.587579221535024,1.0,0.2968758921914848,0.7563233833318209,0.0,0,2,11863283.203031443,6.587579221535024,6.587579221535024,True,6.587579221535024,0.0,True,0.32999999999999996
workshop,medio,500,0,Bezier smoothing,23.550099998828955,True,23.550099998828955,True,6.587579221535023,0.9999999999999999,0.2968758921914848,0.7563233833318209,0.0,0,2,11863283.203031443,6.587579221535023,6.587579221535023,True,6.587579221535023,0.0,True,0.32999999999999996
workshop,medio,500,0,no smoothing,23.18429999286309,True,23.18429999286309,True,6.587579221535024,1.0,0.2968758921914848,0.7563233833318209,0.0,0,2,11863283.203031443,6.587579221535024,6.587579221535024,True,6.587579221535024,0.0,True,0.32999999999999996
workshop,medio,500,1,TVE (full),20.589499996276572,True,20.589499996276572,True,10.225577919908249,1.0012025987098552,0.321648399829827,0.9563179998542297,8.822342327985002,0,3,2.453809738464875,10.225577919908249,10.225577919908249,True,10.225577919908249,0.0,True,0.4007376812178761
workshop,medio,500,1,K = 1 candidate,17.112799992901273,True,17.112799992901273,True,10.225577919908249,1.0012025987098552,0.321648399829827,0.9563179998542297,8.822342327985002,0,3,2.453809738464875,10.225577919908249,10.225577919908249,True,10.225577919908249,0.0,True,0.4007376812178761
workshop,medio,500,1,K = 8 candidates,23.086000001057982,True,23.086000001057982,True,10.225577919908249,1.0012025987098552,0.321648399829827,0.9563179998542297,8.822342327985002,0,3,2.453809738464875,10.225577919908249,10.225577919908249,True,10.225577919908249,0.0,True,0.4007376812178761
workshop,medio,500,1,tile portals only,17.841900000348687,True,17.841900000348687,True,10.225577919908249,1.0012025987098552,0.321648399829827,0.9563179998542297,8.822342327985002,0,3,2.453809738464875,10.225577919908249,10.225577919908249,True,10.225577919908249,0.0,True,0.4007376812178761
workshop,medio,500,1,disc portals only,19.339699996635318,True,19.339699996635318,True,10.271198495927683,1.0056693818709685,0.3172231501691595,0.9177777550566049,16.58298252354087,0,3,1.1094301018355193,10.271198495927683,10.271198495927683,True,10.271198495927683,0.0,True,0.38313013259103446
workshop,medio,500,1,single connector,22.397000007913448,True,22.397000007913448,True,10.225472648418684,1.0011922914108695,0.31788503812732327,0.9568387795427779,8.802387387431615,0,3,2.9720204789754687,10.225472648418684,10.225472648418684,True,10.225472648418684,0.0,True,0.39628441255035435
workshop,medio,500,1,exact collision test only,19.69289999397006,True,19.69289999397006,True,10.221167972890376,1.0007708137829738,0.27235217955192864,0.9407497512792012,8.351388795417035,0,3,2.007026074734642,10.221167972890376,10.221167972890376,True,10.221167972890376,0.0,True,0.3382591619738037
workshop,medio,500,1,per-obstacle generators,18.885400000726804,True,18.885400000726804,True,10.225577919908249,1.0012025987098552,0.321648399829827,0.9563179998542297,8.822342327985002,0,3,2.453809738464875,10.225577919908249,10.225577919908249,True,10.225577919908249,0.0,True,0.4007376812178761
workshop,medio,500,1,skeleton length weights,18.826600004103966,True,18.826600004103966,True,10.225577919908249,1.0012025987098552,0.321648399829827,0.9563179998542297,8.822342327985002,0,3,2.453809738464875,10.225577919908249,10.225577919908249,True,10.225577919908249,0.0,True,0.4007376812178761
workshop,medio,500,1,Bezier smoothing,23.18209999066312,True,23.18209999066312,True,10.231848602124098,1.0018165711796134,0.35699688417427244,0.9570030362168448,11.551641481723385,0,5,22.337212193852327,10.231848602124098,10.231848602124098,True,10.231848602124098,0.0,True,0.4258757618634263
workshop,medio,500,1,no smoothing,18.733299992163666,True,18.733299992163666,True,10.225834139281398,1.001227685556217,0.32154908652350883,0.9595847991901919,8.876296391464631,0,3,2.4512950191425227,10.225834139281398,10.225834139281398,True,10.225834139281398,0.0,True,0.4007291349900938
home,dificil,502,0,TVE (full),48.44449998927303,True,48.44449998927303,True,9.760191109790972,1.0097297872613156,0.2750341755291929,0.5922019840429076,146.60574213961235,0,11,0.4341389817930237,9.760191109790972,9.760191109790972,False,inf,0.0,True,0.3482695844787367
home,dificil,502,0,K = 1 candidate,37.52040000108536,True,37.52040000108536,True,10.154853343650085,1.0505591326042445,0.24883411495028232,0.5525420663211231,163.07926484130152,0,13,0.4341389817930237,10.154853343650085,10.154853343650085,False,inf,0.0,True,0.33971928355495945
home,dificil,502,0,K = 8 candidates,49.64810000092257,True,49.64810000092257,True,9.760191109790972,1.0097297872613156,0.2750341755291929,0.5922019840429076,146.60574213961235,0,11,0.4341389817930237,9.760191109790972,9.760191109790972,False,inf,0.0,True,0.3482695844787367
home,dificil,502,0,tile portals only,41.97260001092218,True,41.97260001092218,True,9.760191109790972,1.0097297872613156,0.2750341755291929,0.5922019840429076,146.60574213961235,0,11,0.4341389817930237,9.760191109790972,9.760191109790972,False,inf,0.0,True,0.3482695844787367
home,dificil,502,0,disc portals only,45.75229999318253,True,45.75229999318253,True,10.256695590278426,1.061095109704026,0.26761355093331,0.5699015478798778,164.3394359138347,0,13,0.4612481544195599,10.256695590278426,10.256695590278426,False,inf,0.0,True,0.3031707589502475
home,dificil,502,0,single connector,45.46400000981521,True,45.46400000981521,True,9.755240669180173,1.0092176448976506,0.27541007335331663,0.5917537545188913,143.50172704937373,0,11,0.4363377376184474,9.755240669180173,9.755240669180173,False,inf,0.0,True,0.34264610516998095
home,dificil,502,0,exact collision test only,53.4819000022253,True,53.4819000022253,True,9.747096492154734,1.0083750980619575,0.24776637102958254,0.5917909995905646,137.5281302835408,0,11,0.5551404457365483,9.747096492154734,9.747096492154734,False,inf,0.0,True,0.3506715997675398
home,dificil,502,0,per-obstacle generators,334.53609999560285,True,334.53609999560285,True,9.901384409626544,1.024336784091806,0.259342074655416,0.5945374848064834,195.25091555692862,0,12,0.31051648490338757,9.901384409626544,9.901384409626544,False,inf,0.0,True,0.293640720871807
home,dificil,502,0,skeleton length weights,41.77380001056008,True,41.77380001056008,True,9.760191109790972,1.0097297872613156,0.2750341755291929,0.5922019840429076,146.60574213961235,0,11,0.4341389817930237,9.760191109790972,9.760191109790972,False,inf,0.0,True,0.3482695844787367
home,dificil,502,0,Bezier smoothing,48.33160000271164,True,48.33160000271164,True,9.87246597532944,1.0213450594234792,0.293561138656827,0.6181372835235864,189.4347475717872,0,16,0.41299502710678093,9.87246597532944,9.87246597532944,False,inf,0.0,True,0.3534061204311047
home,dificil,502,0,no smoothing,44.74110000592191,True,44.74110000592191,True,9.830043585583738,1.0169562979646922,0.2833563889822376,0.6147064563405192,162.26820151134274,1,7,0.2572290755175306,9.830043585583738,9.830043585583738,False,inf,0.0,True,0.34827537448833495
home,dificil,502,1,TVE (full),44.52609999862034,True,44.52609999862034,True,8.70820046532524,1.0046473931347888,0.252569412220968,0.4529597147079438,77.29362297018955,0,8,0.5269768114737015,8.70820046532524,8.70820046532524,False,inf,0.0,True,0.3272480410484841
home,dificil,502,1,K = 1 candidate,39.14500000246335,True,39.14500000246335,True,8.70820046532524,1.0046473931347888,0.252569412220968,0.4529597147079438,77.29362297018955,0,8,0.5269768114737015,8.70820046532524,8.70820046532524,False,inf,0.0,True,0.3272480410484841
home,dificil,502,1,K = 8 candidates,51.183499992475845,True,51.183499992475845,True,8.70820046532524,1.0046473931347888,0.252569412220968,0.4529597147079438,77.29362297018955,0,8,0.5269768114737015,8.70820046532524,8.70820046532524,False,inf,0.0,True,0.3272480410484841
home,dificil,502,1,tile portals only,39.124200004152954,True,39.124200004152954,True,8.70820046532524,1.0046473931347888,0.252569412220968,0.4529597147079438,77.29362297018955,0,8,0.5269768114737015,8.70820046532524,8.70820046532524,False,inf,0.0,True,0.3272480410484841
home,dificil,502,1,disc portals only,44.1214000020409,True,44.1214000020409,True,8.7456806513621,1.0089714060403339,0.25781680038463217,0.4648376729190205,77.01298719930793,0,9,0.5238283937541398,8.7456806513621,8.7456806513621,False,inf,0.0,True,0.35000000000000003
home,dificil,502,1,single connector,43.05810001096688,True,43.05810001096688,True,8.818993227747255,1.0174293290110574,0.260861789223528,0.4620099083048779,161.58225504469291,1,11,0.18988298921150573,8.818993227747255,9.65716700915227,False,inf,0.0,True,0.33394983077010676
home,dificil,502,1,exact collision test only,61.00130001141224,True,61.00130001141224,True,8.679932822667565,1.0013862126395556,0.2530128462719136,0.4368604035994995,40.5904523079296,0,5,0.8365553562905922,8.679932822667565,8.679932822667565,True,8.679932822667565,0.0,True,0.32710027602238756
home,dificil,502,1,per-obstacle generators,444.11919999402016,True,444.11919999402016,True,8.736082873563499,1.0078641299178275,0.2534757444057881,0.46497049791704814,76.01979176756056,0,8,0.5335403237071649,8.736082873563499,8.736082873563499,False,inf,0.0,True,0.35000000000000003
home,dificil,502,1,skeleton length weights,44.534200002090074,True,44.534200002090074,True,8.70820046532524,1.0046473931347888,0.252569412220968,0.4529597147079438,77.29362297018955,0,8,0.5269768114737015,8.70820046532524,8.70820046532524,False,inf,0.0,True,0.3272480410484841
home,dificil,502,1,Bezier smoothing,49.71870000008494,True,49.71870000008494,True,8.748920726855964,1.0093452069664186,0.26925835739684945,0.45744955362958006,86.25140192998357,0,9,0.42999398600782723,8.748920726855964,8.748920726855964,False,inf,0.0,True,0.35000000000000003
home,dificil,502,1,no smoothing,55.1019999984419,True,55.1019999984419,True,8.737972155866997,1.0080820925782719,0.25298072986737935,0.45845527730952584,78.82530682244226,0,5,0.4221649224056154,8.737972155866997,8.737972155866997,False,inf,0.0,True,0.3271542708746844
workshop,medio,501,0,TVE (full),20.276700000977144,True,20.276700000977144,True,6.907651630328363,1.0003056063276459,0.3379590852732246,0.9550245544790043,2.8308692597388427,0,3,7.965988340757904,6.907651630328363,6.907651630328363,True,6.907651630328363,0.0,True,0.37338725362795433
workshop,medio,501,0,K = 1 candidate,17.56339998973999,True,17.56339998973999,True,6.907651630328363,1.0003056063276459,0.3379590852732246,0.9550245544790043,2.8308692597388427,0,3,7.965988340757904,6.907651630328363,6.907651630328363,True,6.907651630328363,0.0,True,0.37338725362795433
workshop,medio,501,0,K = 8 candidates,23.78109999699518,True,23.78109999699518,True,6.907651630328363,1.0003056063276459,0.3379590852732246,0.9550245544790043,2.8308692597388427,0,3,7.965988340757904,6.907651630328363,6.907651630328363,True,6.907651630328363,0.0,True,0.37338725362795433
workshop,medio,501,0,tile portals only,21.55599999241531,True,21.55599999241531,True,6.907651630328363,1.0003056063276459,0.3379590852732246,0.9550245544790043,2.8308692597388427,0,3,7.965988340757904,6.907651630328363,6.907651630328363,True,6.907651630328363,0.0,True,0.37338725362795433
workshop,medio,501,0,disc portals only,20.694400009233505,True,20.694400009233505,True,6.9740467871392795,1.0099203713947438,0.420955425031141,1.0944559111127834,16.07320317039618,0,3,1.5127801697555547,6.9740467871392795,6.9740467871392795,True,6.9740467871392795,0.0,True,0.44399542765526384
workshop,medio,501,0,single connector,27.26729999994859,True,27.26729999994859,True,9.572718015233026,1.3862371773916546,0.3187465611028151,0.6104822798314362,197.52652695915478,0,13,0.3359807794967487,9.572718015233026,9.572718015233026,False,inf,0.0,True,0.34657795273414305
workshop,medio,501,0,exact collision test only,19.683699996676296,True,19.683699996676296,True,6.905541253225557,1.0,0.26645389610671216,0.9282249247541997,0.0,0,2,11863283.203031443,6.905541253225557,6.905541253225557,True,6.905541253225557,0.0,True,0.30776370846043516
workshop,medio,501,0,per-obstacle generators,19.244099996285513,True,19.244099996285513,True,6.907651630328363,1.0003056063276459,0.3379590852732246,0.9550245544790043,2.8308692597388427,0,3,7.965988340757904,6.907651630328363,6.907651630328363,True,6.907651630328363,0.0,True,0.37338725362795433
workshop,medio,501,0,skeleton length weights,19.648600005893968,True,19.648600005893968,True,6.907651630328363,1.0003056063276459,0.3379590852732246,0.9550245544790043,2.8308692597388427,0,3,7.965988340757904,6.907651630328363,6.907651630328363,True,6.907651630328363,0.0,True,0.37338725362795433
workshop,medio,501,0,Bezier smoothing,21.5572000015527,True,21.5572000015527,True,6.908110030609764,1.0003719878413597,0.34247984477033555,0.947025334474502,2.838547228259483,0,3,49.68529692051502,6.908110030609764,6.908110030609764,True,6.908110030609764,0.0,True,0.37582960534152815
workshop,medio,501,0,no smoothing,20.707100004074164,True,20.707100004074164,True,6.907660756563984,1.0003069279091537,0.3383138762894825,0.9567647908818175,2.839016798311373,0,3,7.9656975182596295,6.907660756563984,6.907660756563984,True,6.907660756563984,0.0,True,0.3733889548130959
workshop,medio,501,1,TVE (full),22.333000000799075,True,22.333000000799075,True,9.36885498304868,1.002932348932264,0.3312547374381482,0.9882448471911501,22.57273255724506,0,4,1.9253045381502718,9.36885498304868,9.36885498304868,True,9.36885498304868,0.0,True,0.38976560625702406
workshop,medio,501,1,K = 1 candidate,18.49940000101924,True,18.49940000101924,True,9.36885498304868,1.002932348932264,0.3312547374381482,0.9882448471911501,22.57273255724506,0,4,1.9253045381502718,9.36885498304868,9.36885498304868,True,9.36885498304868,0.0,True,0.38976560625702406
workshop,medio,501,1,K = 8 candidates,26.51490000425838,True,26.51490000425838,True,9.36885498304868,1.002932348932264,0.3312547374381482,0.9882448471911501,22.57273255724506,0,4,1.9253045381502718,9.36885498304868,9.36885498304868,True,9.36885498304868,0.0,True,0.38976560625702406
workshop,medio,501,1,tile portals only,19.99739999882877,True,19.99739999882877,True,9.36885498304868,1.002932348932264,0.3312547374381482,0.9882448471911501,22.57273255724506,0,4,1.9253045381502718,9.36885498304868,9.36885498304868,True,9.36885498304868,0.0,True,0.38976560625702406
workshop,medio,501,1,disc portals only,18.77500000409782,True,18.77500000409782,True,9.404256344417554,1.0067220511506592,0.3125070660325604,0.8696582365270401,42.8356053448007,0,5,0.9460508576801512,9.404256344417554,9.404256344417554,True,9.404256344417554,0.0,True,0.41588999239739927
workshop,medio,501,1,single connector,21.007100003771484,True,21.007100003771484,True,9.368810152794435,1.0029275498706631,0.33109256979534635,0.9882193073928829,22.571927168824146,0,4,1.9453707457469294,9.368810152794435,9.368810152794435,True,9.368810152794435,0.0,True,0.3895008385199569
workshop,medio,501,1,exact collision test only,33.294600012595765,True,33.294600012595765,True,9.357571934372581,1.0017245028793245,0.282057922699608,0.982941959926169,20.353271629922194,0,3,1.1014866956709275,9.357571934372581,9.357571934372581,True,9.357571934372581,0.0,True,0.34546345149864083
workshop,medio,501,1,per-obstacle generators,23.055700003169477,True,23.055700003169477,True,9.36885498304868,1.002932348932264,0.3312547374381482,0.9882448471911501,22.57273255724506,0,4,1.9253045381502718,9.36885498304868,9.36885498304868,True,9.36885498304868,0.0,True,0.38976560625702406
workshop,medio,501,1,skeleton length weights,26.788499992107973,True,26.788499992107973,True,9.36885498304868,1.002932348932264,0.3312547374381482,0.9882448471911501,22.57273255724506,0,4,1.9253045381502718,9.36885498304868,9.36885498304868,True,9.36885498304868,0.0,True,0.38976560625702406
workshop,medio,501,1,Bezier smoothing,26.412099992739968,True,26.412099992739968,True,9.371633101398817,1.0032297454409682,0.3409975186277236,0.9874487588998727,22.90400707445854,0,5,2.020302853740573,9.371633101398817,9.371633101398817,True,9.371633101398817,0.0,True,0.39884479512977544
workshop,medio,501,1,no smoothing,21.524299998418428,True,21.524299998418428,True,9.369911789009489,1.0030454796068828,0.33132562682638206,0.996682656999704,22.635716949952872,0,4,1.9269858221505045,9.369911789009489,9.369911789009489,True,9.369911789009489,0.0,True,0.38975401653051045
workshop,dificil,502,0,TVE (full),22.48430000327062,True,22.48430000327062,True,9.04670497824856,1.044584489864617,0.39131343933175655,0.9058713054405314,50.28909515595936,0,6,0.8003650720435792,9.04670497824856,9.04670497824856,True,9.04670497824856,0.0,True,0.43174926096967225
workshop,dificil,502,0,K = 1 candidate,17.220499998074956,True,17.220499998074956,True,10.079342299559483,1.1638187228909236,0.2873597129360872,0.550401677257764,110.37015259541629,0,9,0.8000630551249692,10.079342299559483,10.079342299559483,True,10.079342299559483,0.0,True,0.3109733655720559
workshop,dificil,502,0,K = 8 candidates,23.686799991992302,True,23.686799991992302,True,9.04670497824856,1.044584489864617,0.39131343933175655,0.9058713054405314,50.28909515595936,0,6,0.8003650720435792,9.04670497824856,9.04670497824856,True,9.04670497824856,0.0,True,0.43174926096967225
workshop,dificil,502,0,tile portals only,18.526400002883747,True,18.526400002883747,True,8.67835344660594,1.0020525074802142,0.28083745746569927,0.7155624784805951,33.18870114181377,0,4,0.8250722092556801,8.67835344660594,8.67835344660594,True,8.67835344660594,0.0,True,0.3319253397718407
workshop,dificil,502,0,disc portals only,17.77120000042487,True,17.77120000042487,True,9.04670497824856,1.044584489864617,0.39131343933175655,0.9058713054405314,50.28909515595936,0,6,0.8003650720435792,9.04670497824856,9.04670497824856,True,9.04670497824856,0.0,True,0.43174926096967225
workshop,dificil,502,0,single connector,21.680499994545244,True,21.680499994545244,True,10.08072411152485,1.1639782748328076,0.2887705480680815,0.5513876608831229,111.23588207761416,0,9,0.7999753933804822,10.08072411152485,10.08072411152485,True,10.08072411152485,0.0,True,0.303965829419548
workshop,dificil,502,0,exact collision test only,26.949699997203425,True,26.949699997203425,True,9.04670497824856,1.044584489864617,0.39131343933175655,0.9058713054405314,50.28909515595936,0,6,0.8003650720435792,9.04670497824856,9.04670497824856,True,9.04670497824856,0.0,True,0.43174926096967225
workshop,dificil,502,0,per-obstacle generators,21.021500011556782,True,21.021500011556782,True,9.04670497824856,1.044584489864617,0.39131343933175655,0.9058713054405314,50.28909515595936,0,6,0.8003650720435792,9.04670497824856,9.04670497824856,True,9.04670497824856,0.0,True,0.43174926096967225
workshop,dificil,502,0,skeleton length weights,21.02319999539759,True,21.02319999539759,True,9.04670497824856,1.044584489864617,0.39131343933175655,0.9058713054405314,50.28909515595936,0,6,0.8003650720435792,9.04670497824856,9.04670497824856,True,9.04670497824856,0.0,True,0.43174926096967225
workshop,dificil,502,0,Bezier smoothing,23.80290000292007,True,23.80290000292007,True,9.191568013161591,1.0613112074693913,0.46212424251095763,1.0142733301517297,71.84763468453149,0,12,2.083243583889452,9.191568013161591,9.191568013161591,True,9.191568013161591,0.0,True,0.5158268046981141
workshop,dificil,502,0,no smoothing,21.330299990950152,True,21.330299990950152,True,9.095631699350399,1.0502338499493986,0.39133467593435484,0.9088083027396111,50.3020997104291,1,3,0.38282178984632115,9.095631699350399,9.095631699350399,False,inf,0.0,True,0.4317729246125669
workshop,dificil,502,1,TVE (full),22.959599999012426,True,22.959599999012426,True,9.45826494516771,1.011202452988649,0.29197752352377504,0.795926907609585,47.728390489237135,0,5,0.9287696019774405,9.45826494516771,9.45826494516771,True,9.45826494516771,0.0,True,0.41937747850454316
workshop,dificil,502,1,K = 1 candidate,17.51259999582544,True,17.51259999582544,True,11.4118655584607,1.2200658908151916,0.2865285720404618,0.6224891260026911,90.66347545854887,0,9,0.7999495091569206,11.4118655584607,11.4118655584607,True,11.4118655584607,0.0,True,0.3034828607978453
workshop,dificil,502,1,K = 8 candidates,22.209499991731718,True,22.209499991731718,True,9.45826494516771,1.011202452988649,0.29197752352377504,0.795926907609585,47.728390489237135,0,5,0.9287696019774405,9.45826494516771,9.45826494516771,True,9.45826494516771,0.0,True,0.41937747850454316
workshop,dificil,502,1,tile portals only,19.110699999146163,True,19.110699999146163,True,9.393804406880585,1.0043108449807543,0.323820366508085,1.1791079401947957,43.836093952136096,0,5,0.9864199647106574,9.393804406880585,9.393804406880585,True,9.393804406880585,0.0,True,0.4057381479277943
workshop,dificil,502,1,disc portals only,17.934399991645478,True,17.934399991645478,True,9.55551173429082,1.021599306140537,0.47702468678623383,1.2266725535921068,48.34222405073601,0,6,0.7993846170588412,9.55551173429082,9.55551173429082,True,9.55551173429082,0.0,True,0.5649177921559491
workshop,dificil,502,1,single connector,32.530900003621355,True,32.530900003621355,True,9.393782458221096,1.0043084984046704,0.3232682546442161,1.1792560613310108,43.851033965740044,0,5,1.0026796897434476,9.393782458221096,9.393782458221096,True,9.393782458221096,0.0,True,0.4047156847748071
workshop,dificil,502,1,exact collision test only,33.93189999042079,True,33.93189999042079,True,9.45826494516771,1.011202452988649,0.29197752352377504,0.795926907609585,47.728390489237135,0,5,0.9287696019774405,9.45826494516771,9.45826494516771,True,9.45826494516771,0.0,True,0.41937747850454316
workshop,dificil,502,1,per-obstacle generators,23.79819999623578,True,23.79819999623578,True,9.45826494516771,1.011202452988649,0.29197752352377504,0.795926907609585,47.728390489237135,0,5,0.9287696019774405,9.45826494516771,9.45826494516771,True,9.45826494516771,0.0,True,0.41937747850454316
workshop,dificil,502,1,skeleton length weights,19.736799993552268,True,19.736799993552268,True,9.393804406880585,1.0043108449807543,0.323820366508085,1.1791079401947957,43.836093952136096,0,5,0.9864199647106574,9.393804406880585,9.393804406880585,True,9.393804406880585,0.0,True,0.4057381479277943
workshop,dificil,502,1,Bezier smoothing,23.903599998448044,True,23.903599998448044,True,9.477196904382433,1.0132265074752587,0.31690212344699464,0.7982620727535578,48.50591600409244,0,6,0.9881282113476245,9.477196904382433,9.477196904382433,True,9.477196904382433,0.0,True,0.4397127710146023
workshop,dificil,502,1,no smoothing,21.24990000447724,True,21.24990000447724,True,9.468356364186972,1.0122813472388708,0.29209439891979055,0.8084744298920944,47.99211628244678,0,4,0.6858992118102482,9.468356364186972,9.468356364186972,False,inf,0.0,True,0.41939569322514964
workshop,medio,502,0,TVE (full),44.11509999772534,True,44.11509999772534,True,11.07086568017863,1.0028202568520077,0.2502285047538975,0.9825059177763074,29.381099615936453,0,5,0.9986963807868457,11.07086568017863,11.07086568017863,True,11.07086568017863,0.0,True,0.3131327604236386
workshop,medio,502,0,K = 1 candidate,41.68840000056662,True,41.68840000056662,True,11.07086568017863,1.0028202568520077,0.2502285047538975,0.9825059177763074,29.381099615936453,0,5,0.9986963807868457,11.07086568017863,11.07086568017863,True,11.07086568017863,0.0,True,0.3131327604236386
workshop,medio,502,0,K = 8 candidates,48.14890000852756,True,48.14890000852756,True,11.07086568017863,1.0028202568520077,0.2502285047538975,0.9825059177763074,29.381099615936453,0,5,0.9986963807868457,11.07086568017863,11.07086568017863,True,11.07086568017863,0.0,True,0.3131327604236386
workshop,medio,502,0,tile portals only,40.415900002699345,True,40.415900002699345,True,11.07086568017863,1.0028202568520077,0.2502285047538975,0.9825059177763074,29.381099615936453,0,5,0.9986963807868457,11.07086568017863,11.07086568017863,True,11.07086568017863,0.0,True,0.3131327604236386
workshop,medio,502,0,disc portals only,41.81819999939762,True,41.81819999939762,True,11.119705874956104,1.007244295412889,0.25150521576369766,1.0091008154081613,34.68198983379252,0,5,0.8893776115676879,11.119705874956104,11.119705874956104,True,11.119705874956104,0.0,True,0.3363076429233209
workshop,medio,502,0,single connector,39.21650000847876,True,39.21650000847876,True,11.068963112208998,1.0026479185945396,0.25073498870142535,0.9845711570177484,29.173238036086463,0,5,1.0171271606172212,11.068963112208998,11.068963112208998,True,11.068963112208998,0.0,True,0.3137381618218666
workshop,medio,502,0,exact collision test only,43.24449998966884,True,43.24449998966884,True,11.061781114770513,1.0019973594852492,0.25081400026407574,0.9833257966241359,19.533895933807674,0,4,1.0159105482011546,11.061781114770513,11.061781114770513,True,11.061781114770513,0.0,True,0.3076311880845063
workshop,medio,502,0,per-obstacle generators,79.35600000200793,True,79.35600000200793,True,11.071116861314,1.0028430093212333,0.2502285047538975,0.9829190020628233,29.426233044516827,0,5,0.999425143396732,11.071116861314,11.071116861314,True,11.071116861314,0.0,True,0.3131327604236386
workshop,medio,502,0,skeleton length weights,48.384099995018914,True,48.384099995018914,True,11.07086568017863,1.0028202568520077,0.2502285047538975,0.9825059177763074,29.381099615936453,0,5,0.9986963807868457,11.07086568017863,11.07086568017863,True,11.07086568017863,0.0,True,0.3131327604236386
workshop,medio,502,0,Bezier smoothing,51.006299996515736,True,51.006299996515736,True,11.0951103436806,1.0050163849943505,0.2462835767044927,0.9575220198304418,63.88313404030341,0,9,0.7593730805925899,11.0951103436806,11.0951103436806,False,inf,0.0,True,0.3027209758758545
workshop,medio,502,0,no smoothing,47.5497000006726,True,47.5497000006726,True,11.080110468666842,1.0036576675328084,0.24581876701238203,1.000995937915505,63.55430565664208,0,5,0.8116016629345791,11.080110468666842,11.080110468666842,True,11.080110468666842,0.0,True,0.3027209758758545
workshop,medio,502,1,TVE (full),47.519600004306994,True,47.519600004306994,True,6.397170148703681,1.0213155213167715,0.4418864144672424,1.1956242816664893,37.859714861869314,0,4,0.8238765026733749,6.397170148703681,6.397170148703681,True,6.397170148703681,0.0,True,0.5670693414797396
workshop,medio,502,1,K = 1 candidate,37.570500004221685,True,37.570500004221685,True,6.397170148703681,1.0213155213167715,0.4418864144672424,1.1956242816664893,37.859714861869314,0,4,0.8238765026733749,6.397170148703681,6.397170148703681,True,6.397170148703681,0.0,True,0.5670693414797396
workshop,medio,502,1,K = 8 candidates,44.398400001227856,True,44.398400001227856,True,6.397170148703681,1.0213155213167715,0.4418864144672424,1.1956242816664893,37.859714861869314,0,4,0.8238765026733749,6.397170148703681,6.397170148703681,True,6.397170148703681,0.0,True,0.5670693414797396
workshop,medio,502,1,tile portals only,39.78300000017043,True,39.78300000017043,True,7.3311852141254645,1.1704320933767267,0.5372519007831499,1.4393706006120255,68.48323316852135,0,6,0.800066310259442,7.3311852141254645,7.3311852141254645,True,7.3311852141254645,0.0,True,0.6573965375840365
workshop,medio,502,1,disc portals only,37.149600000702776,True,37.149600000702776,True,6.397170148703681,1.0213155213167715,0.4418864144672424,1.1956242816664893,37.859714861869314,0,4,0.8238765026733749,6.397170148703681,6.397170148703681,True,6.397170148703681,0.0,True,0.5670693414797396
workshop,medio,502,1,single connector,40.58359999908134,True,40.58359999908134,True,6.292596614630179,1.0046202371543114,0.32863468839584276,1.1345162634006376,26.644114313777365,0,4,0.8554756266080267,6.292596614630179,6.292596614630179,True,6.292596614630179,0.0,True,0.45219148471864223
workshop,medio,502,1,exact collision test only,42.162700003245845,True,42.162700003245845,True,6.397170148703681,1.0213155213167715,0.4418864144672424,1.1956242816664893,37.859714861869314,0,4,0.8238765026733749,6.397170148703681,6.397170148703681,True,6.397170148703681,0.0,True,0.5670693414797396
workshop,medio,502,1,per-obstacle generators,22.182700005942024,True,22.182700005942024,True,6.397170148703681,1.0213155213167715,0.4418864144672424,1.1956242816664893,37.859714861869314,0,4,0.8238765026733749,6.397170148703681,6.397170148703681,True,6.397170148703681,0.0,True,0.5670693414797396
workshop,medio,502,1,skeleton length weights,38.62439999647904,True,38.62439999647904,True,6.397170148703681,1.0213155213167715,0.4418864144672424,1.1956242816664893,37.859714861869314,0,4,0.8238765026733749,6.397170148703681,6.397170148703681,True,6.397170148703681,0.0,True,0.5670693414797396
workshop,medio,502,1,Bezier smoothing,41.98020001058467,True,41.98020001058467,True,6.437672174896502,1.0277817160613163,0.5099185238013519,1.2436784149640046,44.274643115539085,0,6,1.0880022301588939,6.437672174896502,6.437672174896502,True,6.437672174896502,0.0,True,0.6316214434005079
workshop,medio,502,1,no smoothing,41.05169999820646,True,41.05169999820646,True,6.417657675090739,1.0245863783060496,0.4419797922015193,1.218655356175205,38.06609484464726,0,3,0.5041314385894721,6.417657675090739,6.417657675090739,False,inf,0.0,True,0.5671579306122588
store,facil,500,0,TVE (full),30.164900003001094,True,30.164900003001094,True,14.650448674052974,1.0033681031223538,0.2587829923629761,0.6446515774116935,69.79353107907932,0,7,0.7977863108937181,14.650448674052974,14.650448674052974,True,14.650448674052974,0.0,True,0.31500000000000006
store,facil,500,0,K = 1 candidate,24.849499997799285,True,24.849499997799285,True,14.650448674052974,1.0033681031223538,0.2587829923629761,0.6446515774116935,69.79353107907932,0,7,0.7977863108937181,14.650448674052974,14.650448674052974,True,14.650448674052974,0.0,True,0.31500000000000006
store,facil,500,0,K = 8 candidates,34.480500005884096,True,34.480500005884096,True,14.650448674052974,1.0033681031223538,0.2587829923629761,0.6446515774116935,69.79353107907932,0,7,0.7977863108937181,14.650448674052974,14.650448674052974,True,14.650448674052974,0.0,True,0.31500000000000006
store,facil,500,0,tile portals only,23.946200002683327,True,23.946200002683327,True,14.650448674052974,1.0033681031223538,0.2587829923629761,0.6446515774116935,69.79353107907932,0,7,0.7977863108937181,14.650448674052974,14.650448674052974,True,14.650448674052974,0.0,True,0.31500000000000006
store,facil,500,0,disc portals only,27.903099995455705,True,27.903099995455705,True,14.788835833037393,1.0128458511624263,0.2587829923629761,0.691103453279185,92.24738959846935,0,9,0.8000685942755746,14.788835833037393,14.788835833037393,True,14.788835833037393,0.0,True,0.31500000000000006
store,facil,500,0,single connector,38.84180000750348,True,38.84180000750348,True,14.814017693644647,1.0145704861052005,0.2587829923629761,0.7123289801265886,101.55610517763657,0,9,0.7999383346383534,14.814017693644647,14.814017693644647,True,14.814017693644647,0.0,True,0.31500000000000006
store,facil,500,0,exact collision test only,45.025200000964105,True,45.025200000964105,True,14.650428924461794,1.0033667505282946,0.2587829923629761,0.6450272650507054,69.79768920157768,0,7,0.7977863108937181,14.650428924461794,14.650428924461794,True,14.650428924461794,0.0,True,0.31500000000000006
store,facil,500,0,per-obstacle generators,30.402399992453866,True,30.402399992453866,True,14.650448674052974,1.0033681031223538,0.2587829923629761,0.6446515774116935,69.79353107907932,0,7,0.7977863108937181,14.650448674052974,14.650448674052974,True,14.650448674052974,0.0,True,0.31500000000000006
store,facil,500,0,skeleton length weights,30.042799990042113,True,30.042799990042113,True,14.650448674052974,1.0033681031223538,0.2587829923629761,0.6446515774116935,69.79353107907932,0,7,0.7977863108937181,14.650448674052974,14.650448674052974,True,14.650448674052974,0.0,True,0.31500000000000006
store,facil,500,0,Bezier smoothing,38.4702000010293,True,38.4702000010293,True,14.726310332076428,1.008563655122445,0.2587829923629761,0.659112785694896,91.21892558826546,0,11,1.023369259120578,14.726310332076428,14.726310332076428,True,14.726310332076428,0.0,True,0.31500000000000006
store,facil,500,0,no smoothing,29.70110000751447,True,29.70110000751447,True,14.68626863388297,1.0058213116177492,0.2587829923629761,0.6519148258649707,70.41856828409328,0,5,0.3215580833473874,14.68626863388297,14.68626863388297,False,inf,0.0,True,0.31500000000000006
store,facil,500,1,TVE (full),24.365400007809512,True,24.365400007809512,True,14.235779618314698,1.0107334726298303,0.293463125432117,0.5111978972214122,245.03065125103703,0,16,0.49811822552577106,14.235779618314698,14.235779618314698,False,inf,0.0,True,0.3499994396128225
store,facil,500,1,K = 1 candidate,20.413999998709187,True,20.413999998709187,True,14.235779618314698,1.0107334726298303,0.293463125432117,0.5111978972214122,245.03065125103703,0,16,0.49811822552577106,14.235779618314698,14.235779618314698,False,inf,0.0,True,0.3499994396128225
store,facil,500,1,K = 8 candidates,34.67860000091605,True,34.67860000091605,True,14.235779618314698,1.0107334726298303,0.293463125432117,0.5111978972214122,245.03065125103703,0,16,0.49811822552577106,14.235779618314698,14.235779618314698,False,inf,0.0,True,0.3499994396128225
store,facil,500,1,tile portals only,19.479900001897477,True,19.479900001897477,True,14.235779618314698,1.0107334726298303,0.293463125432117,0.5111978972214122,245.03065125103703,0,16,0.49811822552577106,14.235779618314698,14.235779618314698,False,inf,0.0,True,0.3499994396128225
store,facil,500,1,disc portals only,23.738899995805696,True,23.738899995805696,True,14.377898830331537,1.0208238679956305,0.30676685999388126,0.5317999104343734,274.0779239156176,0,16,0.42276337811018866,14.377898830331537,14.377898830331537,False,inf,0.0,True,0.3553365187978066
store,facil,500,1,single connector,22.794799995608628,True,22.794799995608628,True,14.254129206327057,1.0120362845101996,0.30036543589446113,0.5094360465276832,243.16792307698014,0,14,0.4483282419751803,14.254129206327057,14.254129206327057,False,inf,0.0,True,0.36673663689838887
store,facil,500,1,exact collision test only,34.1515000036452,True,34.1515000036452,True,14.235779618314698,1.0107334726298303,0.293463125432117,0.5111978972214122,245.03065125103703,0,16,0.49811822552577106,14.235779618314698,14.235779618314698,False,inf,0.0,True,0.3499994396128225
store,facil,500,1,per-obstacle generators,27.67489998950623,True,27.67489998950623,True,14.235779618314698,1.0107334726298303,0.293463125432117,0.5111978972214122,245.03065125103703,0,16,0.49811822552577106,14.235779618314698,14.235779618314698,False,inf,0.0,True,0.3499994396128225
store,facil,500,1,skeleton length weights,27.845499993418343,True,27.845499993418343,True,14.235779618314698,1.0107334726298303,0.293463125432117,0.5111978972214122,245.03065125103703,0,16,0.49811822552577106,14.235779618314698,14.235779618314698,False,inf,0.0,True,0.3499994396128225
store,facil,500,1,Bezier smoothing,40.4460999998264,True,40.4460999998264,True,14.454227511955262,1.0262431675006292,0.3321061405187817,0.5388782379869921,272.7470498913399,0,20,0.38917528610818264,14.454227511955262,14.454227511955262,False,inf,0.0,True,0.385
store,facil,500,1,no smoothing,22.341600008076057,True,22.341600008076057,True,14.357926150845728,1.0194058174051,0.2962305763026523,0.5291191818670734,248.37328734041304,1,9,0.3827858962277445,14.357926150845728,14.357926150845728,False,inf,0.0,True,0.3503676209085614
workshop,dificil,500,0,TVE (full),24.857099997461773,True,24.857099997461773,True,6.544677226571223,1.0,0.5228749911192817,1.0526612112652407,0.0,0,2,11863283.203031443,6.544677226571223,6.544677226571223,True,6.544677226571223,0.0,True,0.6925928458696855
workshop,dificil,500,0,K = 1 candidate,18.16950000647921,True,18.16950000647921,True,6.544677226571223,1.0,0.5228749911192817,1.0526612112652407,0.0,0,2,11863283.203031443,6.544677226571223,6.544677226571223,True,6.544677226571223,0.0,True,0.6925928458696855
workshop,dificil,500,0,K = 8 candidates,24.752299999818206,True,24.752299999818206,True,6.544677226571223,1.0,0.5228749911192817,1.0526612112652407,0.0,0,2,11863283.203031443,6.544677226571223,6.544677226571223,True,6.544677226571223,0.0,True,0.6925928458696855
workshop,dificil,500,0,tile portals only,18.527199994423427,True,18.527199994423427,True,6.544677226571223,1.0,0.5228749911192817,1.0526612112652407,0.0,0,2,11863283.203031443,6.544677226571223,6.544677226571223,True,6.544677226571223,0.0,True,0.6925928458696855
workshop,dificil,500,0,disc portals only,19.456000009085983,True,19.456000009085983,True,6.544677226571223,1.0,0.5228749911192817,1.0526612112652407,0.0,0,2,11863283.203031443,6.544677226571223,6.544677226571223,True,6.544677226571223,0.0,True,0.6925928458696855
workshop,dificil,500,0,single connector,29.922700006864034,True,29.922700006864034,True,6.544677226571223,1.0,0.5228749911192817,1.0526612112652407,0.0,0,2,11863283.203031443,6.544677226571223,6.544677226571223,True,6.544677226571223,0.0,True,0.6925928458696855
workshop,dificil,500,0,exact collision test only,28.304399995249696,True,28.304399995249696,True,6.544677226571223,1.0,0.5228749911192817,1.0526612112652407,0.0,0,2,11863283.203031443,6.544677226571223,6.544677226571223,True,6.544677226571223,0.0,True,0.6925928458696855
workshop,dificil,500,0,per-obstacle generators,25.84440000646282,True,25.84440000646282,True,6.544677226571223,1.0,0.5228749911192817,1.0526612112652407,0.0,0,2,11863283.203031443,6.544677226571223,6.544677226571223,True,6.544677226571223,0.0,True,0.6925928458696855
workshop,dificil,500,0,skeleton length weights,24.28739999595564,True,24.28739999595564,True,6.544677226571223,1.0,0.5228749911192817,1.0526612112652407,0.0,0,2,11863283.203031443,6.544677226571223,6.544677226571223,True,6.544677226571223,0.0,True,0.6925928458696855
workshop,dificil,500,0,Bezier smoothing,20.697300002211705,True,20.697300002211705,True,6.544677226571223,1.0,0.5236184378846045,1.0526624785807595,0.0,0,2,11863283.203031443,6.544677226571223,6.544677226571223,True,6.544677226571223,0.0,True,0.6926853625934107
workshop,dificil,500,0,no smoothing,19.744100005482323,True,19.744100005482323,True,6.544677226571223,1.0,0.5228749911192817,1.0526612112652407,0.0,0,2,11863283.203031443,6.544677226571223,6.544677226571223,True,6.544677226571223,0.0,True,0.6925928458696855
workshop,dificil,500,1,TVE (full),20.948100005625747,True,20.948100005625747,True,7.636853919145562,1.0028456490469675,0.2900029329829114,0.9019159538710341,22.105684724812562,0,3,0.9360499489722152,7.636853919145562,7.636853919145562,True,7.636853919145562,0.0,True,0.3645687127367986
workshop,dificil,500,1,K = 1 candidate,17.271499993512407,True,17.271499993512407,True,8.205185390713524,1.077477002417435,0.3377911964339697,0.9325601912183936,49.62264610728443,0,5,0.6322217032780649,8.205185390713524,8.205185390713524,False,inf,0.0,True,0.8934519201145256
workshop,dificil,500,1,K = 8 candidates,23.68179999757558,True,23.68179999757558,True,7.636853919145562,1.0028456490469675,0.2900029329829114,0.9019159538710341,22.105684724812562,0,3,0.9360499489722152,7.636853919145562,7.636853919145562,True,7.636853919145562,0.0,True,0.3645687127367986
workshop,dificil,500,1,tile portals only,18.5059000068577,True,18.5059000068577,True,7.636853919145562,1.0028456490469675,0.2900029329829114,0.9019159538710341,22.105684724812562,0,3,0.9360499489722152,7.636853919145562,7.636853919145562,True,7.636853919145562,0.0,True,0.3645687127367986
workshop,dificil,500,1,disc portals only,18.811700007063337,True,18.811700007063337,True,7.659497774172836,1.005819162974584,0.28505449463854615,0.9191333227056079,24.52813868851412,0,4,0.9208844453066002,7.659497774172836,7.659497774172836,True,7.659497774172836,0.0,True,0.35944427065555234
workshop,dificil,500,1,single connector,23.950600007083267,True,23.950600007083267,True,7.634091230371973,1.0024828621656683,0.30355468911709743,0.8985552636513227,21.866943407896272,0,3,1.1930280516296834,7.634091230371973,7.634091230371973,True,7.634091230371973,0.0,True,0.3782313414187032
workshop,dificil,500,1,exact collision test only,28.015999996569008,True,28.015999996569008,True,7.636853919145562,1.0028456490469675,0.2900029329829114,0.9019159538710341,22.105684724812562,0,3,0.9360499489722152,7.636853919145562,7.636853919145562,True,7.636853919145562,0.0,True,0.3645687127367986
workshop,dificil,500,1,per-obstacle generators,19.847199990181252,True,19.847199990181252,True,7.636853919145562,1.0028456490469675,0.2900029329829114,0.9019159538710341,22.105684724812562,0,3,0.9360499489722152,7.636853919145562,7.636853919145562,True,7.636853919145562,0.0,True,0.3645687127367986
workshop,dificil,500,1,skeleton length weights,19.75479999964591,True,19.75479999964591,True,7.636853919145562,1.0028456490469675,0.2900029329829114,0.9019159538710341,22.105684724812562,0,3,0.9360499489722152,7.636853919145562,7.636853919145562,True,7.636853919145562,0.0,True,0.3645687127367986
workshop,dificil,500,1,Bezier smoothing,22.797199999331497,True,22.797199999331497,True,7.667683312568481,1.0068940600005176,0.35775559814046126,0.923506806650892,28.942966183079367,0,7,6.1947051936870094,7.667683312568481,7.667683312568481,True,7.667683312568481,0.0,True,0.47436473690120146
workshop,dificil,500,1,no smoothing,19.999900003313087,True,19.999900003313087,True,7.641038104850554,1.0033951020643332,0.2896524476840485,0.9115092836552446,22.61375367078518,0,3,0.6792209259270356,7.641038104850554,7.641038104850554,False,inf,0.0,True,0.36468582912614783
store,medio,502,0,TVE (full),19.094599992968142,True,19.094599992968142,True,9.936702161005124,1.1053900789065694,0.3712350247510887,0.8699746320270894,133.33644581869495,0,7,0.3004993898291285,9.936702161005124,9.936702161005124,False,inf,0.0,True,0.5190945059505904
store,medio,502,0,K = 1 candidate,17.047000001184642,True,17.047000001184642,True,9.936702161005124,1.1053900789065694,0.3712350247510887,0.8699746320270894,133.33644581869495,0,7,0.3004993898291285,9.936702161005124,9.936702161005124,False,inf,0.0,True,0.5190945059505904
store,medio,502,0,K = 8 candidates,22.809400004916824,True,22.809400004916824,True,9.936702161005124,1.1053900789065694,0.3712350247510887,0.8699746320270894,133.33644581869495,0,7,0.3004993898291285,9.936702161005124,9.936702161005124,False,inf,0.0,True,0.5190945059505904
store,medio,502,0,tile portals only,19.127099993056618,True,19.127099993056618,True,9.936702161005124,1.1053900789065694,0.3712350247510887,0.8699746320270894,133.33644581869495,0,7,0.3004993898291285,9.936702161005124,9.936702161005124,False,inf,0.0,True,0.5190945059505904
store,medio,502,0,disc portals only,17.759300011675805,True,17.759300011675805,True,10.07227361640776,1.1204714750636462,0.45500000000000007,0.9227459630265026,121.05036928758676,0,7,0.4718114917595493,10.07227361640776,10.07227361640776,False,inf,0.0,True,0.6063359118864281
store,medio,502,0,single connector,19.233600003644824,True,19.233600003644824,True,9.046419342387459,1.0063522110933514,0.2963522302803154,0.8159300090816086,67.34527508005833,0,6,0.5114399331333498,9.046419342387459,9.046419342387459,False,inf,0.0,True,0.43492350605476887
store,medio,502,0,exact collision test only,21.065900000394322,True,21.065900000394322,True,9.936702161005124,1.1053900789065694,0.3712350247510887,0.8699746320270894,133.33644581869495,0,7,0.3004993898291285,9.936702161005124,9.936702161005124,False,inf,0.0,True,0.5190945059505904
store,medio,502,0,per-obstacle generators,19.14519999991171,True,19.14519999991171,True,9.936702161005124,1.1053900789065694,0.3712350247510887,0.8699746320270894,133.33644581869495,0,7,0.3004993898291285,9.936702161005124,9.936702161005124,False,inf,0.0,True,0.5190945059505904
store,medio,502,0,skeleton length weights,25.3318000031868,True,25.3318000031868,True,9.936702161005124,1.1053900789065694,0.3712350247510887,0.8699746320270894,133.33644581869495,0,7,0.3004993898291285,9.936702161005124,9.936702161005124,False,inf,0.0,True,0.5190945059505904
store,medio,502,0,Bezier smoothing,23.756499998853542,True,23.756499998853542,True,10.420988176206922,1.1592635821960264,0.3671172543012087,0.8462458635101542,139.07333281466944,1,9,0.19155858026155553,10.420988176206922,11.251830328380864,False,inf,0.0,True,0.3671172543012087
store,medio,502,0,no smoothing,22.00869999069255,True,22.00869999069255,True,10.391535141328514,1.1559871337304535,0.3711940692329254,0.858507168965436,133.5316769974581,1,4,0.159446920933752,10.391535141328514,11.389703949856475,False,inf,0.0,True,0.37955842018127445
store,medio,502,1,TVE (full),21.986699997796677,True,21.986699997796677,True,10.203913593779045,1.003516938612777,0.29937157859341096,1.0247487017938919,98.36440528177904,0,7,0.8230799023347801,10.203913593779045,10.203913593779045,True,10.203913593779045,0.0,True,0.38015252551147577
store,medio,502,1,K = 1 candidate,15.971700006048195,True,15.971700006048195,True,11.062744099004568,1.0879797235501778,0.313804597175547,1.0708902321550005,59.158518418371145,0,6,0.8455343078508138,11.062744099004568,11.062744099004568,True,11.062744099004568,0.0,True,0.4234618970726513
store,medio,502,1,K = 8 candidates,25.048099996638484,True,25.048099996638484,True,10.203913593779045,1.003516938612777,0.29937157859341096,1.0247487017938919,98.36440528177904,0,7,0.8230799023347801,10.203913593779045,10.203913593779045,True,10.203913593779045,0.0,True,0.38015252551147577
store,medio,502,1,tile portals only,19.10910000151489,True,19.10910000151489,True,10.203913593779045,1.003516938612777,0.29937157859341096,1.0247487017938919,98.36440528177904,0,7,0.8230799023347801,10.203913593779045,10.203913593779045,True,10.203913593779045,0.0,True,0.38015252551147577
store,medio,502,1,disc portals only,19.827299998723902,True,19.827299998723902,True,10.21160667257196,1.0042735242902054,0.29037523508205565,1.0222246034644673,100.4894647990076,0,7,0.799942981377012,10.21160667257196,10.21160667257196,True,10.21160667257196,0.0,True,0.4105281206150508
store,medio,502,1,single connector,21.72910000081174,True,21.72910000081174,True,10.203913593779045,1.003516938612777,0.29937157859341096,1.0247487017938919,98.36440528177904,0,7,0.8230799023347801,10.203913593779045,10.203913593779045,True,10.203913593779045,0.0,True,0.38015252551147577
store,medio,502,1,exact collision test only,36.43480000027921,True,36.43480000027921,True,10.134739384454932,0.996713912486192,0.25871405047871915,1.0104539287510046,91.9690973919541,0,7,0.7995894875216814,10.134739384454932,10.134739384454932,True,10.134739384454932,0.0,True,0.3329043683575213
store,medio,502,1,per-obstacle generators,22.04499999061227,True,22.04499999061227,True,10.203913593779045,1.003516938612777,0.29937157859341096,1.0247487017938919,98.36440528177904,0,7,0.8230799023347801,10.203913593779045,10.203913593779045,True,10.203913593779045,0.0,True,0.38015252551147577
store,medio,502,1,skeleton length weights,21.33489999687299,True,21.33489999687299,True,10.203913593779045,1.003516938612777,0.29937157859341096,1.0247487017938919,98.36440528177904,0,7,0.8230799023347801,10.203913593779045,10.203913593779045,True,10.203913593779045,0.0,True,0.38015252551147577
store,medio,502,1,Bezier smoothing,26.242699997965246,True,26.242699997965246,True,10.281859327197525,1.0111826114998668,0.31857731824220936,1.0710810283091319,114.09958576309509,0,9,0.67817146237571,10.281859327197525,10.281859327197525,False,inf,0.0,True,0.4235773182422094
store,medio,502,1,no smoothing,21.081800005049445,True,21.081800005049445,True,10.252258228345028,1.008271453557669,0.3008340773459435,1.068483202184667,115.79729933953368,0,6,0.5041711366213664,10.252258228345028,10.252258228345028,False,inf,0.0,True,0.408770502780875
store,facil,502,0,TVE (full),24.575999996159226,True,24.575999996159226,True,13.898380451785526,1.0290594709523775,0.28805493678712685,0.7877082484252506,179.5654089110551,0,11,0.5453164552252598,13.898380451785526,13.898380451785526,False,inf,0.0,True,0.36525531359404173
store,facil,502,0,K = 1 candidate,18.701499997405335,True,18.701499997405335,True,17.254102092727255,1.2775227468333672,0.28305762018854885,0.5338876104460485,125.76804606243743,0,10,0.6059575846337638,17.254102092727255,17.254102092727255,False,inf,0.0,True,0.3574586262998614
store,facil,502,0,K = 8 candidates,28.248400005395524,True,28.248400005395524,True,13.883204936536572,1.0279358502724218,0.3420096823016429,0.8675588392509276,97.4299124582219,0,8,0.5323839718856149,13.883204936536572,13.883204936536572,False,inf,0.0,True,0.3923044614018868
store,facil,502,0,tile portals only,20.66460000060033,True,20.66460000060033,True,13.898380451785526,1.0290594709523775,0.28805493678712685,0.7877082484252506,179.5654089110551,0,11,0.5453164552252598,13.898380451785526,13.898380451785526,False,inf,0.0,True,0.36525531359404173
store,facil,502,0,disc portals only,22.527499997522682,True,22.527499997522682,True,13.976164186004397,1.0348187094954329,0.2831786058582539,0.802792880477069,192.600615218427,0,13,0.8000999821857776,13.976164186004397,13.976164186004397,True,13.976164186004397,0.0,True,0.4097855127639294
store,facil,502,0,single connector,24.853800001437776,True,24.853800001437776,True,13.898380451785526,1.0290594709523775,0.28805493678712685,0.7877082484252506,179.5654089110551,0,11,0.5453164552252598,13.898380451785526,13.898380451785526,False,inf,0.0,True,0.36525531359404173
store,facil,502,0,exact collision test only,40.28960000141524,True,40.28960000141524,True,13.827745431246425,1.0238295351969968,0.27153666423067624,0.7818199080380223,172.66152953897884,0,11,0.7999799168756623,13.827745431246425,13.827745431246425,True,13.827745431246425,0.0,True,0.36525531359404173
store,facil,502,0,per-obstacle generators,24.65759999176953,True,24.65759999176953,True,13.898380451785526,1.0290594709523775,0.28805493678712685,0.7877082484252506,179.5654089110551,0,11,0.5453164552252598,13.898380451785526,13.898380451785526,False,inf,0.0,True,0.36525531359404173
store,facil,502,0,skeleton length weights,25.085900007979944,True,25.085900007979944,True,13.883204936536572,1.0279358502724218,0.3420096823016429,0.8675588392509276,97.4299124582219,0,8,0.5323839718856149,13.883204936536572,13.883204936536572,False,inf,0.0,True,0.3923044614018868
store,facil,502,0,Bezier smoothing,31.33209999941755,True,31.33209999941755,True,14.070807169740021,1.0418262352363061,0.3277554257329189,0.8329673146007422,216.50988932578164,0,18,0.46475568201525697,14.070807169740021,14.070807169740021,False,inf,0.0,True,0.4120726533208634
store,facil,502,0,no smoothing,25.894200007314794,True,25.894200007314794,True,13.992555581843655,1.0360323560198632,0.30991850852966313,0.8205561855998734,182.8456561364332,1,7,0.3569740633154005,13.992555581843655,13.992555581843655,False,inf,0.0,True,0.3980419992580243
store,facil,502,1,TVE (full),21.571399993263185,True,21.571399993263185,True,12.617176325897773,1.0037942045794335,0.2978368164030618,0.9748252004847491,48.08825409743626,0,6,1.1127776552909672,12.617176325897773,12.617176325897773,True,12.617176325897773,0.0,True,0.35000000000000003
store,facil,502,1,K = 1 candidate,16.518699994776398,True,16.518699994776398,True,12.814314280537605,1.0194780573891886,0.30275782027167314,1.14668680679949,37.13500519419051,0,4,0.8243379969467434,12.814314280537605,12.814314280537605,True,12.814314280537605,0.0,True,0.35000000000000003
store,facil,502,1,K = 8 candidates,28.921100005391054,True,28.921100005391054,True,12.617176325897773,1.0037942045794335,0.2978368164030618,0.9748252004847491,48.08825409743626,0,6,1.1127776552909672,12.617176325897773,12.617176325897773,True,12.617176325897773,0.0,True,0.35000000000000003
store,facil,502,1,tile portals only,22.9098999989219,True,22.9098999989219,True,12.617176325897773,1.0037942045794335,0.2978368164030618,0.9748252004847491,48.08825409743626,0,6,1.1127776552909672,12.617176325897773,12.617176325897773,True,12.617176325897773,0.0,True,0.35000000000000003
store,facil,502,1,disc portals only,19.019900006242096,True,19.019900006242096,True,12.828891518371094,1.0206377896841234,0.32890400705782574,1.0808876113425983,76.84486315950733,0,7,0.7999339597360926,12.828891518371094,12.828891518371094,True,12.828891518371094,0.0,True,0.35000000000000003
store,facil,502,1,single connector,21.95739999297075,True,21.95739999297075,True,12.617176325897773,1.0037942045794335,0.2978368164030618,0.9748252004847491,48.08825409743626,0,6,1.1127776552909672,12.617176325897773,12.617176325897773,True,12.617176325897773,0.0,True,0.35000000000000003
store,facil,502,1,exact collision test only,30.849899994791485,True,30.849899994791485,True,12.59921693262084,1.0023653955952756,0.27740527830172007,0.9725856115857016,41.61350947557118,0,5,0.8490443282338954,12.59921693262084,12.59921693262084,True,12.59921693262084,0.0,True,0.35000000000000003
store,facil,502,1,per-obstacle generators,25.344699999550357,True,25.344699999550357,True,12.617176325897773,1.0037942045794335,0.2978368164030618,0.9748252004847491,48.08825409743626,0,6,1.1127776552909672,12.617176325897773,12.617176325897773,True,12.617176325897773,0.0,True,0.35000000000000003
store,facil,502,1,skeleton length weights,20.42109999456443,True,20.42109999456443,True,12.617176325897773,1.0037942045794335,0.2978368164030618,0.9748252004847491,48.08825409743626,0,6,1.1127776552909672,12.617176325897773,12.617176325897773,True,12.617176325897773,0.0,True,0.35000000000000003
store,facil,502,1,Bezier smoothing,24.551499998779036,True,24.551499998779036,True,12.63011292459354,1.0048234113101921,0.29866386025250774,0.9854571069716452,54.862101309182194,0,8,0.9967997380890996,12.63011292459354,12.63011292459354,True,12.63011292459354,0.0,True,0.35000000000000003
store,facil,502,1,no smoothing,20.799800011445768,True,20.799800011445768,True,12.622216300278895,1.004195173619124,0.2978360749397767,0.9864748985585473,49.95942934823776,0,5,0.9318945855127175,12.622216300278895,12.622216300278895,True,12.622216300278895,0.0,True,0.35000000000000003
store,medio,500,0,TVE (full),32.20800000417512,True,32.20800000417512,True,18.727737948167825,1.0099842906204746,0.28245668639503746,0.7057167325371693,105.71868575738709,0,10,0.8000510865885591,18.727737948167825,18.727737948167825,True,18.727737948167825,0.0,True,0.3627910196038282
store,medio,500,0,K = 1 candidate,23.481700001866557,True,23.481700001866557,True,21.5319202402404,1.161213449788974,0.2738775378300006,0.5202005714008787,172.981362494264,0,15,0.6913730039859235,21.5319202402404,21.5319202402404,False,inf,0.0,True,0.3476127504856799
store,medio,500,0,K = 8 candidates,31.032800005050376,True,31.032800005050376,True,18.727737948167825,1.0099842906204746,0.28245668639503746,0.7057167325371693,105.71868575738709,0,10,0.8000510865885591,18.727737948167825,18.727737948167825,True,18.727737948167825,0.0,True,0.3627910196038282
store,medio,500,0,tile portals only,23.786800011293963,True,23.786800011293963,True,18.727737948167825,1.0099842906204746,0.28245668639503746,0.7057167325371693,105.71868575738709,0,10,0.8000510865885591,18.727737948167825,18.727737948167825,True,18.727737948167825,0.0,True,0.3627910196038282
store,medio,500,0,disc portals only,23.85100000537932,True,23.85100000537932,True,18.78180878095448,1.0129003230770603,0.26535220287391426,0.7069304512666714,150.36071508474393,0,12,0.800104493323237,18.78180878095448,18.78180878095448,True,18.78180878095448,0.0,True,0.37297119980501053
store,medio,500,0,single connector,27.67340000718832,True,27.67340000718832,True,18.653007378250937,1.005954081427348,0.3072167756142905,0.6724114248303742,142.5598517856516,0,12,0.5752731455796218,18.653007378250937,18.653007378250937,False,inf,0.0,True,0.3911638603585031
store,medio,500,0,exact collision test only,39.36720000638161,True,39.36720000638161,True,18.714404418074785,1.0092652152057204,0.27738230238162265,0.6956969527630333,104.66053999142683,0,10,0.7999362066857889,18.714404418074785,18.714404418074785,True,18.714404418074785,0.0,True,0.34738230238162265
store,medio,500,0,per-obstacle generators,26.34080000279937,True,26.34080000279937,True,18.727737948167825,1.0099842906204746,0.28245668639503746,0.7057167325371693,105.71868575738709,0,10,0.8000510865885591,18.727737948167825,18.727737948167825,True,18.727737948167825,0.0,True,0.3627910196038282
store,medio,500,0,skeleton length weights,25.91900000697933,True,25.91900000697933,True,18.727737948167825,1.0099842906204746,0.28245668639503746,0.7057167325371693,105.71868575738709,0,10,0.8000510865885591,18.727737948167825,18.727737948167825,True,18.727737948167825,0.0,True,0.3627910196038282
store,medio,500,0,Bezier smoothing,32.863299988093786,True,32.863299988093786,True,18.867291485679484,1.0175103933979368,0.306357856541131,0.7466573662226029,137.32324512941216,0,15,1.1869302531431962,18.867291485679484,18.867291485679484,True,18.867291485679484,0.0,True,0.37228940437317926
store,medio,500,0,no smoothing,25.84960000240244,True,25.84960000240244,True,18.790031431496097,1.013343769471776,0.30000544073850466,0.7192066512502984,105.93605883460982,1,5,0.31695537821950553,18.790031431496097,18.790031431496097,False,inf,0.0,True,0.37689692023069227
store,medio,500,1,TVE (full),21.05959999607876,True,21.05959999607876,True,7.853137625032452,1.0001977516032816,0.2761677640761642,0.48698988144541944,50.47927391870869,0,5,0.8000685483786095,7.853137625032452,7.853137625032452,True,7.853137625032452,0.0,True,0.36288437354250164
store,medio,500,1,K = 1 candidate,18.39490000566002,True,18.39490000566002,True,7.853137625032452,1.0001977516032816,0.2761677640761642,0.48698988144541944,50.47927391870869,0,5,0.8000685483786095,7.853137625032452,7.853137625032452,True,7.853137625032452,0.0,True,0.36288437354250164
store,medio,500,1,K = 8 candidates,24.398800000199117,True,24.398800000199117,True,7.853137625032452,1.0001977516032816,0.2761677640761642,0.48698988144541944,50.47927391870869,0,5,0.8000685483786095,7.853137625032452,7.853137625032452,True,7.853137625032452,0.0,True,0.36288437354250164
store,medio,500,1,tile portals only,19.08799998636823,True,19.08799998636823,True,7.853137625032452,1.0001977516032816,0.2761677640761642,0.48698988144541944,50.47927391870869,0,5,0.8000685483786095,7.853137625032452,7.853137625032452,True,7.853137625032452,0.0,True,0.36288437354250164
store,medio,500,1,disc portals only,18.938999986858107,True,18.938999986858107,True,7.871670903326717,1.0025582021855655,0.2791463753690727,0.49508280989182235,72.8594049459651,0,7,0.787478095042668,7.871670903326717,7.871670903326717,True,7.871670903326717,0.0,True,0.36718827817882177
store,medio,500,1,single connector,20.20890000858344,True,20.20890000858344,True,7.84931439239513,0.9997108139141324,0.2690345385880331,0.4899965594147744,50.231060958414304,0,5,0.8001873468137589,7.84931439239513,7.84931439239513,True,7.84931439239513,0.0,True,0.35011368833956874
store,medio,500,1,exact collision test only,25.239799986593425,True,25.239799986593425,True,7.853137625032452,1.0001977516032816,0.2761677640761642,0.48698988144541944,50.47927391870869,0,5,0.8000685483786095,7.853137625032452,7.853137625032452,True,7.853137625032452,0.0,True,0.36288437354250164
store,medio,500,1,per-obstacle generators,21.175800007767975,True,21.175800007767975,True,7.853137625032452,1.0001977516032816,0.2761677640761642,0.48698988144541944,50.47927391870869,0,5,0.8000685483786095,7.853137625032452,7.853137625032452,True,7.853137625032452,0.0,True,0.36288437354250164
store,medio,500,1,skeleton length weights,26.40119999705348,True,26.40119999705348,True,7.853137625032452,1.0001977516032816,0.2761677640761642,0.48698988144541944,50.47927391870869,0,5,0.8000685483786095,7.853137625032452,7.853137625032452,True,7.853137625032452,0.0,True,0.36288437354250164
store,medio,500,1,Bezier smoothing,27.623400004813448,True,27.623400004813448,True,7.950216831514839,1.0125620330774288,0.2913124280775666,0.5340750633933528,68.40432834910783,0,8,1.0705514258086133,7.950216831514839,7.950216831514839,True,7.950216831514839,0.0,True,0.35390182908290385
store,medio,500,1,no smoothing,23.697500000707805,True,23.697500000707805,True,7.902677399024368,1.0065072769073724,0.2992383997850118,0.49623867159245316,50.4957360898668,1,3,0.48975811074839287,7.902677399024368,7.902677399024368,False,inf,0.0,True,0.37601795873158034
store,facil,501,0,TVE (full),21.025800000643358,True,21.025800000643358,True,10.009697373017293,0.9978147781988729,0.25888621995190325,0.7118127127968545,56.30682417906508,0,5,0.79991645177722,10.009697373017293,10.009697373017293,True,10.009697373017293,0.0,True,0.3357777118821309
store,facil,501,0,K = 1 candidate,17.605999993975274,True,17.605999993975274,True,10.009697373017293,0.9978147781988729,0.25888621995190325,0.7118127127968545,56.30682417906508,0,5,0.79991645177722,10.009697373017293,10.009697373017293,True,10.009697373017293,0.0,True,0.3357777118821309
store,facil,501,0,K = 8 candidates,24.926900005084462,True,24.926900005084462,True,10.009697373017293,0.9978147781988729,0.25888621995190325,0.7118127127968545,56.30682417906508,0,5,0.79991645177722,10.009697373017293,10.009697373017293,True,10.009697373017293,0.0,True,0.3357777118821309
store,facil,501,0,tile portals only,20.739200001116842,True,20.739200001116842,True,10.009697373017293,0.9978147781988729,0.25888621995190325,0.7118127127968545,56.30682417906508,0,5,0.79991645177722,10.009697373017293,10.009697373017293,True,10.009697373017293,0.0,True,0.3357777118821309
store,facil,501,0,disc portals only,18.457099999068305,True,18.457099999068305,True,10.084738085078143,1.005295197303523,0.3302281358345224,0.7116680352925616,58.32631116892816,0,5,0.7999503462398406,10.084738085078143,10.084738085078143,True,10.084738085078143,0.0,True,0.40400820719472663
store,facil,501,0,single connector,21.179599993047304,True,21.179599993047304,True,10.009697373017293,0.9978147781988729,0.25888621995190325,0.7118127127968545,56.30682417906508,0,5,0.79991645177722,10.009697373017293,10.009697373017293,True,10.009697373017293,0.0,True,0.3357777118821309
store,facil,501,0,exact collision test only,24.447000003419816,True,24.447000003419816,True,10.009697373017293,0.9978147781988729,0.25888621995190325,0.7118127127968545,56.30682417906508,0,5,0.79991645177722,10.009697373017293,10.009697373017293,True,10.009697373017293,0.0,True,0.3357777118821309
store,facil,501,0,per-obstacle generators,21.771700005047023,True,21.771700005047023,True,10.009697373017293,0.9978147781988729,0.25888621995190325,0.7118127127968545,56.30682417906508,0,5,0.79991645177722,10.009697373017293,10.009697373017293,True,10.009697373017293,0.0,True,0.3357777118821309
store,facil,501,0,skeleton length weights,23.363899992546067,True,23.363899992546067,True,10.009697373017293,0.9978147781988729,0.25888621995190325,0.7118127127968545,56.30682417906508,0,5,0.79991645177722,10.009697373017293,10.009697373017293,True,10.009697373017293,0.0,True,0.3357777118821309
store,facil,501,0,Bezier smoothing,23.189700004877523,True,23.189700004877523,True,10.163394118503588,1.0131360090305566,0.3652816491719568,0.7144053489208778,76.12309187835734,0,9,1.2750674576996186,10.163394118503588,10.163394118503588,True,10.163394118503588,0.0,True,0.4421731286641444
store,facil,501,0,no smoothing,22.18640000501182,True,22.18640000501182,True,10.080597470382287,1.0048824409153538,0.2970603041336417,0.7271496898615399,56.50294154058664,1,3,0.29035259858692997,10.080597470382287,10.080597470382287,False,inf,0.0,True,0.3739517836258292
store,facil,501,1,TVE (full),23.24209999642335,True,23.24209999642335,True,14.32719392399941,1.0085325966883751,0.31412231482239267,0.6028764015124952,157.04474311813132,0,11,0.4722260991926844,14.32719392399941,14.32719392399941,False,inf,0.0,True,0.3944311460523974
store,facil,501,1,K = 1 candidate,19.62840001215227,True,19.62840001215227,True,14.32719392399941,1.0085325966883751,0.31412231482239267,0.6028764015124952,157.04474311813132,0,11,0.4722260991926844,14.32719392399941,14.32719392399941,False,inf,0.0,True,0.3944311460523974
store,facil,501,1,K = 8 candidates,27.65499999804888,True,27.65499999804888,True,14.32719392399941,1.0085325966883751,0.31412231482239267,0.6028764015124952,157.04474311813132,0,11,0.4722260991926844,14.32719392399941,14.32719392399941,False,inf,0.0,True,0.3944311460523974
store,facil,501,1,tile portals only,28.54059998935554,True,28.54059998935554,True,14.32719392399941,1.0085325966883751,0.31412231482239267,0.6028764015124952,157.04474311813132,0,11,0.4722260991926844,14.32719392399941,14.32719392399941,False,inf,0.0,True,0.3944311460523974
store,facil,501,1,disc portals only,20.29719999700319,True,20.29719999700319,True,14.487829793165766,1.0198402198776069,0.2689381053428797,0.6364691747914965,167.17416600394873,0,12,0.7371430253653107,14.487829793165766,14.487829793165766,False,inf,0.0,True,0.34186943299282974
store,facil,501,1,single connector,23.427599997376092,True,23.427599997376092,True,14.32719392399941,1.0085325966883751,0.31412231482239267,0.6028764015124952,157.04474311813132,0,11,0.4722260991926844,14.32719392399941,14.32719392399941,False,inf,0.0,True,0.3944311460523974
store,facil,501,1,exact collision test only,29.089600007864647,True,29.089600007864647,True,14.214334671230949,1.0005881076377856,0.25874259698587987,0.5911589562622087,149.51514021003487,0,10,0.47940244576750457,14.214334671230949,14.214334671230949,False,inf,0.0,True,0.3356340900693797
store,facil,501,1,per-obstacle generators,23.720900004263967,True,23.720900004263967,True,14.32719392399941,1.0085325966883751,0.31412231482239267,0.6028764015124952,157.04474311813132,0,11,0.4722260991926844,14.32719392399941,14.32719392399941,False,inf,0.0,True,0.3944311460523974
store,facil,501,1,skeleton length weights,24.86650001083035,True,24.86650001083035,True,14.32719392399941,1.0085325966883751,0.31412231482239267,0.6028764015124952,157.04474311813132,0,11,0.4722260991926844,14.32719392399941,14.32719392399941,False,inf,0.0,True,0.3944311460523974
store,facil,501,1,Bezier smoothing,28.520199994090945,True,28.520199994090945,True,14.44093796546961,1.0165393685733854,0.2737392020172663,0.619781140923182,173.3366629546017,0,14,0.4218788597380466,14.44093796546961,14.44093796546961,False,inf,0.0,True,0.3787392018473826
store,facil,501,1,no smoothing,21.762099990155548,True,21.762099990155548,True,14.378592923402016,1.0121507208381335,0.31409539044597,0.6180899156577665,160.22121410746325,0,7,0.39855655796539463,14.378592923402016,14.378592923402016,False,inf,0.0,True,0.39479226799707934
store,dificil,500,0,TVE (full),25.1533999980893,True,25.1533999980893,True,15.772530820278627,1.030658630177172,0.3056725373624194,0.6719389504530054,170.390072813199,0,12,0.7995464612938579,15.772530820278627,15.772530820278627,True,15.772530820278627,0.0,True,0.35000000000000003
store,dificil,500,0,K = 1 candidate,21.854700011317618,True,21.854700011317618,True,15.772530820278627,1.030658630177172,0.3056725373624194,0.6719389504530054,170.390072813199,0,12,0.7995464612938579,15.772530820278627,15.772530820278627,True,15.772530820278627,0.0,True,0.35000000000000003
store,dificil,500,0,K = 8 candidates,29.456799995386973,True,29.456799995386973,True,15.772530820278627,1.030658630177172,0.3056725373624194,0.6719389504530054,170.390072813199,0,12,0.7995464612938579,15.772530820278627,15.772530820278627,True,15.772530820278627,0.0,True,0.35000000000000003
store,dificil,500,0,tile portals only,22.40059999166988,True,22.40059999166988,True,15.772530820278627,1.030658630177172,0.3056725373624194,0.6719389504530054,170.390072813199,0,12,0.7995464612938579,15.772530820278627,15.772530820278627,True,15.772530820278627,0.0,True,0.35000000000000003
store,dificil,500,0,disc portals only,21.680800011381507,True,21.680800011381507,True,15.842706659564234,1.0352442819799028,0.35000000000000003,0.6841316955535841,169.9725163056379,0,11,0.5264920551790186,15.842706659564234,15.842706659564234,False,inf,0.0,True,0.35000000000000003
store,dificil,500,0,single connector,24.37169999757316,True,24.37169999757316,True,15.772530820278627,1.030658630177172,0.3056725373624194,0.6719389504530054,170.390072813199,0,12,0.7995464612938579,15.772530820278627,15.772530820278627,True,15.772530820278627,0.0,True,0.35000000000000003
store,dificil,500,0,exact collision test only,29.4240999937756,True,29.4240999937756,True,15.771861398598661,1.0306148867069866,0.2964284636020981,0.6886071237055642,170.51496287701087,0,11,0.5429476371381134,15.771861398598661,15.771861398598661,False,inf,0.0,True,0.35000000000000003
store,dificil,500,0,per-obstacle generators,24.53070000046864,True,24.53070000046864,True,15.772530820278627,1.030658630177172,0.3056725373624194,0.6719389504530054,170.390072813199,0,12,0.7995464612938579,15.772530820278627,15.772530820278627,True,15.772530820278627,0.0,True,0.35000000000000003
store,dificil,500,0,skeleton length weights,25.028399992152117,True,25.028399992152117,True,15.772530820278627,1.030658630177172,0.3056725373624194,0.6719389504530054,170.390072813199,0,12,0.7995464612938579,15.772530820278627,15.772530820278627,True,15.772530820278627,0.0,True,0.35000000000000003
store,dificil,500,0,Bezier smoothing,35.93440000258852,True,35.93440000258852,True,16.156702769047754,1.0557624095885152,0.35000000000000003,0.7243948073243645,189.64047205590418,0,19,0.6321296732747606,16.156702769047754,16.156702769047754,False,inf,0.0,True,0.35000000000000003
store,dificil,500,0,no smoothing,24.276299998746254,True,24.276299998746254,True,15.940598645448242,1.0416410499574817,0.3063655877069605,0.687157662048414,170.61817611854684,2,6,0.4260905218910358,15.940598645448242,15.940598645448242,False,inf,0.0,True,0.35000000000000003
store,dificil,500,1,TVE (full),27.946899994276464,True,27.946899994276464,True,8.009384852514746,1.0046363795698054,0.29239004833377547,0.5303663009370992,81.93834735163014,0,8,0.8005624006910157,8.009384852514746,8.009384852514746,True,8.009384852514746,0.0,True,0.3091104589261351
store,dificil,500,1,K = 1 candidate,18.347300007008016,True,18.347300007008016,True,8.009384852514746,1.0046363795698054,0.29239004833377547,0.5303663009370992,81.93834735163014,0,8,0.8005624006910157,8.009384852514746,8.009384852514746,True,8.009384852514746,0.0,True,0.3091104589261351
store,dificil,500,1,K = 8 candidates,23.377500008791685,True,23.377500008791685,True,8.009384852514746,1.0046363795698054,0.29239004833377547,0.5303663009370992,81.93834735163014,0,8,0.8005624006910157,8.009384852514746,8.009384852514746,True,8.009384852514746,0.0,True,0.3091104589261351
store,dificil,500,1,tile portals only,17.599600003450178,True,17.599600003450178,True,8.009384852514746,1.0046363795698054,0.29239004833377547,0.5303663009370992,81.93834735163014,0,8,0.8005624006910157,8.009384852514746,8.009384852514746,True,8.009384852514746,0.0,True,0.3091104589261351
store,dificil,500,1,disc portals only,17.540300003020093,True,17.540300003020093,True,8.182972276747421,1.0264098671261197,0.3531361360297056,0.5743177292291669,102.31559050912895,0,8,0.8003709103862818,8.182972276747421,8.182972276747421,True,8.182972276747421,0.0,True,0.385
store,dificil,500,1,single connector,23.598799991304986,True,23.598799991304986,True,8.004871625090043,1.0040702746137293,0.28088616205489925,0.529962800424244,81.55588420783896,0,8,0.8064380868298077,8.004871625090043,8.004871625090043,True,8.004871625090043,0.0,True,0.3036659562367634
store,dificil,500,1,exact collision test only,24.08370000193827,True,24.08370000193827,True,8.009384852514746,1.0046363795698054,0.29239004833377547,0.5303663009370992,81.93834735163014,0,8,0.8005624006910157,8.009384852514746,8.009384852514746,True,8.009384852514746,0.0,True,0.3091104589261351
store,dificil,500,1,per-obstacle generators,21.107300010044128,True,21.107300010044128,True,8.009384852514746,1.0046363795698054,0.29239004833377547,0.5303663009370992,81.93834735163014,0,8,0.8005624006910157,8.009384852514746,8.009384852514746,True,8.009384852514746,0.0,True,0.3091104589261351
store,dificil,500,1,skeleton length weights,20.53409999643918,True,20.53409999643918,True,8.009384852514746,1.0046363795698054,0.29239004833377547,0.5303663009370992,81.93834735163014,0,8,0.8005624006910157,8.009384852514746,8.009384852514746,True,8.009384852514746,0.0,True,0.3091104589261351
store,dificil,500,1,Bezier smoothing,23.687699998845346,True,23.687699998845346,True,8.108522024529448,1.0170713931704276,0.3525015211794949,0.5732081137793474,97.37960353191046,0,11,1.2382104812017694,8.108522024529448,8.108522024529448,True,8.108522024529448,0.0,True,0.38106888816561224
store,dificil,500,1,no smoothing,19.320799998240545,True,19.320799998240545,True,8.053815456126177,1.0102094168974192,0.3057467604561083,0.5431147226514199,82.15895638470434,1,5,0.33959888107878566,8.053815456126177,8.053815456126177,False,inf,0.0,True,0.35147389129499784
store,dificil,502,0,TVE (full),23.37470000202302,True,23.37470000202302,True,8.243147061944677,1.0011676627935184,0.29360930701656307,1.0292250068547923,24.929299692074938,0,4,0.886426648577758,8.243147061944677,8.243147061944677,True,8.243147061944677,0.0,True,0.35000000000000003
store,dificil,502,0,K = 1 candidate,20.2047000057064,True,20.2047000057064,True,8.243147061944677,1.0011676627935184,0.29360930701656307,1.0292250068547923,24.929299692074938,0,4,0.886426648577758,8.243147061944677,8.243147061944677,True,8.243147061944677,0.0,True,0.35000000000000003
store,dificil,502,0,K = 8 candidates,33.70800000266172,True,33.70800000266172,True,8.243147061944677,1.0011676627935184,0.29360930701656307,1.0292250068547923,24.929299692074938,0,4,0.886426648577758,8.243147061944677,8.243147061944677,True,8.243147061944677,0.0,True,0.35000000000000003
store,dificil,502,0,tile portals only,18.82139999361243,True,18.82139999361243,True,8.243147061944677,1.0011676627935184,0.29360930701656307,1.0292250068547923,24.929299692074938,0,4,0.886426648577758,8.243147061944677,8.243147061944677,True,8.243147061944677,0.0,True,0.35000000000000003
store,dificil,502,0,disc portals only,18.307800011825748,True,18.307800011825748,True,8.37162957078208,1.0167724472424617,0.35000000000000003,1.0894568269664728,35.66940957220508,0,4,0.8042021591632748,8.37162957078208,8.37162957078208,True,8.37162957078208,0.0,True,0.35000000000000003
store,dificil,502,0,single connector,19.16440000059083,True,19.16440000059083,True,8.243147061944677,1.0011676627935184,0.29360930701656307,1.0292250068547923,24.929299692074938,0,4,0.886426648577758,8.243147061944677,8.243147061944677,True,8.243147061944677,0.0,True,0.35000000000000003
store,dificil,502,0,exact collision test only,25.202100005117245,True,25.202100005117245,True,8.243147061944677,1.0011676627935184,0.29360930701656307,1.0292250068547923,24.929299692074938,0,4,0.886426648577758,8.243147061944677,8.243147061944677,True,8.243147061944677,0.0,True,0.35000000000000003
store,dificil,502,0,per-obstacle generators,20.831499990890734,True,20.831499990890734,True,8.243147061944677,1.0011676627935184,0.29360930701656307,1.0292250068547923,24.929299692074938,0,4,0.886426648577758,8.243147061944677,8.243147061944677,True,8.243147061944677,0.0,True,0.35000000000000003
store,dificil,502,0,skeleton length weights,24.39780000713654,True,24.39780000713654,True,8.243147061944677,1.0011676627935184,0.29360930701656307,1.0292250068547923,24.929299692074938,0,4,0.886426648577758,8.243147061944677,8.243147061944677,True,8.243147061944677,0.0,True,0.35000000000000003
store,dificil,502,0,Bezier smoothing,32.999900009599514,True,32.999900009599514,True,8.26711041740138,1.0040781211894427,0.33512203375625416,1.0859090786479846,29.921174708656565,0,6,3.3408578138324296,8.26711041740138,8.26711041740138,True,8.26711041740138,0.0,True,0.35000000000000003
store,dificil,502,0,no smoothing,23.383299994748086,True,23.383299994748086,True,8.248803303003259,1.0018546389687901,0.2933450551449679,1.0391046305732579,24.965833263844367,0,3,0.6253215694701213,8.248803303003259,8.248803303003259,False,inf,0.0,True,0.35000000000000003
store,dificil,502,1,TVE (full),21.589900003164075,True,21.589900003164075,True,7.182347110724114,1.014544943178289,0.31500000000000006,0.7781057790055874,65.42218058123373,0,6,0.8333416375977066,7.182347110724114,7.182347110724114,True,7.182347110724114,0.0,True,0.45500000000000007
store,dificil,502,1,K = 1 candidate,16.58039999892935,True,16.58039999892935,True,7.573829081659512,1.069843865360001,0.29767354199978824,0.7669003468207227,44.22248316700705,0,5,0.8263869655609946,7.573829081659512,7.573829081659512,True,7.573829081659512,0.0,True,0.45500000000000007
store,dificil,502,1,K = 8 candidates,27.54589999676682,True,27.54589999676682,True,7.182347110724114,1.014544943178289,0.31500000000000006,0.7781057790055874,65.42218058123373,0,6,0.8333416375977066,7.182347110724114,7.182347110724114,True,7.182347110724114,0.0,True,0.45500000000000007
store,dificil,502,1,tile portals only,19.613800002844073,True,19.613800002844073,True,7.3843796879820855,1.043083125259228,0.29377733172238535,0.7825585247126831,60.00525859023903,0,6,0.7999705188837665,7.3843796879820855,7.3843796879820855,True,7.3843796879820855,0.0,True,0.4090985639208287
store,dificil,502,1,disc portals only,20.162799992249347,True,20.162799992249347,True,7.182347110724114,1.014544943178289,0.31500000000000006,0.7781057790055874,65.42218058123373,0,6,0.8333416375977066,7.182347110724114,7.182347110724114,True,7.182347110724114,0.0,True,0.45500000000000007
store,dificil,502,1,single connector,21.912299998803064,True,21.912299998803064,True,7.113581654305556,1.0048314546766506,0.31500000000000006,0.7521068337444138,43.19572203103967,0,5,0.9491482826202474,7.113581654305556,7.113581654305556,True,7.113581654305556,0.0,True,0.43553327308068285
store,dificil,502,1,exact collision test only,27.73289999458939,True,27.73289999458939,True,7.182347110724114,1.014544943178289,0.31500000000000006,0.7781057790055874,65.42218058123373,0,6,0.8333416375977066,7.182347110724114,7.182347110724114,True,7.182347110724114,0.0,True,0.45500000000000007
store,dificil,502,1,per-obstacle generators,21.140199998626485,True,21.140199998626485,True,7.182347110724114,1.014544943178289,0.31500000000000006,0.7781057790055874,65.42218058123373,0,6,0.8333416375977066,7.182347110724114,7.182347110724114,True,7.182347110724114,0.0,True,0.45500000000000007
store,dificil,502,1,skeleton length weights,27.749400003813207,True,27.749400003813207,True,7.182347110724114,1.014544943178289,0.31500000000000006,0.7781057790055874,65.42218058123373,0,6,0.8333416375977066,7.182347110724114,7.182347110724114,True,7.182347110724114,0.0,True,0.45500000000000007
store,dificil,502,1,Bezier smoothing,24.745000002440065,True,24.745000002440065,True,7.235103695104165,1.021997092883254,0.31500000000000006,0.8029429958645325,84.69766859808415,0,8,0.7444931292300354,7.235103695104165,7.235103695104165,False,inf,0.0,True,0.45500000000000007
store,dificil,502,1,no smoothing,25.06569999968633,True,25.06569999968633,True,7.211576036974753,1.0186736853380545,0.31500000000000006,0.7986093614924971,67.61666482727215,0,4,0.5266898265325293,7.211576036974753,7.211576036974753,False,inf,0.0,True,0.45500000000000007
store,medio,501,0,TVE (full),34.617599987541325,True,34.617599987541325,True,11.422709370866317,1.00419704350557,0.2625,0.5360206750608795,127.09424458972964,0,9,0.5847546577536267,11.422709370866317,11.422709370866317,False,inf,0.0,True,0.36647129052315164
store,medio,501,0,K = 1 candidate,22.595700007514097,True,22.595700007514097,True,11.422709370866317,1.00419704350557,0.2625,0.5360206750608795,127.09424458972964,0,9,0.5847546577536267,11.422709370866317,11.422709370866317,False,inf,0.0,True,0.36647129052315164
store,medio,501,0,K = 8 candidates,32.65269999974407,True,32.65269999974407,True,11.422709370866317,1.00419704350557,0.2625,0.5360206750608795,127.09424458972964,0,9,0.5847546577536267,11.422709370866317,11.422709370866317,False,inf,0.0,True,0.36647129052315164
store,medio,501,0,tile portals only,23.149000000557862,True,23.149000000557862,True,11.422709370866317,1.00419704350557,0.2625,0.5360206750608795,127.09424458972964,0,9,0.5847546577536267,11.422709370866317,11.422709370866317,False,inf,0.0,True,0.36647129052315164
store,medio,501,0,disc portals only,29.867299992474727,True,29.867299992474727,True,11.49530616529536,1.0105791971581495,0.2625,0.5332654621157608,135.41595931149573,0,8,0.41674770245101866,11.49530616529536,11.49530616529536,False,inf,0.0,True,0.36750000000000005
store,medio,501,0,single connector,29.341400004341267,True,29.341400004341267,True,12.499418824235391,1.0988530847899085,0.2625,0.5579487860352257,259.4948462231739,2,10,0.1407335740653493,12.499418824235391,14.310042578304152,False,inf,0.0,True,0.36750000000000005
store,medio,501,0,exact collision test only,38.72670000419021,True,38.72670000419021,True,11.372057136369746,0.999744087339309,0.24790980606118457,0.5352979475706816,116.92199053499613,0,9,0.46762669704949217,11.372057136369746,11.372057136369746,False,inf,0.0,True,0.34769882139857283
store,medio,501,0,per-obstacle generators,28.981900002690963,True,28.981900002690963,True,11.422709370866317,1.00419704350557,0.2625,0.5360206750608795,127.09424458972964,0,9,0.5847546577536267,11.422709370866317,11.422709370866317,False,inf,0.0,True,0.36647129052315164
store,medio,501,0,skeleton length weights,30.382099997950718,True,30.382099997950718,True,11.422709370866317,1.00419704350557,0.2625,0.5360206750608795,127.09424458972964,0,9,0.5847546577536267,11.422709370866317,11.422709370866317,False,inf,0.0,True,0.36647129052315164
store,medio,501,0,Bezier smoothing,35.238500000559725,True,35.238500000559725,True,11.473163546096702,1.0086325878194338,0.262499999999998,0.5314554967328766,155.9717948342405,0,10,0.5683740661329111,11.473163546096702,11.473163546096702,False,inf,0.0,True,0.36749999999999805
store,medio,501,0,no smoothing,27.66370000608731,True,27.66370000608731,True,11.458521971760353,1.0073454128433874,0.2625,0.5479683580125777,171.16355384168264,0,8,0.5759677839086352,11.458521971760353,11.458521971760353,False,inf,0.0,True,0.36637639634603886
store,medio,501,1,TVE (full),24.436399995465763,True,24.436399995465763,True,9.022488297581164,1.070727267467478,0.29555185707688414,0.5020221202007438,143.07594660654456,0,9,0.6161354132615189,9.022488297581164,9.022488297581164,False,inf,0.0,True,0.3897242358366691
store,medio,501,1,K = 1 candidate,22.22319999418687,True,22.22319999418687,True,9.022488297581164,1.070727267467478,0.29555185707688414,0.5020221202007438,143.07594660654456,0,9,0.6161354132615189,9.022488297581164,9.022488297581164,False,inf,0.0,True,0.3897242358366691
store,medio,501,1,K = 8 candidates,37.65269998984877,True,37.65269998984877,True,8.63232208942536,1.0244250075877053,0.2907102655873248,0.43428654792248683,131.9217832420568,0,10,0.8163953697267279,8.63232208942536,8.63232208942536,True,8.63232208942536,0.0,True,0.37965824433173456
store,medio,501,1,tile portals only,20.949099998688325,True,20.949099998688325,True,9.022488297581164,1.070727267467478,0.29555185707688414,0.5020221202007438,143.07594660654456,0,9,0.6161354132615189,9.022488297581164,9.022488297581164,False,inf,0.0,True,0.3897242358366691
store,medio,501,1,disc portals only,23.462299999664538,True,23.462299999664538,True,9.062679741710152,1.0754969134596308,0.2886770236495288,0.5172667969474687,146.66361418743242,0,10,0.8000725300546714,9.062679741710152,9.062679741710152,True,9.062679741710152,0.0,True,0.3828204315119268
store,medio,501,1,single connector,28.002299994113855,True,28.002299994113855,True,9.022488297581164,1.070727267467478,0.29555185707688414,0.5020221202007438,143.07594660654456,0,9,0.6161354132615189,9.022488297581164,9.022488297581164,False,inf,0.0,True,0.3897242358366691
store,medio,501,1,exact collision test only,39.65279999829363,True,39.65279999829363,True,8.97449576545581,1.0650318416507218,0.2801995685941883,0.48941774007240185,138.15091700051374,0,9,0.7254158554399373,8.97449576545581,8.97449576545581,False,inf,0.0,True,0.3523463274891494
store,medio,501,1,per-obstacle generators,24.514400007319637,True,24.514400007319637,True,9.022488297581164,1.070727267467478,0.29555185707688414,0.5020221202007438,143.07594660654456,0,9,0.6161354132615189,9.022488297581164,9.022488297581164,False,inf,0.0,True,0.3897242358366691
store,medio,501,1,skeleton length weights,25.424500010558404,True,25.424500010558404,True,8.483513087926339,1.0067653719867007,0.2991294142536787,0.5269680257011813,106.48492453111636,0,9,0.7202806810752581,8.483513087926339,8.483513087926339,False,inf,0.0,True,0.36732298134562186
store,medio,501,1,Bezier smoothing,32.31340000638738,True,32.31340000638738,True,9.111515091613537,1.0812923591319614,0.31500000000000006,0.531873552302453,149.55382049393776,0,11,0.4971580994160285,9.111515091613537,9.111515091613537,False,inf,0.0,True,0.41361432188623887
store,medio,501,1,no smoothing,24.523699990822934,True,24.523699990822934,True,9.069127285037082,1.0762620638505902,0.2961765154798021,0.5159445047259691,144.27566847171207,0,7,0.4814838438571205,9.069127285037082,9.069127285037082,False,inf,0.0,True,0.3899916711666928
store,dificil,501,0,TVE (full),20.404700000653975,True,20.404700000653975,True,8.870549588385154,1.0,0.4456804733727802,0.7460928660702322,0.0,0,2,16777216.0,8.870549588385154,8.870549588385154,True,8.870549588385154,0.0,True,0.45500000000000007
store,dificil,501,0,K = 1 candidate,19.55949999683071,True,19.55949999683071,True,8.870549588385154,1.0,0.4456804733727802,0.7460928660702322,0.0,0,2,16777216.0,8.870549588385154,8.870549588385154,True,8.870549588385154,0.0,True,0.45500000000000007
store,dificil,501,0,K = 8 candidates,29.826199999661185,True,29.826199999661185,True,8.870549588385154,1.0,0.4456804733727802,0.7460928660702322,0.0,0,2,16777216.0,8.870549588385154,8.870549588385154,True,8.870549588385154,0.0,True,0.45500000000000007
store,dificil,501,0,tile portals only,19.095499999821186,True,19.095499999821186,True,8.870549588385154,1.0,0.4456804733727802,0.7460928660702322,0.0,0,2,16777216.0,8.870549588385154,8.870549588385154,True,8.870549588385154,0.0,True,0.45500000000000007
store,dificil,501,0,disc portals only,17.94020000670571,True,17.94020000670571,True,8.870549588385154,1.0,0.4456804733727802,0.7460928660702322,0.0,0,2,16777216.0,8.870549588385154,8.870549588385154,True,8.870549588385154,0.0,True,0.45500000000000007
store,dificil,501,0,single connector,21.73199999378994,True,21.73199999378994,True,8.870549588385154,1.0,0.4456804733727802,0.7460928660702322,0.0,0,2,16777216.0,8.870549588385154,8.870549588385154,True,8.870549588385154,0.0,True,0.45500000000000007
store,dificil,501,0,exact collision test only,20.160600004601292,True,20.160600004601292,True,8.870549588385154,1.0,0.4456804733727802,0.7460928660702322,0.0,0,2,16777216.0,8.870549588385154,8.870549588385154,True,8.870549588385154,0.0,True,0.45500000000000007
store,dificil,501,0,per-obstacle generators,22.631800005910918,True,22.631800005910918,True,8.870549588385154,1.0,0.4456804733727802,0.7460928660702322,0.0,0,2,16777216.0,8.870549588385154,8.870549588385154,True,8.870549588385154,0.0,True,0.45500000000000007
store,dificil,501,0,skeleton length weights,20.394899998791516,True,20.394899998791516,True,8.870549588385154,1.0,0.4456804733727802,0.7460928660702322,0.0,0,2,16777216.0,8.870549588385154,8.870549588385154,True,8.870549588385154,0.0,True,0.45500000000000007
store,dificil,501,0,Bezier smoothing,20.99160000216216,True,20.99160000216216,True,8.870549588385154,1.0,0.446027285358099,0.7460943313137,0.0,0,2,16777216.0,8.870549588385154,8.870549588385154,True,8.870549588385154,0.0,True,0.45500000000000007
store,dificil,501,0,no smoothing,19.44530000037048,True,19.44530000037048,True,8.870549588385154,1.0,0.4456804733727802,0.7460928660702322,0.0,0,2,16777216.0,8.870549588385154,8.870549588385154,True,8.870549588385154,0.0,True,0.45500000000000007
store,dificil,501,1,TVE (full),23.143800004618242,True,23.143800004618242,True,11.940146035973793,1.0063051985898397,0.2750205167972734,0.5878504002588406,173.65200167115495,0,13,0.7999461255798119,11.940146035973793,11.940146035973793,True,11.940146035973793,0.0,True,0.3733993176989559
store,dificil,501,1,K = 1 candidate,20.159000006970018,True,20.159000006970018,True,11.940146035973793,1.0063051985898397,0.2750205167972734,0.5878504002588406,173.65200167115495,0,13,0.7999461255798119,11.940146035973793,11.940146035973793,True,11.940146035973793,0.0,True,0.3733993176989559
store,dificil,501,1,K = 8 candidates,29.642299996339716,True,29.642299996339716,True,11.940146035973793,1.0063051985898397,0.2750205167972734,0.5878504002588406,173.65200167115495,0,13,0.7999461255798119,11.940146035973793,11.940146035973793,True,11.940146035973793,0.0,True,0.3733993176989559
store,dificil,501,1,tile portals only,20.43860001140274,True,20.43860001140274,True,11.940146035973793,1.0063051985898397,0.2750205167972734,0.5878504002588406,173.65200167115495,0,13,0.7999461255798119,11.940146035973793,11.940146035973793,True,11.940146035973793,0.0,True,0.3733993176989559
store,dificil,501,1,disc portals only,22.727000003214926,True,22.727000003214926,True,12.144487611726737,1.0235269301623595,0.26514548397782123,0.6065505934924732,185.18192258856033,0,13,0.8000152045897293,12.144487611726737,12.144487611726737,True,12.144487611726737,0.0,True,0.3210347323860333
store,dificil,501,1,single connector,26.789200011990033,True,26.789200011990033,True,11.940146035973793,1.0063051985898397,0.2750205167972734,0.5878504002588406,173.65200167115495,0,13,0.7999461255798119,11.940146035973793,11.940146035973793,True,11.940146035973793,0.0,True,0.3733993176989559
store,dificil,501,1,exact collision test only,37.07899998698849,True,37.07899998698849,True,11.863629614071556,0.9998564606174791,0.2773387156077936,0.5823651902259444,162.6589084261282,0,10,0.48724473953507985,11.863629614071556,11.863629614071556,False,inf,0.0,True,0.33645635713745026
store,dificil,501,1,per-obstacle generators,24.166100003640167,True,24.166100003640167,True,11.940146035973793,1.0063051985898397,0.2750205167972734,0.5878504002588406,173.65200167115495,0,13,0.7999461255798119,11.940146035973793,11.940146035973793,True,11.940146035973793,0.0,True,0.3733993176989559
store,dificil,501,1,skeleton length weights,22.533600000315346,True,22.533600000315346,True,11.940146035973793,1.0063051985898397,0.2750205167972734,0.5878504002588406,173.65200167115495,0,13,0.7999461255798119,11.940146035973793,11.940146035973793,True,11.940146035973793,0.0,True,0.3733993176989559
store,dificil,501,1,Bezier smoothing,27.360399995814078,True,27.360399995814078,True,12.104890186442923,1.0201896933485197,0.30070048557737394,0.6095614993198819,197.50834110466982,0,13,0.5946338668114047,12.104890186442923,12.104890186442923,False,inf,0.0,True,0.405700485577374
store,dificil,501,1,no smoothing,21.73289998609107,True,21.73289998609107,True,12.0387330680114,1.014614028528275,0.30260841818416784,0.6132492921106918,178.23673715228628,1,7,0.45968464253194063,12.0387330680114,12.0387330680114,False,inf,0.0,True,0.37386230871845333
plaza,facil,502,0,TVE (full),23.03280000342056,True,23.03280000342056,True,20.74319965126966,1.0427809609280956,0.27,0.9112664780814326,76.84312298786094,0,8,0.7894568326520921,20.74319965126966,20.74319965126966,True,20.74319965126966,0.0,True,0.27
plaza,facil,502,0,K = 1 candidate,19.770900005823933,True,19.770900005823933,True,20.74319965126966,1.0427809609280956,0.27,0.9112664780814326,76.84312298786094,0,8,0.7894568326520921,20.74319965126966,20.74319965126966,True,20.74319965126966,0.0,True,0.27
plaza,facil,502,0,K = 8 candidates,32.3733999975957,True,32.3733999975957,True,20.74319965126966,1.0427809609280956,0.27,0.9112664780814326,76.84312298786094,0,8,0.7894568326520921,20.74319965126966,20.74319965126966,True,20.74319965126966,0.0,True,0.27
plaza,facil,502,0,tile portals only,21.771200001239777,True,21.771200001239777,True,20.74319965126966,1.0427809609280956,0.27,0.9112664780814326,76.84312298786094,0,8,0.7894568326520921,20.74319965126966,20.74319965126966,True,20.74319965126966,0.0,True,0.27
plaza,facil,502,0,disc portals only,21.255500003462657,True,21.255500003462657,True,20.921323817720577,1.0517354372181038,0.27,0.9825513683749845,101.25096972959774,0,7,0.6291386004599073,20.921323817720577,20.921323817720577,False,inf,0.0,True,0.27
plaza,facil,502,0,single connector,21.834200000739656,True,21.834200000739656,True,20.74319965126966,1.0427809609280956,0.27,0.9112664780814326,76.84312298786094,0,8,0.7894568326520921,20.74319965126966,20.74319965126966,True,20.74319965126966,0.0,True,0.27
plaza,facil,502,0,exact collision test only,23.624800000106916,True,23.624800000106916,True,20.734300335327852,1.0423335836003247,0.27,0.9154980015227491,64.90681776684376,0,7,0.7907278504393291,20.734300335327852,20.734300335327852,True,20.734300335327852,0.0,True,0.27
plaza,facil,502,0,per-obstacle generators,22.738299987395294,True,22.738299987395294,True,20.74319965126966,1.0427809609280956,0.27,0.9112664780814326,76.84312298786094,0,8,0.7894568326520921,20.74319965126966,20.74319965126966,True,20.74319965126966,0.0,True,0.27
plaza,facil,502,0,skeleton length weights,22.69690000684932,True,22.69690000684932,True,20.74319965126966,1.0427809609280956,0.27,0.9112664780814326,76.84312298786094,0,8,0.7894568326520921,20.74319965126966,20.74319965126966,True,20.74319965126966,0.0,True,0.27
plaza,facil,502,0,Bezier smoothing,28.87890000420157,True,28.87890000420157,True,20.772870925530537,1.044272564943189,0.27,0.9371750711700191,83.38168637355915,0,11,0.6161307064706332,20.772870925530537,20.772870925530537,False,inf,0.0,True,0.27
plaza,facil,502,0,no smoothing,22.626699996180832,True,22.626699996180832,True,20.757682439977106,1.043509024899863,0.27,0.9203985361887944,81.04694051282196,0,7,0.6950291218984869,20.757682439977106,20.757682439977106,False,inf,0.0,True,0.27
plaza,facil,502,1,TVE (full),22.157700004754588,True,22.157700004754588,True,10.267896406398107,1.0151464433132007,0.25199999570846554,1.316623576979613,89.6032122615034,1,4,0.26961224189342375,10.267896406398107,10.267896406398107,False,inf,0.0,True,0.37799998283386227
plaza,facil,502,1,K = 1 candidate,19.58300000114832,True,19.58300000114832,True,10.267896406398107,1.0151464433132007,0.25199999570846554,1.316623576979613,89.6032122615034,1,4,0.26961224189342375,10.267896406398107,10.267896406398107,False,inf,0.0,True,0.37799998283386227
plaza,facil,502,1,K = 8 candidates,27.197500006877817,True,27.197500006877817,True,10.267896406398107,1.0151464433132007,0.25199999570846554,1.316623576979613,89.6032122615034,1,4,0.26961224189342375,10.267896406398107,10.267896406398107,False,inf,0.0,True,0.37799998283386227
plaza,facil,502,1,tile portals only,20.52489999914542,True,20.52489999914542,True,10.350866516379142,1.023349371032268,0.25199999570846554,1.3303521027047196,86.81259770188561,1,4,0.23978790775362632,10.350866516379142,10.350866516379142,False,inf,0.0,True,0.37799998283386227
plaza,facil,502,1,disc portals only,20.349699989310466,True,20.349699989310466,True,10.267896406398107,1.0151464433132007,0.25199999570846554,1.316623576979613,89.6032122615034,1,4,0.26961224189342375,10.267896406398107,10.267896406398107,False,inf,0.0,True,0.37799998283386227
plaza,facil,502,1,single connector,23.67229999799747,True,23.67229999799747,True,10.267896406398107,1.0151464433132007,0.25199999570846554,1.316623576979613,89.6032122615034,1,4,0.26961224189342375,10.267896406398107,10.267896406398107,False,inf,0.0,True,0.37799998283386227
plaza,facil,502,1,exact collision test only,32.744199997978285,True,32.744199997978285,True,10.114694755651303,1.0,0.25199999570846554,1.2917273289244975,0.0,0,2,16777215.999999998,10.114694755651303,10.114694755651303,True,10.114694755651303,0.0,True,0.37799998283386227
plaza,facil,502,1,per-obstacle generators,21.752500004367903,True,21.752500004367903,True,10.267896406398107,1.0151464433132007,0.25199999570846554,1.316623576979613,89.6032122615034,1,4,0.26961224189342375,10.267896406398107,10.267896406398107,False,inf,0.0,True,0.37799998283386227
plaza,facil,502,1,skeleton length weights,22.09509999374859,True,22.09509999374859,True,10.267896406398107,1.0151464433132007,0.25199999570846554,1.316623576979613,89.6032122615034,1,4,0.26961224189342375,10.267896406398107,10.267896406398107,False,inf,0.0,True,0.37799998283386227
plaza,facil,502,1,Bezier smoothing,24.92579999670852,True,24.92579999670852,True,10.331403958877164,1.0214251846903022,0.25199999570846554,1.2810447065351993,99.56122151379357,1,3,0.18730122039383976,10.331403958877164,11.181131167046118,False,inf,0.0,True,0.37799998283386227
plaza,facil,502,1,no smoothing,21.653699994203635,True,21.653699994203635,True,10.318812865244375,1.0201803528948834,0.25199999570846554,1.3127775272793483,99.9403018995752,1,3,0.23891104446125896,10.318812865244375,10.318812865244375,False,inf,0.0,True,0.37799998283386227
plaza,facil,500,0,TVE (full),25.657299993326887,True,25.657299993326887,True,11.28895434433924,1.0065009440148311,0.3131786242809875,0.944432532060138,115.14105109733362,0,8,0.721621889485538,11.28895434433924,11.28895434433924,False,inf,0.0,True,0.4360558042801647
plaza,facil,500,0,K = 1 candidate,24.965200005681254,True,24.965200005681254,True,13.338269356476417,1.1892138358721827,0.28830497741814093,0.8910840693087004,103.05690073961735,0,8,0.6091338529895786,13.338269356476417,13.338269356476417,False,inf,0.0,True,0.40156862069099913
plaza,facil,500,0,K = 8 candidates,27.638500003376976,True,27.638500003376976,True,11.28895434433924,1.0065009440148311,0.3131786242809875,0.944432532060138,115.14105109733362,0,8,0.721621889485538,11.28895434433924,11.28895434433924,False,inf,0.0,True,0.4360558042801647
plaza,facil,500,0,tile portals only,20.71359999536071,True,20.71359999536071,True,11.28895434433924,1.0065009440148311,0.3131786242809875,0.944432532060138,115.14105109733362,0,8,0.721621889485538,11.28895434433924,11.28895434433924,False,inf,0.0,True,0.4360558042801647
plaza,facil,500,0,disc portals only,21.284400005242787,True,21.284400005242787,True,13.603647380526802,1.212874418028885,0.3942968093503813,0.950553646652836,116.5934210382745,0,9,0.757824111175477,13.603647380526802,13.603647380526802,False,inf,0.0,True,0.5150337551886564
plaza,facil,500,0,single connector,23.99070000683423,True,23.99070000683423,True,11.748717899931695,1.0474925574639071,0.33606662707956075,0.939004692608429,172.2602452152938,0,9,0.3586853887819991,11.748717899931695,11.748717899931695,False,inf,0.0,True,0.43492712230921166
plaza,facil,500,0,exact collision test only,28.829899994889274,True,28.829899994889274,True,11.28895434433924,1.0065009440148311,0.3131786242809875,0.944432532060138,115.14105109733362,0,8,0.721621889485538,11.28895434433924,11.28895434433924,False,inf,0.0,True,0.4360558042801647
plaza,facil,500,0,per-obstacle generators,25.22669998870697,True,25.22669998870697,True,11.28895434433924,1.0065009440148311,0.3131786242809875,0.944432532060138,115.14105109733362,0,8,0.721621889485538,11.28895434433924,11.28895434433924,False,inf,0.0,True,0.4360558042801647
plaza,facil,500,0,skeleton length weights,26.822900006663986,True,26.822900006663986,True,11.28895434433924,1.0065009440148311,0.3131786242809875,0.944432532060138,115.14105109733362,0,8,0.721621889485538,11.28895434433924,11.28895434433924,False,inf,0.0,True,0.4360558042801647
plaza,facil,500,0,Bezier smoothing,27.515000008861534,True,27.515000008861534,True,11.351121360293934,1.012043632764951,0.3484502477697913,0.9277491332496077,120.73337114963985,0,9,0.5175815012949242,11.351121360293934,11.351121360293934,False,inf,0.0,True,0.4473107385629044
plaza,facil,500,0,no smoothing,23.27299999888055,True,23.27299999888055,True,11.32624437657918,1.0098256498739404,0.31333059059259516,0.9670740378689386,116.56773308895664,0,6,0.5763951269286529,11.32624437657918,11.32624437657918,False,inf,0.0,True,0.4376065502681901
plaza,facil,500,1,TVE (full),20.745700006955303,True,20.745700006955303,True,16.80707777168994,1.0016776299130514,0.3419789275905047,1.0475862183489246,35.00772543893242,0,4,1.03543803964902,16.80707777168994,16.80707777168994,True,16.80707777168994,0.0,True,0.4528635972363305
plaza,facil,500,1,K = 1 candidate,17.823699992732145,True,17.823699992732145,True,16.80707777168994,1.0016776299130514,0.3419789275905047,1.0475862183489246,35.00772543893242,0,4,1.03543803964902,16.80707777168994,16.80707777168994,True,16.80707777168994,0.0,True,0.4528635972363305
plaza,facil,500,1,K = 8 candidates,25.660799990873784,True,25.660799990873784,True,16.80707777168994,1.0016776299130514,0.3419789275905047,1.0475862183489246,35.00772543893242,0,4,1.03543803964902,16.80707777168994,16.80707777168994,True,16.80707777168994,0.0,True,0.4528635972363305
plaza,facil,500,1,tile portals only,19.24660000076983,True,19.24660000076983,True,16.80707777168994,1.0016776299130514,0.3419789275905047,1.0475862183489246,35.00772543893242,0,4,1.03543803964902,16.80707777168994,16.80707777168994,True,16.80707777168994,0.0,True,0.4528635972363305
plaza,facil,500,1,disc portals only,19.098199991276488,True,19.098199991276488,True,16.890900425563643,1.0066733393639031,0.35980001630208386,1.0874185810174235,37.45458914337681,0,4,0.8016972632681476,16.890900425563643,16.890900425563643,True,16.890900425563643,0.0,True,0.4675703248227558
plaza,facil,500,1,single connector,20.784699998330325,True,20.784699998330325,True,16.80717255981278,1.0016832791486605,0.3423166489797794,1.0477131273205702,35.00990262510711,0,4,1.0511416141243626,16.80717255981278,16.80717255981278,True,16.80717255981278,0.0,True,0.45295576800871373
plaza,facil,500,1,exact collision test only,22.400600006221794,True,22.400600006221794,True,16.78938780704787,1.000623333497183,0.28587649411152105,1.038055161487683,33.87969810223118,0,4,0.8666794629147107,16.78938780704787,16.78938780704787,True,16.78938780704787,0.0,True,0.4200229098377871
plaza,facil,500,1,per-obstacle generators,21.58110000891611,True,21.58110000891611,True,16.80707777168994,1.0016776299130514,0.3419789275905047,1.0475862183489246,35.00772543893242,0,4,1.03543803964902,16.80707777168994,16.80707777168994,True,16.80707777168994,0.0,True,0.4528635972363305
plaza,facil,500,1,skeleton length weights,23.233999992953613,True,23.233999992953613,True,16.80707777168994,1.0016776299130514,0.3419789275905047,1.0475862183489246,35.00772543893242,0,4,1.03543803964902,16.80707777168994,16.80707777168994,True,16.80707777168994,0.0,True,0.4528635972363305
plaza,facil,500,1,Bezier smoothing,27.66249999694992,True,27.66249999694992,True,16.815737907152545,1.0021937615144367,0.3478473249984204,1.0304796389970279,35.14111393094075,0,4,0.8232237914292334,16.815737907152545,16.815737907152545,True,16.815737907152545,0.0,True,0.45589843440019745
plaza,facil,500,1,no smoothing,21.304800000507385,True,21.304800000507385,True,16.812294303839696,1.0019885277164122,0.3413688365878714,1.0550662914767748,35.06489431188972,0,4,0.88399784938918,16.812294303839696,16.812294303839696,True,16.812294303839696,0.0,True,0.45292897665889725
plaza,medio,500,0,TVE (full),22.074399996199645,True,22.074399996199645,True,8.215304315726836,1.0,0.315,1.3117361097545557,0.0,0,2,11863283.203031441,8.215304315726836,8.215304315726836,True,8.215304315726836,0.0,True,0.315
plaza,medio,500,0,K = 1 candidate,18.337600005907007,True,18.337600005907007,True,8.215304315726836,1.0,0.315,1.3117361097545557,0.0,0,2,11863283.203031441,8.215304315726836,8.215304315726836,True,8.215304315726836,0.0,True,0.315
plaza,medio,500,0,K = 8 candidates,26.93629999703262,True,26.93629999703262,True,8.215304315726836,1.0,0.315,1.3117361097545557,0.0,0,2,11863283.203031441,8.215304315726836,8.215304315726836,True,8.215304315726836,0.0,True,0.315
plaza,medio,500,0,tile portals only,20.231499991496094,True,20.231499991496094,True,8.215304315726836,1.0,0.315,1.3117361097545557,0.0,0,2,11863283.203031441,8.215304315726836,8.215304315726836,True,8.215304315726836,0.0,True,0.315
plaza,medio,500,0,disc portals only,19.66079999692738,True,19.66079999692738,True,8.215304315726836,1.0,0.315,1.3117361097545557,0.0,0,2,11863283.203031441,8.215304315726836,8.215304315726836,True,8.215304315726836,0.0,True,0.315
plaza,medio,500,0,single connector,19.852600002195686,True,19.852600002195686,True,8.215304315726836,1.0,0.315,1.3117361097545557,0.0,0,2,11863283.203031441,8.215304315726836,8.215304315726836,True,8.215304315726836,0.0,True,0.315
plaza,medio,500,0,exact collision test only,20.44759999262169,True,20.44759999262169,True,8.215304315726836,1.0,0.315,1.3117361097545557,0.0,0,2,11863283.203031441,8.215304315726836,8.215304315726836,True,8.215304315726836,0.0,True,0.315
plaza,medio,500,0,per-obstacle generators,20.431799988728017,True,20.431799988728017,True,8.215304315726836,1.0,0.315,1.3117361097545557,0.0,0,2,11863283.203031441,8.215304315726836,8.215304315726836,True,8.215304315726836,0.0,True,0.315
plaza,medio,500,0,skeleton length weights,19.785199998295866,True,19.785199998295866,True,8.215304315726836,1.0,0.315,1.3117361097545557,0.0,0,2,11863283.203031441,8.215304315726836,8.215304315726836,True,8.215304315726836,0.0,True,0.315
plaza,medio,500,0,Bezier smoothing,20.771900002728216,True,20.771900002728216,True,8.215304315726836,1.0,0.315,1.3117361097545557,0.0,0,2,11863283.203031441,8.215304315726836,8.215304315726836,True,8.215304315726836,0.0,True,0.315
plaza,medio,500,0,no smoothing,20.43190000404138,True,20.43190000404138,True,8.215304315726836,1.0,0.315,1.3117361097545557,0.0,0,2,11863283.203031441,8.215304315726836,8.215304315726836,True,8.215304315726836,0.0,True,0.315
plaza,medio,500,1,TVE (full),29.456899996148422,True,29.456899996148422,True,13.702493515265243,1.0986385176412143,0.36593478890179165,1.2333167819643753,89.60920067398163,0,6,0.7960043870180336,13.702493515265243,13.702493515265243,True,13.702493515265243,0.0,True,0.5634132255717856
plaza,medio,500,1,K = 1 candidate,22.29609999631066,True,22.29609999631066,True,13.702493515265243,1.0986385176412143,0.36593478890179165,1.2333167819643753,89.60920067398163,0,6,0.7960043870180336,13.702493515265243,13.702493515265243,True,13.702493515265243,0.0,True,0.5634132255717856
plaza,medio,500,1,K = 8 candidates,31.53300000121817,True,31.53300000121817,True,13.494073268781431,1.0819277992315834,0.29359280832835705,0.7487361248699171,142.95060383065007,0,10,0.8003118499167113,13.494073268781431,13.494073268781431,True,13.494073268781431,0.0,True,0.35822138753454424
plaza,medio,500,1,tile portals only,23.38360001158435,True,23.38360001158435,True,13.702493515265243,1.0986385176412143,0.36593478890179165,1.2333167819643753,89.60920067398163,0,6,0.7960043870180336,13.702493515265243,13.702493515265243,True,13.702493515265243,0.0,True,0.5634132255717856
plaza,medio,500,1,disc portals only,23.48990000609774,True,23.48990000609774,True,14.803511568710867,1.1869159425337084,0.4313269010411696,1.2398827257840912,100.38858910964427,0,7,0.7955257187179393,14.803511568710867,14.803511568710867,True,14.803511568710867,0.0,True,0.650455480794251
plaza,medio,500,1,single connector,27.76310000626836,True,27.76310000626836,True,12.714469769472148,1.01942075028645,0.31096951532550265,0.9708810178194605,48.193736273746495,0,5,0.8511024846029717,12.714469769472148,12.714469769472148,True,12.714469769472148,0.0,True,0.49268093780262384
plaza,medio,500,1,exact collision test only,33.798200005549006,True,33.798200005549006,True,13.702493515265243,1.0986385176412143,0.36593478890179165,1.2333167819643753,89.60920067398163,0,6,0.7960043870180336,13.702493515265243,13.702493515265243,True,13.702493515265243,0.0,True,0.5634132255717856
plaza,medio,500,1,per-obstacle generators,26.44650000729598,True,26.44650000729598,True,13.702493515265243,1.0986385176412143,0.36593478890179165,1.2333167819643753,89.60920067398163,0,6,0.7960043870180336,13.702493515265243,13.702493515265243,True,13.702493515265243,0.0,True,0.5634132255717856
plaza,medio,500,1,skeleton length weights,32.823500005179085,True,32.823500005179085,True,12.497629066570072,1.002034896526679,0.3038517347846414,0.8287635450734979,29.612427925603782,0,4,1.2486583220126544,12.497629066570072,12.497629066570072,True,12.497629066570072,0.0,True,0.48503024175147424
plaza,medio,500,1,Bezier smoothing,32.01470000203699,True,32.01470000203699,True,14.075026783162423,1.1285074897927894,0.37158685991971907,1.2918386923209184,103.45863416841577,0,11,0.7540167553326507,14.075026783162423,14.075026783162423,False,inf,0.0,True,0.58208972243268
plaza,medio,500,1,no smoothing,24.919400006183423,True,24.919400006183423,True,13.930829894478121,1.1169460717300033,0.36593392640504274,1.2114224113701515,90.52816007255022,1,4,0.26558771747961724,13.930829894478121,13.930829894478121,False,inf,0.0,True,0.5631888223589979
plaza,medio,501,0,TVE (full),19.68769999803044,True,19.68769999803044,True,9.277642480716747,1.0,0.41654243115783507,1.121294847278303,0.0,0,2,16777215.999999998,9.277642480716747,9.277642480716747,True,9.277642480716747,0.0,True,0.5726999897423984
plaza,medio,501,0,K = 1 candidate,17.537100007757545,True,17.537100007757545,True,9.277642480716747,1.0,0.41654243115783507,1.121294847278303,0.0,0,2,16777215.999999998,9.277642480716747,9.277642480716747,True,9.277642480716747,0.0,True,0.5726999897423984
plaza,medio,501,0,K = 8 candidates,23.8826999993762,True,23.8826999993762,True,9.277642480716747,1.0,0.41654243115783507,1.121294847278303,0.0,0,2,16777215.999999998,9.277642480716747,9.277642480716747,True,9.277642480716747,0.0,True,0.5726999897423984
plaza,medio,501,0,tile portals only,18.4436999988975,True,18.4436999988975,True,9.277642480716747,1.0,0.41654243115783507,1.121294847278303,0.0,0,2,16777215.999999998,9.277642480716747,9.277642480716747,True,9.277642480716747,0.0,True,0.5726999897423984
plaza,medio,501,0,disc portals only,19.092400005320087,True,19.092400005320087,True,9.277642480716747,1.0,0.41654243115783507,1.121294847278303,0.0,0,2,16777215.999999998,9.277642480716747,9.277642480716747,True,9.277642480716747,0.0,True,0.5726999897423984
plaza,medio,501,0,single connector,18.982699999469332,True,18.982699999469332,True,9.277642480716747,1.0,0.41654243115783507,1.121294847278303,0.0,0,2,16777215.999999998,9.277642480716747,9.277642480716747,True,9.277642480716747,0.0,True,0.5726999897423984
plaza,medio,501,0,exact collision test only,20.474799996009097,True,20.474799996009097,True,9.277642480716747,1.0,0.41654243115783507,1.121294847278303,0.0,0,2,16777215.999999998,9.277642480716747,9.277642480716747,True,9.277642480716747,0.0,True,0.5726999897423984
plaza,medio,501,0,per-obstacle generators,19.493200001306832,True,19.493200001306832,True,9.277642480716747,1.0,0.41654243115783507,1.121294847278303,0.0,0,2,16777215.999999998,9.277642480716747,9.277642480716747,True,9.277642480716747,0.0,True,0.5726999897423984
plaza,medio,501,0,skeleton length weights,19.817399996099994,True,19.817399996099994,True,9.277642480716747,1.0,0.41654243115783507,1.121294847278303,0.0,0,2,16777215.999999998,9.277642480716747,9.277642480716747,True,9.277642480716747,0.0,True,0.5726999897423984
plaza,medio,501,0,Bezier smoothing,20.276999988709576,True,20.276999988709576,True,9.277642480716748,1.0000000000000002,0.4157278975386803,1.121288133539341,0.0,0,2,16777215.999999998,9.277642480716748,9.277642480716748,True,9.277642480716748,0.0,True,0.5727511975500325
plaza,medio,501,0,no smoothing,20.14930000586901,True,20.14930000586901,True,9.277642480716747,1.0,0.41654243115783507,1.121294847278303,0.0,0,2,16777215.999999998,9.277642480716747,9.277642480716747,True,9.277642480716747,0.0,True,0.5726999897423984
plaza,medio,501,1,TVE (full),24.335900001460686,True,24.335900001460686,True,10.508181091966735,1.002396287054472,0.3444532441429018,1.1837372556848897,23.39310302546421,0,4,0.995400003786806,10.508181091966735,10.508181091966735,True,10.508181091966735,0.0,True,0.42293879831200193
plaza,medio,501,1,K = 1 candidate,22.528300003614277,True,22.528300003614277,True,10.841720061851467,1.0342132325443076,0.32646636045580874,0.9528333337834805,44.53782348744762,0,5,0.9005741661219767,10.841720061851467,10.841720061851467,True,10.841720061851467,0.0,True,0.35129778169007025
plaza,medio,501,1,K = 8 candidates,32.75949999806471,True,32.75949999806471,True,10.508181091966735,1.002396287054472,0.3444532441429018,1.1837372556848897,23.39310302546421,0,4,0.995400003786806,10.508181091966735,10.508181091966735,True,10.508181091966735,0.0,True,0.42293879831200193
plaza,medio,501,1,tile portals only,22.439199994551018,True,22.439199994551018,True,10.508181091966735,1.002396287054472,0.3444532441429018,1.1837372556848897,23.39310302546421,0,4,0.995400003786806,10.508181091966735,10.508181091966735,True,10.508181091966735,0.0,True,0.42293879831200193
plaza,medio,501,1,disc portals only,29.369199997745454,True,29.369199997745454,True,10.6827224305718,1.0190461323725153,0.4952902295184821,1.2385211337845432,44.080803011480775,0,5,0.798409706672821,10.6827224305718,10.6827224305718,True,10.6827224305718,0.0,True,0.5315758709778609
plaza,medio,501,1,single connector,22.21669998834841,True,22.21669998834841,True,10.50820011716386,1.002398101905852,0.3447077068670383,1.183794176405896,23.39100646450527,0,4,0.9941772137353078,10.50820011716386,10.50820011716386,True,10.50820011716386,0.0,True,0.42310152045963206
plaza,medio,501,1,exact collision test only,30.929500004276633,True,30.929500004276633,True,10.49779724007146,1.001405750776685,0.2832140350143406,1.1849490303594736,19.84338462421113,0,3,1.005991556872157,10.49779724007146,10.49779724007146,True,10.49779724007146,0.0,True,0.39383719252281046
plaza,medio,501,1,per-obstacle generators,24.75379999668803,True,24.75379999668803,True,10.508181091966735,1.002396287054472,0.3444532441429018,1.1837372556848897,23.39310302546421,0,4,0.995400003786806,10.508181091966735,10.508181091966735,True,10.508181091966735,0.0,True,0.42293879831200193
plaza,medio,501,1,skeleton length weights,23.811999999452382,True,23.811999999452382,True,10.508181091966735,1.002396287054472,0.3444532441429018,1.1837372556848897,23.39310302546421,0,4,0.995400003786806,10.508181091966735,10.508181091966735,True,10.508181091966735,0.0,True,0.42293879831200193
plaza,medio,501,1,Bezier smoothing,30.461499991361052,True,30.461499991361052,True,10.523492370868444,1.0038568603912659,0.3707327069529814,1.2097285539787475,27.184847718564033,0,6,2.1009861489366393,10.523492370868444,10.523492370868444,True,10.523492370868444,0.0,True,0.46685445037266055
plaza,medio,501,1,no smoothing,31.797100004041567,True,31.797100004041567,True,10.512847113446298,1.0028413881205362,0.344753918829765,1.1951879816773905,23.402062937275204,0,3,0.8300061037715574,10.512847113446298,10.512847113446298,True,10.512847113446298,0.0,True,0.42230747257238455
plaza,facil,501,0,TVE (full),25.345000001834705,True,25.345000001834705,True,15.230325787845699,1.002545579283404,0.26203167091739843,1.151533006446447,27.807782206161814,0,4,1.681465438429832,15.230325787845699,15.230325787845699,True,15.230325787845699,0.0,True,0.35315232547719955
plaza,facil,501,0,K = 1 candidate,20.626700003049336,True,20.626700003049336,True,15.230325787845699,1.002545579283404,0.26203167091739843,1.151533006446447,27.807782206161814,0,4,1.681465438429832,15.230325787845699,15.230325787845699,True,15.230325787845699,0.0,True,0.35315232547719955
plaza,facil,501,0,K = 8 candidates,28.782099994714372,True,28.782099994714372,True,15.230325787845699,1.002545579283404,0.26203167091739843,1.151533006446447,27.807782206161814,0,4,1.681465438429832,15.230325787845699,15.230325787845699,True,15.230325787845699,0.0,True,0.35315232547719955
plaza,facil,501,0,tile portals only,23.08640000410378,True,23.08640000410378,True,15.230325787845699,1.002545579283404,0.26203167091739843,1.151533006446447,27.807782206161814,0,4,1.681465438429832,15.230325787845699,15.230325787845699,True,15.230325787845699,0.0,True,0.35315232547719955
plaza,facil,501,0,disc portals only,21.679199999198318,True,21.679199999198318,True,15.343760826100553,1.0100125105705209,0.2525228384328837,1.187050786291758,53.5596715962487,0,6,0.9661243917103974,15.343760826100553,15.343760826100553,True,15.343760826100553,0.0,True,0.35116190745408266
plaza,facil,501,0,single connector,24.87249999830965,True,24.87249999830965,True,15.211838963559646,1.001328672683956,0.26514589204785444,1.1373570712936931,24.70783677790465,0,4,1.714192277764881,15.211838963559646,15.211838963559646,True,15.211838963559646,0.0,True,0.35567745280254487
plaza,facil,501,0,exact collision test only,24.30669999739621,True,24.30669999739621,True,15.230325787845699,1.002545579283404,0.26203167091739843,1.151533006446447,27.807782206161814,0,4,1.681465438429832,15.230325787845699,15.230325787845699,True,15.230325787845699,0.0,True,0.35315232547719955
plaza,facil,501,0,per-obstacle generators,23.259200010215864,True,23.259200010215864,True,15.230325787845699,1.002545579283404,0.26203167091739843,1.151533006446447,27.807782206161814,0,4,1.681465438429832,15.230325787845699,15.230325787845699,True,15.230325787845699,0.0,True,0.35315232547719955
plaza,facil,501,0,skeleton length weights,25.347799994051456,True,25.347799994051456,True,15.230325787845699,1.002545579283404,0.26203167091739843,1.151533006446447,27.807782206161814,0,4,1.681465438429832,15.230325787845699,15.230325787845699,True,15.230325787845699,0.0,True,0.35315232547719955
plaza,facil,501,0,Bezier smoothing,40.883599998778664,True,40.883599998778664,True,15.236101543054485,1.0029257719288043,0.255776258478584,1.1406610580081795,30.640370085160612,0,5,1.764471771789879,15.236101543054485,15.236101543054485,True,15.236101543054485,0.0,True,0.3478824962963863
plaza,facil,501,0,no smoothing,22.765899993828498,True,22.765899993828498,True,15.232607498235629,1.002695774275717,0.2620044779592979,1.1572846532015768,28.99673427872767,0,4,1.7004998890588183,15.232607498235629,15.232607498235629,True,15.232607498235629,0.0,True,0.35290439713750504
plaza,facil,501,1,TVE (full),25.808499995036982,True,25.808499995036982,True,16.34745462701322,1.0599999063483834,0.3231242313351585,1.4063247599878959,50.441837294218075,0,5,0.8178020703524046,16.34745462701322,16.34745462701322,True,16.34745462701322,0.0,True,0.4407165585499904
plaza,facil,501,1,K = 1 candidate,18.739799998002127,True,18.739799998002127,True,16.34745462701322,1.0599999063483834,0.3231242313351585,1.4063247599878959,50.441837294218075,0,5,0.8178020703524046,16.34745462701322,16.34745462701322,True,16.34745462701322,0.0,True,0.4407165585499904
plaza,facil,501,1,K = 8 candidates,39.55169999971986,True,39.55169999971986,True,16.34745462701322,1.0599999063483834,0.3231242313351585,1.4063247599878959,50.441837294218075,0,5,0.8178020703524046,16.34745462701322,16.34745462701322,True,16.34745462701322,0.0,True,0.4407165585499904
plaza,facil,501,1,tile portals only,23.718900003586896,True,23.718900003586896,True,16.34745462701322,1.0599999063483834,0.3231242313351585,1.4063247599878959,50.441837294218075,0,5,0.8178020703524046,16.34745462701322,16.34745462701322,True,16.34745462701322,0.0,True,0.4407165585499904
plaza,facil,501,1,disc portals only,33.36809999018442,True,33.36809999018442,True,16.426881244853057,1.0651500786163444,0.37136245365690795,1.4258945711147482,51.29506887834247,0,5,0.8004759683906061,16.426881244853057,16.426881244853057,True,16.426881244853057,0.0,True,0.4950803099546033
plaza,facil,501,1,single connector,25.28260000690352,True,25.28260000690352,True,16.34745462701322,1.0599999063483834,0.3231242313351585,1.4063247599878959,50.441837294218075,0,5,0.8178020703524046,16.34745462701322,16.34745462701322,True,16.34745462701322,0.0,True,0.4407165585499904
plaza,facil,501,1,exact collision test only,42.53809999499936,True,42.53809999499936,True,16.34745462701322,1.0599999063483834,0.3231242313351585,1.4063247599878959,50.441837294218075,0,5,0.8178020703524046,16.34745462701322,16.34745462701322,True,16.34745462701322,0.0,True,0.4407165585499904
plaza,facil,501,1,per-obstacle generators,25.6463999976404,True,25.6463999976404,True,16.34745462701322,1.0599999063483834,0.3231242313351585,1.4063247599878959,50.441837294218075,0,5,0.8178020703524046,16.34745462701322,16.34745462701322,True,16.34745462701322,0.0,True,0.4407165585499904
plaza,facil,501,1,skeleton length weights,30.71430001000408,True,30.71430001000408,True,16.34745462701322,1.0599999063483834,0.3231242313351585,1.4063247599878959,50.441837294218075,0,5,0.8178020703524046,16.34745462701322,16.34745462701322,True,16.34745462701322,0.0,True,0.4407165585499904
plaza,facil,501,1,Bezier smoothing,30.10340000037104,True,30.10340000037104,True,16.377669883388826,1.0619591207740657,0.346583687994324,1.4024605591886496,50.6616463734573,0,6,0.7174868775208586,16.377669883388826,16.377669883388826,False,inf,0.0,True,0.48050487381601087
plaza,facil,501,1,no smoothing,26.194300007773563,True,26.194300007773563,True,16.36665693964728,1.0612450206526092,0.323297565484934,1.4258568316799567,50.44183868240859,0,4,0.511979103127025,16.36665693964728,16.36665693964728,False,inf,0.0,True,0.4403189535452358
hospital,facil,500,0,TVE (full),36.75509999447968,True,36.75509999447968,True,12.658400458738393,1.0036122679405612,0.2975726710667823,0.6938744834761025,77.57241116938977,0,7,0.8422784822086544,12.658400458738393,12.658400458738393,True,12.658400458738393,0.0,True,0.36402705600253893
hospital,facil,500,0,K = 1 candidate,37.714299993240274,True,37.714299993240274,True,12.658400458738393,1.0036122679405612,0.2975726710667823,0.6938744834761025,77.57241116938977,0,7,0.8422784822086544,12.658400458738393,12.658400458738393,True,12.658400458738393,0.0,True,0.36402705600253893
hospital,facil,500,0,K = 8 candidates,38.054500008001924,True,38.054500008001924,True,12.658400458738393,1.0036122679405612,0.2975726710667823,0.6938744834761025,77.57241116938977,0,7,0.8422784822086544,12.658400458738393,12.658400458738393,True,12.658400458738393,0.0,True,0.36402705600253893
hospital,facil,500,0,tile portals only,35.63959999883082,True,35.63959999883082,True,12.658400458738393,1.0036122679405612,0.2975726710667823,0.6938744834761025,77.57241116938977,0,7,0.8422784822086544,12.658400458738393,12.658400458738393,True,12.658400458738393,0.0,True,0.36402705600253893
hospital,facil,500,0,disc portals only,36.2604999972973,True,36.2604999972973,True,12.772699559036747,1.0126743907299227,0.31500000000000006,0.7144338894223575,105.97990740157981,0,9,0.8060238457087143,12.772699559036747,12.772699559036747,True,12.772699559036747,0.0,True,0.385
hospital,facil,500,0,single connector,36.62780000013299,True,36.62780000013299,True,12.725390950763009,1.0089235614053582,0.31500000000000006,0.7009866694189102,86.44378206368584,0,8,0.6579889414859006,12.725390950763009,12.725390950763009,False,inf,0.0,True,0.385
hospital,facil,500,0,exact collision test only,42.178499992587604,True,42.178499992587604,True,12.612768006140014,0.999994331425341,0.26425594528701163,0.684173314432536,69.4799271681575,0,6,0.49272999597870654,12.612768006140014,12.612768006140014,False,inf,0.0,True,0.3467893913134753
hospital,facil,500,0,per-obstacle generators,381.11090000893455,True,381.11090000893455,True,12.721429311328002,1.008609465643331,0.31500000000000006,0.7074167635390467,84.90413581082663,0,7,0.7959265224385871,12.721429311328002,12.721429311328002,True,12.721429311328002,0.0,True,0.385
hospital,facil,500,0,skeleton length weights,36.119899988989346,True,36.119899988989346,True,12.658400458738393,1.0036122679405612,0.2975726710667823,0.6938744834761025,77.57241116938977,0,7,0.8422784822086544,12.658400458738393,12.658400458738393,True,12.658400458738393,0.0,True,0.36402705600253893
hospital,facil,500,0,Bezier smoothing,40.88919999776408,True,40.88919999776408,True,12.706145002234004,1.0073976600788184,0.30609780487647165,0.7061806849240635,84.4941200185051,0,9,0.727233387937076,12.706145002234004,12.706145002234004,False,inf,0.0,True,0.385
hospital,facil,500,0,no smoothing,41.92370000237133,True,41.92370000237133,True,12.687582091282884,1.005925912900337,0.297879495792854,0.7081117201140336,79.91030937619638,0,5,0.5069963707115352,12.687582091282884,12.687582091282884,False,inf,0.0,True,0.36404891495259706
hospital,facil,500,1,TVE (full),50.68690000916831,True,50.68690000916831,True,11.160430768306034,1.0144313580647626,0.28,0.5522884042834056,180.5010059970101,0,10,0.2746823375940103,11.160430768306034,11.160430768306034,False,inf,0.0,True,0.35281368205404084
hospital,facil,500,1,K = 1 candidate,39.16380000009667,True,39.16380000009667,True,11.160430768306034,1.0144313580647626,0.28,0.5522884042834056,180.5010059970101,0,10,0.2746823375940103,11.160430768306034,11.160430768306034,False,inf,0.0,True,0.35281368205404084
hospital,facil,500,1,K = 8 candidates,40.83560001163278,True,40.83560001163278,True,11.160430768306034,1.0144313580647626,0.28,0.5522884042834056,180.5010059970101,0,10,0.2746823375940103,11.160430768306034,11.160430768306034,False,inf,0.0,True,0.35281368205404084
hospital,facil,500,1,tile portals only,44.940899999346584,True,44.940899999346584,True,11.160430768306034,1.0144313580647626,0.28,0.5522884042834056,180.5010059970101,0,10,0.2746823375940103,11.160430768306034,11.160430768306034,False,inf,0.0,True,0.35281368205404084
hospital,facil,500,1,disc portals only,37.4145999958273,True,37.4145999958273,True,11.173746153507027,1.015641664778994,0.28,0.529469927010999,181.03048236878436,1,9,0.4838365930773976,11.173746153507027,11.173746153507027,False,inf,0.0,True,0.385
hospital,facil,500,1,single connector,41.67780000716448,True,41.67780000716448,True,11.160430768306034,1.0144313580647626,0.28,0.5522884042834056,180.5010059970101,0,10,0.2746823375940103,11.160430768306034,11.160430768306034,False,inf,0.0,True,0.35281368205404084
hospital,facil,500,1,exact collision test only,39.69390000565909,True,39.69390000565909,True,11.052134881354826,1.0045877645733066,0.28,0.49590341989000153,118.93706739392528,0,8,0.4605546507234003,11.052134881354826,11.052134881354826,False,inf,0.0,True,0.35280407992484414
hospital,facil,500,1,per-obstacle generators,542.5990999938222,True,542.5990999938222,True,11.177499780261696,1.0159828520293306,0.28,0.5457389773041148,156.60306644928747,0,10,0.4671336035805338,11.177499780261696,11.177499780261696,False,inf,0.0,True,0.385
hospital,facil,500,1,skeleton length weights,38.07309998956043,True,38.07309998956043,True,11.160430768306034,1.0144313580647626,0.28,0.5522884042834056,180.5010059970101,0,10,0.2746823375940103,11.160430768306034,11.160430768306034,False,inf,0.0,True,0.35281368205404084
hospital,facil,500,1,Bezier smoothing,43.22700000193436,True,43.22700000193436,True,11.284928884969078,1.0257476590378087,0.28,0.5931861920013797,196.99987069467176,1,12,0.24060429408443162,11.284928884969078,11.94640894581972,False,inf,0.0,True,0.385
hospital,facil,500,1,no smoothing,38.19319998729043,True,38.19319998729043,True,11.242135550650149,1.0218579435644104,0.28,0.5636671534393763,186.53395244263353,2,6,0.2386912530005448,11.242135550650149,11.908917182114173,False,inf,0.0,True,0.3526741610767416
plaza,dificil,501,0,TVE (full),21.781500006909482,True,21.781500006909482,True,8.373030198011786,1.0036121868382057,0.27,0.8077985708876111,44.78336895228287,0,4,0.45837249589934215,8.373030198011786,8.373030198011786,False,inf,0.0,True,0.3341987305074548
plaza,dificil,501,0,K = 1 candidate,19.22970000305213,True,19.22970000305213,True,8.373030198011786,1.0036121868382057,0.27,0.8077985708876111,44.78336895228287,0,4,0.45837249589934215,8.373030198011786,8.373030198011786,False,inf,0.0,True,0.3341987305074548
plaza,dificil,501,0,K = 8 candidates,28.94029999151826,True,28.94029999151826,True,8.373030198011786,1.0036121868382057,0.27,0.8077985708876111,44.78336895228287,0,4,0.45837249589934215,8.373030198011786,8.373030198011786,False,inf,0.0,True,0.3341987305074548
plaza,dificil,501,0,tile portals only,19.259000007878058,True,19.259000007878058,True,8.373030198011786,1.0036121868382057,0.27,0.8077985708876111,44.78336895228287,0,4,0.45837249589934215,8.373030198011786,8.373030198011786,False,inf,0.0,True,0.3341987305074548
plaza,dificil,501,0,disc portals only,19.0675000048941,True,19.0675000048941,True,8.423937611310851,1.009714075781528,0.27,0.8125214093358422,66.52450096736598,0,6,0.5895933443398583,8.423937611310851,8.423937611310851,False,inf,0.0,True,0.33749999999999997
plaza,dificil,501,0,single connector,26.30209999915678,True,26.30209999915678,True,8.357696217505916,1.0017742178658633,0.27,0.8015198068292657,46.89844823634038,0,5,0.8434006065864261,8.357696217505916,8.357696217505916,True,8.357696217505916,0.0,True,0.31389639384719276
plaza,dificil,501,0,exact collision test only,24.38560000155121,True,24.38560000155121,True,8.365492370348349,1.0027086841006774,0.2650831114447112,0.8015004836708104,46.29940581508925,0,5,0.8143049738980424,8.365492370348349,8.365492370348349,True,8.365492370348349,0.0,True,0.3081487266400373
plaza,dificil,501,0,per-obstacle generators,21.575300008407794,True,21.575300008407794,True,8.373030198011786,1.0036121868382057,0.27,0.8077985708876111,44.78336895228287,0,4,0.45837249589934215,8.373030198011786,8.373030198011786,False,inf,0.0,True,0.3341987305074548
plaza,dificil,501,0,skeleton length weights,28.807099995901808,True,28.807099995901808,True,8.373030198011786,1.0036121868382057,0.27,0.8077985708876111,44.78336895228287,0,4,0.45837249589934215,8.373030198011786,8.373030198011786,False,inf,0.0,True,0.3341987305074548
plaza,dificil,501,0,Bezier smoothing,24.329899999429472,True,24.329899999429472,True,8.390996997739064,1.005765732058795,0.27,0.8075237684066318,59.4090515293167,0,5,0.3657159833792895,8.390996997739064,8.390996997739064,False,inf,0.0,True,0.3450898824017931
plaza,dificil,501,0,no smoothing,20.929799997247756,True,20.929799997247756,True,8.38576612237482,1.0051387463512031,0.27,0.8164915933039912,68.77369163828546,0,5,0.35671239825289547,8.38576612237482,8.38576612237482,False,inf,0.0,True,0.33415806770324746
plaza,dificil,501,1,TVE (full),26.53170000121463,True,26.53170000121463,True,15.068617112159508,1.0032570050753107,0.30816101366546406,0.6403631417626772,63.06625917965953,0,6,1.1183609151131606,15.068617112159508,15.068617112159508,True,15.068617112159508,0.0,True,0.43079088671860777
plaza,dificil,501,1,K = 1 candidate,23.79169999039732,True,23.79169999039732,True,15.068617112159508,1.0032570050753107,0.30816101366546406,0.6403631417626772,63.06625917965953,0,6,1.1183609151131606,15.068617112159508,15.068617112159508,True,15.068617112159508,0.0,True,0.43079088671860777
plaza,dificil,501,1,K = 8 candidates,30.480900008114986,True,30.480900008114986,True,15.068617112159508,1.0032570050753107,0.30816101366546406,0.6403631417626772,63.06625917965953,0,6,1.1183609151131606,15.068617112159508,15.068617112159508,True,15.068617112159508,0.0,True,0.43079088671860777
plaza,dificil,501,1,tile portals only,23.140799996326678,True,23.140799996326678,True,15.068617112159508,1.0032570050753107,0.30816101366546406,0.6403631417626772,63.06625917965953,0,6,1.1183609151131606,15.068617112159508,15.068617112159508,True,15.068617112159508,0.0,True,0.43079088671860777
plaza,dificil,501,1,disc portals only,30.057000010856427,True,30.057000010856427,True,15.989000426723514,1.0645354223857921,0.3686860810065915,0.919194195250272,75.44577419437219,0,6,0.7951787890758684,15.989000426723514,15.989000426723514,True,15.989000426723514,0.0,True,0.44001415328731824
plaza,dificil,501,1,single connector,26.14729999913834,True,26.14729999913834,True,15.068911259549763,1.0032765891836335,0.30866888049932156,0.6405438981506434,63.184976267419636,0,6,1.1186972217992577,15.068911259549763,15.068911259549763,True,15.068911259549763,0.0,True,0.4311316818932395
plaza,dificil,501,1,exact collision test only,34.565699999802746,True,34.565699999802746,True,15.068617112159508,1.0032570050753107,0.30816101366546406,0.6403631417626772,63.06625917965953,0,6,1.1183609151131606,15.068617112159508,15.068617112159508,True,15.068617112159508,0.0,True,0.43079088671860777
plaza,dificil,501,1,per-obstacle generators,26.203900008113123,True,26.203900008113123,True,15.068617112159508,1.0032570050753107,0.30816101366546406,0.6403631417626772,63.06625917965953,0,6,1.1183609151131606,15.068617112159508,15.068617112159508,True,15.068617112159508,0.0,True,0.43079088671860777
plaza,dificil,501,1,skeleton length weights,25.879599998006597,True,25.879599998006597,True,15.068617112159508,1.0032570050753107,0.30816101366546406,0.6403631417626772,63.06625917965953,0,6,1.1183609151131606,15.068617112159508,15.068617112159508,True,15.068617112159508,0.0,True,0.43079088671860777
plaza,dificil,501,1,Bezier smoothing,34.261499997228384,True,34.261499997228384,True,15.093999353236816,1.0049469352776497,0.34240192562015886,0.6568137044571619,65.56285212363821,0,11,2.14702146510183,15.093999353236816,15.093999353236816,True,15.093999353236816,0.0,True,0.46103400263683925
plaza,dificil,501,1,no smoothing,33.28540000075009,True,33.28540000075009,True,15.075326398214031,1.00370370421055,0.3081803517230014,0.6463630896899889,63.79718484305727,0,6,0.885842266014668,15.075326398214031,15.075326398214031,True,15.075326398214031,0.0,True,0.4304890204693581
plaza,dificil,500,0,TVE (full),58.526399996480905,True,58.526399996480905,True,14.62497079778259,1.0270454479182394,0.23386049509048462,0.5326688190117476,270.87771638719806,0,16,0.7456738111227695,14.62497079778259,14.62497079778259,False,inf,0.0,True,0.3827385930327506
plaza,dificil,500,0,K = 1 candidate,45.09240000334103,True,45.09240000334103,True,14.62497079778259,1.0270454479182394,0.23386049509048462,0.5326688190117476,270.87771638719806,0,16,0.7456738111227695,14.62497079778259,14.62497079778259,False,inf,0.0,True,0.3827385930327506
plaza,dificil,500,0,K = 8 candidates,63.74149999464862,True,63.74149999464862,True,14.276626285094661,1.0025827907950073,0.23386049509048462,0.619792117093959,146.65346726145407,0,9,0.8244718024351941,14.276626285094661,14.276626285094661,True,14.276626285094661,0.0,True,0.4079551434166269
plaza,dificil,500,0,tile portals only,52.94349999167025,True,52.94349999167025,True,14.62497079778259,1.0270454479182394,0.23386049509048462,0.5326688190117476,270.87771638719806,0,16,0.7456738111227695,14.62497079778259,14.62497079778259,False,inf,0.0,True,0.3827385930327506
plaza,dificil,500,0,disc portals only,44.67509999813046,True,44.67509999813046,True,14.786442582614878,1.0383848798988062,0.23374424099922078,0.5623492480473042,293.6138300006704,0,18,0.7953695254147892,14.786442582614878,14.786442582614878,True,14.786442582614878,0.0,True,0.40126163533539977
plaza,dificil,500,0,single connector,58.678999994299375,True,58.678999994299375,True,14.62497079778259,1.0270454479182394,0.23386049509048462,0.5326688190117476,270.87771638719806,0,16,0.7456738111227695,14.62497079778259,14.62497079778259,False,inf,0.0,True,0.3827385930327506
plaza,dificil,500,0,exact collision test only,88.86679999704938,True,88.86679999704938,True,14.6086499762615,1.0258993105562375,0.23386049509048462,0.5342856078872649,247.79754350928164,0,14,0.7379641205055526,14.6086499762615,14.6086499762615,False,inf,0.0,True,0.3827385930327506
plaza,dificil,500,0,per-obstacle generators,59.4033999950625,True,59.4033999950625,True,14.62497079778259,1.0270454479182394,0.23386049509048462,0.5326688190117476,270.87771638719806,0,16,0.7456738111227695,14.62497079778259,14.62497079778259,False,inf,0.0,True,0.3827385930327506
plaza,dificil,500,0,skeleton length weights,61.16549999569543,True,61.16549999569543,True,14.276626285094661,1.0025827907950073,0.23386049509048462,0.619792117093959,146.65346726145407,0,9,0.8244718024351941,14.276626285094661,14.276626285094661,True,14.276626285094661,0.0,True,0.4079551434166269
plaza,dificil,500,0,Bezier smoothing,68.62330000149086,True,68.62330000149086,True,14.772440054081846,1.0374015457514743,0.23386049509048462,0.5739575724650372,283.76539680321474,0,18,0.6467524356835287,14.772440054081846,14.772440054081846,False,inf,0.0,True,0.4235533334496657
plaza,dificil,500,0,no smoothing,56.19090000982396,True,56.19090000982396,True,14.70043867842923,1.032345215306077,0.23386049509048462,0.5505611756212853,287.53399953039275,0,12,0.41228906083885447,14.70043867842923,14.70043867842923,False,inf,0.0,True,0.39525841549591884
plaza,dificil,500,1,TVE (full),22.10909999848809,True,22.10909999848809,True,12.887576442785972,1.0044877001948573,0.3690188757073262,0.7316620575031832,29.78435495694591,0,5,1.0059373526407867,12.887576442785972,12.887576442785972,True,12.887576442785972,0.0,True,0.4210435409861757
plaza,dificil,500,1,K = 1 candidate,19.584699999541044,True,19.584699999541044,True,12.887576442785972,1.0044877001948573,0.3690188757073262,0.7316620575031832,29.78435495694591,0,5,1.0059373526407867,12.887576442785972,12.887576442785972,True,12.887576442785972,0.0,True,0.4210435409861757
plaza,dificil,500,1,K = 8 candidates,27.171400011866353,True,27.171400011866353,True,12.887576442785972,1.0044877001948573,0.3690188757073262,0.7316620575031832,29.78435495694591,0,5,1.0059373526407867,12.887576442785972,12.887576442785972,True,12.887576442785972,0.0,True,0.4210435409861757
plaza,dificil,500,1,tile portals only,19.520800007740036,True,19.520800007740036,True,12.887576442785972,1.0044877001948573,0.3690188757073262,0.7316620575031832,29.78435495694591,0,5,1.0059373526407867,12.887576442785972,12.887576442785972,True,12.887576442785972,0.0,True,0.4210435409861757
plaza,dificil,500,1,disc portals only,22.83589998842217,True,22.83589998842217,True,12.940956931042734,1.0086482996778057,0.44999999999999996,0.779759023207808,31.762630430444588,0,5,0.9919663045017517,12.940956931042734,12.940956931042734,True,12.940956931042734,0.0,True,0.44999999999999996
plaza,dificil,500,1,single connector,24.364900004002266,True,24.364900004002266,True,12.853497464497448,1.001831505317721,0.31969859667886513,0.7154510842450058,26.356847134248778,0,4,1.118564233665391,12.853497464497448,12.853497464497448,True,12.853497464497448,0.0,True,0.41949133292819035
plaza,dificil,500,1,exact collision test only,24.64630000758916,True,24.64630000758916,True,12.874981851038118,1.0035060484036258,0.27141287386040874,0.7269844037649134,25.487007458501655,0,5,1.0299466966031745,12.874981851038118,12.874981851038118,True,12.874981851038118,0.0,True,0.4025361981156336
plaza,dificil,500,1,per-obstacle generators,21.972300004563294,True,21.972300004563294,True,12.887576442785972,1.0044877001948573,0.3690188757073262,0.7316620575031832,29.78435495694591,0,5,1.0059373526407867,12.887576442785972,12.887576442785972,True,12.887576442785972,0.0,True,0.4210435409861757
plaza,dificil,500,1,skeleton length weights,22.296499999356456,True,22.296499999356456,True,12.887576442785972,1.0044877001948573,0.3690188757073262,0.7316620575031832,29.78435495694591,0,5,1.0059373526407867,12.887576442785972,12.887576442785972,True,12.887576442785972,0.0,True,0.4210435409861757
plaza,dificil,500,1,Bezier smoothing,24.58140000817366,True,24.58140000817366,True,12.91396779637805,1.0065447037123476,0.37111980152563273,0.7617343995280657,34.11579517065687,0,7,4.214586273802497,12.91396779637805,12.91396779637805,True,12.91396779637805,0.0,True,0.427397143705685
plaza,dificil,500,1,no smoothing,21.29889999923762,True,21.29889999923762,True,12.892052954794119,1.004836609958607,0.36998626414686486,0.7363073209847659,29.795672256899408,0,4,0.8673667559785485,12.892052954794119,12.892052954794119,True,12.892052954794119,0.0,True,0.42151807274669373
hospital,facil,501,0,TVE (full),36.559200001647696,True,36.559200001647696,True,9.045970199130666,1.0094083686891095,0.2940076642443887,0.5792947460009993,148.10087432579164,0,9,0.450990473363409,9.045970199130666,9.045970199130666,False,inf,0.0,True,0.3534028489007867
hospital,facil,501,0,K = 1 candidate,36.61090000241529,True,36.61090000241529,True,9.045970199130666,1.0094083686891095,0.2940076642443887,0.5792947460009993,148.10087432579164,0,9,0.450990473363409,9.045970199130666,9.045970199130666,False,inf,0.0,True,0.3534028489007867
hospital,facil,501,0,K = 8 candidates,37.40980000293348,True,37.40980000293348,True,9.045970199130666,1.0094083686891095,0.2940076642443887,0.5792947460009993,148.10087432579164,0,9,0.450990473363409,9.045970199130666,9.045970199130666,False,inf,0.0,True,0.3534028489007867
hospital,facil,501,0,tile portals only,35.68760000052862,True,35.68760000052862,True,9.045970199130666,1.0094083686891095,0.2940076642443887,0.5792947460009993,148.10087432579164,0,9,0.450990473363409,9.045970199130666,9.045970199130666,False,inf,0.0,True,0.3534028489007867
hospital,facil,501,0,disc portals only,35.51980000338517,True,35.51980000338517,True,10.178233328710444,1.135753675317003,0.3451565634194382,0.6371757153916864,216.80704988017064,0,12,0.5494968644888412,10.178233328710444,10.178233328710444,False,inf,0.0,True,0.45015656341943816
hospital,facil,501,0,single connector,45.08539999369532,True,45.08539999369532,True,10.043217872161753,1.1206877698649016,0.3057916183471676,0.6074713939426891,215.8844133156262,0,14,0.5727553718084788,10.043217872161753,10.043217872161753,False,inf,0.0,True,0.39742772977724505
hospital,facil,501,0,exact collision test only,43.42180000094231,True,43.42180000094231,True,9.001106194309545,1.004402150348516,0.26971962027174534,0.5655640591364542,145.18244244222754,0,8,0.48418165796652174,9.001106194309545,9.001106194309545,False,inf,0.0,True,0.34461052064688047
hospital,facil,501,0,per-obstacle generators,288.6279999947874,True,288.6279999947874,True,9.030342588313406,1.0076645379231102,0.2732611336966624,0.5703289428748904,150.31736490722392,0,10,0.4783943165351848,9.030342588313406,9.030342588313406,False,inf,0.0,True,0.3655770859525283
hospital,facil,501,0,skeleton length weights,36.62359999725595,True,36.62359999725595,True,9.045970199130666,1.0094083686891095,0.2940076642443887,0.5792947460009993,148.10087432579164,0,9,0.450990473363409,9.045970199130666,9.045970199130666,False,inf,0.0,True,0.3534028489007867
hospital,facil,501,0,Bezier smoothing,40.19960000005085,True,40.19960000005085,True,9.143338519042377,1.020273361033825,0.3231657288087474,0.5988562597837178,152.4459826380062,0,9,0.39012946639993856,9.143338519042377,9.143338519042377,False,inf,0.0,True,0.3801633898522446
hospital,facil,501,0,no smoothing,37.837299998500384,True,37.837299998500384,True,9.112054121381638,1.0167824438504829,0.2939754767284801,0.5948527784068766,149.71981245885604,1,6,0.3020491505558932,9.112054121381638,9.112054121381638,False,inf,0.0,True,0.3532492228847526
hospital,facil,501,1,TVE (full),38.000299988198094,True,38.000299988198094,True,9.91179737177408,1.0045944586435855,0.318536689252426,0.715353617174256,67.01139507341958,0,6,0.6773229039027849,9.91179737177408,9.91179737177408,False,inf,0.0,True,0.36695509237099033
hospital,facil,501,1,K = 1 candidate,37.0800000091549,True,37.0800000091549,True,9.91179737177408,1.0045944586435855,0.318536689252426,0.715353617174256,67.01139507341958,0,6,0.6773229039027849,9.91179737177408,9.91179737177408,False,inf,0.0,True,0.36695509237099033
hospital,facil,501,1,K = 8 candidates,36.78530000615865,True,36.78530000615865,True,9.91179737177408,1.0045944586435855,0.318536689252426,0.715353617174256,67.01139507341958,0,6,0.6773229039027849,9.91179737177408,9.91179737177408,False,inf,0.0,True,0.36695509237099033
hospital,facil,501,1,tile portals only,35.490399997797795,True,35.490399997797795,True,9.91179737177408,1.0045944586435855,0.318536689252426,0.715353617174256,67.01139507341958,0,6,0.6773229039027849,9.91179737177408,9.91179737177408,False,inf,0.0,True,0.36695509237099033
hospital,facil,501,1,disc portals only,34.67330000421498,True,34.67330000421498,True,9.924561679333413,1.005888164735585,0.3252838728176259,0.7158399762514082,67.4307626835104,0,6,0.7989202013301108,9.924561679333413,9.924561679333413,True,9.924561679333413,0.0,True,0.3749511041659903
hospital,facil,501,1,single connector,33.93919998779893,True,33.93919998779893,True,9.91179737177408,1.0045944586435855,0.318536689252426,0.715353617174256,67.01139507341958,0,6,0.6773229039027849,9.91179737177408,9.91179737177408,False,inf,0.0,True,0.36695509237099033
hospital,facil,501,1,exact collision test only,36.71869999379851,True,36.71869999379851,True,9.91179737177408,1.0045944586435855,0.318536689252426,0.715353617174256,67.01139507341958,0,6,0.6773229039027849,9.91179737177408,9.91179737177408,False,inf,0.0,True,0.36695509237099033
hospital,facil,501,1,per-obstacle generators,200.01840000622906,True,200.01840000622906,True,9.866724691377595,1.000026188806728,0.2715389528305019,0.6996732544245228,66.04825570845746,0,6,0.7992879727753665,9.866724691377595,9.866724691377595,True,9.866724691377595,0.0,True,0.31847696943386833
hospital,facil,501,1,skeleton length weights,38.45240001101047,True,38.45240001101047,True,9.91179737177408,1.0045944586435855,0.318536689252426,0.715353617174256,67.01139507341958,0,6,0.6773229039027849,9.91179737177408,9.91179737177408,False,inf,0.0,True,0.36695509237099033
hospital,facil,501,1,Bezier smoothing,38.4014000010211,True,38.4014000010211,True,9.951724610058012,1.0086412203785666,0.34942216435283185,0.7204384182030837,67.62282045019614,0,7,0.5274116786896854,9.951724610058012,9.951724610058012,False,inf,0.0,True,0.41106359496874545
hospital,facil,501,1,no smoothing,35.978400002932176,True,35.978400002932176,True,9.93840421622481,1.0072911530466928,0.3188028056029135,0.7277085580936856,67.02464080259212,0,4,0.4866892333542991,9.93840421622481,9.93840421622481,False,inf,0.0,True,0.36629336747796803
hospital,facil,502,0,TVE (full),37.605499994242564,True,37.605499994242564,True,13.142352436445305,1.0159312619132712,0.2918251536836566,0.6502571811284326,225.07761771952568,0,14,0.478735180299672,13.142352436445305,13.142352436445305,False,inf,0.0,True,0.3819955518705264
hospital,facil,502,0,K = 1 candidate,37.34109998913482,True,37.34109998913482,True,13.142352436445305,1.0159312619132712,0.2918251536836566,0.6502571811284326,225.07761771952568,0,14,0.478735180299672,13.142352436445305,13.142352436445305,False,inf,0.0,True,0.3819955518705264
hospital,facil,502,0,K = 8 candidates,38.192899999557994,True,38.192899999557994,True,13.142352436445305,1.0159312619132712,0.2918251536836566,0.6502571811284326,225.07761771952568,0,14,0.478735180299672,13.142352436445305,13.142352436445305,False,inf,0.0,True,0.3819955518705264
hospital,facil,502,0,tile portals only,36.20740000042133,True,36.20740000042133,True,13.142352436445305,1.0159312619132712,0.2918251536836566,0.6502571811284326,225.07761771952568,0,14,0.478735180299672,13.142352436445305,13.142352436445305,False,inf,0.0,True,0.3819955518705264
hospital,facil,502,0,disc portals only,38.5037999949418,True,38.5037999949418,True,13.497158421618398,1.0433585047904055,0.26109520162682887,0.660506017726771,277.4388485463139,0,15,0.4234466340314485,13.497158421618398,13.497158421618398,False,inf,0.0,True,0.355238080497041
hospital,facil,502,0,single connector,39.207300011185,True,39.207300011185,True,13.143299250355282,1.0160044526038277,0.2956136424222598,0.6454311968702,234.96968378037798,0,13,0.4834109314915824,13.143299250355282,13.143299250355282,False,inf,0.0,True,0.3851166879794453
hospital,facil,502,0,exact collision test only,44.39710000588093,True,44.39710000588093,True,13.142352436445305,1.0159312619132712,0.2918251536836566,0.6502571811284326,225.07761771952568,0,14,0.478735180299672,13.142352436445305,13.142352436445305,False,inf,0.0,True,0.3819955518705264
hospital,facil,502,0,per-obstacle generators,409.68559999600984,True,409.68559999600984,True,13.118043831751983,1.0140521560560158,0.2926040383226792,0.6555502138995524,204.46691962968816,0,14,0.4924127851610654,13.118043831751983,13.118043831751983,False,inf,0.0,True,0.36949551905852707
hospital,facil,502,0,skeleton length weights,36.91199999593664,True,36.91199999593664,True,13.142352436445305,1.0159312619132712,0.2918251536836566,0.6502571811284326,225.07761771952568,0,14,0.478735180299672,13.142352436445305,13.142352436445305,False,inf,0.0,True,0.3819955518705264
hospital,facil,502,0,Bezier smoothing,46.97020001185592,True,46.97020001185592,True,13.384692701334997,1.034664669977952,0.33203665262131815,0.6807341046714409,254.01124805055375,0,15,0.43729267113962733,13.384692701334997,13.384692701334997,False,inf,0.0,True,0.4284743211979969
hospital,facil,502,0,no smoothing,38.5550999926636,True,38.5550999926636,True,13.305573428728534,1.0285485851408234,0.29215290734616106,0.6731849514173817,229.61715014683563,3,7,0.40581015898492984,13.305573428728534,13.305573428728534,False,inf,0.0,True,0.38465996185189694
hospital,facil,502,1,TVE (full),39.189400005852804,True,39.189400005852804,True,11.019088849839376,1.002280170247291,0.2970597676958418,0.6098471550471253,103.740229047103,0,7,0.444080811174788,11.019088849839376,11.019088849839376,False,inf,0.0,True,0.3721077121257503
hospital,facil,502,1,K = 1 candidate,35.685800001374446,True,35.685800001374446,True,11.019088849839376,1.002280170247291,0.2970597676958418,0.6098471550471253,103.740229047103,0,7,0.444080811174788,11.019088849839376,11.019088849839376,False,inf,0.0,True,0.3721077121257503
hospital,facil,502,1,K = 8 candidates,39.58789999887813,True,39.58789999887813,True,11.019088849839376,1.002280170247291,0.2970597676958418,0.6098471550471253,103.740229047103,0,7,0.444080811174788,11.019088849839376,11.019088849839376,False,inf,0.0,True,0.3721077121257503
hospital,facil,502,1,tile portals only,36.246800009394065,True,36.246800009394065,True,11.019088849839376,1.002280170247291,0.2970597676958418,0.6098471550471253,103.740229047103,0,7,0.444080811174788,11.019088849839376,11.019088849839376,False,inf,0.0,True,0.3721077121257503
hospital,facil,502,1,disc portals only,39.5079000008991,True,39.5079000008991,True,11.094682408027467,1.009156049496732,0.30736801183259876,0.6503807557744495,105.2383382433412,0,7,0.4885763495998459,11.094682408027467,11.094682408027467,False,inf,0.0,True,0.3842594913247862
hospital,facil,502,1,single connector,36.47120000096038,True,36.47120000096038,True,11.023505188651583,1.0026818739522787,0.30197468708153113,0.6096041467762703,103.62040387971106,0,7,0.4366223078518242,11.023505188651583,11.023505188651583,False,inf,0.0,True,0.3733997689532142
hospital,facil,502,1,exact collision test only,44.50329999963287,True,44.50329999963287,True,11.019088849839376,1.002280170247291,0.2970597676958418,0.6098471550471253,103.740229047103,0,7,0.444080811174788,11.019088849839376,11.019088849839376,False,inf,0.0,True,0.3721077121257503
hospital,facil,502,1,per-obstacle generators,263.98239999252837,True,263.98239999252837,True,11.061251111324417,1.00611518775147,0.27715616718571895,0.655605598121725,105.65824262142715,0,7,0.40625246842320256,11.061251111324417,11.061251111324417,False,inf,0.0,True,0.3514201651287149
hospital,facil,502,1,skeleton length weights,38.16250000090804,True,38.16250000090804,True,11.019088849839376,1.002280170247291,0.2970597676958418,0.6098471550471253,103.740229047103,0,7,0.444080811174788,11.019088849839376,11.019088849839376,False,inf,0.0,True,0.3721077121257503
hospital,facil,502,1,Bezier smoothing,40.66830000374466,True,40.66830000374466,True,11.117161491735542,1.0112007140014803,0.33170297190117964,0.6289241241807213,104.58873806317094,0,7,0.3866719670386558,11.117161491735542,11.117161491735542,False,inf,0.0,True,0.4051770436917392
hospital,facil,502,1,no smoothing,37.55180000734981,True,37.55180000734981,True,11.086558961197484,1.0084171526802437,0.2976939196168143,0.6192757946267154,103.75562882580964,2,4,0.49095672516585037,11.086558961197484,11.086558961197484,False,inf,0.0,True,0.37186549623004117
hospital,medio,500,0,TVE (full),42.929600007482804,True,42.929600007482804,True,10.290164290331091,1.017050164437949,0.29377362500045695,0.5172577505460461,208.79902994858907,0,14,0.606214334142378,10.290164290331091,10.290164290331091,False,inf,0.0,True,0.3853309344633528
hospital,medio,500,0,K = 1 candidate,44.9355999880936,True,44.9355999880936,True,10.290164290331091,1.017050164437949,0.29377362500045695,0.5172577505460461,208.79902994858907,0,14,0.606214334142378,10.290164290331091,10.290164290331091,False,inf,0.0,True,0.3853309344633528
hospital,medio,500,0,K = 8 candidates,43.08649999438785,True,43.08649999438785,True,10.290164290331091,1.017050164437949,0.29377362500045695,0.5172577505460461,208.79902994858907,0,14,0.606214334142378,10.290164290331091,10.290164290331091,False,inf,0.0,True,0.3853309344633528
hospital,medio,500,0,tile portals only,39.89749999891501,True,39.89749999891501,True,10.290164290331091,1.017050164437949,0.29377362500045695,0.5172577505460461,208.79902994858907,0,14,0.606214334142378,10.290164290331091,10.290164290331091,False,inf,0.0,True,0.3853309344633528
hospital,medio,500,0,disc portals only,39.77400000439957,True,39.77400000439957,True,10.459819550282036,1.0338184010921492,0.3113397498983148,0.5512541056965476,226.3427311199915,0,15,0.6365373601178502,10.459819550282036,10.459819550282036,False,inf,0.0,True,0.40351874844672114
hospital,medio,500,0,single connector,37.63489999982994,True,37.63489999982994,True,10.701120123420882,1.0576678538963606,0.30376044258857154,0.5775383008925399,252.2336024432857,0,16,0.6174562922431142,10.701120123420882,10.701120123420882,False,inf,0.0,True,0.39505892494130784
hospital,medio,500,0,exact collision test only,55.34780000743922,True,55.34780000743922,True,10.15917419526128,1.0041034811808434,0.26745005262800425,0.49706552890526307,189.9556945001929,0,13,0.5102820436882838,10.15917419526128,10.15917419526128,False,inf,0.0,True,0.37136501356491053
hospital,medio,500,0,per-obstacle generators,323.93889999366365,True,323.93889999366365,True,10.370068398909655,1.0249476561082673,0.2996395634605547,0.5329452709821788,227.57108455795617,0,15,0.5817117267671518,10.370068398909655,10.370068398909655,False,inf,0.0,True,0.3951356733566911
hospital,medio,500,0,skeleton length weights,44.34229999606032,True,44.34229999606032,True,10.290164290331091,1.017050164437949,0.29377362500045695,0.5172577505460461,208.79902994858907,0,14,0.606214334142378,10.290164290331091,10.290164290331091,False,inf,0.0,True,0.3853309344633528
hospital,medio,500,0,Bezier smoothing,48.26059998595156,True,48.26059998595156,True,10.462814176323393,1.0341143812943947,0.29466046322305284,0.5758051519047277,224.9013044519808,0,16,0.40087847328521115,10.462814176323393,10.462814176323393,False,inf,0.0,True,0.39077446662660753
hospital,medio,500,0,no smoothing,46.85730001074262,True,46.85730001074262,True,10.381944125653563,1.0261214186932883,0.293556125178504,0.538148962635209,213.98866061840033,1,9,0.3485177324162346,10.381944125653563,10.381944125653563,False,inf,0.0,True,0.3926968782505883
hospital,medio,500,1,TVE (full),39.876700000604615,True,39.876700000604615,True,7.115134265440169,1.0115356468803858,0.3033250139461151,0.6198914138504155,101.96877331852676,0,8,0.7231327134485901,7.115134265440169,7.115134265440169,False,inf,0.0,True,0.41093243455009076
hospital,medio,500,1,K = 1 candidate,42.9329000035068,True,42.9329000035068,True,7.115134265440169,1.0115356468803858,0.3033250139461151,0.6198914138504155,101.96877331852676,0,8,0.7231327134485901,7.115134265440169,7.115134265440169,False,inf,0.0,True,0.41093243455009076
hospital,medio,500,1,K = 8 candidates,40.311300006578676,True,40.311300006578676,True,7.115134265440169,1.0115356468803858,0.3033250139461151,0.6198914138504155,101.96877331852676,0,8,0.7231327134485901,7.115134265440169,7.115134265440169,False,inf,0.0,True,0.41093243455009076
hospital,medio,500,1,tile portals only,37.78150001016911,True,37.78150001016911,True,7.115134265440169,1.0115356468803858,0.3033250139461151,0.6198914138504155,101.96877331852676,0,8,0.7231327134485901,7.115134265440169,7.115134265440169,False,inf,0.0,True,0.41093243455009076
hospital,medio,500,1,disc portals only,37.631799990776926,True,37.631799990776926,True,7.235074197179361,1.0285871194053513,0.35000000000000003,0.6474770203112813,110.04675327674042,0,8,0.5515029935894276,7.235074197179361,7.235074197179361,False,inf,0.0,True,0.4553266431502058
hospital,medio,500,1,single connector,37.73159999400377,True,37.73159999400377,True,7.07252415778209,1.0054779055636953,0.2852985116483419,0.613263912479339,97.3287447079048,0,8,0.8040993840732871,7.07252415778209,7.07252415778209,True,7.07252415778209,0.0,True,0.3914777364233751
hospital,medio,500,1,exact collision test only,42.988799992599525,True,42.988799992599525,True,7.115134265440169,1.0115356468803858,0.3033250139461151,0.6198914138504155,101.96877331852676,0,8,0.7231327134485901,7.115134265440169,7.115134265440169,False,inf,0.0,True,0.41093243455009076
hospital,medio,500,1,per-obstacle generators,211.65240000118501,True,211.65240000118501,True,7.068279300447719,1.0048744279131758,0.28976406627965023,0.6223206041314119,93.00883662201946,0,7,0.47988955359742846,7.068279300447719,7.068279300447719,False,inf,0.0,True,0.3956246741083078
hospital,medio,500,1,skeleton length weights,43.029399996157736,True,43.029399996157736,True,7.115134265440169,1.0115356468803858,0.3033250139461151,0.6198914138504155,101.96877331852676,0,8,0.7231327134485901,7.115134265440169,7.115134265440169,False,inf,0.0,True,0.41093243455009076
hospital,medio,500,1,Bezier smoothing,47.37339999701362,True,47.37339999701362,True,7.228468163123396,1.0276479608901603,0.35000000000000003,0.6609522437308256,122.83554723407144,0,12,0.6224554240415374,7.228468163123396,7.228468163123396,False,inf,0.0,True,0.4445984652379948
hospital,medio,500,1,no smoothing,44.56399999617133,True,44.56399999617133,True,7.168313494993126,1.0190959661041192,0.3037381194949688,0.6435341670885201,103.79379080053552,1,5,0.309767295920199,7.168313494993126,7.168313494993126,False,inf,0.0,True,0.4122298520844554
hospital,medio,502,0,TVE (full),45.851099988794886,True,45.851099988794886,True,9.955002816235467,1.0090859360570663,0.31766466090583984,0.727273828387095,136.43334511071248,0,11,0.4882043804681981,9.955002816235467,9.955002816235467,False,inf,0.0,True,0.40339614200816415
hospital,medio,502,0,K = 1 candidate,39.92340000695549,True,39.92340000695549,True,9.955002816235467,1.0090859360570663,0.31766466090583984,0.727273828387095,136.43334511071248,0,11,0.4882043804681981,9.955002816235467,9.955002816235467,False,inf,0.0,True,0.40339614200816415
hospital,medio,502,0,K = 8 candidates,51.43940000561997,True,51.43940000561997,True,9.955002816235467,1.0090859360570663,0.31766466090583984,0.727273828387095,136.43334511071248,0,11,0.4882043804681981,9.955002816235467,9.955002816235467,False,inf,0.0,True,0.40339614200816415
hospital,medio,502,0,tile portals only,43.87670000141952,True,43.87670000141952,True,9.955002816235467,1.0090859360570663,0.31766466090583984,0.727273828387095,136.43334511071248,0,11,0.4882043804681981,9.955002816235467,9.955002816235467,False,inf,0.0,True,0.40339614200816415
hospital,medio,502,0,disc portals only,39.01910000422504,True,39.01910000422504,True,10.0084319022481,1.0145017596652526,0.31789706718526584,0.7397854712013593,141.64005457349802,0,9,0.49321742869806007,10.0084319022481,10.0084319022481,False,inf,0.0,True,0.39478854667745344
hospital,medio,502,0,single connector,37.24879999936093,True,37.24879999936093,True,9.975005517470258,1.011113503991679,0.3238597640246811,0.7307934703414456,136.55610395010277,0,11,0.4723747653194616,9.975005517470258,9.975005517470258,False,inf,0.0,True,0.4007512435168686
hospital,medio,502,0,exact collision test only,52.93629999505356,True,52.93629999505356,True,9.910097007850602,1.0045340719817955,0.26276038709289384,0.7234793692042492,136.88988545791878,0,11,0.6530596103381451,9.910097007850602,9.910097007850602,False,inf,0.0,True,0.3549911504735369
hospital,medio,502,0,per-obstacle generators,405.04819998750463,True,405.04819998750463,True,9.946887281478546,1.008263307260474,0.30039855930549303,0.724208503664616,137.335954788473,0,11,0.5830190720359664,9.946887281478546,9.946887281478546,False,inf,0.0,True,0.3916600067883902
hospital,medio,502,0,skeleton length weights,40.15329999674577,True,40.15329999674577,True,9.955002816235467,1.0090859360570663,0.31766466090583984,0.727273828387095,136.43334511071248,0,11,0.4882043804681981,9.955002816235467,9.955002816235467,False,inf,0.0,True,0.40339614200816415
hospital,medio,502,0,Bezier smoothing,45.05679999419954,True,45.05679999419954,True,10.028828836337233,1.016569288897335,0.3162486645229498,0.7505405394523033,137.77143018755336,0,10,0.42010799182896574,10.028828836337233,10.028828836337233,False,inf,0.0,True,0.42793024625452586
hospital,medio,502,0,no smoothing,40.85000000486616,True,40.85000000486616,True,10.004929339947708,1.0141467234665964,0.3242843027458094,0.751090389672067,136.48732914935363,1,6,0.4879647610781495,10.004929339947708,10.004929339947708,False,inf,0.0,True,0.40857439555718894
hospital,medio,502,1,TVE (full),37.87789998750668,True,37.87789998750668,True,9.688291180571657,1.0100431280914692,0.3306088464618174,0.6862372082191713,127.6906791295858,0,9,0.7243381984397961,9.688291180571657,9.688291180571657,False,inf,0.0,True,0.4082246218856416
hospital,medio,502,1,K = 1 candidate,46.18789999221917,True,46.18789999221917,True,9.688291180571657,1.0100431280914692,0.3306088464618174,0.6862372082191713,127.6906791295858,0,9,0.7243381984397961,9.688291180571657,9.688291180571657,False,inf,0.0,True,0.4082246218856416
hospital,medio,502,1,K = 8 candidates,39.257500000530854,True,39.257500000530854,True,9.688291180571657,1.0100431280914692,0.3306088464618174,0.6862372082191713,127.6906791295858,0,9,0.7243381984397961,9.688291180571657,9.688291180571657,False,inf,0.0,True,0.4082246218856416
hospital,medio,502,1,tile portals only,37.87680000823457,True,37.87680000823457,True,9.688291180571657,1.0100431280914692,0.3306088464618174,0.6862372082191713,127.6906791295858,0,9,0.7243381984397961,9.688291180571657,9.688291180571657,False,inf,0.0,True,0.4082246218856416
hospital,medio,502,1,disc portals only,48.4913999971468,True,48.4913999971468,True,9.810154389789913,1.0227478553487286,0.28807683762466735,0.7152399908408055,158.58615217172627,0,12,0.7999381141807477,9.810154389789913,9.810154389789913,True,9.810154389789913,0.0,True,0.3948492607140479
hospital,medio,502,1,single connector,40.319599997019395,True,40.319599997019395,True,9.692847806146238,1.0105181745432237,0.312708529359319,0.6867887270639768,128.47835257362345,0,8,0.5142629936496145,9.692847806146238,9.692847806146238,False,inf,0.0,True,0.421849888641482
hospital,medio,502,1,exact collision test only,45.654000001377426,True,45.654000001377426,True,9.688291180571657,1.0100431280914692,0.3306088464618174,0.6862372082191713,127.6906791295858,0,9,0.7243381984397961,9.688291180571657,9.688291180571657,False,inf,0.0,True,0.4082246218856416
hospital,medio,502,1,per-obstacle generators,347.00310000334866,True,347.00310000334866,True,9.649523770047601,1.0060014703972573,0.27694293861562425,0.6833851203120015,127.7301845571783,0,9,0.7545350352952218,9.649523770047601,9.649523770047601,False,inf,0.0,True,0.38105635470553345
hospital,medio,502,1,skeleton length weights,36.423000012291595,True,36.423000012291595,True,9.688291180571657,1.0100431280914692,0.3306088464618174,0.6862372082191713,127.6906791295858,0,9,0.7243381984397961,9.688291180571657,9.688291180571657,False,inf,0.0,True,0.4082246218856416
hospital,medio,502,1,Bezier smoothing,42.9054999985965,True,42.9054999985965,True,9.747764568048266,1.0162434667482525,0.3379194121928883,0.7166156560400526,147.9476568755156,0,10,0.5902444218858437,9.747764568048266,9.747764568048266,False,inf,0.0,True,0.42361030489709905
hospital,medio,502,1,no smoothing,39.29749999952037,True,39.29749999952037,True,9.727483492123447,1.0141290834182755,0.33378566544129584,0.7147047814593829,140.8023916674093,0,7,0.4785794162147689,9.727483492123447,9.727483492123447,False,inf,0.0,True,0.40904335482571885
hospital,medio,501,0,TVE (full),39.62149999279063,True,39.62149999279063,True,15.119573186259059,1.0080995771384784,0.30674315386490214,0.5449383902462442,171.6591052030615,0,11,0.7408001793936719,15.119573186259059,15.119573186259059,False,inf,0.0,True,0.30674315386490214
hospital,medio,501,0,K = 1 candidate,44.28259999258444,True,44.28259999258444,True,15.119573186259059,1.0080995771384784,0.30674315386490214,0.5449383902462442,171.6591052030615,0,11,0.7408001793936719,15.119573186259059,15.119573186259059,False,inf,0.0,True,0.30674315386490214
hospital,medio,501,0,K = 8 candidates,44.664600005489774,True,44.664600005489774,True,15.119573186259059,1.0080995771384784,0.30674315386490214,0.5449383902462442,171.6591052030615,0,11,0.7408001793936719,15.119573186259059,15.119573186259059,False,inf,0.0,True,0.30674315386490214
hospital,medio,501,0,tile portals only,39.201899999170564,True,39.201899999170564,True,15.119573186259059,1.0080995771384784,0.30674315386490214,0.5449383902462442,171.6591052030615,0,11,0.7408001793936719,15.119573186259059,15.119573186259059,False,inf,0.0,True,0.30674315386490214
hospital,medio,501,0,disc portals only,38.2370000006631,True,38.2370000006631,True,16.450165690477785,1.0968170114418216,0.36962201616725443,0.6094630459658232,323.4667707506558,0,16,0.30005837894432874,16.450165690477785,16.450165690477785,False,inf,0.0,True,0.385
hospital,medio,501,0,single connector,39.46450000512414,True,39.46450000512414,True,15.148867458628397,1.0100527766914227,0.2860382779279297,0.5520459621842612,168.36059945709627,0,12,0.47092702352921384,15.148867458628397,15.148867458628397,False,inf,0.0,True,0.3631633865906547
hospital,medio,501,0,exact collision test only,45.17080000368878,True,45.17080000368878,True,15.10191236743372,1.0069220396663279,0.2694362051336279,0.5327378845137923,162.56713018578859,0,12,0.4856821843538301,15.10191236743372,15.10191236743372,False,inf,0.0,True,0.325618786852361
hospital,medio,501,0,per-obstacle generators,541.3475999957882,True,541.3475999957882,True,15.158136463336637,1.0106707888278608,0.28813994441702745,0.5610583233438626,186.87285913375678,0,13,0.7996980169497959,15.158136463336637,15.158136463336637,True,15.158136463336637,0.0,True,0.29670121570060565
hospital,medio,501,0,skeleton length weights,39.48569999192841,True,39.48569999192841,True,15.119573186259059,1.0080995771384784,0.30674315386490214,0.5449383902462442,171.6591052030615,0,11,0.7408001793936719,15.119573186259059,15.119573186259059,False,inf,0.0,True,0.30674315386490214
hospital,medio,501,0,Bezier smoothing,45.72780001035426,True,45.72780001035426,True,15.232900651426162,1.0156557011312484,0.3578220301980948,0.5928730823183533,196.58401961624216,0,15,0.5563644572411894,15.232900651426162,15.232900651426162,False,inf,0.0,True,0.3628689008965602
hospital,medio,501,0,no smoothing,46.13449999305885,True,46.13449999305885,True,15.183114169648166,1.0123361807579336,0.3070648128372523,0.5590184599292074,187.44401631023533,0,9,0.49171966262407624,15.183114169648166,15.183114169648166,False,inf,0.0,True,0.3070648128372523
hospital,medio,501,1,TVE (full),54.15649998758454,True,54.15649998758454,True,14.625608651389955,1.00954911145302,0.28,0.47948851569484346,265.461203015797,0,16,0.41740217162109644,14.625608651389955,14.625608651389955,False,inf,0.0,True,0.4057031769055967
hospital,medio,501,1,K = 1 candidate,42.789400002220646,True,42.789400002220646,True,14.625608651389955,1.00954911145302,0.28,0.47948851569484346,265.461203015797,0,16,0.41740217162109644,14.625608651389955,14.625608651389955,False,inf,0.0,True,0.4057031769055967
hospital,medio,501,1,K = 8 candidates,49.05560000042897,True,49.05560000042897,True,14.625608651389955,1.00954911145302,0.28,0.47948851569484346,265.461203015797,0,16,0.41740217162109644,14.625608651389955,14.625608651389955,False,inf,0.0,True,0.4057031769055967
hospital,medio,501,1,tile portals only,43.1288000108907,True,43.1288000108907,True,14.625608651389955,1.00954911145302,0.28,0.47948851569484346,265.461203015797,0,16,0.41740217162109644,14.625608651389955,14.625608651389955,False,inf,0.0,True,0.4057031769055967
hospital,medio,501,1,disc portals only,42.7689000061946,True,42.7689000061946,True,15.398349107701723,1.0628883918650667,0.28,0.5592117086835374,312.76989535489935,0,15,0.16632151813675886,15.398349107701723,16.355260425460553,False,inf,0.0,True,0.42000000000000004
hospital,medio,501,1,single connector,41.261099991970696,True,41.261099991970696,True,14.625608651389955,1.00954911145302,0.28,0.47948851569484346,265.461203015797,0,16,0.41740217162109644,14.625608651389955,14.625608651389955,False,inf,0.0,True,0.4057031769055967
hospital,medio,501,1,exact collision test only,63.50930000189692,True,63.50930000189692,True,14.60782844612299,1.008321812756838,0.2778340096070578,0.4763977144424908,252.68146239466463,0,15,0.35012924852882316,14.60782844612299,14.60782844612299,False,inf,0.0,True,0.40308334724509765
hospital,medio,501,1,per-obstacle generators,471.36529999261256,True,471.36529999261256,True,14.800729135696757,1.0216370001380732,0.28,0.5193255722120637,270.98123479301296,0,15,0.41947088233444174,14.800729135696757,14.800729135696757,False,inf,0.0,True,0.41868320686734684
hospital,medio,501,1,skeleton length weights,49.62890000024345,True,49.62890000024345,True,14.625608651389955,1.00954911145302,0.28,0.47948851569484346,265.461203015797,0,16,0.41740217162109644,14.625608651389955,14.625608651389955,False,inf,0.0,True,0.4057031769055967
hospital,medio,501,1,Bezier smoothing,56.20930000441149,True,56.20930000441149,True,14.816484431640951,1.0227245271873924,0.28,0.5257393420930327,275.2792314518593,0,17,0.41994498555234683,14.816484431640951,14.816484431640951,False,inf,0.0,True,0.42000000000000004
hospital,medio,501,1,no smoothing,54.013999993912876,True,54.013999993912876,True,14.746061249612415,1.0178634877231751,0.28,0.49104474773658513,273.2665855179162,2,9,0.29611214703215,14.746061249612415,14.746061249612415,False,inf,0.0,True,0.40885156141668033
plaza,medio,502,0,TVE (full),24.409899997408502,True,24.409899997408502,True,14.819305136621804,1.043000097653119,0.25639165268507585,0.6854212131739088,127.34720178926221,0,10,0.6335819016949548,14.819305136621804,14.819305136621804,False,inf,0.09356364820280305,True,0.26578963583087384
plaza,medio,502,0,K = 1 candidate,27.21410000231117,True,27.21410000231117,True,14.819305136621804,1.043000097653119,0.25639165268507585,0.6854212131739088,127.34720178926221,0,10,0.6335819016949548,14.819305136621804,14.819305136621804,False,inf,0.09356364820280305,True,0.26578963583087384
plaza,medio,502,0,K = 8 candidates,28.538500002468936,True,28.538500002468936,True,14.288758014612077,1.0056595681907592,0.28561716304394036,0.7142152423773399,103.45540373109833,0,7,0.7958995309650149,14.288758014612077,14.288758014612077,True,14.288758014612077,0.0,True,0.4263932429931716
plaza,medio,502,0,tile portals only,21.722099991166033,True,21.722099991166033,True,14.819305136621804,1.043000097653119,0.25639165268507585,0.6854212131739088,127.34720178926221,0,10,0.6335819016949548,14.819305136621804,14.819305136621804,False,inf,0.09356364820280305,True,0.26578963583087384
plaza,medio,502,0,disc portals only,22.106699994765222,True,22.106699994765222,True,14.798071477774178,1.0415056478089844,0.2563779131957655,0.6746688973399968,117.91895836762576,0,10,0.7934418536498148,14.798071477774178,14.798071477774178,True,14.798071477774178,0.2788320916335465,True,0.2574525558764904
plaza,medio,502,0,single connector,26.93409999483265,True,26.93409999483265,True,14.385749880752213,1.0124859696261224,0.31678797570711464,0.8218914685391252,63.58332313334027,0,5,0.9095814859863794,14.385749880752213,14.385749880752213,True,14.385749880752213,0.0,True,0.4232866005802167
plaza,medio,502,0,exact collision test only,27.863399998750538,True,27.863399998750538,True,14.81950019950261,1.0430138264077302,0.2564575319803774,0.6840586648816391,116.46870534551762,0,9,0.6336291525760777,14.81950019950261,14.81950019950261,False,inf,0.26796517562951294,True,0.25794156709667193
plaza,medio,502,0,per-obstacle generators,24.259099998744205,True,24.259099998744205,True,14.819305136621804,1.043000097653119,0.25639165268507585,0.6854212131739088,127.34720178926221,0,10,0.6335819016949548,14.819305136621804,14.819305136621804,False,inf,0.09356364820280305,True,0.26578963583087384
plaza,medio,502,0,skeleton length weights,26.48889999545645,True,26.48889999545645,True,14.414873315406885,1.0145357111564288,0.3265667194675951,0.8292497914824706,66.8991226266102,0,6,0.8641075600016912,14.414873315406885,14.414873315406885,True,14.414873315406885,0.0,True,0.46844624730513207
plaza,medio,502,0,Bezier smoothing,34.289500006707385,True,34.289500006707385,True,14.91274608377054,1.0495765812400646,0.2475,0.6960396437001054,135.25283942650196,0,12,0.49245088292545464,14.91274608377054,14.91274608377054,False,inf,0.5,True,0.2475
plaza,medio,502,0,no smoothing,23.99139999761246,True,23.99139999761246,True,14.882770154329117,1.047466840125592,0.2475,0.7015352215248318,133.26815383425253,1,8,0.4616952349211871,14.882770154329117,14.882770154329117,False,inf,0.5,True,0.2475
plaza,medio,502,1,TVE (full),23.126000000047497,True,23.126000000047497,True,11.863978107470137,1.001644601258423,0.27,0.9326567453378759,47.788199655444025,0,5,0.8087565118660187,11.863978107470137,11.863978107470137,True,11.863978107470137,0.0,True,0.351459664829145
plaza,medio,502,1,K = 1 candidate,20.571700006257743,True,20.571700006257743,True,11.863978107470137,1.001644601258423,0.27,0.9326567453378759,47.788199655444025,0,5,0.8087565118660187,11.863978107470137,11.863978107470137,True,11.863978107470137,0.0,True,0.351459664829145
plaza,medio,502,1,K = 8 candidates,30.036999989533797,True,30.036999989533797,True,11.863978107470137,1.001644601258423,0.27,0.9326567453378759,47.788199655444025,0,5,0.8087565118660187,11.863978107470137,11.863978107470137,True,11.863978107470137,0.0,True,0.351459664829145
plaza,medio,502,1,tile portals only,20.83130000391975,True,20.83130000391975,True,11.863978107470137,1.001644601258423,0.27,0.9326567453378759,47.788199655444025,0,5,0.8087565118660187,11.863978107470137,11.863978107470137,True,11.863978107470137,0.0,True,0.351459664829145
plaza,medio,502,1,disc portals only,20.498400001088157,True,20.498400001088157,True,11.891178668528115,1.0039410733934961,0.27,0.9323153771120058,53.26047983577412,0,5,0.8211717297593824,11.891178668528115,11.891178668528115,True,11.891178668528115,0.0,True,0.3816466189655924
plaza,medio,502,1,single connector,29.949600007967092,True,29.949600007967092,True,11.878767153085477,1.0028932016489651,0.27,0.9353537225791481,52.087891530900166,0,5,0.7297138036727145,11.878767153085477,11.878767153085477,False,inf,0.0,True,0.37003542528370453
plaza,medio,502,1,exact collision test only,23.871500001405366,True,23.871500001405366,True,11.863978107470137,1.001644601258423,0.27,0.9326567453378759,47.788199655444025,0,5,0.8087565118660187,11.863978107470137,11.863978107470137,True,11.863978107470137,0.0,True,0.351459664829145
plaza,medio,502,1,per-obstacle generators,22.70360001421068,True,22.70360001421068,True,11.863978107470137,1.001644601258423,0.27,0.9326567453378759,47.788199655444025,0,5,0.8087565118660187,11.863978107470137,11.863978107470137,True,11.863978107470137,0.0,True,0.351459664829145
plaza,medio,502,1,skeleton length weights,23.145700004533865,True,23.145700004533865,True,11.863978107470137,1.001644601258423,0.27,0.9326567453378759,47.788199655444025,0,5,0.8087565118660187,11.863978107470137,11.863978107470137,True,11.863978107470137,0.0,True,0.351459664829145
plaza,medio,502,1,Bezier smoothing,25.926599992089905,True,25.926599992089905,True,11.899964388598306,1.0046828287302607,0.2594661266355359,0.9336619118714975,72.96292393900298,0,7,0.6662090409111524,11.899964388598306,11.899964388598306,False,inf,0.0,True,0.3737723338101134
plaza,medio,502,1,no smoothing,22.555000003194436,True,22.555000003194436,True,11.887891784304555,1.003663570366462,0.27,0.9482316740652774,59.744265352220395,0,4,0.4653687265437383,11.887891784304555,11.887891784304555,False,inf,0.0,True,0.3706293600797648
hospital,dificil,500,0,TVE (full),44.70170001150109,True,44.70170001150109,True,12.86702398265619,1.0088270425043797,0.28763668663348735,0.590629313285459,200.39194222193416,0,11,0.58658384422345,12.86702398265619,12.86702398265619,False,inf,0.0,True,0.37086852134969417
hospital,dificil,500,0,K = 1 candidate,40.698900003917515,True,40.698900003917515,True,12.86702398265619,1.0088270425043797,0.28763668663348735,0.590629313285459,200.39194222193416,0,11,0.58658384422345,12.86702398265619,12.86702398265619,False,inf,0.0,True,0.37086852134969417
hospital,dificil,500,0,K = 8 candidates,45.86379999818746,True,45.86379999818746,True,12.86702398265619,1.0088270425043797,0.28763668663348735,0.590629313285459,200.39194222193416,0,11,0.58658384422345,12.86702398265619,12.86702398265619,False,inf,0.0,True,0.37086852134969417
hospital,dificil,500,0,tile portals only,41.26209999958519,True,41.26209999958519,True,12.86702398265619,1.0088270425043797,0.28763668663348735,0.590629313285459,200.39194222193416,0,11,0.58658384422345,12.86702398265619,12.86702398265619,False,inf,0.0,True,0.37086852134969417
hospital,dificil,500,0,disc portals only,47.161599999526516,True,47.161599999526516,True,13.155373687766945,1.0314348328221716,0.2770738260150245,0.6367986656492185,234.02203352602672,0,16,0.44839421970595256,13.155373687766945,13.155373687766945,False,inf,0.0,True,0.42246147570241455
hospital,dificil,500,0,single connector,50.405600006342866,True,50.405600006342866,True,13.347557201479786,1.0465028023867238,0.2887521543897957,0.6265947744917988,311.3130106716455,2,18,0.17715996550458635,13.347557201479786,14.24592576143401,False,inf,0.0,True,0.3757880578904281
hospital,dificil,500,0,exact collision test only,59.83199999900535,True,59.83199999900535,True,12.832440965387454,1.0061155932151638,0.26830478423310405,0.583591365703939,185.8033101748693,0,10,0.5980918287014895,12.832440965387454,12.832440965387454,False,inf,0.0,True,0.37086852134969417
hospital,dificil,500,0,per-obstacle generators,301.6687000053935,True,301.6687000053935,True,12.984866082423057,1.018066342683703,0.2937829923629761,0.6006059100273419,223.5153975678756,0,13,0.45548230257710376,12.984866082423057,12.984866082423057,False,inf,0.0,True,0.3783018028627451
hospital,dificil,500,0,skeleton length weights,45.10050000681076,True,45.10050000681076,True,12.86702398265619,1.0088270425043797,0.28763668663348735,0.590629313285459,200.39194222193416,0,11,0.58658384422345,12.86702398265619,12.86702398265619,False,inf,0.0,True,0.37086852134969417
hospital,dificil,500,0,Bezier smoothing,49.89639999985229,True,49.89639999985229,True,13.026249251568348,1.0213109515532115,0.2937829923629761,0.6153843177189053,210.9436024546765,0,15,0.5328240803620374,13.026249251568348,13.026249251568348,False,inf,0.0,True,0.3716843308901897
hospital,dificil,500,0,no smoothing,44.525099991005845,True,44.525099991005845,True,12.95887458072174,1.0160285031780856,0.2937829923629761,0.6115162953656971,205.25732443130025,1,9,0.2993084190269322,12.95887458072174,12.95887458072174,False,inf,0.0,True,0.37086553685805346
hospital,dificil,500,1,TVE (full),36.215400003129616,True,36.215400003129616,True,8.509607805298668,1.0,0.38571868583162205,0.6761032467875875,0.0,0,2,11863283.203031445,8.509607805298668,8.509607805298668,True,8.509607805298668,0.0,True,0.49186858316221765
hospital,dificil,500,1,K = 1 candidate,36.13750000658911,True,36.13750000658911,True,8.509607805298668,1.0,0.38571868583162205,0.6761032467875875,0.0,0,2,11863283.203031445,8.509607805298668,8.509607805298668,True,8.509607805298668,0.0,True,0.49186858316221765
hospital,dificil,500,1,K = 8 candidates,38.36560000490863,True,38.36560000490863,True,8.509607805298668,1.0,0.38571868583162205,0.6761032467875875,0.0,0,2,11863283.203031445,8.509607805298668,8.509607805298668,True,8.509607805298668,0.0,True,0.49186858316221765
hospital,dificil,500,1,tile portals only,35.37789999973029,True,35.37789999973029,True,8.509607805298668,1.0,0.38571868583162205,0.6761032467875875,0.0,0,2,11863283.203031445,8.509607805298668,8.509607805298668,True,8.509607805298668,0.0,True,0.49186858316221765
hospital,dificil,500,1,disc portals only,36.00920000462793,True,36.00920000462793,True,8.509607805298668,1.0,0.38571868583162205,0.6761032467875875,0.0,0,2,11863283.203031445,8.509607805298668,8.509607805298668,True,8.509607805298668,0.0,True,0.49186858316221765
hospital,dificil,500,1,single connector,35.414900004980154,True,35.414900004980154,True,8.509607805298668,1.0,0.38571868583162205,0.6761032467875875,0.0,0,2,11863283.203031445,8.509607805298668,8.509607805298668,True,8.509607805298668,0.0,True,0.49186858316221765
hospital,dificil,500,1,exact collision test only,36.34180000517517,True,36.34180000517517,True,8.509607805298668,1.0,0.38571868583162205,0.6761032467875875,0.0,0,2,11863283.203031445,8.509607805298668,8.509607805298668,True,8.509607805298668,0.0,True,0.49186858316221765
hospital,dificil,500,1,per-obstacle generators,289.75520000676624,True,289.75520000676624,True,8.509607805298668,1.0,0.38571868583162205,0.6761032467875875,0.0,0,2,11863283.203031445,8.509607805298668,8.509607805298668,True,8.509607805298668,0.0,True,0.49186858316221765
hospital,dificil,500,1,skeleton length weights,35.59370001312345,True,35.59370001312345,True,8.509607805298668,1.0,0.38571868583162205,0.6761032467875875,0.0,0,2,11863283.203031445,8.509607805298668,8.509607805298668,True,8.509607805298668,0.0,True,0.49186858316221765
hospital,dificil,500,1,Bezier smoothing,39.54420000081882,True,39.54420000081882,True,8.509607805298668,1.0,0.38557377049180347,0.676101528978446,0.0,0,2,16777216.0,8.509607805298668,8.509607805298668,True,8.509607805298668,0.0,True,0.49172131147540943
hospital,dificil,500,1,no smoothing,39.073100007954054,True,39.073100007954054,True,8.509607805298668,1.0,0.38571868583162205,0.6761032467875875,0.0,0,2,11863283.203031445,8.509607805298668,8.509607805298668,True,8.509607805298668,0.0,True,0.49186858316221765
hospital,dificil,502,0,TVE (full),40.87040000013076,True,40.87040000013076,True,13.656348142284926,1.0170089994354912,0.26279964543542494,0.6447646863036847,172.6867707061586,0,12,0.5607715167145476,13.656348142284926,13.656348142284926,False,inf,0.0,True,0.37376059614502766
hospital,dificil,502,0,K = 1 candidate,39.7402999951737,True,39.7402999951737,True,13.656348142284926,1.0170089994354912,0.26279964543542494,0.6447646863036847,172.6867707061586,0,12,0.5607715167145476,13.656348142284926,13.656348142284926,False,inf,0.0,True,0.37376059614502766
hospital,dificil,502,0,K = 8 candidates,40.39589999592863,True,40.39589999592863,True,13.656348142284926,1.0170089994354912,0.26279964543542494,0.6447646863036847,172.6867707061586,0,12,0.5607715167145476,13.656348142284926,13.656348142284926,False,inf,0.0,True,0.37376059614502766
hospital,dificil,502,0,tile portals only,37.32000000309199,True,37.32000000309199,True,14.396076736304048,1.0720977119828659,0.3101235641218903,0.7245393703216738,147.8785224416271,0,11,0.7949437480957093,14.396076736304048,14.396076736304048,True,14.396076736304048,0.0,True,0.4014026729725525
hospital,dificil,502,0,disc portals only,38.82240000530146,True,38.82240000530146,True,13.656348142284926,1.0170089994354912,0.26279964543542494,0.6447646863036847,172.6867707061586,0,12,0.5607715167145476,13.656348142284926,13.656348142284926,False,inf,0.0,True,0.37376059614502766
hospital,dificil,502,0,single connector,39.04199998942204,True,39.04199998942204,True,13.52263280418019,1.0070510150023029,0.29884281628337517,0.6260749514691979,146.41171407227841,0,11,0.6073932404357378,13.52263280418019,13.52263280418019,False,inf,0.0,True,0.4037255092714621
hospital,dificil,502,0,exact collision test only,44.63709999981802,True,44.63709999981802,True,13.588517644958305,1.0119575592189256,0.2967395224752929,0.6383027923228792,145.16053491255238,0,10,0.479975813667214,13.588517644958305,13.588517644958305,False,inf,0.0,True,0.3904723363245633
hospital,dificil,502,0,per-obstacle generators,581.83920000738,True,581.83920000738,True,22.689394073066566,1.6897136572402964,0.24500000000000002,0.6065515132238126,1000.1412047502486,6,30,0.0959728967611292,22.689394073066566,27.004756512482167,False,inf,0.0,True,0.3201970923792184
hospital,dificil,502,0,skeleton length weights,40.56019999552518,True,40.56019999552518,True,13.656348142284926,1.0170089994354912,0.26279964543542494,0.6447646863036847,172.6867707061586,0,12,0.5607715167145476,13.656348142284926,13.656348142284926,False,inf,0.0,True,0.37376059614502766
hospital,dificil,502,0,Bezier smoothing,45.96580000361428,True,45.96580000361428,True,14.015730139126466,1.0437727228859237,0.30345125994039945,0.709840514972897,203.0582306873512,0,17,0.48038081805467014,14.015730139126466,14.015730139126466,False,inf,0.0,True,0.38034275335162077
hospital,dificil,502,0,no smoothing,40.932299991254695,True,40.932299991254695,True,13.918699114052043,1.0365466749925205,0.31245405524782777,0.6672204557844319,188.77179972504948,2,6,0.23141610023470463,13.918699114052043,14.606442719317531,False,inf,0.0,True,0.4038136230256406
hospital,dificil,502,1,TVE (full),45.90409999946132,True,45.90409999946132,True,16.7389655163503,1.0077152988412543,0.28,0.44341448660779914,185.28995312361238,0,13,0.6866309439579509,16.7389655163503,16.7389655163503,False,inf,0.0,True,0.28
hospital,dificil,502,1,K = 1 candidate,42.68450000381563,True,42.68450000381563,True,17.110673938329384,1.0300928025866671,0.28,0.44574073476877,236.2115613729435,0,13,0.44443811232977054,17.110673938329384,17.110673938329384,False,inf,0.0,True,0.28
hospital,dificil,502,1,K = 8 candidates,46.714099997188896,True,46.714099997188896,True,16.7389655163503,1.0077152988412543,0.28,0.44341448660779914,185.28995312361238,0,13,0.6866309439579509,16.7389655163503,16.7389655163503,False,inf,0.0,True,0.28
hospital,dificil,502,1,tile portals only,42.022100009489805,True,42.022100009489805,True,16.7389655163503,1.0077152988412543,0.28,0.44341448660779914,185.28995312361238,0,13,0.6866309439579509,16.7389655163503,16.7389655163503,False,inf,0.0,True,0.28
hospital,dificil,502,1,disc portals only,48.322600006940775,True,48.322600006940775,True,17.067075468357952,1.0274680976636916,0.28,0.5138144870334201,229.45627763174923,0,14,0.45922274341080216,17.067075468357952,17.067075468357952,False,inf,0.0,True,0.28
hospital,dificil,502,1,single connector,46.3337999972282,True,46.3337999972282,True,16.70151041347268,1.0054604354715566,0.28,0.4387286508823345,181.0226218385995,0,14,0.6478444103929316,16.70151041347268,16.70151041347268,False,inf,0.0,True,0.28
hospital,dificil,502,1,exact collision test only,54.4235999986995,True,54.4235999986995,True,16.69213490268602,1.0048960131573499,0.26587332179782486,0.425435070982917,175.9007581875392,0,12,0.4843540478792248,16.69213490268602,16.69213490268602,False,inf,0.0,True,0.28
hospital,dificil,502,1,per-obstacle generators,470.1411999994889,True,470.1411999994889,True,19.078868255292637,1.1485815779150441,0.24537668606548216,0.4617334988828379,588.294584621981,4,24,0.12493430255114545,19.078868255292637,21.183289039668452,False,inf,0.0,True,0.28
hospital,dificil,502,1,skeleton length weights,46.000899994396605,True,46.000899994396605,True,16.7389655163503,1.0077152988412543,0.28,0.44341448660779914,185.28995312361238,0,13,0.6866309439579509,16.7389655163503,16.7389655163503,False,inf,0.0,True,0.28
hospital,dificil,502,1,Bezier smoothing,52.625299998908304,True,52.625299998908304,True,16.88346575562578,1.0164144685517058,0.28,0.47272049739846045,212.1774448902577,0,15,0.5154320910289208,16.88346575562578,16.88346575562578,False,inf,0.0,True,0.28
hospital,dificil,502,1,no smoothing,48.66539999784436,True,48.66539999784436,True,16.83107635185523,1.0132605338820162,0.28,0.45098802228539236,194.96641301382667,0,9,0.39289983457337574,16.83107635185523,16.83107635185523,False,inf,0.0,True,0.28
plaza,dificil,502,0,TVE (full),20.977000007405877,True,20.977000007405877,True,11.081607949852325,1.0002142743983213,0.3689885425496943,1.2593813314803386,2.4712394245138243,0,3,9.36035701579267,11.081607949852325,11.081607949852325,True,11.081607949852325,0.0,True,0.5013174530713087
plaza,dificil,502,0,K = 1 candidate,17.743699994753115,True,17.743699994753115,True,11.081607949852325,1.0002142743983213,0.3689885425496943,1.2593813314803386,2.4712394245138243,0,3,9.36035701579267,11.081607949852325,11.081607949852325,True,11.081607949852325,0.0,True,0.5013174530713087
plaza,dificil,502,0,K = 8 candidates,24.00659999693744,True,24.00659999693744,True,11.081607949852325,1.0002142743983213,0.3689885425496943,1.2593813314803386,2.4712394245138243,0,3,9.36035701579267,11.081607949852325,11.081607949852325,True,11.081607949852325,0.0,True,0.5013174530713087
plaza,dificil,502,0,tile portals only,20.056299996213056,True,20.056299996213056,True,11.081607949852325,1.0002142743983213,0.3689885425496943,1.2593813314803386,2.4712394245138243,0,3,9.36035701579267,11.081607949852325,11.081607949852325,True,11.081607949852325,0.0,True,0.5013174530713087
plaza,dificil,502,0,disc portals only,19.609199996921234,True,19.609199996921234,True,11.089114999998824,1.0008918528462445,0.47897095557711866,1.2866032032948314,5.0137333209123875,0,3,3.174386413398598,11.089114999998824,11.089114999998824,True,11.089114999998824,0.0,True,0.6098519199441121
plaza,dificil,502,0,single connector,19.39190000121016,True,19.39190000121016,True,11.081607383543764,1.0002142232839064,0.3686873043514495,1.2593606987273651,2.47050063540384,0,3,9.165993466742723,11.081607383543764,11.081607383543764,True,11.081607383543764,0.0,True,0.5011574619077592
plaza,dificil,502,0,exact collision test only,21.031099997344427,True,21.031099997344427,True,11.07923395366304,1.0,0.2597293470921116,1.2326214046885873,0.0,0,2,16777215.999999998,11.07923395366304,11.07923395366304,True,11.07923395366304,0.0,True,0.3943050670623768
plaza,dificil,502,0,per-obstacle generators,20.46110000810586,True,20.46110000810586,True,11.081607949852325,1.0002142743983213,0.3689885425496943,1.2593813314803386,2.4712394245138243,0,3,9.36035701579267,11.081607949852325,11.081607949852325,True,11.081607949852325,0.0,True,0.5013174530713087
plaza,dificil,502,0,skeleton length weights,20.07039998716209,True,20.07039998716209,True,11.081607949852325,1.0002142743983213,0.3689885425496943,1.2593813314803386,2.4712394245138243,0,3,9.36035701579267,11.081607949852325,11.081607949852325,True,11.081607949852325,0.0,True,0.5013174530713087
plaza,dificil,502,0,Bezier smoothing,22.22569999867119,True,22.22569999867119,True,11.081952301663986,1.0002453552305433,0.36944131431342303,1.262038917580926,2.41700162339518,0,3,57.137590740841944,11.081952301663986,11.081952301663986,True,11.081952301663986,0.0,True,0.5035926569420366
plaza,dificil,502,0,no smoothing,20.104499999433756,True,20.104499999433756,True,11.081607949852325,1.0002142743983213,0.3689885425496943,1.2593813314803386,2.4712394245138243,0,3,9.36035701579267,11.081607949852325,11.081607949852325,True,11.081607949852325,0.0,True,0.5013174530713087
plaza,dificil,502,1,TVE (full),23.967599991010502,True,23.967599991010502,True,11.42253407724185,1.0243755701339425,0.2949968111194964,0.7483428716168148,154.92802311923515,0,9,0.3462009709470156,11.42253407724185,11.42253407724185,False,inf,0.0,True,0.3415814852714538
plaza,dificil,502,1,K = 1 candidate,19.374099996639416,True,19.374099996639416,True,11.42253407724185,1.0243755701339425,0.2949968111194964,0.7483428716168148,154.92802311923515,0,9,0.3462009709470156,11.42253407724185,11.42253407724185,False,inf,0.0,True,0.3415814852714538
plaza,dificil,502,1,K = 8 candidates,32.76299999561161,True,32.76299999561161,True,11.42253407724185,1.0243755701339425,0.2949968111194964,0.7483428716168148,154.92802311923515,0,9,0.3462009709470156,11.42253407724185,11.42253407724185,False,inf,0.0,True,0.3415814852714538
plaza,dificil,502,1,tile portals only,20.75199999671895,True,20.75199999671895,True,11.42253407724185,1.0243755701339425,0.2949968111194964,0.7483428716168148,154.92802311923515,0,9,0.3462009709470156,11.42253407724185,11.42253407724185,False,inf,0.0,True,0.3415814852714538
plaza,dificil,502,1,disc portals only,20.918099995469674,True,20.918099995469674,True,11.520052012029492,1.0331210016967518,0.29658148527145384,0.7886706713817454,175.9181832766699,0,10,0.32375182291166543,11.520052012029492,11.520052012029492,False,inf,0.0,True,0.3415814852714538
plaza,dificil,502,1,single connector,23.537999994005077,True,23.537999994005077,True,11.426786552401268,1.0247569331166617,0.2918948597813887,0.7596220600116468,119.65511097949195,0,7,0.4186588099400533,11.426786552401268,11.426786552401268,False,inf,0.0,True,0.3415814852714538
plaza,dificil,502,1,exact collision test only,31.355400002212264,True,31.355400002212264,True,11.418025969091552,1.0239712819238607,0.2566337144406963,0.7384257838353661,149.54187494538755,0,9,0.3507016785390663,11.418025969091552,11.418025969091552,False,inf,0.0,True,0.3415814852714538
plaza,dificil,502,1,per-obstacle generators,25.30569999362342,True,25.30569999362342,True,11.42253407724185,1.0243755701339425,0.2949968111194964,0.7483428716168148,154.92802311923515,0,9,0.3462009709470156,11.42253407724185,11.42253407724185,False,inf,0.0,True,0.3415814852714538
plaza,dificil,502,1,skeleton length weights,23.661400002310984,True,23.661400002310984,True,11.42253407724185,1.0243755701339425,0.2949968111194964,0.7483428716168148,154.92802311923515,0,9,0.3462009709470156,11.42253407724185,11.42253407724185,False,inf,0.0,True,0.3415814852714538
plaza,dificil,502,1,Bezier smoothing,27.232799999183044,True,27.232799999183044,True,11.665694388466841,1.046182244621465,0.29658148527145384,0.820508083582673,170.68976824801126,0,10,0.3490802577337837,11.665694388466841,11.665694388466841,False,inf,0.0,True,0.3415814852714538
plaza,dificil,502,1,no smoothing,22.75309999822639,True,22.75309999822639,True,11.559807005252713,1.0366862389351197,0.29525505917625205,0.767105205381577,158.06351675923295,1,6,0.17434247953973356,11.559807005252713,12.472693775660398,False,inf,0.0,True,0.3415814852714538
hospital,dificil,501,0,TVE (full),507.40719999885187,True,507.40719999885187,True,8.009312935645973,1.0113179517321003,0.31500000000000006,0.6416023247839313,89.47323130548266,0,6,0.6216609168999087,8.009312935645973,8.009312935645973,False,inf,0.0,True,0.385
hospital,dificil,501,0,K = 1 candidate,540.3973999927985,True,540.3973999927985,True,8.009312935645973,1.0113179517321003,0.31500000000000006,0.6416023247839313,89.47323130548266,0,6,0.6216609168999087,8.009312935645973,8.009312935645973,False,inf,0.0,True,0.385
hospital,dificil,501,0,K = 8 candidates,548.3041999978013,True,548.3041999978013,True,8.009312935645973,1.0113179517321003,0.31500000000000006,0.6416023247839313,89.47323130548266,0,6,0.6216609168999087,8.009312935645973,8.009312935645973,False,inf,0.0,True,0.385
hospital,dificil,501,0,tile portals only,499.3471000052523,True,499.3471000052523,True,8.0098366206032,1.0113840762552089,0.31500000000000006,0.6415544655526119,89.46046146395314,0,6,0.6246628324489493,8.0098366206032,8.0098366206032,False,inf,0.0,True,0.385
hospital,dificil,501,0,disc portals only,491.0481999977492,True,491.0481999977492,True,8.009312935645973,1.0113179517321003,0.31500000000000006,0.6416023247839313,89.47323130548266,0,6,0.6216609168999087,8.009312935645973,8.009312935645973,False,inf,0.0,True,0.385
hospital,dificil,501,0,single connector,491.9499000097858,True,491.9499000097858,True,8.009312935645973,1.0113179517321003,0.31500000000000006,0.6416023247839313,89.47323130548266,0,6,0.6216609168999087,8.009312935645973,8.009312935645973,False,inf,0.0,True,0.385
hospital,dificil,501,0,exact collision test only,516.4827999979025,True,516.4827999979025,True,8.009312935645973,1.0113179517321003,0.31500000000000006,0.6416023247839313,89.47323130548266,0,6,0.6216609168999087,8.009312935645973,8.009312935645973,False,inf,0.0,True,0.385
hospital,dificil,501,0,per-obstacle generators,465.9782000089763,True,465.9782000089763,True,8.009312935645973,1.0113179517321003,0.31500000000000006,0.6416023247839313,89.47323130548266,0,6,0.6216609168999087,8.009312935645973,8.009312935645973,False,inf,0.0,True,0.385
hospital,dificil,501,0,skeleton length weights,490.33020000206307,True,490.33020000206307,True,8.009312935645973,1.0113179517321003,0.31500000000000006,0.6416023247839313,89.47323130548266,0,6,0.6216609168999087,8.009312935645973,8.009312935645973,False,inf,0.0,True,0.385
hospital,dificil,501,0,Bezier smoothing,486.0581999964779,True,486.0581999964779,True,8.097250456295187,1.0224216249157965,0.31500000000000006,0.6499557691789234,91.65684269571221,0,6,0.5316832672854888,8.097250456295187,8.097250456295187,False,inf,0.0,True,0.385
hospital,dificil,501,0,no smoothing,480.83000000042375,True,480.83000000042375,True,8.067700964877929,1.018690477016477,0.31500000000000006,0.6587271376580192,90.33306328708511,1,4,0.32966828627503697,8.067700964877929,8.067700964877929,False,inf,0.0,True,0.385
hospital,dificil,501,1,TVE (full),540.7066000043415,True,540.7066000043415,True,8.33365514976453,1.0064292633859449,0.2871406173706055,0.7806850882696654,96.2607398709131,0,8,0.8921074016624272,8.33365514976453,8.33365514976453,True,8.33365514976453,0.0,True,0.39922001302582
hospital,dificil,501,1,K = 1 candidate,528.2984999939799,True,528.2984999939799,True,8.33365514976453,1.0064292633859449,0.2871406173706055,0.7806850882696654,96.2607398709131,0,8,0.8921074016624272,8.33365514976453,8.33365514976453,True,8.33365514976453,0.0,True,0.39922001302582
hospital,dificil,501,1,K = 8 candidates,525.8058000035817,True,525.8058000035817,True,8.33365514976453,1.0064292633859449,0.2871406173706055,0.7806850882696654,96.2607398709131,0,8,0.8921074016624272,8.33365514976453,8.33365514976453,True,8.33365514976453,0.0,True,0.39922001302582
hospital,dificil,501,1,tile portals only,520.1035000063712,True,520.1035000063712,True,8.33365514976453,1.0064292633859449,0.2871406173706055,0.7806850882696654,96.2607398709131,0,8,0.8921074016624272,8.33365514976453,8.33365514976453,True,8.33365514976453,0.0,True,0.39922001302582
hospital,dificil,501,1,disc portals only,522.8058000066085,True,522.8058000066085,True,8.391596418061383,1.0134266477177525,0.3422422250215077,0.78891747195725,97.63102051809423,0,8,0.8398930119361083,8.391596418061383,8.391596418061383,True,8.391596418061383,0.0,True,0.44908810328108417
hospital,dificil,501,1,single connector,524.9362000031397,True,524.9362000031397,True,8.33365514976453,1.0064292633859449,0.2871406173706055,0.7806850882696654,96.2607398709131,0,8,0.8921074016624272,8.33365514976453,8.33365514976453,True,8.33365514976453,0.0,True,0.39922001302582
hospital,dificil,501,1,exact collision test only,529.7393000073498,True,529.7393000073498,True,8.33365514976453,1.0064292633859449,0.2871406173706055,0.7806850882696654,96.2607398709131,0,8,0.8921074016624272,8.33365514976453,8.33365514976453,True,8.33365514976453,0.0,True,0.39922001302582
hospital,dificil,501,1,per-obstacle generators,505.8625999954529,True,505.8625999954529,True,8.33365514976453,1.0064292633859449,0.2871406173706055,0.7806850882696654,96.2607398709131,0,8,0.8921074016624272,8.33365514976453,8.33365514976453,True,8.33365514976453,0.0,True,0.39922001302582
hospital,dificil,501,1,skeleton length weights,524.0389999962645,True,524.0389999962645,True,8.33365514976453,1.0064292633859449,0.2871406173706055,0.7806850882696654,96.2607398709131,0,8,0.8921074016624272,8.33365514976453,8.33365514976453,True,8.33365514976453,0.0,True,0.39922001302582
hospital,dificil,501,1,Bezier smoothing,528.9915999892401,True,528.9915999892401,True,8.376423266040113,1.0115942339764135,0.3316483484439405,0.8139937103903039,99.87409961758787,0,9,0.9317701374849408,8.376423266040113,8.376423266040113,True,8.376423266040113,0.0,True,0.44331303098318714
hospital,dificil,501,1,no smoothing,524.1544999880716,True,524.1544999880716,True,8.355288076044841,1.009041803702278,0.2871406173706055,0.8063238362075749,96.9271786959881,0,6,0.6026545234825889,8.355288076044841,8.355288076044841,False,inf,0.0,True,0.3995229556962081
